resource_id,timestamp,cpu_percent,memory_mib,network_in_bytes,network_out_bytes,disk_io_ops,database_connections,label,cpu_h0,cpu_h1,cpu_h2,cpu_h3,cpu_h4,cpu_h5,cpu_h6,cpu_h7,cpu_h8,cpu_h9,cpu_h10,cpu_h11,cpu_h12,cpu_h13,cpu_h14,cpu_h15,cpu_h16,cpu_h17,cpu_h18,cpu_h19,cpu_h20,cpu_h21,cpu_h22,cpu_h23
arn:aws:rds:us-east-1:acct:db:db-1025,2026-03-01T00:00:00+00:00,16.949578189299526,24410.387445592696,698209471.6366589,876573952.467929,140597.92844470308,13.0,normal,8.722154545525164,7.155452551515703,5.822985544751681,5.782675601340226,6.561081092804206,7.634275908075332,8.909320676371694,11.426091180910898,14.187372631689128,17.011888246791845,19.79671259907847,22.682997160368696,24.783074913639897,27.044579497180717,27.672480475830948,28.211510914508867,27.347848167320503,26.33811820065014,24.88131868294366,22.625603841320228,19.95272562979443,17.011888246791845,14.043400835611482,11.184319398372919
arn:aws:rds:us-east-1:acct:db:db-1026,2026-03-01T00:00:00+00:00,16.893342985214503,23567.030100397267,577919364.2889574,671963009.9742904,119267.05210760211,14.0,normal,8.85241927279677,7.5902330488059935,6.0162819312924825,5.939631469566201,6.164437847121958,6.8522783082591445,8.557821173350154,11.479290593892616,13.942090137636917,16.86377474697493,19.653927419116883,22.671313898354402,24.70560770266013,26.433231218785735,28.249287045669114,27.777241223070014,27.940377686765537,26.919733355350814,24.453739740789214,22.584616567299292,19.90696745420434,16.86377474697493,13.836692167960077,11.185462888450406
arn:aws:rds:us-east-1:acct:db:db-1027,2026-03-01T00:00:00+00:00,17.06194893983029,22661.861133076352,492047369.87980855,603077755.9176917,100020.50943855276,13.0,normal,8.871471311746987,7.199727654413766,6.2021721374520284,5.620961364896649,6.127623546355704,7.214129560451435,8.87114529598518,11.437625592793253,14.273889022274396,17.051883997983307,19.945722431081755,22.803348937912464,25.081037996687012,26.941098196441693,27.89603264844421,28.432093772668328,27.732748511992945,26.765619329333603,25.201158093089084,22.886039936155687,19.94428058438448,17.051883997983307,14.238681028267823,11.696399607131818
arn:aws:rds:us-east-1:acct:db:db-1028,2026-03-01T00:00:00+00:00,18.119143336241986,23323.913287410767,531626284.1904952,661648580.0548903,103871.16585045081,14.0,normal,10.382508886999254,8.451883456805588,7.570613934466266,6.482158954354981,7.6025455700626665,7.923453497789382,10.227111903668876,12.295404934655819,15.165961018310954,18.115167911416535,21.104835715013042,23.742893157481358,26.104564555176687,27.871589578195632,29.07752355148918,28.835736662892604,28.868293286783004,27.96141109297303,26.147857819898608,23.9049557146322,21.072016459010705,18.115167911416535,15.266389039085514,12.569395457229279
arn:aws:rds:us-east-1:acct:db:db-1064,2026-03-01T00:00:00+00:00,20.740201506896728,25339.826123424304,705854798.596267,839007273.5271088,135725.26604158722,16.0,normal,12.604917558578512,11.055088939293944,10.022702405873973,9.587776972132632,10.112078453197586,11.266892911260397,12.781131447631422,15.227790660216586,17.872761730657597,20.72259089800461,23.770729838291597,26.405886823319257,28.341031413006323,30.051876896871686,32.07980295980812,31.74454303710036,31.145969281025394,30.56187371023156,28.77590418716956,26.431124859321372,23.566579272234936,20.72259089800461,17.675477452486028,15.237713559803368
arn:aws:rds:us-east-1:acct:db:db-1065,2026-03-01T00:00:00+00:00,20.366204304478963,24748.72651807071,695509473.5984461,891666009.5034423,151020.53701057483,16.0,normal,12.139944036130235,10.208093722407888,9.947706053659351,9.52444042853228,9.03617705392622,10.41288561892341,12.126501607330136,14.928391761003585,17.448905857335724,20.386122617704714,23.350280309586445,25.959457943817235,27.955572902985317,30.209701491086328,30.984491863707113,31.580158644615466,31.75002614855689,30.030540682997138,28.611384428925188,25.835926708438667,23.348052444201908,20.386122617704714,17.59032571371725,15.03769265020192
arn:aws:rds:us-east-1:acct:db:db-1066,2026-03-01T00:00:00+00:00,19.491492777202087,26020.02880075547,733119582.893259,881271062.8396546,148439.73492286535,15.0,normal,11.648944454388996,9.591227687451658,9.218542779506157,8.201078164369397,8.561938071909076,9.67478140039852,11.801982792913188,13.80630924563949,16.758974768630743,19.55171390253968,22.5733366516017,25.310995674823378,27.11985214773007,29.049348075560246,30.10803452515687,30.543871021581275,30.144061093625574,28.868278436068444,27.474002571848636,25.3076264821069,22.494505388400743,19.55171390253968,16.76195703599444,13.672750378065242
arn:aws:rds:us-east-1:acct:db:db-1159,2026-03-01T00:00:00+00:00,16.313358225058085,5701.808315624748,112114333.5042872,133206706.21801846,20804.509413987176,12.0,normal,8.203632378297305,6.390068029957061,5.084262210762404,4.859090865033496,5.784457094592385,6.416662401503394,8.557743727621078,10.87975029991226,13.572338435970767,16.35972354073271,19.332875249059576,21.83537949692439,24.51305462211906,26.509602755243726,26.80044726422885,27.30893975891783,27.498339121340845,25.882816015540072,24.41384441336526,21.74912841699355,19.257520525829793,16.35972354073271,13.393701752612998,10.55749548410257
arn:aws:rds:us-east-1:acct:db:db-1160,2026-03-01T00:00:00+00:00,19.962148280368677,6303.046177919148,112186561.51718554,134073727.00461048,23474.654820418258,15.0,normal,11.717011800602856,10.334384195053826,8.665074273171829,8.52444282697913,9.467350476457861,10.28064015989033,11.71439056605568,14.23472239147513,17.266354356517297,20.060833358335586,22.927584803593533,25.408510880643284,27.93900422770536,29.545196065754393,31.274003475643994,31.12783029328707,31.28340794813814,29.317062420280216,27.862905716674675,25.5402387913837,22.89497004439753,20.060833358335586,17.24021957319635,14.404586725274926
arn:aws:rds:us-east-1:acct:db:db-1161,2026-03-01T00:00:00+00:00,19.092278504710848,6222.785287757392,106636864.80045551,130024647.80891198,21617.622812430913,14.0,normal,11.221253162283126,9.681394195340955,7.681731045921628,8.28583902343343,8.394315466388372,9.495048318499487,11.229012950118072,13.604932987105538,16.046931561486183,19.041094336446267,21.992089558137117,24.454507726468293,26.65440881649195,29.182778524178378,29.57103317633187,30.652500760325932,29.95625875713197,28.37259477870282,27.35835244252056,24.523759992879206,22.05752704181682,19.041094336446267,16.026322025419024,13.689903129187043
arn:aws:rds:us-east-1:acct:db:db-1162,2026-03-01T00:00:00+00:00,17.05619237200367,5810.572871212673,131859364.01927486,160609916.39740035,24862.47984496981,11.0,normal,8.804234456007118,7.295667458787781,6.270959548569364,5.46593702861148,5.783254468051052,7.150879217168093,9.230095514876993,11.46478033741313,14.171433980419762,17.14165487453706,20.037995581213263,22.952179335940535,25.219689423923512,26.79792869187132,28.185841022273486,27.96215508811858,27.90128116814419,27.17002952261847,24.874272264500778,22.59000822253811,20.184634643898633,17.14165487453706,14.29955429516499,11.252495908903375
arn:aws:rds:us-east-1:acct:db:db-1215,2026-03-01T00:00:00+00:00,20.066521791657454,3117.8781815543366,110886671.80111368,133278995.28225474,22718.84449103887,14.0,normal,12.167970811290308,10.747976812589322,8.933405584975986,9.308968933555422,9.011658298201507,10.60582699759902,12.013742965633796,14.393680463963822,17.250818209709983,20.020881540740408,22.962030657484302,25.84197272618347,28.2849957375061,29.747932705064343,31.1357661637536,31.064392939340546,30.71605633177306,29.465989684872955,28.025112248829217,25.541573875637052,22.811576479480586,20.020881540740408,17.04867548567646,14.474635805177188
arn:aws:rds:us-east-1:acct:db:db-1216,2026-03-01T00:00:00+00:00,18.826952530076568,3058.8561459608636,113125787.58680502,140490331.60978967,23522.119049469195,14.0,normal,10.8602636796,9.481711058586408,8.42455734701261,7.2943824527763645,7.880649837543761,9.037443734195769,11.038103477121243,13.026039294162137,15.97359735157008,18.788711580703968,21.68898634502456,24.293494003141937,26.542770900773114,28.67299929926903,29.81943307267083,30.40379328422889,29.565953778457455,28.11556332230002,26.563615580766065,24.683714653752176,21.728453584697565,18.788711580703968,16.02044064642839,13.1534708563513
arn:aws:rds:us-east-1:acct:db:db-1217,2026-03-01T00:00:00+00:00,18.096244184043954,2957.1716690480853,90609791.65809248,111107470.24738218,18831.927301425378,15.0,normal,9.740227253468975,8.137257339502753,7.655331327585728,6.837746197664627,7.464788977607684,8.335820682764322,10.12966310472629,12.377981020957272,15.179177555670304,18.049187472540563,20.961984723016425,23.859926594985055,26.13460968938635,27.634498539166763,29.38912132087213,29.76292099019589,28.600011644869532,27.343237684315575,26.19609866292769,23.858468244549464,21.09713052266536,18.049187472540563,15.108200363342068,12.407283031733602
arn:aws:rds:us-east-1:acct:db:db-1218,2026-03-01T00:00:00+00:00,18.446040644422375,2896.2028570624875,92912798.1056032,110760033.73746617,18815.549231640027,12.0,normal,10.643635065688816,8.34511908300577,7.625415280754674,6.995199341261725,7.298895780994785,8.539426837884307,10.74354977337709,12.819616428951218,15.482923014995606,18.412526372496927,21.307831882231437,24.27307173144932,26.32004564570915,28.202837337051008,29.60115566050236,29.755977517471838,29.779295505318434,28.31152393022924,26.385542920934867,23.769546854373626,21.299122114694264,18.412526372496927,15.42857083404051,12.95162018022306
arn:aws:rds:us-east-1:acct:db:db-1219,2026-03-01T00:00:00+00:00,18.664716553390484,3146.593418266892,75839003.17351525,90498168.97287673,16420.957797174953,14.0,normal,10.464956416562197,9.138303104039968,7.368752212487911,7.814471388394422,7.967609764968195,8.829135058753028,11.017373464989118,12.90198945480449,15.77755415692782,18.656437685428727,21.5660835441777,24.10192960541798,26.798140851147014,28.15774264343805,29.513117092922105,29.428912613230246,29.65118498242998,28.56081514683168,26.514874898808692,24.53705049935933,21.677099241167742,18.656437685428727,15.682514048882647,13.170711720773769
arn:aws:rds:us-east-1:acct:db:db-1025,2026-03-02T00:00:00+00:00,43.53318237524329,36613.109555026116,935203287.4507734,1170414033.8082058,193049.2889946668,26.0,normal,33.172482110081816,30.848492876167953,28.90969277641468,28.081306637700308,28.96143394434744,30.1593670977473,33.251614061622824,36.09390692059757,39.74545076372268,43.6085333116713,47.51287508516599,51.22967655478093,54.31262497744969,56.90585096056297,58.200783745459496,57.958658693947434,57.54169294489431,56.724238520896535,53.97646442057424,50.79326715844738,47.463488762131384,43.6085333116713,39.79273333478149,35.94320803500197
arn:aws:rds:us-east-1:acct:db:db-1026,2026-03-02T00:00:00+00:00,42.81645263466899,35876.11069495147,753694308.1422791,878153530.7610753,147559.76235735323,24.0,normal,32.68975346394322,29.53245428702059,28.468819921849125,27.11419109792486,27.828493714701686,29.673806148817988,32.434354647098345,35.5003176182046,38.95778715246931,42.77810566316285,46.581218144767874,50.28930278470721,53.029779119003265,56.389053867359735,56.69891936017923,58.426021872644405,57.866221581097584,55.801430952191275,53.623260748521766,50.23014188664229,46.710874477485426,42.77810566316285,38.97301573556461,35.21943332353571
arn:aws:rds:us-east-1:acct:db:db-1027,2026-03-02T00:00:00+00:00,41.95922137531546,35648.36098607999,650455678.085755,807547020.460551,123726.21945404052,24.0,normal,31.0051005028582,29.59337789688459,27.17051601784943,26.876075617271894,27.419499251803153,29.33041777585847,31.249650868769386,34.33020262771968,38.31931478740022,42.05130094383526,45.77878637271412,49.83073145830849,52.66600262919799,55.44174116619254,56.3490591040163,56.48891828405974,55.875871843273266,54.75785467226141,52.386621534326146,49.59656492435023,45.74791197451011,42.05130094383526,38.211032568875794,34.49345924139943
arn:aws:rds:us-east-1:acct:db:db-1028,2026-03-02T00:00:00+00:00,46.92246882429446,37293.44792230029,646834800.7027664,784453164.0591271,140987.5671783973,28.0,normal,36.52579416309669,33.94108818761791,33.06653782538745,32.028635522654426,32.2822546554105,33.295469621969374,36.25012384290452,39.13514632237051,42.973894843294545,46.874476817003774,50.68494342119071,54.4311389478771,57.95900560810945,60.33138189599258,60.96978171959317,61.45464156203252,60.93039708835278,60.413700039673635,57.85513747733179,54.580639391193486,50.71511920057731,46.874476817003774,43.00603857609485,39.55942823633425
arn:aws:rds:us-east-1:acct:db:db-1064,2026-03-02T00:00:00+00:00,38.31303983342694,33018.817200426085,832138859.2054414,1012160355.6030084,158181.80380269568,23.0,normal,27.429191587217016,25.513636996223806,23.45762519890022,23.594639514346408,23.417253511796776,25.891326614686587,27.895177643046523,30.772971194769415,34.56628151494093,38.271946324599625,42.3229316711126,46.12957202348477,49.132841262781234,50.94042580453283,52.41385014233703,53.490631861292236,52.20677810947042,51.84469834967754,48.58666804512072,46.14667304366871,42.152575738598394,38.271946324599625,34.58292700400719,30.480386521035893
arn:aws:rds:us-east-1:acct:db:db-1065,2026-03-02T00:00:00+00:00,44.427352034096835,37316.62080661982,885498639.4283786,1073940314.5533097,181489.13377845156,27.0,normal,34.048304927178464,31.488948060431202,30.231097892557198,29.664507627226463,29.721399812415836,31.293004479958295,34.133002608278005,36.65751708121271,40.43249869082426,44.45562924480927,48.312000952791905,51.86327123204735,55.28207178882468,57.669011051342224,58.50431614171619,59.712816291759815,58.58581698404472,56.820599235059554,55.27352367274431,52.06422444665483,48.30328852903069,44.45562924480927,40.399739713476635,36.8842291091302
arn:aws:rds:us-east-1:acct:db:db-1066,2026-03-02T00:00:00+00:00,42.097383856551865,35352.6533951272,897000582.623807,1036142069.0874735,178089.23665934757,24.0,normal,31.376567648290923,28.811396185578836,28.20091084637953,26.63647812940731,27.349484701555525,29.045441409817265,31.116313849834825,34.48606254935985,38.36981523447372,42.1362923147727,46.01626526207365,49.30270553483551,53.22510993558895,54.644181079999626,56.91127911566782,57.145638868909025,55.937873617615814,55.67843652797706,53.11607332265127,49.65448576070058,45.91334566271835,42.1362923147727,38.307041580275694,34.81972110398814
arn:aws:rds:us-east-1:acct:db:db-1159,2026-03-02T00:00:00+00:00,36.92209406242191,8810.717404817997,143073431.89838055,170975384.8448922,28142.843144841267,24.0,normal,26.46171079412118,24.056651869527613,22.56695827113579,21.156562749478702,22.670826202795915,24.190185158866278,26.662086953485108,29.367331159202585,33.12775563746712,36.87558778596454,40.62399663741017,44.43309277428394,47.828250291032184,49.27169090926403,51.24819747595407,51.81716123679279,51.78620633134881,49.824290026031825,47.5538220226268,44.593990976155595,40.78107341661744,36.87558778596454,33.154089968768844,29.203151063830113
arn:aws:rds:us-east-1:acct:db:db-1160,2026-03-02T00:00:00+00:00,44.21449522694588,9143.412643037953,145253436.95178783,174498771.1906408,27397.276209763073,26.0,normal,33.81040664373875,31.541688657199813,30.12075016920344,29.74552421888,29.637307180839418,31.073266674327087,33.37599662545517,36.56540680241331,40.3989032951856,44.20056683061355,48.153321635254485,51.587652561201274,54.50235941134785,57.0277057625263,58.35922952732579,58.58303591244142,59.16778876290719,57.64965303744354,54.50991885364552,51.37414598025746,48.17557214107064,44.20056683061355,40.359652541374395,37.02746539143552
arn:aws:rds:us-east-1:acct:db:db-1161,2026-03-02T00:00:00+00:00,41.65971532548113,9571.02610297381,134924933.7909983,166020907.09922782,26208.472896827796,26.0,normal,31.029807837209333,28.233233545600324,27.566978476899912,26.57489037616807,26.810370001885808,28.75911000155257,30.927024090685933,34.40657026461575,37.95783599097431,41.76482801848269,45.7268592879466,49.5925852931168,52.079576971674086,54.713922521477535,55.892237193445474,56.13496625980306,56.113507214440894,54.59163516773832,52.12793835054642,49.11257418683725,45.59292157053888,41.76482801848269,37.77269005375689,34.586277117667514
arn:aws:rds:us-east-1:acct:db:db-1162,2026-03-02T00:00:00+00:00,42.68156299850748,9273.961469277854,167456751.36737168,205270982.3683157,32974.57892170598,24.0,normal,32.11865153256718,30.261584343700022,28.001745879929345,28.35446445345422,28.85726426892184,29.4822536831676,32.34669668916377,35.35453553389189,38.681661119177356,42.62345119618046,46.43329558111738,49.860525122786974,53.31509279613975,55.82397135310861,57.43273983868118,57.25629802155831,56.51720718094318,55.066526268770225,53.151724802672746,50.4578345029775,46.39615121999375,42.62345119618046,38.89611188833568,35.04427349076001
arn:aws:rds:us-east-1:acct:db:db-1215,2026-03-02T00:00:00+00:00,43.77929965171489,4705.4379586914265,133948113.80613977,161330753.373463,27782.902932680252,25.0,normal,33.28116833762482,30.506277056683196,28.781901066966398,29.041368273576737,29.245343793861046,30.8826325872659,32.75649163154115,36.12560528456662,39.83178457281268,43.87391859008406,47.862006809534094,51.1980235088323,54.171595113356275,57.44141831730583,57.666331566707136,59.572001645579206,57.854625496476864,57.279261887504354,54.242850284527506,51.2619453356571,47.64624151858943,43.87391859008406,40.0506065615575,36.255873810463065
arn:aws:rds:us-east-1:acct:db:db-1216,2026-03-02T00:00:00+00:00,43.5209411511459,4999.945632770882,146210208.40606922,166641736.16322705,29772.35004551575,27.0,normal,33.18271829241184,30.703518706444083,29.089306307135555,28.32043030338145,28.446002444361543,30.9137134053839,33.36906156454596,35.99940862108742,39.60541038751727,43.46133646916935,47.47298835671778,51.18810688240622,53.64372002832661,57.01549404493605,57.38575766690376,58.663192231970704,58.200021400903495,56.68538523619209,53.81905552040885,50.8340952879931,47.362519899224274,43.46133646916935,39.76527997262311,35.914728128287926
arn:aws:rds:us-east-1:acct:db:db-1217,2026-03-02T00:00:00+00:00,44.25407173529869,4885.462634865105,115209648.30747284,134552459.44874197,23653.500960219408,24.0,normal,33.70706546764727,31.372657875932028,29.46985116891421,28.758425816506872,29.16747969960594,31.566395413892565,33.40543694862546,37.04587851280037,40.42888377113047,44.32886271102702,48.151903683896975,52.15238148643187,54.56008692965208,57.49123757579992,58.9524305046898,58.7599702400905,58.56561310145421,57.40105914211178,54.603667238498566,52.05433045333663,48.39445303296992,44.32886271102702,40.5681267539481,36.86266140717894
arn:aws:rds:us-east-1:acct:db:db-1218,2026-03-02T00:00:00+00:00,45.316173975865404,4931.049510362884,135241642.22839883,147518417.65543154,26213.957434441385,28.0,normal,34.324994278121316,32.18575761181714,30.62249824639957,30.33488836368496,30.25239803615432,32.193215554821,34.40334414776716,37.779407222441655,41.45537701529323,45.428941371741566,49.234931864695824,53.14117985892359,55.819917547288966,58.50086314237536,59.55466815178526,60.90441644295517,59.35348855984679,58.84728616734568,56.14450449739308,52.69412352286187,49.32754638578519,45.428941371741566,41.61519071898544,38.040295340543906
arn:aws:rds:us-east-1:acct:db:db-1219,2026-03-02T00:00:00+00:00,40.94102408132664,4545.142793675287,95412508.91880956,114683732.5972876,20069.504743920967,23.0,normal,30.50400789420075,27.742048092282413,26.13711371674214,25.67230889882573,27.028576603292603,27.76394651231931,30.584894585216702,33.8115368314982,37.10891734914798,40.9581378594252,44.82767959677244,48.61175598346824,51.36198781899168,53.70856126385274,54.81031436625968,56.238369683413644,55.545297713829875,53.75291639982304,51.78237535484922,48.48615617134536,44.82848354535022,40.9581378594252,37.02291794551268,33.33813590599425
arn:aws:rds:us-east-1:acct:db:db-1025,2026-03-03T00:00:00+00:00,37.07561933579852,32892.354179039794,843589320.3408685,1045109678.3483759,176338.1058234186,23.0,normal,26.421548300426526,24.666341941488042,22.174385849529674,21.54344442778056,22.38467043060493,23.733103832883014,26.415901298659218,29.45782133544847,33.20523097164036,37.04658636968239,40.916553914923796,44.681746047996555,47.781983393066284,50.299781695163674,51.94871983379505,52.065656592071875,51.989071492595045,50.03340447314996,48.137521926810024,44.73609018114348,40.801199839940125,37.04658636968239,33.14427288948101,29.183240651201988
arn:aws:rds:us-east-1:acct:db:db-1026,2026-03-03T00:00:00+00:00,35.41712250279415,30990.12234724479,704904687.8188432,849093739.6546568,141128.71215469422,22.0,normal,24.793596576252988,22.468369978072385,20.643523068618226,20.722790577906963,20.550029671473357,22.878985630016164,24.54123084242022,27.824739595971693,31.494184798773663,35.4475971749094,39.39471761727589,42.632444959828995,46.42707516090658,47.86061715180302,49.42755009826779,50.56278173765525,50.28336513114803,47.88751286654089,46.500487372733495,43.30280291150992,39.371015735356664,35.4475971749094,31.4715950740446,28.076329160664
arn:aws:rds:us-east-1:acct:db:db-1027,2026-03-03T00:00:00+00:00,39.29458883533687,33448.328021937254,607205768.694285,727314275.3560624,130839.98398064547,24.0,normal,28.826198469737662,26.095574384386765,24.34536424150358,24.550605055769147,25.23397833973427,26.180767849566564,28.282100506460253,32.072998282023896,35.33554184739423,39.33546830469346,43.33403329163887,46.83962416702343,49.811956478510446,52.581423417681314,54.404820074877776,54.065845900248725,53.76748411382106,51.9743304641666,49.60627504978818,47.04388591148759,43.101543240005846,39.33546830469346,35.48066259073401,31.46418176213767
arn:aws:rds:us-east-1:acct:db:db-1028,2026-03-03T00:00:00+00:00,34.67949752791331,30967.162917490292,606730867.6411674,733576521.2654902,120156.31390592526,21.0,normal,24.502054341956008,21.323057624143317,20.666664948173437,19.23403791516055,20.045051756070357,22.104333127383228,24.11787649056641,27.05978717279296,30.761964851114403,34.696216047638536,38.733547219668175,42.21066360850442,45.30904097530207,47.11794394000159,49.79670892143768,49.211890900656094,49.226171749117476,48.08094298627298,45.001010389293135,42.21674601511666,38.47782819791311,34.696216047638536,30.788951291656158,26.92923415234218
arn:aws:rds:us-east-1:acct:db:db-1064,2026-03-03T00:00:00+00:00,38.55651398487265,32621.70956057229,800253543.6003056,982901376.4671226,168503.97701666076,22.0,normal,28.410287977825515,24.995575232516924,23.78774587940142,22.897181666218387,24.32958068504036,25.32853437261203,27.58247533607123,31.16050157944428,34.50809216984901,38.57084974680999,42.38155136548315,46.38609617928027,49.675600852011826,51.2821918953636,52.53290676403866,53.95943286137589,53.68227430721447,51.69206166450685,49.320130361896375,46.268057247439216,42.31845303946925,38.57084974680999,34.74123527891171,30.9746694273533
arn:aws:rds:us-east-1:acct:db:db-1065,2026-03-03T00:00:00+00:00,40.15329337941487,32624.94559163716,861871312.7086331,1048333102.2910802,173264.7477084856,23.0,normal,29.516288660653327,27.22140606298211,26.13016257816417,25.45389514565096,25.2766752444268,27.23220217116884,29.150441587763886,32.92656800441375,36.27697509900565,40.1625013566729,44.05132808527031,47.95442152536164,51.2883633490731,52.653836995744626,54.11523457844335,54.60798752701308,54.91389420534879,52.987483809725035,51.01657064316816,47.591604961338135,44.09432760785645,40.1625013566729,36.2614968862034,32.6328736638354
arn:aws:rds:us-east-1:acct:db:db-1066,2026-03-03T00:00:00+00:00,41.387425260673055,36395.417597715095,835558109.40751,1006118355.1011848,177724.22417299138,24.0,normal,30.502794169511496,28.538720860738202,26.221013921185623,26.5296658012832,27.452530883493488,28.57050233434707,30.56949750592006,33.67245483429455,37.56661151509062,41.43340815261352,45.449590006181545,49.16856778761226,52.207301334965855,54.83302142212293,56.032281789951725,55.69038040600144,55.25764215646576,55.047078603414214,51.66346706869911,48.86179545923112,45.484111759080506,41.43340815261352,37.41765285484171,33.694707476493825
arn:aws:rds:us-east-1:acct:db:db-1159,2026-03-03T00:00:00+00:00,38.039684848145306,8807.491438448607,141806389.59210286,163281893.53407034,26952.854748618294,23.0,normal,27.25707040923908,25.39586949854422,23.224253650848098,23.643842340346488,23.6760412193193,24.91996287854691,27.386798974112686,30.578764279633518,34.10739777851729,38.15461133708122,42.03445862936363,45.94260574963553,48.31350178378626,50.5680743311305,52.25708341902775,53.35414316638825,52.29559102607178,50.7426021992966,48.717516311610424,45.73980988865828,41.93927993236656,38.15461133708122,34.22823869429268,30.320307520589132
arn:aws:rds:us-east-1:acct:db:db-1160,2026-03-03T00:00:00+00:00,39.678809169857544,8497.394205449888,135911786.71070474,158910100.27906162,26997.488754928272,24.0,normal,29.10264320837714,27.05944220271268,25.026093724809094,24.282509028529283,25.28385853554935,26.06004305802677,29.53397934866973,32.10407824038301,35.75620686662679,39.67094875169342,43.44630470077208,47.4751056894306,50.32476474369346,52.578692635984,54.03739989752566,55.25318999972359,53.96717911369184,53.127901248918135,50.07516865909834,47.19457674007056,43.41495508753157,39.67094875169342,35.69705088898312,32.14837895408735
arn:aws:rds:us-east-1:acct:db:db-1161,2026-03-03T00:00:00+00:00,38.57894728066252,8802.585059298315,127202987.65742193,155591400.53308433,25515.402070195993,22.0,normal,28.430677251245697,25.242487698579467,23.47347986833326,24.278757606893127,24.287344503971905,25.644648153099304,28.387184742942974,30.843030365559507,34.82032567405075,38.61881207639666,42.56748269576902,46.192346443246926,48.89888197520971,51.246376363577525,52.45185767148333,53.22988072107006,52.88376445687252,52.04196157760776,49.08370181712155,46.309778413470866,42.47758751654143,38.61881207639666,34.551624158607005,31.31393090785348
arn:aws:rds:us-east-1:acct:db:db-1162,2026-03-03T00:00:00+00:00,38.983203314297114,9114.047982437158,160155247.2555963,194273929.63212958,32950.19197716677,23.0,normal,28.33610992225688,25.353051216840743,24.14660106946978,24.239366242506815,24.017413809935025,25.64058303179227,28.605393053739416,31.844653937259668,35.2463390499862,38.980384554605344,42.99333361626478,46.326791305264116,49.3591516163473,52.351208389436536,54.10350483990101,54.39909043980174,53.62224370521554,51.63648588977062,49.61429605939081,46.280518448550296,42.982249063588334,38.980384554605344,34.96854808548389,31.569177641118298
arn:aws:rds:us-east-1:acct:db:db-1215,2026-03-03T00:00:00+00:00,35.306348844893655,4038.3676703901006,124631895.44947518,156479935.86597434,25701.497013917502,21.0,normal,24.41813209611527,22.400801390034637,21.45107614867284,20.60263496717286,20.82332987824926,21.6564742290414,24.25235722048224,28.002184147445977,31.294270980341526,35.26323875544762,38.95482369172315,42.928948010700736,45.826707131715075,48.487753499208175,49.905113259266784,50.99023699713117,49.446143170026765,48.625330449334314,45.58838357160045,42.71494473861025,39.3300808677758,35.26323875544762,31.452456528775116,27.673711793128657
arn:aws:rds:us-east-1:acct:db:db-1216,2026-03-03T00:00:00+00:00,34.981203856550195,4183.499732590193,130916535.70985918,163044312.24765924,27224.22299252814,22.0,normal,24.779123653715402,22.590450793785408,20.77862555429208,20.12303858360822,20.40235409869395,22.245539649582426,23.84667040486259,27.622885955677905,31.10732419572074,34.966694831858774,38.75604888253515,42.12794393670052,45.636414987021006,48.28321847900402,49.01469960266617,49.76856123858288,48.75521292027486,48.39812797672618,45.8702427101031,42.139135355014496,38.796518253919416,34.966694831858774,31.12632733668479,27.44703832431577
arn:aws:rds:us-east-1:acct:db:db-1217,2026-03-03T00:00:00+00:00,37.5892531724795,4207.273202386725,105154563.34905161,124251216.15959938,22117.375942100025,21.0,normal,26.783728026209165,24.728587285041876,22.910381348091626,22.96974429843246,22.861641228177724,25.166933448387,27.106300896696023,29.858812920806265,33.54259911759841,37.54445059336689,41.44203614860944,45.06582026063373,48.067743867822834,50.182055746484636,52.32779308636307,52.17299311598517,52.62886854988653,50.57185591335739,48.54400392805769,44.88750763397002,41.54595317089536,37.54445059336689,33.55857375534498,30.129241205922916
arn:aws:rds:us-east-1:acct:db:db-1218,2026-03-03T00:00:00+00:00,36.35293077203837,4057.4119253776885,112711603.25869732,135609501.81965438,23065.289178613217,20.0,normal,25.854918454045652,23.252153961907034,21.983194071952703,21.422324174587885,21.321001161694205,23.820216435788154,26.184103659728805,29.243286456301202,32.5602577059084,36.37033301468596,40.14390906107896,43.503762251684996,46.687581774164514,49.14340004174433,50.180513829385575,51.53218920113168,50.95890445978877,48.837248192512604,47.0777078194276,44.24432345364262,40.42517423614037,36.37033301468596,32.37337303942437,28.9801290575086
arn:aws:rds:us-east-1:acct:db:db-1219,2026-03-03T00:00:00+00:00,37.856059718377125,4590.193412461167,100019917.14453498,120641857.94001353,19117.49267633248,24.0,normal,27.29745872701328,24.589567984920436,22.781547289777443,23.488028925397835,23.614655407935672,24.73524614947371,27.083150760484067,30.63772187262365,33.86925672158586,37.81524245149854,41.824722436250276,45.10688433365477,48.098371438841845,51.186679737362866,52.59951353107331,53.252752492365055,52.712621048032034,50.29120529634668,48.1869960262101,45.13530630360088,41.86624732582136,37.81524245149854,34.08395550723176,30.473059022051032
arn:aws:rds:us-east-1:acct:db:db-1025,2026-03-04T00:00:00+00:00,39.222020962428346,35460.987935052326,956290133.872797,1134069373.8261235,186841.11661965688,25.0,normal,28.43864429913524,26.80083452990533,25.329640640883955,23.873680393267303,25.394145905968372,26.09997209949622,28.226315094335085,31.78401458601068,35.48839121104595,39.1939709423242,43.2430731748424,46.856849486367906,49.88377852636139,51.83364916166956,52.98069153548326,54.48597910504278,53.29314519163863,52.64961896478183,49.76489642062545,46.716947629103544,43.17484203971749,39.1939709423242,35.2563041371849,31.365147080764647
arn:aws:rds:us-east-1:acct:db:db-1026,2026-03-04T00:00:00+00:00,40.99274029488159,33654.911445848185,701397296.9041694,836825115.2325625,143393.3423340902,23.0,normal,30.806228318081985,28.28637588458079,26.510205444933444,25.77856963142845,26.426449233398696,27.37933456435876,29.83809567376918,33.704577115366305,37.168042777136975,40.90994146227068,44.76164826982768,48.47449148176653,51.806272847202,53.427170889243925,55.837320104359065,56.074983932483654,56.09557693682118,54.096695093213135,51.74574283260735,48.18134811207231,44.89660703063412,40.90994146227068,36.96688619869731,33.74326178063416
arn:aws:rds:us-east-1:acct:db:db-1027,2026-03-04T00:00:00+00:00,43.59452610656878,35057.25510890496,625338383.6535687,765854840.2037003,134157.1912096119,25.0,normal,32.80070253581849,30.58424391395164,29.59348831930997,29.177333669349345,28.691900747081533,30.428730402781277,33.4091671995234,36.12525609820332,39.849654400460274,43.711576122609124,47.60622963908226,51.04771544195894,53.8899300637792,56.6590347501098,58.33102078340018,58.03193573818085,58.05860680405784,56.38715077878703,53.82035761532211,50.930823034817756,47.45372454765305,43.711576122609124,39.711510606053686,36.25695722275052
arn:aws:rds:us-east-1:acct:db:db-1028,2026-03-04T00:00:00+00:00,37.027933086969874,32801.710096803596,629201301.7102488,755206362.9846781,128966.74099968771,23.0,normal,26.193633441718898,23.992755476587607,21.962920292740428,21.91897043434055,22.70459893216081,23.587832418524673,26.920495669185645,29.249278213213262,33.0911480768477,37.04966119594137,40.835085735183746,44.69585221942127,47.98449827557564,50.302581205105355,51.11885435333089,51.71304554805063,51.635250827393826,49.97086925649894,47.90564235119385,44.45866871454111,41.071507480580216,37.04966119594137,33.34594463417152,29.91163813902766
arn:aws:rds:us-east-1:acct:db:db-1064,2026-03-04T00:00:00+00:00,42.34715068469019,34817.59845748534,849839401.1548629,986437607.6280054,174472.71593977648,26.0,normal,31.85837301553301,29.076368393992965,27.86636760438912,27.570306484998273,28.165299340301893,28.770580218144953,31.92898579151517,34.86160346787272,38.48971447900069,42.3138984124451,46.07425484880344,49.58102489393989,53.12589645744092,55.182930357131106,57.211325433799736,57.62732479894633,56.35660018100639,55.3860109459395,53.178143868620275,49.913680605051894,46.23501335465964,42.3138984124451,38.60368311466238,34.64033195192403
arn:aws:rds:us-east-1:acct:db:db-1065,2026-03-04T00:00:00+00:00,39.2040099850255,32046.231513162496,880849775.3392055,998967444.35013,177304.53648465223,23.0,normal,28.35799880106479,25.91571076370948,24.87905701935243,24.307892353706,25.00271656204764,26.65977783649001,28.630711690126784,31.39327401083067,35.25222502086026,39.19323597778488,43.19633836305496,47.01978712319801,50.14924295736759,52.479202002159326,53.17518675345734,53.96673581616376,53.77671680948103,51.63394306295766,49.38222419327352,47.018926419293244,43.15421216596426,39.19323597778488,35.37797396090861,31.779913999574752
arn:aws:rds:us-east-1:acct:db:db-1066,2026-03-04T00:00:00+00:00,44.023425258152095,35045.618309540594,859133771.9509606,1073273558.4854097,176762.0671339432,27.0,normal,33.07247872730481,31.116608511425742,29.24223074403896,28.636408464923665,29.772791637301385,31.501057865647223,32.94222691147806,36.334597861494444,40.027648471900164,43.96743484033063,47.97312791867892,51.516975457395176,54.94302370396042,57.574288958246285,59.11860974238152,59.50156885991594,57.7477393916205,57.45889023899329,54.12332207891755,51.73083031796321,47.764377810392375,43.96743484033063,40.264484272767284,36.26404856824197
arn:aws:rds:us-east-1:acct:db:db-1159,2026-03-04T00:00:00+00:00,34.54080354637914,7931.7434564757605,129072435.30986099,162237418.20321208,25584.931798649683,21.0,normal,23.44239175909989,21.859248745701876,19.779469810206876,20.157343640833723,19.456804074134837,21.43605674307812,23.771337792902244,26.83298912306571,30.620922360689324,34.54432739356736,38.39927495529423,41.865849963565715,45.13684038423953,47.41042318960406,49.50632494460984,49.16489872188202,48.60043325621046,48.12978000381249,45.627713480271154,42.41442611725556,38.45316036455778,34.54432739356736,30.51444973957497,27.31049115537413
arn:aws:rds:us-east-1:acct:db:db-1160,2026-03-04T00:00:00+00:00,38.772387757082384,9181.35706638409,139124135.60577294,162226447.55975267,26189.737305855808,25.0,normal,28.673667923228024,25.96180846577139,24.55326547904243,23.13252342055484,23.701764499077825,26.279819923514168,27.786723751581732,31.222889395142023,35.02018983389007,38.867085823150994,42.90471765366466,46.12719198850023,49.15123015539827,51.738891671794185,52.876697877837216,53.65768205170971,53.56706403047878,52.26382954487259,49.26360781793102,46.203383836004626,42.857975710064835,38.867085823150994,34.861158910712454,30.997050582904087
arn:aws:rds:us-east-1:acct:db:db-1161,2026-03-04T00:00:00+00:00,44.06752151886544,9510.931511375085,128909640.97694536,157622647.76723367,25523.342486588095,25.0,normal,33.7673318561557,31.415045891639586,30.086757418517244,29.290935397031117,29.440630348901088,30.381150646482702,33.08768914147913,36.595127797142936,40.09372336635202,44.00545464931192,48.01303225269748,51.682793488376774,54.68555070574617,57.21561090503674,58.85064930100051,58.45517073801203,58.060335334574475,57.2408138835013,54.98373880388398,51.43740136133675,48.07404745837364,44.00545464931192,40.15550869119092,36.59656236671449
arn:aws:rds:us-east-1:acct:db:db-1162,2026-03-04T00:00:00+00:00,38.12572769034606,8478.060758342912,167049449.945792,192714158.98145518,32734.28120778277,23.0,normal,27.43367935880194,24.77308970772359,23.21726496616957,23.81012041647845,24.099556422964586,24.940757537456197,27.16140601906511,30.633754338061415,34.186814080391436,38.14966714989833,42.07404488293827,45.996099008225784,48.927050648450944,51.68860045363064,52.734194904816576,53.66473525656222,52.09400768970229,50.65097758887301,48.35340820975583,45.64130431392586,41.96605629178128,38.14966714989833,34.11107214426565,30.560136028468218
arn:aws:rds:us-east-1:acct:db:db-1215,2026-03-04T00:00:00+00:00,40.60189321751744,4445.002562198559,126904284.46700357,159409600.48133868,25545.126037227154,24.0,normal,29.79799865674414,27.948923415305778,26.291808897212334,25.118901937248097,25.946482769141895,28.071581422883632,30.207069137188988,32.91030862863094,36.87364356524373,40.62862681295412,44.535579187946794,47.86423299275498,51.43556488276057,53.15440555406728,54.970358661535066,55.3414666997409,55.39281748811859,53.9858073305614,50.88342513959317,48.36262436990332,44.31959890829078,40.62862681295412,36.73982320974777,33.03576073989026
arn:aws:rds:us-east-1:acct:db:db-1216,2026-03-04T00:00:00+00:00,36.84998948799535,4375.603333680593,133866315.72232743,152344360.66608858,25064.20961650553,22.0,normal,26.072280520596355,23.51394459815207,22.611561130589397,21.216400059836364,21.728769703025964,24.459225570040672,26.760861211878908,29.409146254751608,32.93546924987153,36.852946002364895,40.64182922408954,44.48669637464679,47.56742140419663,49.41093816615397,51.898932512677185,52.1229101076065,51.14272167159117,50.08186252857304,47.048704276635874,44.32913809579544,40.60672197035494,36.852946002364895,33.033426686340306,29.614894389754316
arn:aws:rds:us-east-1:acct:db:db-1217,2026-03-04T00:00:00+00:00,36.91001621352624,4414.389277982568,113133563.71148813,131063021.53144597,23283.095985021984,23.0,normal,26.454116054709797,23.911818048348298,21.94459812965127,21.3873246387499,22.080362985978102,24.233181467628857,26.055017373492255,29.585258204461407,33.123674179275426,36.895162602869114,40.84688468395514,44.05995142730288,47.03509781719691,50.25469221032701,51.90492151598636,52.05182397738196,51.280929701906366,50.33412292515315,47.74446143395696,44.45485825169256,40.7074728450313,36.895162602869114,33.044450375806555,29.555045670898956
arn:aws:rds:us-east-1:acct:db:db-1218,2026-03-04T00:00:00+00:00,41.75119493660287,4783.1958539023,116388974.32196535,148599505.37449947,24347.01124142431,25.0,normal,31.06467584915935,29.098641809799048,27.263118693473324,27.18561023555082,27.704402290306696,29.263901257792973,31.25843425873503,34.26156209391676,37.67500275855874,41.63471818209821,45.65616427692239,48.89207115212746,51.99307943569017,55.19807391474376,56.042533366024614,57.068294596671194,56.112257370759195,54.587538405540634,51.868090861511426,49.398117890309656,45.35330933314425,41.63471818209821,37.685087244542814,34.12927501899219
arn:aws:rds:us-east-1:acct:db:db-1219,2026-03-04T00:00:00+00:00,38.13343675108436,4562.193144326529,98792967.36782129,119870963.34385644,18572.28886022437,24.0,normal,27.8180023151712,25.040362872756873,23.82587722290475,22.768922924276673,23.350793127136363,25.470721958356783,27.39542529483655,30.721140715928875,34.403370736558045,38.217053358501765,42.25282592416664,45.61169162759367,48.59815795301848,51.014926347984684,52.29245461861861,53.284005839596254,52.19511537549092,51.61980599026018,48.53258897420375,45.7905946291565,41.953763221578555,38.217053358501765,34.352402786494004,30.475424852932655
arn:aws:rds:us-east-1:acct:db:db-1025,2026-03-05T00:00:00+00:00,39.066526457507756,35787.78113119159,944639005.3292085,1126109681.0278077,185733.905918867,23.0,normal,28.569642046368646,25.813683001014336,25.062602294477333,24.412555774170247,24.47616365325871,25.437329638465208,28.635431436774994,31.525830373593852,35.17303996067042,39.016475939509384,42.73255703116193,46.56608663301496,49.99019303690678,52.64094032893083,53.7932944694431,53.83637915300917,53.37760663113957,51.81418654797244,49.73297594554748,46.696030267548075,43.02278805067117,39.016475939509384,35.05005783154115,31.20430899548705
arn:aws:rds:us-east-1:acct:db:db-1026,2026-03-05T00:00:00+00:00,40.793318800796584,32655.223152270697,730987040.8531977,892688491.7654828,146642.9091453388,24.0,normal,30.641192970500427,27.434099110130504,26.48069570245739,26.43955699141513,26.429428278776413,28.077591791276006,30.10468599865724,33.32942275962087,37.00542888027605,40.80881773444123,44.65492882621081,48.28683522829257,51.783074522847166,53.26536766617068,55.13817254176461,55.66310276423381,55.29165696753926,53.287534431641326,50.993976868189016,48.246129701265666,44.509811931753624,40.80881773444123,37.04254377876834,33.31677803844855
arn:aws:rds:us-east-1:acct:db:db-1027,2026-03-05T00:00:00+00:00,46.2224869561665,37355.55641039251,648845496.9832709,790377518.3530008,127559.05210768017,28.0,normal,35.52497184977654,33.51400808273577,31.969796996509576,31.412825481956173,32.31986108972673,32.61238837567766,35.108200636398195,38.93355410038799,42.23509174924896,46.13938748753545,50.09287971743253,53.7166507329392,56.3475223024386,59.33771550497438,60.78601873710957,61.18622294449616,60.48687242047014,59.7207282506494,57.11662583046058,53.7032012187254,49.830034934214765,46.13938748753545,42.17932420513849,38.92641681145834
arn:aws:rds:us-east-1:acct:db:db-1028,2026-03-05T00:00:00+00:00,40.57275379030402,35557.69777868744,662345883.6802962,757472370.1155697,132818.14690590926,24.0,normal,30.33807993928277,27.637245220796835,25.93974668929775,25.708766321147188,26.059788280970253,27.763917888882375,30.01284555901811,32.80626454126219,36.76349117009327,40.64571129522211,44.628449802015,48.02389963855827,51.58770136514175,53.06041320884288,54.891443250361945,55.03725115761306,54.53377035466409,53.84184642489501,51.13069220372687,48.424320501710945,44.53436591493872,40.64571129522211,36.6776702421001,33.05269870153283
arn:aws:rds:us-east-1:acct:db:db-1064,2026-03-05T00:00:00+00:00,38.61763399546795,31653.000835691102,814132210.0836438,983127214.2204282,157250.9734092106,24.0,normal,28.100804140855246,24.943889929348018,23.671942655135986,23.689132768737053,24.423270162123714,25.973010408950906,27.607949390857726,31.0281105870597,34.714661952036366,38.49288815508259,42.33250611306604,46.02550769147422,49.47899321713563,51.91633612273684,53.18165501298955,54.07582382968922,53.636815484651734,52.04849905303503,48.939337967566836,45.91576647723544,42.274430018810406,38.49288815508259,34.75742097011405,31.10157562745588
arn:aws:rds:us-east-1:acct:db:db-1065,2026-03-05T00:00:00+00:00,43.14348363668661,36607.77973851705,923164110.3562676,1109409250.4436424,187620.07295171774,26.0,normal,32.79970590008014,29.623639733908075,28.589204150674178,28.578117964207557,28.017545551430693,30.362293306035262,32.44319817584173,35.538706621998664,39.354478363850916,43.2065970580043,46.98785864542102,50.68096337482929,53.61252196465407,56.258627778192015,57.94163665207615,58.3776048592948,58.09641625079908,55.60140815236903,53.366233143997356,50.48558263772521,47.27748515630601,43.2065970580043,39.159655486428484,35.87752929435021
arn:aws:rds:us-east-1:acct:db:db-1066,2026-03-05T00:00:00+00:00,46.3035535334046,37932.545118011156,880082623.7180109,1090897930.5870695,186706.17428141984,28.0,normal,35.25997193853524,33.02126033544086,31.15817370476017,31.392509250259398,31.78555020410528,33.631959099455955,35.19376765485306,39.14907516966656,42.488029637263814,46.31542772103751,50.15365400251754,54.12871611642741,56.7820624676768,59.84747733883889,60.693241655285185,61.84758087486782,60.835828588172724,59.06074893288992,56.86830678790832,53.758713530271166,50.10450517778498,46.31542772103751,42.55486958952257,38.9384273031318
arn:aws:rds:us-east-1:acct:db:db-1159,2026-03-05T00:00:00+00:00,41.59048594986325,8921.68392813692,134986161.65323934,172828543.29023063,27944.321656100692,25.0,normal,31.13727208390268,28.373700075149948,27.58978051965631,25.915300743209464,26.900366222093275,29.189523365582208,30.980003281786253,33.930404153607554,37.8221205973192,41.618159715551684,45.49623794087853,49.36837804815067,51.961223838089154,54.890449076538474,55.97344606845077,55.957607802759,55.82301138024441,54.366792905386944,52.653972730936495,49.479470837130016,45.387768959363065,41.618159715551684,37.550804139871516,34.18770859550878
arn:aws:rds:us-east-1:acct:db:db-1160,2026-03-05T00:00:00+00:00,43.55797069984229,9384.751145110497,140208938.07271117,165967825.31778654,27926.967401983373,26.0,normal,32.90350743921655,31.05513749177909,29.506745312184812,28.109659670169947,28.707832503950918,30.281761964837642,32.75385609006011,36.178233327119784,39.67666383390881,43.647811447215965,47.37508117599286,51.067842428452636,53.89237065087017,56.49640467795361,57.84319051719809,58.79655244781785,57.936086308701,56.90526131084533,54.26729666582073,51.46243065610252,47.37132151431303,43.647811447215965,39.69859637783115,35.80984153665644
arn:aws:rds:us-east-1:acct:db:db-1161,2026-03-05T00:00:00+00:00,41.94524085797806,9003.83190909213,135895286.14849076,157165290.5681536,27639.783021540672,25.0,normal,31.245760096480794,29.454132066143416,27.320991500174003,27.4034529919994,27.64761445548156,29.058101036004114,31.657366176700062,34.42556133610839,37.939454454182865,41.82098595866823,45.618026469603876,49.16712717920061,52.5692738817235,55.095071587466265,56.42075775274743,57.53526801970612,56.95444637372922,54.28976288713677,52.174487011829676,49.597281543321316,45.52067357500046,41.82098595866823,37.76225057682146,34.186947702575615
arn:aws:rds:us-east-1:acct:db:db-1162,2026-03-05T00:00:00+00:00,38.594026319366385,8693.995473387604,153158147.03602967,192479216.51041302,31350.94678288273,24.0,normal,28.022735232718617,25.362975083505667,23.723571258509516,23.374484567370935,23.947578697605806,25.414068421044632,28.255494389382733,31.207992391847952,34.692273731527884,38.619763384071376,42.42258851443099,46.049577592639615,49.26183430228988,51.5925841831914,53.42469960037622,53.57990339719607,53.694190161238915,51.45467340674339,49.253275860100736,45.7471711762729,42.42847118910147,38.619763384071376,34.80208810548322,31.30487363407203
arn:aws:rds:us-east-1:acct:db:db-1215,2026-03-05T00:00:00+00:00,37.70295167974516,4639.996094189373,134092587.01186651,167709358.50964147,26373.216964221938,23.0,normal,27.330933960707352,24.584071807382696,22.9560143088226,22.17839157526195,23.202086107391825,24.89832305062131,27.293377439626997,29.99007270464494,33.78107257744579,37.75024975100305,41.81268724786011,45.100287878065906,48.388325624639904,50.91187105965761,51.75209166957474,52.08027030189052,52.77198613927078,50.78677720188827,48.43191886128328,45.29143551007402,41.73151845678605,37.75024975100305,33.82368721166136,30.273140117319823
arn:aws:rds:us-east-1:acct:db:db-1216,2026-03-05T00:00:00+00:00,44.81842603148424,4813.876036443576,136878833.36691475,163583587.98121655,28788.441963171674,25.0,normal,34.30121408740766,32.10455041194106,30.173468662957802,29.178710696960607,30.563827538658558,31.51037783239441,34.427773036199426,37.10993110444063,40.854613216625594,44.83783239032684,48.91334255721476,52.06822056918165,55.32653031003379,57.998143436268826,59.457808677881246,60.25878201723616,58.670242179709206,58.094582728944744,55.69657844079228,52.008658227290354,48.73513566300625,44.83783239032684,40.838446394141506,37.675622185681526
arn:aws:rds:us-east-1:acct:db:db-1217,2026-03-05T00:00:00+00:00,42.72182389964039,4905.968352323941,115611042.90711878,139000866.79024968,24407.076499432336,24.0,normal,31.771826681917815,29.86231084566272,28.922296698297906,27.650615014974612,27.608143182206405,30.40202574224685,32.430790494703444,35.39984336341029,38.77640227867298,42.76189420588338,46.54288478435214,50.373312716733665,52.88738607955255,55.32436803160683,57.11752763417028,57.54529414939343,57.02934187663362,55.2437733084163,53.220894474806336,50.48538878487693,46.61073174028993,42.76189420588338,39.01021661339555,35.58461068328195
arn:aws:rds:us-east-1:acct:db:db-1218,2026-03-05T00:00:00+00:00,39.620706182048544,4611.989862412621,118152400.15419197,143897911.28965577,25424.5274792062,23.0,normal,28.707718349239325,27.161093213851718,24.844077180218918,24.62132298270411,24.605407179479496,26.384109926670096,28.8979519216563,31.884656723168558,35.63404685594377,39.67481517014231,43.72320339573186,46.84083867153942,50.55991085257863,52.4528436916181,54.14544214082602,55.178439999163494,54.36225642835387,52.60997544794454,49.924964263501494,47.504263766775146,43.492063817348004,39.67481517014231,35.76762589383371,32.24510532673372
arn:aws:rds:us-east-1:acct:db:db-1219,2026-03-05T00:00:00+00:00,42.008739184509615,4966.617969059993,100162743.2029989,121962006.19109541,19792.302592281085,27.0,normal,31.05441115358657,28.330667600196918,27.78885826273535,26.333710347986003,28.01141372828809,28.37969074382345,31.090682025674152,34.57255778454072,38.15106678774575,41.95750495648849,45.87609277615434,49.77170748260876,52.84650016275225,55.00032152085939,57.06588768443244,57.09660090348832,56.95304677156396,55.39078351018065,53.008729965389335,49.13320647994782,45.872331822654495,41.95750495648849,38.078890996871614,34.487572003773344
arn:aws:rds:us-east-1:acct:db:db-1025,2026-03-06T00:00:00+00:00,44.201755276204,35764.77349875443,991645291.0583731,1093077423.8220832,184443.02935672787,25.0,normal,33.19416548448967,30.888345914913707,29.51245276376538,28.709891527835804,29.39563351887297,31.18858438127078,33.58855366217553,37.01224516393303,40.36067391038826,44.217497518081466,48.08810412389547,51.92450792671624,54.464495166716645,57.59096349705879,59.05652737400746,59.81873100885742,58.52303527627171,56.78769611166708,55.098416277359554,51.78382065691726,48.18227879462124,44.217497518081466,40.45380023702319,36.784208813975866
arn:aws:rds:us-east-1:acct:db:db-1026,2026-03-06T00:00:00+00:00,44.60502304011659,36203.41567694724,724126344.9978082,956962520.0534724,149124.93477815433,26.0,normal,33.40204256049035,31.84366831478642,30.37335777496216,30.084079541419975,30.055434428261776,32.057800282301166,34.16077463577279,37.03656930697422,40.46364263647779,44.523580003552766,48.50049260206901,51.94051762473453,55.51749374029789,58.00169245399476,59.60679776387008,59.733617575875584,58.58039833742708,56.98275940200461,55.57011757871624,51.69023958464397,48.32662437022229,44.523580003552766,40.82687663084581,36.718395809544084
arn:aws:rds:us-east-1:acct:db:db-1027,2026-03-06T00:00:00+00:00,46.163236586892175,37540.276411977815,668524813.3799314,833134419.3846285,136722.64343172984,29.0,normal,35.39124099853279,33.51681656748518,31.677810439350516,31.5343870739282,31.0284061121247,33.7508314455426,35.80325653552671,38.37603220515333,42.29632879764946,46.17086386256574,50.11204123944187,53.34905949639591,56.265950270453295,59.730017129734854,60.3286843024598,60.99133352821903,60.92358400149087,58.81869360733059,57.02467509988279,53.639545499188195,50.191595653021565,46.17086386256574,42.403562760208914,38.422097597159585
arn:aws:rds:us-east-1:acct:db:db-1028,2026-03-06T00:00:00+00:00,45.66932156954892,37624.43554807631,656977425.0347545,806306007.1489431,131820.45844684035,27.0,normal,35.29955905503414,32.4040297339739,31.247937162656623,30.0920471386839,31.581711088705422,32.98972000576088,34.615548480080435,37.89260284041423,41.719405793451365,45.75123391336596,49.764590498444875,53.08877881578413,56.097713678117536,58.80193925762719,60.76210215686272,60.147443726926184,60.33474227284077,58.88416927736501,56.4424739377623,53.040106868909184,49.464302072089254,45.75123391336596,41.84002039249022,38.05030558846182
arn:aws:rds:us-east-1:acct:db:db-1064,2026-03-06T00:00:00+00:00,43.38968756646258,36048.46079833148,870442155.1417793,1000058869.2217362,173119.44170041103,25.0,normal,32.4348477455362,30.23938210674205,28.653644311119443,28.901571633152418,28.926810587915767,30.640604851411865,32.83802859009941,35.75078911425217,39.62639816125631,43.372474269400236,47.214743054645034,50.73911250526628,53.894681441973496,56.92302773369108,58.161403486102174,58.11366243129898,57.39667236077714,56.516763145102146,54.14621084119294,50.86019128230861,47.14324547289563,43.372474269400236,39.58116580462969,35.904596394932604
arn:aws:rds:us-east-1:acct:db:db-1065,2026-03-06T00:00:00+00:00,38.444683606564695,35035.090617142945,870731307.8582506,1069555007.1361401,175234.67126396755,24.0,normal,27.967387565075043,25.262088903086486,23.558572273229856,23.211247434804974,24.099827871842088,24.81078999062398,28.31991091784979,30.94416737111503,34.554044947192025,38.44023426817477,42.34531183942847,45.73027732355388,48.986815418581536,51.34180564136147,53.32484556895023,54.10412209690581,52.49857460471825,52.06911500234947,49.51386211815156,45.649724168297624,42.4826122200845,38.44023426817477,34.410826888362976,30.606007855638154
arn:aws:rds:us-east-1:acct:db:db-1066,2026-03-06T00:00:00+00:00,42.41437902677288,35769.35800339323,887072461.8902582,1055271703.4266424,173398.9060138977,25.0,normal,31.80339212331876,29.567228616752843,27.725397561245643,27.39448458717324,28.385885445890985,29.02294502809854,31.83897605488096,35.176162688545276,38.66312741187336,42.416086326974764,46.37717975666699,49.92098229137959,52.8170064255956,55.35518400520624,57.10272318138817,57.985009803119034,56.98592004568667,55.11643802399978,52.53769048414371,49.67267761891232,46.356675246076016,42.416086326974764,38.54096752327832,34.76687006536748
arn:aws:rds:us-east-1:acct:db:db-1159,2026-03-06T00:00:00+00:00,46.77821263305357,9988.597395657123,144511821.28906235,187205018.48741055,30291.226741752642,29.0,normal,36.28461747335057,34.1516048221702,31.59883129013283,32.128414736959506,32.54800548653427,33.94548445068116,36.33876060122708,39.46978257859755,42.891182753383056,46.71696178655646,50.6193470317783,53.95933648803789,57.619926557606114,59.462512355156576,61.811410297266065,61.46129043904971,61.73162030133471,59.5157770401722,57.32975010972635,54.121227804774215,50.55541463878521,46.71696178655646,42.759775718015135,38.93910664543417
arn:aws:rds:us-east-1:acct:db:db-1160,2026-03-06T00:00:00+00:00,42.77851163285812,8822.781956990764,132721280.9565491,166811466.5899201,27049.71157917895,25.0,normal,31.876860531907635,29.70865869763508,28.256132350847437,27.974397305602466,28.179257250397796,29.47709103796114,32.006170434105485,35.7134524164445,38.893030108364464,42.86504705320276,46.59164940018361,50.102732576644605,53.77702186192637,55.93205781994947,57.81993907027375,57.392163255561734,56.6738474656654,55.41627756734901,53.42134170708335,50.382516619910184,46.886202524003224,42.86504705320276,38.79237772070152,35.68100735967124
arn:aws:rds:us-east-1:acct:db:db-1161,2026-03-06T00:00:00+00:00,38.3444053540568,8616.901322051819,126262581.85388643,154115502.37750155,24681.334998938288,24.0,normal,27.576035735728652,25.66358724137369,23.213246805406122,22.61122077919893,24.262724116987457,25.883067532177783,28.181576461518908,30.45235519752722,34.51494851841373,38.26213786403997,41.972500932188346,45.66714726447272,49.171478402813634,51.131277958545795,53.15031030917965,53.54539670051681,52.77610275912663,51.5613130231772,49.27085069610245,45.98189644966223,42.21885857582149,38.26213786403997,34.51142343777565,30.4241338715683
arn:aws:rds:us-east-1:acct:db:db-1162,2026-03-06T00:00:00+00:00,42.05372189806509,9175.611348914443,174238484.5778057,201038577.16744706,34511.150233262575,27.0,normal,31.88943377935774,28.978562379621412,27.386564010641646,27.691225850628857,27.48234402635106,28.95821338104989,31.861551572902822,34.33481349196839,38.223690593377384,41.993502455804396,45.80234387876263,49.47692185440256,53.0157247946791,55.381622307188195,56.890778815209345,56.48415375222753,55.82769844240214,55.121268419521456,52.505378355783456,49.80031041312726,45.81739594048983,41.993502455804396,38.10112262568048,34.27120195658031
arn:aws:rds:us-east-1:acct:db:db-1215,2026-03-06T00:00:00+00:00,45.16368138967335,4836.999001329873,144779719.99115524,167804423.53280863,26731.989344511156,27.0,normal,34.22348511542956,31.591480748792332,30.193646563835316,30.85198038671624,30.87607412639625,32.3696520288878,34.83839843224191,37.42367618706785,41.25704383114717,45.14712895963602,49.06876132591523,52.71508596886062,55.63085155600592,58.51371524615416,59.90129580287261,59.90525673192133,60.351149164046944,58.0891717672453,55.559195202068,52.78797375172169,48.92180056178641,45.14712895963602,41.194820989442796,37.36957994433289
arn:aws:rds:us-east-1:acct:db:db-1216,2026-03-06T00:00:00+00:00,48.185925725447156,5156.496289133895,150900929.33368218,174340806.59310576,28111.528947930896,28.0,normal,37.63935211958391,34.616657018671695,33.66535589342108,33.6073911271455,33.033477432088524,35.55318203333019,37.19782525160965,40.95526002095456,44.25997095101203,48.21010639199347,52.27564300780042,55.47368586534791,58.719970251997196,61.38206221996428,63.39101263933679,62.91590100694048,62.54957141347865,61.15085378434962,58.55440737040882,55.948122417296204,51.93399310695605,48.21010639199347,44.31464852004708,40.90366117500419
arn:aws:rds:us-east-1:acct:db:db-1217,2026-03-06T00:00:00+00:00,46.95182942759077,5183.417551879034,121084897.28157775,146558313.92328724,23561.391787061897,28.0,normal,36.391345317299056,34.479780539750784,32.61316790832601,31.97397276499223,32.251872739218776,34.44263783977106,35.80579415989125,39.456185955271465,42.98474136479663,46.93721510697574,50.63774123873803,54.51323434061973,57.58662055246509,59.35265073332591,61.70577822719454,61.51838867769925,61.718606459069875,59.74914622750717,57.83032892752682,54.768536189405864,50.959462080802304,46.93721510697574,43.16158633737569,39.067897467179584
arn:aws:rds:us-east-1:acct:db:db-1218,2026-03-06T00:00:00+00:00,41.19897587662927,4816.906094583895,124369656.39414585,153932154.91403422,24836.436535493638,26.0,normal,30.732649064434405,28.21716635484055,26.059154430330878,26.009812745202154,26.893581855077926,28.70908306862092,30.32806756724578,33.721712703878126,37.48222120417171,41.196852375339304,45.020944679037825,48.62477083621502,52.16286284727418,53.71608301448649,55.454460717186095,55.992354594793774,54.96611927022498,54.63582885346414,52.15910677931339,48.81822960709591,45.23401831570343,41.196852375339304,37.423026004798515,34.02046177502766
arn:aws:rds:us-east-1:acct:db:db-1219,2026-03-06T00:00:00+00:00,44.31252581644542,4817.599223837782,99786924.4999801,122760398.44594704,20131.639580305313,27.0,normal,33.35278812226471,30.854963372341476,29.75905309894689,29.599151153582326,29.80576382680068,31.529961899508937,33.96705781904458,36.79882846935103,40.39390976792718,44.3375100026839,48.396214319114506,51.686487091599375,54.80870963022308,57.54566547496109,58.97180588231491,58.590305080689944,58.55441992614027,57.00801832273601,55.304645902542596,52.1121965508476,48.13589682290408,44.3375100026839,40.569673351986616,37.08008370349461
arn:aws:rds:us-east-1:acct:db:db-1025,2026-03-07T00:00:00+00:00,17.404305682567532,23573.806416185198,719718459.1369952,859104783.0704576,137608.94274383783,15.0,normal,9.679858270986424,8.068508305008177,6.469369094436737,6.408278998018736,6.88614528277424,7.624131476510865,9.315243939144654,11.598746005481885,14.605581406303788,17.376803535129042,20.22069554563495,23.278323321698426,25.05884962700594,27.059033789584518,28.75423096522462,28.304037878878066,28.57696442627339,26.86923809606343,24.993879113935094,22.744603326985178,20.419177701383916,17.376803535129042,14.525666040796892,11.489166699232667
arn:aws:rds:us-east-1:acct:db:db-1026,2026-03-07T00:00:00+00:00,16.522466704541376,23998.3501911215,588691196.1438398,699356677.9771296,108807.47128058593,13.0,normal,8.281334687220285,6.932736876936553,5.112534006876991,5.38704811527762,5.898382301805956,6.380617222611268,8.498934211126981,10.757722265310296,13.622470537363384,16.507513137908585,19.540857041144275,22.09694566166185,24.25621150027011,26.394171997106366,27.86816027545721,27.895265404928146,27.867767015815883,26.0981243765057,24.79265780515985,21.91458198114292,19.378124011808563,16.507513137908585,13.551217525020723,10.998309812624928
arn:aws:rds:us-east-1:acct:db:db-1027,2026-03-07T00:00:00+00:00,17.613471292290374,23005.261835531546,506944436.7846711,636574904.1325281,98824.75908798307,13.0,normal,9.9171967710179,8.311473187725339,6.668881445976664,6.382873855373261,6.9386982825366745,7.882505372819419,9.493937195422417,12.18981693532584,14.754301845005191,17.594879849423744,20.55612897388497,23.088397456347824,25.468810389448436,26.967195875187965,28.19327742261154,29.228675670497843,28.39679163472125,27.474349958062152,25.2791571351847,23.041739285415616,20.634977737837815,17.594879849423744,14.598629570935723,12.065735314782973
arn:aws:rds:us-east-1:acct:db:db-1028,2026-03-07T00:00:00+00:00,16.71654969249366,21647.340177600887,527735307.65066767,587367381.280625,104000.48590786287,11.0,normal,8.442039659130407,7.219258342690598,6.038167121448385,5.464008563461244,6.21815328256074,6.528508718140465,9.027818297823451,10.94152093965621,13.848028687428256,16.71357135352577,19.49343556776549,22.172640523390513,24.624286142838415,26.62899075349069,27.881854161314624,27.434979436009485,27.202609639702953,26.680238314795982,24.917556708163215,22.190392837624024,19.54656830318133,16.71357135352577,13.903681497837818,11.365312414342009
arn:aws:rds:us-east-1:acct:db:db-1064,2026-03-07T00:00:00+00:00,17.55397543944518,24663.500577891013,662522927.6940988,846721985.7075356,130454.0012033909,13.0,normal,9.833247298357346,7.8891752820632925,6.8199312223403545,6.8029445262441515,6.7544465179326245,7.359491658459505,9.613970480594825,12.029050690089495,14.500099387508701,17.542571743441993,20.39229632393501,23.32675333971456,25.277658868624133,27.039594892343906,28.218344749282313,28.674186222852757,28.499299071988574,27.300249061030506,25.691409686917385,23.289730351919687,20.321966106762225,17.542571743441993,14.71378546030275,11.862635860536106
arn:aws:rds:us-east-1:acct:db:db-1065,2026-03-07T00:00:00+00:00,17.727094332689347,21491.384036882817,701584575.220804,776714605.2376142,129988.05863828858,14.0,normal,9.927951511513882,8.337977413022054,7.046092261236785,6.866673437123437,6.861512326165027,7.978949305121853,9.626334834762057,12.15395531620519,14.928004150356744,17.79462941449779,20.5834689121658,23.593319115313115,25.677647752064143,27.226717224310526,28.248748229495742,28.730489374617456,28.25048700104039,27.49740214636995,25.630009559971,23.338960752189955,20.606433523555943,17.79462941449779,14.851527711567485,11.898343297380293
arn:aws:rds:us-east-1:acct:db:db-1066,2026-03-07T00:00:00+00:00,19.719382392260123,22795.154211382815,675209630.8486619,833805723.9588423,131248.6184362791,13.0,normal,11.756798741792176,10.36336140355757,8.633946000997016,8.749805014635323,8.732806063106947,10.025892724908548,11.655216371236573,13.788082456833447,16.748748091453642,19.65632788653161,22.591603149367987,25.183309747255226,27.83253412057618,29.369815631869137,30.785282940338416,31.366251506298457,30.37333118490427,29.875904096310652,27.332707015554725,25.36228945759653,22.4325797636381,19.65632788653161,16.705661125920308,14.286595033028494
arn:aws:rds:us-east-1:acct:db:db-1159,2026-03-07T00:00:00+00:00,15.791428591021656,5134.1448424231885,109011450.12861708,123532298.71595836,22243.84912087717,12.0,normal,7.757592435979904,6.231423347162164,5.3817483031605615,4.123527060195124,4.46214843387094,5.867878294755735,7.716628753873409,10.17761939901743,12.774826672094132,15.82383129543408,18.612302691082828,21.21917907909455,24.147552249490428,25.99849479268219,26.753345095505654,26.75223965504767,26.781239755150725,25.82338221973387,23.387623568250074,21.63041337770098,18.725295511029632,15.82383129543408,12.931245031523986,10.090917867249626
arn:aws:rds:us-east-1:acct:db:db-1160,2026-03-07T00:00:00+00:00,19.23650165612309,6595.905433705095,114608681.51385385,128343555.98748876,23208.303105218856,14.0,normal,11.08947006423767,9.182302046696284,7.976798364231762,8.559182580318266,8.082560046691963,9.517715566229228,11.541859136104003,13.638767380348494,16.251108387198045,19.263061455511174,22.317583965022695,24.95369574688721,27.209869792528128,28.80601231385016,29.598402544137947,30.637428356786643,30.21393881961719,29.02222911421319,27.24800645333524,25.081292789279658,22.121453467776092,19.263061455511174,16.298951591327995,13.801288309113861
arn:aws:rds:us-east-1:acct:db:db-1161,2026-03-07T00:00:00+00:00,16.928129853633173,6041.186437603945,104016282.6448394,125489918.2976926,19296.502727852425,14.0,normal,8.910924209547371,7.092798951282376,6.387267902860881,5.5129347685828645,5.7328769535765645,7.153515787248077,9.337868998983083,11.460740770461468,14.195429177199921,16.988574919142422,19.816415571469474,22.644303656646805,24.882706221033413,26.948317043404845,27.70641313468184,27.85013565069452,27.56838756952837,26.775966292261135,24.903635973336883,22.356292261242906,19.815833594346934,16.988574919142422,14.011242402178112,11.233959758343511
arn:aws:rds:us-east-1:acct:db:db-1162,2026-03-07T00:00:00+00:00,15.007878900720533,5585.187377174239,128762611.45757455,151154264.72997108,25899.473610896195,13.0,normal,6.856306777769016,5.436336670930124,4.073021905763265,3.95,3.95,5.3996370826817115,6.842792758218301,9.13044338032529,12.051153230475432,14.994888946776896,18.013145198900986,20.813186793433996,22.831789814014936,25.2167280981992,25.34926293209044,26.792434965016756,25.585538072613918,24.679643833492985,23.255062757053917,20.47607391844857,17.826467480479504,14.994888946776896,12.023353366916862,9.646936686913822
arn:aws:rds:us-east-1:acct:db:db-1215,2026-03-07T00:00:00+00:00,17.3099609730499,2896.0267030519135,101727639.89580788,126467908.57333714,21494.113738105316,13.0,normal,9.124692160052264,7.837518049147525,5.9665164306024385,6.127185836611795,6.945199020153162,7.374044798970247,9.242918092631667,11.86600193126777,14.234988537283241,17.28060310100543,20.183367909480804,22.848296850901473,25.004742574228057,27.464554714008983,28.366947678559416,28.606657318546358,28.289839518003486,27.35505325419142,25.343519211758956,22.688810386051827,20.249764071095505,17.28060310100543,14.233102764888416,11.524136042751968
arn:aws:rds:us-east-1:acct:db:db-1216,2026-03-07T00:00:00+00:00,19.42608348972575,3243.5902986753185,109100127.31774601,133714008.28022994,23012.843016680617,14.0,normal,11.596100786802436,10.070886740003129,8.480258101286276,8.197620952137708,9.056882209507476,9.751155777805259,11.387449836399696,13.973460542698705,16.645735392324806,19.44809752207297,22.396338680856395,24.87917949743107,27.505753674733967,29.420088097547783,30.420743513700764,30.266273935117127,29.906985728818395,28.747727707607226,27.191450300350727,24.825400131861656,22.44870743125918,19.44809752207297,16.51279344099812,13.648816230024213
arn:aws:rds:us-east-1:acct:db:db-1217,2026-03-07T00:00:00+00:00,18.053903059111686,2892.4764553052732,91370735.53062141,105144429.75788632,17733.6661564236,14.0,normal,10.28032524585325,8.08743024206967,6.743865707914807,6.352394154533787,7.204397489234674,7.884402666195244,10.01901497126184,12.681988530338595,15.073215031594717,18.098013557233017,20.908602315245574,23.886938294650733,26.15192683212207,28.21309162713332,29.320369476439463,29.145637786658625,28.69987429093274,28.068613495566826,26.11128487212992,23.48106813796103,20.917029838755404,18.098013557233017,15.160153013420857,12.70602228420127
arn:aws:rds:us-east-1:acct:db:db-1218,2026-03-07T00:00:00+00:00,20.42301098388484,3296.363458607266,100878156.29066524,128146059.86325945,19603.327763060857,15.0,normal,12.885620995092477,11.042282461183545,9.795188608058648,8.672249204294221,9.294707384583619,10.39035091533474,12.376859824753755,14.956848071313654,17.492370480242258,20.46506998233299,23.408798881895013,25.976625828088213,28.231659449968586,30.04836562133452,31.127873676062606,31.24013167539112,31.660210900243094,30.080475738678558,28.584399848902528,25.966277489586464,23.40648847528817,20.46506998233299,17.668066097005344,14.916272021269092
arn:aws:rds:us-east-1:acct:db:db-1219,2026-03-07T00:00:00+00:00,16.978871513737843,3232.039084364838,75056542.76784153,97047899.56138252,16330.586726067448,15.0,normal,8.92033603551203,7.2887775678178155,5.7453119382201345,6.008908953762989,6.357781817779446,7.654951348305593,9.000562509344348,11.436578432163687,14.121107888366971,16.986149651478932,19.999682880945254,22.38906823665335,24.959869555591425,26.433178570741312,27.54028033059657,27.96247676502273,27.80869837454508,26.723479532049225,25.23663633876279,22.831712730587675,19.923098048443286,16.986149651478932,13.981715641423973,11.196403530114663
arn:aws:rds:us-east-1:acct:db:db-1025,2026-03-08T00:00:00+00:00,29.76855763624647,32855.46901468822,882503200.9228173,1089382904.9863513,178835.40315981075,22.0,normal,22.006087961309223,19.972724817115605,18.358813714110717,18.692119198256176,19.349561151594205,19.797737220218888,21.795455401050663,23.88065384948428,26.81933706194307,29.752947353744386,32.785453167316426,35.310663073161415,37.78541673474317,39.832546839451794,40.72565718761035,40.77546767725333,40.68298965035975,39.42950725861641,38.09348602712261,35.125352559877136,32.74268635625091,29.752947353744386,26.81097613277519,24.166795522805106
arn:aws:rds:us-east-1:acct:db:db-1026,2026-03-08T00:00:00+00:00,28.35747354085478,32883.678013328,702372233.950744,840086430.3036537,146501.36836977536,23.0,normal,20.23113042083396,18.787028225337753,17.4180480802318,16.646521668887416,17.288793896175566,18.70104395618573,20.54942398562599,22.947557763403072,25.412184281676268,28.398479209318612,31.18248384221087,33.801195339154646,36.14891298526848,38.265118621923506,39.657790126129065,40.20267941276235,39.51669083641014,37.79634806964865,36.176595715596115,33.81647175297239,31.198253130822007,28.398479209318612,25.368338819554218,22.669795631067505
arn:aws:rds:us-east-1:acct:db:db-1027,2026-03-08T00:00:00+00:00,31.10792492842405,34101.601077262356,611051591.9301704,788756923.9234952,121639.58785508863,25.0,normal,23.321581257399867,21.481756885700403,20.161230552621618,20.33014789257961,20.36019773583773,21.33500782782085,23.030933447689637,25.310288637426734,28.301876864868248,31.072032791461886,33.91414456383517,36.70900253970847,38.99994759222216,40.40552486661999,42.22270023918352,42.53271275499003,42.287675016933534,40.4358580807853,39.03194188470216,36.75537646031948,33.852411157231145,31.072032791461886,28.07458774666418,25.591228694113592
arn:aws:rds:us-east-1:acct:db:db-1028,2026-03-08T00:00:00+00:00,24.403189387567743,30075.6472323208,604765021.6189202,740190131.7767885,114966.42252058031,18.0,normal,16.27153075166477,14.799773165997458,13.531691517563226,13.591452488744803,13.615091413908056,14.457038206129852,16.543732622846015,18.797074798914956,21.484108876247216,24.454554327329003,27.323548656384556,29.84653417874409,32.474952904631195,34.39897540105035,35.40951420547607,35.461020340557496,35.06295930529877,33.86558619547881,32.04913902841285,30.03842322270624,27.267421802661396,24.454554327329003,21.408396611237254,19.069470952312432
arn:aws:rds:us-east-1:acct:db:db-1064,2026-03-08T00:00:00+00:00,25.15041791768301,29863.667453206584,790263570.3211625,895196354.7575668,152776.735171123,20.0,normal,16.812695411817543,15.700294354560288,14.737457682409362,14.22869998139624,14.289254108502117,15.05758887027751,17.43539769866695,19.46287259870301,22.122727710343618,25.114977482486143,27.89319547506153,30.73468502557021,32.81747543203572,34.809603706330876,35.48605297831312,36.90145696404557,36.14919489927679,35.03965718741077,33.077667902071816,30.92273945919672,28.12377056000024,25.114977482486143,22.125114163886757,19.452472889543134
arn:aws:rds:us-east-1:acct:db:db-1065,2026-03-08T00:00:00+00:00,25.041843955478388,28985.536542011185,776453165.7681261,929949357.9538008,166247.2135083334,20.0,normal,17.03568387973048,15.67683896528389,14.431638911263965,13.496994596436844,14.51957296757283,15.09675643719753,17.405545695260287,19.35907746648956,21.988232011398303,24.964395212249617,27.87402356883205,30.780944726477596,33.16005644930689,34.50820484766302,36.238271253981225,36.37221356453503,35.40094145328967,35.134999196425774,32.66214442344945,30.572723245103788,27.866316031007916,24.964395212249617,22.004650258198144,19.48963455807783
arn:aws:rds:us-east-1:acct:db:db-1066,2026-03-08T00:00:00+00:00,30.798427948321873,34619.858940787475,826692118.7611005,992491507.3690706,173023.47682871515,23.0,normal,23.133878816313544,21.07338228849814,20.12407048569073,19.204718785370915,20.339030907291377,21.07197269214143,22.739728671956993,24.869157453419522,27.97515803650155,30.767377908351865,33.82119813556684,36.33929205773725,38.91620274090401,40.78634769383456,41.43253136623489,41.69596564116071,41.39072924992611,40.76775655143799,38.99317894145952,36.50459943551072,33.661979313433136,30.767377908351865,27.877428993820946,24.909206684810414
arn:aws:rds:us-east-1:acct:db:db-1159,2026-03-08T00:00:00+00:00,27.102651558446613,8022.464729298266,137589886.79445586,154306098.39946467,27618.343839971967,21.0,normal,18.999027304506725,17.017418207144672,16.574822449900363,16.34050469406976,15.804007925833435,17.626650731805224,19.01755898154666,21.637091988759366,24.151562805276942,27.194035775243357,30.08103370902352,32.63809814647603,34.95455295033896,37.28460919252936,37.57924976781208,38.05798405993688,37.72669162791438,36.518543991125675,35.296662698689296,33.08975120589603,30.000695316711365,27.194035775243357,24.376513902714684,21.30253419422059
arn:aws:rds:us-east-1:acct:db:db-1160,2026-03-08T00:00:00+00:00,30.1251124699099,8375.81133615413,138693798.28483462,159563079.30436298,28118.441104677633,23.0,normal,22.307865681631217,19.89188830705054,19.118576238101145,19.095189194270542,18.869964861292626,20.712791230935583,22.188764808017186,24.298720752431443,27.06219778824057,30.11473945032117,32.921081581116546,35.77738730535545,38.42288503775072,40.01887720996745,41.0924183506973,41.15019292426844,41.09696092170637,40.23230877574201,37.970672269088105,35.594644630664874,33.02090909681038,30.11473945032117,27.21178188426824,24.717141527788584
arn:aws:rds:us-east-1:acct:db:db-1161,2026-03-08T00:00:00+00:00,26.173686726449848,8236.87039191011,114813855.03507455,144423071.47005305,24859.353400435975,22.0,normal,18.640347676336184,16.4706560486867,15.805168746504396,14.701366474708216,15.468987124977232,16.284786867458667,18.324253664018407,20.508959023708385,23.197468487926674,26.206148033205128,28.977192378673852,31.91299499649217,34.212118102794825,36.08244720977759,36.59261012755065,36.97228130314841,37.069531955921434,35.51744037122125,34.38098275466677,31.984416218932367,29.006437988865255,26.206148033205128,23.266778038880016,20.37895980713654
arn:aws:rds:us-east-1:acct:db:db-1162,2026-03-08T00:00:00+00:00,27.419281927970694,8076.280708230781,158814577.88002366,185750346.50718343,30218.80326021556,21.0,normal,19.717723775954408,17.619550466336648,16.671091369057606,16.272156424354776,16.739427298506836,18.023495504442057,19.275443265929194,21.677638002020842,24.49572678703614,27.419912546419983,30.42558344502871,32.8536065653812,35.32281465434559,37.312261469298534,38.63593939099629,38.83822413529388,37.87115007290367,36.77424646789012,35.01723495250899,33.07864946315795,30.256778110229128,27.419912546419983,24.629042384909223,21.715157172874846
arn:aws:rds:us-east-1:acct:db:db-1215,2026-03-08T00:00:00+00:00,25.437307097526777,3755.7740169075455,126923724.82137844,145282028.29498276,23915.234084324708,19.0,normal,17.34732096198964,15.460913926123936,14.548392056973592,13.83794899795629,14.29899583922005,15.994975788578836,17.562931403104436,20.015655017412918,22.634629608688662,25.439607308717815,28.36019039512237,31.12139157598675,33.57926006340183,34.9653578674911,36.19908619392887,36.80976078382439,35.867943059492234,35.506880558335574,33.27002353569146,31.153905862237416,28.49561590514169,25.439607308717815,22.610862800601872,19.97411352190303
arn:aws:rds:us-east-1:acct:db:db-1216,2026-03-08T00:00:00+00:00,27.838892031719006,4418.725935127968,133140233.13129042,165987686.57323793,27417.707691837655,21.0,normal,19.713034698519188,17.666207225705996,17.335487045546113,16.896081162011956,17.107964331597774,17.899808765942815,19.815131277527385,22.04456789616489,25.01377201029368,27.789025183539486,30.842680424502902,33.159023957183656,35.74032950334329,37.76555426032987,38.63004472337468,39.143582429226946,39.11309797332194,37.570629730476604,35.534438964953466,33.54825278110676,30.664468006351328,27.789025183539486,24.950568073915868,22.40063315277999
arn:aws:rds:us-east-1:acct:db:db-1217,2026-03-08T00:00:00+00:00,28.607777104082142,4421.075237616949,113901101.55137353,136255076.10978314,22547.543680023962,23.0,normal,20.89770861920019,18.97291127111616,17.60425540846165,17.252416202877104,17.309613003413194,18.55056073603557,21.00040267939884,22.878355408464376,25.694213463941193,28.705780670591093,31.57036032422027,34.16687761782483,36.431993188309264,38.29056397844211,39.57673475366123,40.05007916174164,39.38232312101551,38.30883458583973,36.273738987004585,34.050722897529866,31.736054823575316,28.705780670591093,25.930008114837257,23.246360809879356
arn:aws:rds:us-east-1:acct:db:db-1218,2026-03-08T00:00:00+00:00,28.011479227482774,4261.543932299577,114216049.67313813,135058102.21581727,22501.707900017558,22.0,normal,20.017879706162738,18.132301615427046,17.41645090782889,16.447746797713474,17.296390228961176,18.056520998659437,19.989334842431433,22.278539036328592,25.06898411545237,27.95540967047476,30.97432965428258,33.56683954772062,36.144148086406766,37.59592016456776,39.039986788092264,38.90491676861963,39.27523581701268,38.15345278530846,36.22961254144762,33.49401943736839,30.802044222820495,27.95540967047476,24.93509013807882,22.544937917945703
arn:aws:rds:us-east-1:acct:db:db-1219,2026-03-08T00:00:00+00:00,29.31241888763523,4066.378580352167,90480582.59526223,116620213.48550141,18941.155164754717,21.0,normal,21.46673363327862,19.951790013881112,17.97259511413799,18.488343906245472,18.82494005723653,19.183908681596265,21.033036983387326,23.78268446576658,26.46307828388538,29.240334917849616,32.13847745419415,34.819341870317885,36.942548622256176,39.38163987538491,40.163951805267736,40.836091207484635,39.67638277744027,39.44440122059464,37.441680995449936,34.74598594158478,32.01251562089842,29.240334917849616,26.35234933637665,23.89490560088077
arn:aws:rds:us-east-1:acct:db:db-1025,2026-03-09T00:00:00+00:00,41.307000293844375,35047.05097625603,907078233.6622202,1147439948.3451178,182638.24044674865,24.0,normal,31.135176476033514,28.410456595775962,27.38448719752273,26.46874090438333,27.001776746184937,28.081660520655205,30.798680405355952,33.850106985189186,37.463894081177784,41.26323498210078,45.102563219487735,49.09967600237832,52.285585184916236,53.911861147169994,55.61298887006504,56.46510882655663,55.05131174434532,53.899513698029,51.6418263676399,48.69003270631624,45.296662803306695,41.26323498210078,37.54950531271321,33.63992129286055
arn:aws:rds:us-east-1:acct:db:db-1026,2026-03-09T00:00:00+00:00,42.06247740896519,35568.07664231163,782758325.6609211,894732213.5446501,151119.60468524855,25.0,normal,31.259695719016165,28.9631499812461,27.591910769699467,27.658726458081368,27.487882528123016,28.860080401255807,31.160356685458318,34.75129979535508,38.310069062744006,42.10085360161858,45.970503868795994,49.530245123987086,52.347489369220945,55.00569865614719,56.91737412015968,57.026682475859246,57.12978584589882,54.447183428524504,52.36800849264131,49.6868160325719,46.04990749866587,42.10085360161858,38.0470130560093,34.72787124246623
arn:aws:rds:us-east-1:acct:db:db-1027,2026-03-09T00:00:00+00:00,46.39807632385469,37349.722070699005,654358951.1393127,777448977.4272401,139061.5562860664,27.0,normal,35.91172386517064,33.04010371201218,32.4008047714755,30.71913219623685,32.25530098480776,33.57607580391472,35.21654696811233,39.067745584468895,42.52221524944865,46.30915577868039,50.378060597999735,53.95272038460483,56.50654427516444,59.621850470957085,60.691137590438764,62.04764918997124,60.984539872013215,59.34104876087332,56.97649636707933,53.915327136772575,50.28144420363176,46.30915577868039,42.570254745457795,38.95879748454005
arn:aws:rds:us-east-1:acct:db:db-1028,2026-03-09T00:00:00+00:00,44.10381322694654,36090.462566008326,652124487.0203172,818619643.3604956,138141.28627524278,27.0,normal,33.27636002083129,31.550168240298962,29.044005468883416,28.889907267002126,29.69969731783995,31.550238611162793,33.341504078142336,36.944417857368705,40.32964902796364,44.1419556129407,48.08095960241375,51.279953247573445,54.2275716471478,56.62761043973663,59.01962190948075,59.24260938506438,58.78792263954822,57.2666950478103,54.257277859046496,51.396165222499704,48.11270550759795,44.1419556129407,40.280909866269454,37.001655957153474
arn:aws:rds:us-east-1:acct:db:db-1064,2026-03-09T00:00:00+00:00,43.536707197708004,36562.62235100412,820209490.707512,1048282094.3881359,162823.60083210992,25.0,normal,32.449576482626355,30.629915466827676,28.625645730395703,28.09387556142726,28.637224148237017,30.213642807474805,33.23564412322888,35.85149164418435,39.79583049209892,43.54006029680668,47.22960554804482,51.35417907543262,54.493910287960674,56.768117861006736,57.44137662275937,59.02754312414565,58.572532806148615,56.77464467375272,54.651416013684305,50.734719823149646,47.50334970167752,43.54006029680668,39.79536044526594,35.921249711849065
arn:aws:rds:us-east-1:acct:db:db-1065,2026-03-09T00:00:00+00:00,42.264445373759564,36056.93859489108,951176757.3467673,1044049342.3611665,176060.3659581972,27.0,normal,31.216301633283695,29.11136259173608,27.970013686026828,27.239661608144807,27.482656671555148,28.93914002692033,31.20538239287239,35.03403580409594,38.43174498641041,42.31575388420325,46.03586644252067,49.51900335401707,52.667270810392665,55.56118102157493,57.32788519519931,57.219747311245804,56.884624627825545,54.92469448701477,53.23109384718872,50.107019469022376,46.19244783400676,42.31575388420325,38.62560188357572,34.78844551719315
arn:aws:rds:us-east-1:acct:db:db-1066,2026-03-09T00:00:00+00:00,43.64042185568171,35853.868004723634,851311081.9539467,1084848598.4010952,176415.2568626792,26.0,normal,33.04316716255315,30.519133063867386,28.85989066761774,29.292991710173226,29.138681157228998,30.196409489863427,32.95963597851304,36.422988507681616,39.60980614463432,43.598881849819904,47.617763402209434,50.99580844949297,54.24241982634026,56.70788087721447,58.40043738587324,58.84798503738016,57.65175728069243,57.03488284660017,54.57584742480169,51.02714553000375,47.337878068689676,43.598881849819904,39.77201194700591,35.917838878284066
arn:aws:rds:us-east-1:acct:db:db-1159,2026-03-09T00:00:00+00:00,43.40816314558689,8846.71584977892,136456294.13727614,165655831.0382353,28835.078434426585,25.0,normal,32.93287804723472,30.12024227569532,29.11783685468129,28.280476398925728,29.622788263127518,30.342845950239777,33.05044496259899,35.58961644728888,39.45895385565595,43.46183190390927,47.22697718476272,51.04888736743899,53.85675551445696,56.07926361143539,57.7416364191156,57.871141028515396,58.029643694345765,56.17033118055952,54.45770638861061,50.61139636091739,47.286248974806725,43.46183190390927,39.68236323980119,36.29381766605247
arn:aws:rds:us-east-1:acct:db:db-1160,2026-03-09T00:00:00+00:00,41.5636030071356,8836.59240108915,131624063.75856397,171321809.7494466,27659.179167301692,24.0,normal,30.976673925592365,28.17508651768707,27.61210566171286,26.99301338747788,26.98802383170944,27.990631541393725,31.39743089802328,33.87941658443722,37.79403612173563,41.56194935244012,45.40338022808677,49.12423897707257,52.51540597589702,54.72730025584208,56.03876336399455,56.24045040198207,55.750269187229534,54.90382002353325,51.759199538860514,48.79680467796885,45.52954296865698,41.56194935244012,37.827099607186206,33.97987979029429
arn:aws:rds:us-east-1:acct:db:db-1161,2026-03-09T00:00:00+00:00,42.84875528807647,9276.694616413746,126393285.35895842,153818245.16711012,26294.26373990363,25.0,normal,32.06890502021309,29.41501602354579,28.335302274951793,28.18603174240821,28.274349706700487,29.998797302349324,32.322349558079935,35.105448060485784,38.98866084902678,42.71335665146514,46.61375140254948,50.370749755785084,53.4609193240104,56.20548672177166,57.91565408823209,58.36949178748731,57.58497144424361,55.94537861252263,52.82720925952619,50.23848076097272,46.659201906032756,42.71335665146514,38.8757962209193,35.18146178909052
arn:aws:rds:us-east-1:acct:db:db-1162,2026-03-09T00:00:00+00:00,47.562058620437504,9581.881638472489,163673949.99343482,202258367.8496092,33024.54353877422,27.0,normal,36.70542085861754,34.68969960347717,32.67738078026085,32.81914364014455,32.60161274913122,35.055474967695616,36.959252978014526,40.16693430276394,43.48292563186838,47.488163446161224,51.50316947681045,55.101835727737885,58.40800189015878,60.39902813216719,62.23503622565993,61.784839949690735,62.52867843863544,60.71857251676555,58.48306909569113,55.19130759687577,51.287514447523414,47.488163446161224,43.48954943619252,40.22463155229525
arn:aws:rds:us-east-1:acct:db:db-1215,2026-03-09T00:00:00+00:00,43.168759139932064,5043.157862944794,133969511.9783736,174451876.38549656,29534.29817055395,25.0,normal,32.91017316249376,30.077231124089423,28.41561411479163,27.567392547773963,28.878164587344596,29.977687014440505,32.27493327461794,35.48683709367685,39.53389891605283,43.235374955577875,46.928755738648185,50.7796848961221,54.229213547438924,56.634846538075514,58.175228350961625,58.0131289523341,57.06694449536867,55.80021415002828,54.02302219954303,50.46075705142816,46.97220240098821,43.235374955577875,39.51050244202647,35.86303684896903
arn:aws:rds:us-east-1:acct:db:db-1216,2026-03-09T00:00:00+00:00,39.02664026326625,4671.331797597597,134365661.09143668,157853421.79027984,26873.23055036521,23.0,normal,28.081872451753764,25.644303925584133,23.983002790766545,24.17260947022157,24.237901574937982,26.255944876458894,28.113154437932067,31.32344005359101,35.15897726936948,39.18793292903505,43.26004449171102,47.0507399684203,49.76810200590951,51.92340557450855,53.223927760097276,54.45345155365041,53.00279387731352,52.52103638827727,49.31863810303859,46.51196188643435,43.06944109533796,39.18793292903505,35.48566974415907,31.703081160846555
arn:aws:rds:us-east-1:acct:db:db-1217,2026-03-09T00:00:00+00:00,47.903112433795634,5302.178024850899,119957126.3303229,152423513.36865416,23564.45958860673,27.0,normal,37.264150530180174,35.00900778737361,33.52495047384776,32.51743545837487,33.343511406254514,35.220150099905,37.65298306011147,40.58827902188083,43.71057102336865,47.735537044930076,51.67894045938386,55.5573151670267,57.945748688555334,60.65786915366644,62.28102875068256,63.24783940578074,62.93976750515128,61.00089652201714,58.49257654677367,55.5507714419605,51.74880363005624,47.735537044930076,44.04631521260592,40.224712976277694
arn:aws:rds:us-east-1:acct:db:db-1218,2026-03-09T00:00:00+00:00,42.90081087256661,4826.627252716241,129113523.57241999,141633382.94458005,24583.070526891115,25.0,normal,32.41911515954413,29.651461800414452,28.419969130321036,27.73196434755425,28.43986346522678,29.99390874967294,31.98394939076936,35.75834342599287,39.03775109138498,42.95290081518468,46.85957031729779,50.800597847195974,53.08973390598129,55.84196573731983,57.87931088123396,57.75743816774014,57.4712220473435,55.44277263127053,53.26577738552788,50.59271971927276,46.96275356716643,42.95290081518468,38.93981282819425,35.37365771480403
arn:aws:rds:us-east-1:acct:db:db-1219,2026-03-09T00:00:00+00:00,42.51120546469792,4619.602380010428,99195608.02939981,121582006.59735453,20370.065326170832,24.0,normal,31.566014921098592,29.289340540987368,27.70386917551084,27.811486635102398,27.991689829225265,30.1265589816119,32.065761909010654,34.78610475150812,38.527982307759395,42.52289681531907,46.587169766266705,50.37740120319974,52.76609652614314,55.02046645547258,57.555236688666184,57.34760308321153,56.80485879824109,55.55701940064414,53.07796365910303,49.815177186737245,46.53897087927088,42.52289681531907,38.5445220963033,35.36184272703796
arn:aws:rds:us-east-1:acct:db:db-1025,2026-03-10T00:00:00+00:00,42.149175950540176,34526.637013296386,882632230.6270083,1122533175.7156947,191998.3925176399,23.0,normal,31.531501031763693,29.379556325778,26.970459757267538,26.503524663636025,28.029039688628725,28.85857439213225,31.350092728346162,34.50053485499427,38.10212427918857,42.11275949223279,46.002034774961245,49.87230894176798,52.46993742261018,55.33596133143225,56.893627349132366,57.668239808198095,57.323639210398106,55.17790187189326,52.702829685148345,49.68827191539444,46.056648351822496,42.11275949223279,38.31541024363015,34.62248520037463
arn:aws:rds:us-east-1:acct:db:db-1026,2026-03-10T00:00:00+00:00,45.15102199180238,37557.51769817428,731743228.6618208,913568713.372209,153897.8999314885,28.0,normal,34.887829458188996,31.664274086645822,30.696755418174487,30.275328047048884,30.96585047305818,32.020011157955636,34.10798601897237,37.722271335355174,41.0188724317656,45.06447039934952,49.12899636021509,52.69694209723266,55.530231724132506,58.68310784971557,59.69000297953861,60.467438105240674,59.48350888630982,57.56029655430753,56.163253469967465,52.43076592448778,49.10900389640991,45.06447039934952,41.339417556817395,37.85344317301785
arn:aws:rds:us-east-1:acct:db:db-1027,2026-03-10T00:00:00+00:00,46.79163126449256,38081.100456189204,645290291.7347126,842842101.5740707,137323.15746100413,26.0,normal,36.22594681533001,33.86943592797182,32.65598767929841,31.178280962832453,32.97927790961252,34.410163477446524,35.62786898777704,39.619164975308685,43.01157740959656,46.75997941684182,50.68719186993288,54.353725077172264,57.34083511274557,59.29648092690695,61.05634203500915,62.08685421825749,61.22765982252326,60.04888766704595,56.84394324759554,54.37680366034544,50.67835042167466,46.75997941684182,42.71967816852064,39.18473514123395
arn:aws:rds:us-east-1:acct:db:db-1028,2026-03-10T00:00:00+00:00,43.59600958631203,34775.98869825045,687378167.7694403,818495764.0345789,133709.7754550288,25.0,normal,32.924173024389155,30.56526457756827,28.544298324652843,28.7884720922073,29.537143154558564,30.918221084695645,33.33794555371696,35.994377706569615,39.54917253090457,43.50027490181397,47.479934116457876,51.062607937796905,54.49290806332565,57.00015566932574,58.29688546053542,57.83470179314437,57.68744905759752,56.277855276256616,54.63442927534006,50.97339683401503,47.48423191228754,43.50027490181397,39.5584892688071,36.361567553707985
arn:aws:rds:us-east-1:acct:db:db-1064,2026-03-10T00:00:00+00:00,40.64479133186606,35219.0726539228,827416757.5724409,1004892445.6446723,170856.155949096,25.0,normal,29.606085842078492,27.033909632445656,25.581091253317716,25.307582993422564,26.26939967910134,28.147420074327368,29.658942264162484,32.9956872671501,36.91853564671206,40.657874582583744,44.60782752707423,48.46231342631593,50.96096619428042,53.53392944000403,55.819678420147945,56.32685486327364,55.43465211780584,53.614555994678476,51.129652772967866,48.076159842871505,44.542055250507275,40.657874582583744,36.77135777742145,33.360584519551594
arn:aws:rds:us-east-1:acct:db:db-1065,2026-03-10T00:00:00+00:00,43.34095417167915,35329.05607481682,904096319.7573644,1134065063.7428906,178255.22482662302,25.0,normal,32.14666865260608,30.717343299910077,29.27203560780834,28.289878278136932,28.138612728984178,30.863923617628764,32.86364923813297,35.89526566007961,39.4263926982386,43.23295540313759,47.24165076008329,50.364637492632646,53.81590859294789,55.64702992559284,58.1545447691022,58.60283415861409,58.04281636837664,56.53025362533666,54.30650168307195,50.670563587750166,47.25561474790293,43.23295540313759,39.36959023875966,36.10127358232792
arn:aws:rds:us-east-1:acct:db:db-1066,2026-03-10T00:00:00+00:00,45.57975795374631,37819.638149236154,880119899.8467915,1016500986.265199,183263.7339482094,26.0,normal,34.86514100571691,32.3327806548661,30.672165737880775,31.373841537716096,30.827773346042378,32.007179647216034,35.04059594022994,38.11006735692016,41.91216092184169,45.64147913681685,49.56744332756497,52.856457693024275,56.071329532160235,58.434283324991036,60.58370182808465,60.69795599788375,60.20925683419918,58.34904564389314,56.05019009108471,53.10488005317268,49.64679373144573,45.64147913681685,41.828493911502655,38.08969449884065
arn:aws:rds:us-east-1:acct:db:db-1159,2026-03-10T00:00:00+00:00,40.972504779754836,9062.470360961172,135303323.5741478,173645708.2254318,28254.396994746443,25.0,normal,29.963203018465336,28.28244390922413,27.028944386893272,25.627454756521562,27.179708917632162,28.118805117038228,30.029957310971497,33.17290174312245,37.228624874887686,41.013472851158134,44.921867327816116,48.30838651990946,51.249632710580855,53.9077010702644,54.88259530467709,56.60480280795002,55.26212959806536,53.791180747336504,51.929122425232876,48.394634119212604,44.997050023062165,41.013472851158134,37.119933073901194,33.31208924903484
arn:aws:rds:us-east-1:acct:db:db-1160,2026-03-10T00:00:00+00:00,40.19647244739569,9119.278711312501,143592227.31027254,163563700.77848557,26687.73654244145,26.0,normal,29.196240181537004,26.99666875898584,25.48927060816777,25.758458151915956,25.71022792250799,27.251667606785226,29.846012623468155,32.89975692126896,36.243131006476055,40.22731020648101,44.14550413567848,48.04190141018399,50.84864671795936,53.35275398018516,55.25985465428468,55.558832138218875,54.01130348315544,52.7563413993409,50.588942751002584,47.67511086021478,44.022659574038876,40.22731020648101,36.23484224931532,32.37259118984313
arn:aws:rds:us-east-1:acct:db:db-1161,2026-03-10T00:00:00+00:00,39.835363818582806,8886.951853226836,132728808.03121957,161315676.51820764,25867.635279162223,24.0,normal,28.97001602464571,26.28479712697481,25.43949995706746,24.137629148063056,24.72978761475821,26.686741266708104,28.90563087838745,32.533507824754814,35.83657317154548,39.880930163095854,43.766968297038005,47.63267648646379,50.90065305535393,53.13274142649438,53.68164797656402,55.02673937564757,54.835861163675695,52.93011781584531,50.94876912438406,47.67891820248838,43.77473700836555,39.880930163095854,36.17137651880202,32.28148185576767
arn:aws:rds:us-east-1:acct:db:db-1162,2026-03-10T00:00:00+00:00,45.72647964007286,10254.03037322108,175433060.47079322,215585926.3608033,33359.53307023262,27.0,normal,34.68216102944344,32.47172224493973,31.173464908230148,31.200343578586125,31.414485730349373,32.97359926264499,34.88153069773968,38.489457702980125,41.811907655685005,45.75913494414694,49.772806712634,53.13871595171388,55.99634075312688,58.57102058546569,60.095058968024155,60.81512421716658,59.58911534478331,58.763513940689926,56.47713260959393,53.5905643096336,49.72866412816639,45.75913494414694,42.00295704681437,38.277554095043364
arn:aws:rds:us-east-1:acct:db:db-1215,2026-03-10T00:00:00+00:00,38.972568653363766,4488.1454072906245,128696756.27038735,155495737.59292823,27526.942880502,25.0,normal,28.03701667967283,25.843194153793497,24.92222137994529,23.565488918300677,24.42396423484249,26.36098162158349,28.00159773093069,31.689377279851897,35.01555761192891,38.971850518061366,42.9509840319953,46.41444650644209,49.35212565493559,52.56109518509764,53.83559780049977,54.463323242707176,53.18963448221399,51.76471336570164,49.231409811612764,46.43190931510241,43.04707212873553,38.971850518061366,35.00250464935287,31.2937308593611
arn:aws:rds:us-east-1:acct:db:db-1216,2026-03-10T00:00:00+00:00,44.35902393767784,5050.272981430053,145475760.43148607,176643159.37018433,26943.080788790514,27.0,normal,33.29036324114022,31.419153637856372,30.10826248184473,29.11029413335552,29.48535663161992,31.737164827339026,34.056105937656106,36.97743307162803,40.51571544786131,44.300135426906984,48.194340728903846,51.83597856693503,54.3920010606744,57.93257584186205,59.26685195091051,59.21563217071309,58.16148334585124,57.54290397571505,54.943909193127865,51.933289605783926,48.25136175437519,44.300135426906984,40.484310656443064,37.161815388857626
arn:aws:rds:us-east-1:acct:db:db-1217,2026-03-10T00:00:00+00:00,40.359430066688624,4688.3213176689305,114659017.44847043,144164648.75135845,22365.688273136304,24.0,normal,29.455837302864715,27.20407927688045,25.61914223128496,24.84604193857502,25.30320224078239,27.710728569055597,29.383835261296397,33.1475834694351,36.69076677335728,40.43498873163527,44.48330293406375,47.60077948175084,51.07131445619765,53.6572586578849,55.279467323540395,55.440866921820906,55.03240591420798,53.36519908460654,51.27839358081294,47.844420497823336,44.232015985726896,40.43498873163527,36.49315442560401,32.61654780968437
arn:aws:rds:us-east-1:acct:db:db-1218,2026-03-10T00:00:00+00:00,44.22999308734634,5096.617069756777,131993915.21459197,156278164.92166248,24829.845171194553,28.0,normal,34.22058969887331,31.41600632557371,30.16264576206313,29.117257444502773,29.514895208756514,31.321406938506623,33.58387331389498,36.77109296829992,40.62670383989702,44.31665256283468,48.02794783007661,51.749407880135394,54.51067709896331,57.51788561998886,58.55283603280969,58.673380823698125,58.14680677480332,56.96557073766011,55.10066534579201,51.98031868646615,48.05468431202976,44.31665256283468,40.39817352454338,36.47370280330809
arn:aws:rds:us-east-1:acct:db:db-1219,2026-03-10T00:00:00+00:00,43.5837200411506,5105.220876192334,108587889.26153944,129755951.7338811,20540.464226787968,26.0,normal,32.99302287947148,31.07167423688273,28.409454836878545,28.85289752340673,29.1537359405865,30.490329669935804,32.62774452651789,35.770272935149585,39.77560973338351,43.606246658160714,47.3530258845241,50.873483267850226,54.44854585766568,56.512550426073325,58.59104247240285,58.64996538865424,57.78029363085782,56.82955606401236,54.18396055545298,51.398913959753706,47.438778773855994,43.606246658160714,39.74747253077353,35.84445657720334
arn:aws:rds:us-east-1:acct:db:db-1025,2026-03-11T00:00:00+00:00,39.166178531326125,32539.713803866016,912588183.45533,1095275232.186235,172209.7849756871,23.0,normal,28.03663996478929,25.7025445529608,24.87387286939509,23.922057065219207,24.117809076793666,26.117758704016925,28.340283417539066,31.886577772306048,35.13584103208579,39.140773655768655,43.17403904326685,46.79838521968284,50.147138822324116,51.69236055072096,54.084101175590995,54.82022454259931,54.08679668182723,52.2808401867164,50.199747047025355,46.336638400717135,42.83549236697128,39.140773655768655,35.187440135246824,31.93014881249442
arn:aws:rds:us-east-1:acct:db:db-1026,2026-03-11T00:00:00+00:00,39.5105177869337,34780.83634727989,708979305.182177,817427054.5355197,149795.99766192544,23.0,normal,29.154248083491073,26.744732864181,24.630458358363878,25.084459410443287,25.043698386686433,26.74666405729075,28.950719342158354,31.71276802570724,35.396062474601706,39.46434748829858,43.17624508673247,46.73705416832748,50.46610697023707,52.94766227554388,53.64424927393293,54.20913840380786,54.19083581619363,52.24917345821268,50.49953370596993,47.190143843188324,43.291432584269934,39.46434748829858,35.48697262106303,31.77137269940859
arn:aws:rds:us-east-1:acct:db:db-1027,2026-03-11T00:00:00+00:00,38.39075825926083,31792.80736904265,589755713.7693788,744020491.9516313,128194.84058898935,23.0,normal,27.735056255333898,24.98211917028709,24.328622425184854,22.86994235614416,24.095877864369488,25.08302303602145,27.957841928865474,30.733526516854067,34.39175489308447,38.39019052865003,42.31888684293475,46.04601095681149,49.196649644174045,51.675993051098615,53.3857185852398,52.97096515595102,52.4657556176624,51.99200597958771,49.369424073880566,45.95896938016802,42.08153716384734,38.39019052865003,34.41022787598107,30.547908391478053
arn:aws:rds:us-east-1:acct:db:db-1028,2026-03-11T00:00:00+00:00,36.44206177729429,33154.529493072485,616273754.1609904,722699898.586775,119609.42138770195,21.0,normal,26.366174816229417,23.886181585613947,21.4458824883538,21.53134039343486,21.48022609665601,23.563500171406364,26.348115881157888,28.892834538774473,32.62370095377749,36.48101596145772,40.53760490683869,43.94882220290445,47.40213255909309,48.89840762834715,50.939533128890716,51.61105821283389,50.40951824074281,49.214490564136234,47.3417451215263,43.74394595250046,40.21905584649534,36.48101596145772,32.459371105739805,28.783808336694246
arn:aws:rds:us-east-1:acct:db:db-1064,2026-03-11T00:00:00+00:00,39.12633690939161,31670.128646136945,781446185.0114511,985907411.650762,154404.5735846877,22.0,normal,28.804761702443347,25.571785958826784,24.16195446975776,24.40378113003914,24.59310770841366,26.372812122366437,28.330676810578577,31.75616402461396,35.28349141286514,39.152703903228016,43.00254973049755,46.794718624980405,49.62165994168009,52.01235777904606,53.38277083487405,54.88685362030132,53.64869360155894,51.781952376215926,49.83051693937877,46.629466655433696,43.14326143701472,39.152703903228016,35.42154197637598,31.29179916168027
arn:aws:rds:us-east-1:acct:db:db-1065,2026-03-11T00:00:00+00:00,38.82642023819416,32847.833318380406,826205582.9937749,1036557942.4403435,165585.5755388224,24.0,normal,28.12358677155175,26.108094861848343,24.76862468561705,23.293340714243314,24.276219809191602,25.610795741456442,27.808307980373478,31.58700148164524,35.04178306948265,38.86604964423955,42.644637339260285,46.62136504905353,49.03078363216526,51.51758886345821,52.907279877934315,54.54613723726238,53.539459049942316,52.13730249790313,49.05731921934429,46.13655756199854,42.8686428781632,38.86604964423955,35.16036078663456,31.316797319650767
arn:aws:rds:us-east-1:acct:db:db-1066,2026-03-11T00:00:00+00:00,42.65644560982096,34360.509750923426,859574698.0439726,1063919268.3386914,178620.91809783565,24.0,normal,31.672891832662856,29.780809441307547,28.167169666413933,27.282452415591663,28.11739265719003,29.589437844757988,32.010152845799354,35.17984247908432,38.672363121598096,42.67332910313863,46.71121467216213,50.40479158766041,53.48404432425688,56.18158275107923,57.215960577976674,58.15609050372438,56.78814680729743,55.108989242765084,53.47615362523768,50.02453682824599,46.60787215627428,42.67332910313863,38.6141479534969,35.16199309484305
arn:aws:rds:us-east-1:acct:db:db-1159,2026-03-11T00:00:00+00:00,34.462468300483664,7813.164854961641,126403627.36778674,160341802.13275343,27630.968854099483,20.0,normal,23.62459894340985,21.74314754730353,20.14544321460746,19.99775078868549,19.995824590284364,20.81008132771575,23.84946210337671,26.70291901483089,30.481837702342503,34.39130767481115,38.4449613437343,41.904956682267525,45.2864518262417,46.89126974734103,48.48413631235982,49.32087203286322,49.27066452338982,47.79193218008834,45.50472502056757,42.229360049808356,38.243632936949076,34.39130767481115,30.69324419248704,26.89935178133119
arn:aws:rds:us-east-1:acct:db:db-1160,2026-03-11T00:00:00+00:00,39.21021531649161,9094.756812315203,142210674.5328726,161192369.1263747,27287.77295510159,24.0,normal,28.93538957228833,26.47245852635166,24.11245219227247,23.841578778590524,24.827665936249723,26.665962387308966,28.810031820929808,31.62368907686713,35.33844772642856,39.0861026940614,43.08044474181697,46.31375603469467,49.93333777597319,52.09238285668308,54.24492950093092,54.517454299805884,53.698577736898194,52.21108732619101,49.35213925673766,46.88132328910941,42.99139003539491,39.0861026940614,35.17453746279504,31.753925873357687
arn:aws:rds:us-east-1:acct:db:db-1161,2026-03-11T00:00:00+00:00,36.28651524297903,8481.706735731053,119409635.07405537,156197092.44780234,25717.86599479204,22.0,normal,25.948614699618712,23.519598508554193,21.269012612132883,21.656815076441692,22.129996122066043,23.024261872051074,25.255792631154055,28.56276973944026,32.31530247108665,36.21212198330517,40.11269186833614,43.604730015512594,47.02092070551467,49.44591996193354,50.89296548233084,51.41476460857242,50.3188552570831,49.757446974683,47.34083124266942,43.75383692678017,39.987173688844756,36.21212198330517,32.23679796605145,28.883023434028775
arn:aws:rds:us-east-1:acct:db:db-1162,2026-03-11T00:00:00+00:00,41.440895001106576,9498.944327136134,168941087.8326723,192765221.94297513,34834.92405193241,27.0,normal,31.37493497998702,28.417518556760907,26.64543246376701,26.140569533262973,26.992332183329204,28.50602165818942,31.354429990647308,33.702055914559146,37.71390266322395,41.523546297911935,45.443371934214284,48.666267288924644,52.61923144532793,54.339563211119454,55.71616058184701,56.000993626632315,56.02443315492164,54.37042567774584,51.9249199634994,48.747880978760385,45.33803331308641,41.523546297911935,37.52692524362743,33.968983067300414
arn:aws:rds:us-east-1:acct:db:db-1215,2026-03-11T00:00:00+00:00,40.373560033834536,4321.513559909768,130899342.04507254,156376023.4001965,25916.232532102553,22.0,normal,29.47885519355714,26.821246100573884,26.503433857201998,25.72774782112857,25.509020871138407,27.204103668272243,29.53331511855593,32.64047423715851,36.625932298511955,40.41979768322957,44.402821071069546,48.25567408381535,50.61160520369522,53.48536706416084,55.36710921009821,54.80365078988441,54.88755671513149,53.79688730992821,50.548465250488846,48.08296759526528,44.48394190465035,40.41979768322957,36.37525937775186,32.98041070353153
arn:aws:rds:us-east-1:acct:db:db-1216,2026-03-11T00:00:00+00:00,41.678453238041875,4729.022465634298,132999964.82949905,170108893.9041121,28669.998682083497,24.0,normal,31.279925452758306,28.939297685767386,26.481105001397317,26.504774942443845,27.858293138655654,28.18869841496756,30.83596544314325,34.39920819356653,37.950742506704216,41.68300224196887,45.451906414087375,49.33437431923841,51.944156507147326,54.704226236226475,56.370527936595536,56.936577572569234,56.556928763388015,54.67717275771488,51.98317919600639,49.062630867430634,45.51858448455321,41.68300224196887,37.75186261529626,34.18673477940947
arn:aws:rds:us-east-1:acct:db:db-1217,2026-03-11T00:00:00+00:00,44.62735911108214,4801.981731661339,118512400.99902159,137513455.45594603,22883.80517486976,25.0,normal,34.33923216238521,32.30037186883952,30.171333472234117,29.02485745063222,30.53599431317192,31.33809213072853,34.24570050542579,37.242464720344756,40.60475932498922,44.660864777606285,48.63062696210842,52.198255634095304,55.547380408003974,57.41399668813551,59.69583078782692,59.73424837112165,58.87324754678465,57.05134833814665,54.75114591034098,52.05088960479731,48.43277724167352,44.660864777606285,40.75806266856333,36.79427300040936
arn:aws:rds:us-east-1:acct:db:db-1218,2026-03-11T00:00:00+00:00,43.34439814615891,4636.880552001868,128683105.75130616,146580993.07668,25216.126101015027,25.0,normal,32.200824553286125,29.994147988454987,29.501714458699965,28.388321366167986,28.921947298551963,29.740218425665415,32.42887506015562,35.63514820526148,39.388507645630895,43.295941251917284,47.25533251307878,50.8353580953518,54.268288754879244,55.68473079397517,58.424340792981205,58.70632279670913,57.82679111520633,56.75440217472257,54.250418885942544,50.735483941366795,47.31015327596013,43.295941251917284,39.425612355213744,35.996732506717365
arn:aws:rds:us-east-1:acct:db:db-1219,2026-03-11T00:00:00+00:00,39.153257932273654,4341.698559443585,96247302.36893189,114887795.57523938,20079.354605149445,22.0,normal,28.72430005972811,25.8640336213057,24.265784667639448,24.273926958294826,24.15979894317609,26.367310857624798,28.284742435548058,31.55717806438211,35.30452963348496,39.16972589041587,43.080062394566,46.924862812382045,50.02381580690791,52.20242208928596,53.40711563618468,54.84643094318933,53.016387442616775,52.67255962082379,49.783108361409546,46.856281702898855,42.98761669325624,39.16972589041587,35.407499531395075,31.328970317635584
arn:aws:rds:us-east-1:acct:db:db-1025,2026-03-12T00:00:00+00:00,38.49052696247514,33108.972173316426,899935490.2713413,1043566334.4470382,179311.01668127518,22.0,normal,27.799001464754145,25.007217857885312,23.941963046946537,23.186018507430173,24.068300122735643,25.509973892386387,27.82872366307475,31.014101928809556,34.72240239354385,38.530704096961,42.45908633725549,45.9153070832568,49.454038329074656,51.084307074911735,53.73320393056092,53.963904263737376,52.43638176705016,51.9735024871428,48.881228138239784,46.13407400924177,42.28298752124361,38.530704096961,34.54849509496017,30.76701999123976
arn:aws:rds:us-east-1:acct:db:db-1026,2026-03-12T00:00:00+00:00,39.17183498000485,33909.36054206265,716485344.1663244,819113030.9409366,149154.77525295544,22.0,normal,28.71440438499825,25.87280952339861,24.548154908773565,24.19921213677011,25.360768133978784,26.02503384362412,28.41827599549909,31.89372522821019,35.33746842648256,39.15465174396959,43.05602497287987,46.60596152307936,50.22366071433822,52.55026190745424,53.0603208383084,54.693042801007785,53.136044936234434,51.72258864249065,49.31084151752275,46.64066506417416,43.09310994650585,39.15465174396959,35.45610483970572,31.89625574674072
arn:aws:rds:us-east-1:acct:db:db-1027,2026-03-12T00:00:00+00:00,39.56167791412367,33116.06911370203,623409817.9148636,728209801.3692408,122837.0654130291,23.0,normal,28.68020910023115,27.068366263652575,25.790205637258726,24.025424992866878,24.752610381642487,26.91613267811093,28.528935355530233,31.810351533281356,35.844007180748676,39.61495933064286,43.32151476508566,46.97114716561713,50.21729263674297,52.03821994039872,53.86735403963472,54.091183745793614,54.71750141872766,53.03336715811646,50.50406102683007,47.320837095359714,43.30870647016138,39.61495933064286,35.69739964309463,31.74552304879668
arn:aws:rds:us-east-1:acct:db:db-1028,2026-03-12T00:00:00+00:00,36.80381776784147,31819.609116640335,610051965.8786083,711685764.6277963,121117.47731925834,22.0,normal,26.501399206133375,24.256603732476435,21.58398037885747,21.146602324633857,22.16914205377652,23.448091673610502,26.59885018182957,29.091577499503224,32.924192777003654,36.79284048763675,40.68117762726657,44.462904491287176,47.229097076884486,50.08430561329125,50.951211415088075,52.47439612776362,51.52864652511892,49.7552483173201,47.51186199210123,44.38017002996659,40.81280450861811,36.79284048763675,32.88589332744295,29.227788572948104
arn:aws:rds:us-east-1:acct:db:db-1064,2026-03-12T00:00:00+00:00,39.27090189968926,33371.52152752287,786197323.2216557,917813469.1867064,160441.9289764282,22.0,normal,28.23463462045143,26.387130100143096,24.922072172730754,24.36668560027586,24.460745486048207,26.228763759454193,28.902513230581555,31.582627568719623,35.24511114615974,39.28417478231378,43.04791575850782,47.00300498152808,50.40938750495448,52.51507941344239,53.40198178555958,53.542496195232694,53.607028436732534,52.23590957629529,50.32528067656874,46.873934587583456,43.08167899274997,39.28417478231378,35.56021290482999,31.999101529365035
arn:aws:rds:us-east-1:acct:db:db-1065,2026-03-12T00:00:00+00:00,37.801310471041965,33344.573621263124,851137202.017716,990965175.2498196,166176.954054667,21.0,normal,27.396009842079437,24.904476138532466,23.22603884465045,23.434870392755677,23.74607060601197,24.976340154150705,27.437221504077954,30.322505873381118,33.85607272759085,37.7968773279551,41.78561847132812,45.391640628307016,48.182768423473895,50.29358374747374,52.4881612917237,52.36480608725044,52.023030907575,51.17073740214214,48.10640293193743,45.325253809599154,41.52186228691966,37.7968773279551,33.72813436591496,29.956090212221113
arn:aws:rds:us-east-1:acct:db:db-1066,2026-03-12T00:00:00+00:00,39.24937694115198,34354.19923243725,856344067.0954182,985724754.1216516,171712.8827073483,24.0,normal,28.728752634962966,26.356718631591107,24.382900896426328,24.552891918418062,25.479813880902,26.091212914895223,28.323259376088153,31.80552400459508,35.563975955147676,39.30648680797538,43.34099669844121,46.48636208148234,49.916162740926545,52.076912003932364,53.46966755009343,53.81478925549569,53.50520821777295,52.57712743870777,50.01662169598668,46.49347000023485,43.28732398284304,39.30648680797538,35.53398185658027,31.56839923617288
arn:aws:rds:us-east-1:acct:db:db-1159,2026-03-12T00:00:00+00:00,36.034426600328025,8022.004401136196,138773240.13721603,166493697.93163607,26635.034781337694,23.0,normal,25.261346580608613,22.820646689232607,21.829394496074887,21.216578038946434,21.442501326400695,23.229582622928316,25.50297657855858,28.318553731554395,31.93038026826177,35.90341611047044,39.63884260868165,43.58116422650874,46.972853534932085,48.998673286768714,50.5439735097225,51.5864014169176,50.92756975252231,48.96871164608871,46.79199384567189,43.164090365434625,39.751970105773104,35.90341611047044,32.10320866947856,28.437992885864876
arn:aws:rds:us-east-1:acct:db:db-1160,2026-03-12T00:00:00+00:00,42.48313264949586,8993.237219034525,134740350.19762442,159599348.28221822,27344.95947330272,24.0,normal,31.347531896364615,29.061062121263625,28.49805191417793,27.37783552304348,28.30079905780785,29.512907729673294,31.625489704585114,34.61902231969455,38.5146675118645,42.29297627590522,46.06266057857726,50.15615800755363,53.354789722628354,55.483040007317335,57.25250922615017,57.621281975803434,57.28694259310366,55.849717147276245,53.35613539741036,49.84890539213522,46.35565615594074,42.29297627590522,38.529698531448794,34.99436852227015
arn:aws:rds:us-east-1:acct:db:db-1161,2026-03-12T00:00:00+00:00,37.82008668981023,8571.825684708756,117566954.29487452,154212436.92686924,23516.08094437997,22.0,normal,27.1604781080668,24.26609445952221,23.03024173469831,23.459178525407115,22.690389834758236,24.77372627993592,27.497023925179874,30.152754298500632,34.18411954572599,37.890894768462786,41.64090054042214,45.081551807593804,48.3426231710136,50.69468648453093,52.52543406230824,52.98904673194425,52.65209779757097,50.45792940038392,48.890856525879265,45.65990011528854,41.663029330408186,37.890894768462786,34.013261900727194,30.07496643865402
arn:aws:rds:us-east-1:acct:db:db-1162,2026-03-12T00:00:00+00:00,41.07550925183064,9343.153156653045,157598464.88684636,189584879.96584743,31384.660461116116,26.0,normal,30.531757320694545,27.540652222808475,27.333999007524405,25.42108434378018,26.149743552428532,27.768279293406017,30.591039081475124,33.963612409820755,37.21650506781936,41.1449186032249,44.99810464269,48.32189722489439,51.22692386946857,53.64088951085735,55.78730670673677,56.88127549737854,55.94112717318204,53.68992447757463,52.13618688952478,48.76511625275709,44.9501633651207,41.1449186032249,37.300288207283735,33.36650872025953
arn:aws:rds:us-east-1:acct:db:db-1215,2026-03-12T00:00:00+00:00,42.66086675852176,4675.559896677921,136195566.45208678,169540308.95330924,26979.016319647657,26.0,normal,32.10607097143124,29.996649256862913,27.517204328767477,27.556908193114193,28.372275452158952,29.372781399397056,32.0456945441924,35.51644247441529,38.63397836936357,42.648506508192455,46.72077319441588,50.03580846241093,53.28145394583016,56.28781247195098,56.802996363115284,57.5925110139892,57.5067070904785,55.596000131727415,53.07884983905503,49.86397913519705,46.5358603549567,42.648506508192455,38.869946576104766,35.273085619202355
arn:aws:rds:us-east-1:acct:db:db-1216,2026-03-12T00:00:00+00:00,40.88884024189604,4712.418408426339,135759542.6834883,160094644.1968217,26305.965867053244,23.0,normal,29.971978183478303,27.53715225275496,26.067907939594356,25.325461484933594,26.110708028675457,28.34761755009618,30.797287492270936,33.64713817761442,37.07880174579564,40.90853611873602,44.89059659515409,48.51451867087875,51.74635976598882,53.373831813091805,55.149330312205784,55.847651909943785,55.546068772617765,54.292228492474116,52.02100643527795,48.095188875561654,44.84581211302387,40.90853611873602,37.10394654496548,33.2045004116353
arn:aws:rds:us-east-1:acct:db:db-1217,2026-03-12T00:00:00+00:00,39.66350986642305,4593.158306019289,113414258.00110146,132883462.04926865,23575.269972304322,23.0,normal,28.79172368444473,27.23865886522999,25.89899636334437,25.25273192721765,24.90400424873214,26.11229674581246,28.941305379875732,31.92750026975114,36.01155104708891,39.710099874579505,43.621754851498885,47.13905079109382,50.544190631277246,52.338807412851146,53.85503730360041,54.72080758989381,54.43717050633222,52.22041360433945,50.104838356668786,47.04578301849453,43.58627909494443,39.710099874579505,35.87011915466802,31.941016197834283
arn:aws:rds:us-east-1:acct:db:db-1218,2026-03-12T00:00:00+00:00,38.50538302033467,4418.765047894203,116389905.85329163,145870732.3756926,22216.538993975002,22.0,normal,28.258991321972324,25.614554675139072,24.60304283316108,23.247656529015792,24.286793547224644,26.08838655251399,27.820052920994467,30.664407452021596,34.498633823074755,38.52490883927859,42.21799101783966,46.29480724439213,49.55231036757343,50.915130881654065,52.46667611862449,53.45210312434261,52.871899939134394,51.24823559681424,48.81110489669891,46.06174047390699,42.51252975986127,38.52490883927859,34.71984143604331,30.87248429747166
arn:aws:rds:us-east-1:acct:db:db-1219,2026-03-12T00:00:00+00:00,41.12953027244724,4460.258573719121,101101923.34927411,119649900.14598311,18677.86273017916,24.0,normal,30.84541301255078,28.155304076923436,26.55512502150131,26.214032229748852,26.00498855272511,27.799936212214085,30.859729707114894,33.2471118416359,37.36089657475033,41.06699321014073,44.95808694846273,48.24629786207196,51.881316278542464,54.65826354108632,55.495672628039316,56.08784397246382,55.38763877247556,54.54479097980449,52.12734068065824,48.48980817374653,45.10102778222136,41.06699321014073,37.20106061781726,33.75305465189767
arn:aws:rds:us-east-1:acct:db:db-1025,2026-03-13T00:00:00+00:00,42.0398758827577,37067.050901055416,940821442.7778147,1137017820.5886774,198089.27302365535,26.0,normal,31.417769400783957,29.43467053396206,27.967971251098582,26.984493888099916,27.667889510971428,29.096071301407385,31.680715691358657,34.72726503088246,38.01925914624124,42.0954334220081,45.87016845678598,49.74878443547247,53.003018626511825,54.7418632555774,56.01828894915887,56.78650460056097,56.62091561975641,54.93095015152479,52.33566239600662,49.23886617603468,45.97993040666283,42.0954334220081,38.17609633232731,34.31899918098275
arn:aws:rds:us-east-1:acct:db:db-1026,2026-03-13T00:00:00+00:00,47.329268013782034,37468.104202236806,765288578.7135342,925737154.4501041,154850.12194474138,28.0,normal,36.828976677163354,34.99028453518488,32.251552319631834,32.14110762841614,33.49607938011838,33.87143936439831,36.844999346320066,40.06295823787272,43.66162904647772,47.367661645766205,51.43215117027302,54.63164680326152,57.886138071103744,60.01705823361844,61.96154996010749,62.92460650811119,61.32147066163553,60.095909939913234,57.61858075614017,54.66416735101373,51.10627547993927,47.367661645766205,43.66260217129765,39.69592539723809
arn:aws:rds:us-east-1:acct:db:db-1027,2026-03-13T00:00:00+00:00,50.6058433906789,41251.84242649159,665047473.3969324,805450378.6665493,138839.25633142353,31.0,normal,40.45145546948532,37.00700579903144,36.39419105805413,35.15145516276749,35.39510283222227,38.02544911315382,40.34894663103388,43.22522094090604,46.64004278281827,50.55710447866935,54.480514384771816,58.114785710013116,60.68204767280072,63.57742761651574,65.53051786823563,65.2562872172739,65.50695109577752,63.47263193087063,61.52647456664959,58.03533664634366,54.595000923745275,50.55710447866935,46.866421838877265,43.142765157607215
arn:aws:rds:us-east-1:acct:db:db-1028,2026-03-13T00:00:00+00:00,45.45769982455383,37908.486229696595,666612461.2539718,861687420.3015524,134187.37459262766,28.0,normal,34.53809778728176,32.49184538772839,30.26270953205822,30.835246638601113,30.988999349939387,32.81674641591093,35.05444733401731,37.79715625471072,41.360884012521,45.40219980580355,49.14067993844549,53.24154819693429,56.25941027738019,58.149431437685735,59.75624342779041,60.83554664386449,60.17915730339561,58.53484594018463,56.39564303381498,52.76150670351775,49.17238688515083,45.40219980580355,41.71112864392735,37.896735032824196
arn:aws:rds:us-east-1:acct:db:db-1064,2026-03-13T00:00:00+00:00,45.6314651620023,39331.514555165704,922497069.9141229,1052033280.5975264,183897.33141088975,28.0,normal,34.97721017811043,32.78937090455348,30.550748405459075,30.574168646574325,30.589012790949816,33.091275533078985,34.67110422219842,38.17173947944445,41.92831400724891,45.699595714213714,49.76389408929049,53.544205167641636,55.799179815904175,58.439794261170476,60.76707515724105,59.998374923891575,60.8505319251741,58.544460327494356,55.89764162075066,53.05045315874238,49.70151893640174,45.699595714213714,41.9594755768924,38.09642333141477
arn:aws:rds:us-east-1:acct:db:db-1065,2026-03-13T00:00:00+00:00,41.5468303050856,36121.67875583359,888406983.2823787,1065297499.8176241,174074.3069043276,25.0,normal,31.196932469228976,28.39198680399264,27.1602199771968,26.815452974260545,27.381774874475145,28.71831471366189,31.281380894713212,34.039405683307294,37.56150475657802,41.398459121133165,45.33713962302864,49.16757259365738,52.25838204437773,53.99726299834026,55.35222659797874,57.0350234131572,55.821293085788795,54.86186298214236,52.165978875308426,49.07110687531757,45.16227838715637,41.398459121133165,37.55371984896965,33.996188607150344
arn:aws:rds:us-east-1:acct:db:db-1066,2026-03-13T00:00:00+00:00,44.459119540569745,37400.69765907992,859599763.9556055,1029693413.3382634,183925.08665469984,28.0,normal,33.463300528511766,31.287120739327122,30.68516218042061,29.331557442057175,30.46708424391885,30.93989403140153,34.26965896174597,37.29304510325232,40.53727243046637,44.47577625731096,48.270248856182384,51.82678201683195,54.930480446385985,57.81145252987557,58.61981439734636,58.85800358912306,58.688174543026165,58.07155215693389,55.012944482390324,52.02076010639026,48.45989524558256,44.47577625731096,40.53259781948597,36.69051460839578
arn:aws:rds:us-east-1:acct:db:db-1159,2026-03-13T00:00:00+00:00,43.2190394930286,8958.70354782316,141758102.74289432,169140517.69332764,28468.301323709544,24.0,normal,32.45300088210349,30.369912462967555,28.958927215301827,27.79567763022294,28.243348503123904,30.443651862232727,32.2673765801255,35.51337558509767,39.59086316543083,43.32936791825948,47.330221561478226,50.566683227607164,53.660629948972385,56.38896365160826,57.270444467563735,58.08420303454228,57.83957492874155,56.69836920801346,53.57289803259997,50.99556110825607,47.38552383790554,43.32936791825948,39.553006447974155,35.61599865429835
arn:aws:rds:us-east-1:acct:db:db-1160,2026-03-13T00:00:00+00:00,43.648026772732884,9706.19262844491,148295104.31291735,167903833.50165445,28074.20117481561,27.0,normal,32.96777149483501,30.4545486458083,29.475602431571197,28.422169259342414,29.032860786135796,31.249615006352197,32.60615654132188,36.09313074511309,39.703478709882155,43.618519026779076,47.61882059596606,51.142123328357044,53.788702194830634,56.869901068377516,58.09137286199725,58.37050942304769,58.71823137890995,57.02625249118513,53.740180917817,51.267490134492114,47.373518025441214,43.618519026779076,39.84546548415202,36.45770296709553
arn:aws:rds:us-east-1:acct:db:db-1161,2026-03-13T00:00:00+00:00,45.96667904283859,9872.380058491302,135761934.8746621,164172699.15950438,26721.997250230008,26.0,normal,35.394413755165914,33.18567013618052,31.138109657742113,31.264311042050497,30.88856464718541,32.4866102674214,35.368793637135006,38.15519773870743,41.89971206579058,45.96118663386553,49.98029992977257,53.38805639116031,57.09302732429818,58.74750749697414,60.93282454036726,60.54167620019556,61.073391321718205,59.26680186212722,56.33850690819504,53.60166790013957,49.81839114879525,45.96118663386553,42.27070904968895,38.44368073958416
arn:aws:rds:us-east-1:acct:db:db-1162,2026-03-13T00:00:00+00:00,50.37363935666552,10540.394289631422,169633278.61661977,223949043.9067601,35112.85959457396,29.0,normal,39.567233398677,37.286358247676425,36.17019836604901,36.01614626282902,35.56332991238361,38.03957453358524,39.55990245510072,42.59886768197497,46.36679181075114,50.44195477771235,54.1723121941112,57.63785357287163,61.03957483981004,63.81133597725032,64.27576814397368,64.94444556655169,65.05923851437227,62.89382828809712,61.44992248206595,57.94427867857756,54.28030696646325,50.44195477771235,46.70991816821074,42.69624894316519
arn:aws:rds:us-east-1:acct:db:db-1215,2026-03-13T00:00:00+00:00,43.23875971694369,4824.467448910988,138300356.4932089,165031352.28188333,27675.993437690053,25.0,normal,32.331247439506924,30.438469272351618,28.640794849368092,27.846844795119452,29.0814345702661,29.867402348664086,32.873173875968945,36.0457477558795,39.3467746117055,43.32228188102451,47.38059063498401,51.050632401093075,53.64305381882821,56.94468848156626,57.61366881751016,58.4091472823841,57.19326546315651,55.71720980142334,53.71207869776882,50.45652706439264,47.118233866834956,43.32228188102451,39.36588570539809,36.00879789042918
arn:aws:rds:us-east-1:acct:db:db-1216,2026-03-13T00:00:00+00:00,46.23190135305019,5056.816329451798,152909388.3865543,167891312.50295427,30358.262859696286,29.0,normal,35.84479054256867,33.42948084801706,32.14839521537474,30.700697302233017,32.26620160243004,33.351485943405244,35.13397943126047,38.685185477680655,42.31781281316624,46.251069014830875,50.275901581632915,53.99129647398513,56.71352706332463,59.67989568789511,60.312189603269864,61.10807088436394,60.98346838286087,58.90969953068077,56.70355822175378,53.76037104161904,50.03290697517525,46.251069014830875,42.28008562517493,38.43449419567039
arn:aws:rds:us-east-1:acct:db:db-1217,2026-03-13T00:00:00+00:00,41.82976328142805,4836.409462731098,114509486.99825788,142582186.18840256,23132.211943897255,27.0,normal,31.13299394562289,28.275995008190822,27.767159309163585,27.399674514517404,27.303631527149197,29.26755513897073,31.192877162326877,34.3403032436197,38.147936341220614,41.84364352250596,45.610006915100605,49.63977137354122,52.326232214433816,54.39024207994105,55.762805372950986,56.85966344625244,56.13236337299706,55.376382745092364,52.133576124895775,49.51137751841413,45.603944268430915,41.84364352250596,37.95729867776766,34.09524140866157
arn:aws:rds:us-east-1:acct:db:db-1218,2026-03-13T00:00:00+00:00,48.78544249793515,5404.012320014246,139776566.40538567,158047701.92241356,26451.91223641378,30.0,normal,37.707794686563396,35.88473646639016,33.74780806695139,33.683373808744086,34.62616268040224,36.296228540760694,37.94836604991695,41.47108031484448,44.85189067894457,48.76398813714051,52.71232073657812,56.35540358713686,59.48505404142229,61.77479487581223,63.52662794408213,64.08487116811315,62.83363631281637,61.87915161272942,58.854266112747354,56.27641158314481,52.760437066331185,48.76398813714051,44.9505171891886,41.61171015254213
arn:aws:rds:us-east-1:acct:db:db-1219,2026-03-13T00:00:00+00:00,41.47753186967111,4844.96494818866,97556881.18658407,118516801.09323227,20181.122854939567,24.0,normal,31.111131037722345,28.18767839519642,27.80397994810766,26.868128137369098,26.613225430848885,28.109509571625253,30.77127339945737,34.20270806938652,37.575868095111026,41.58328931770882,45.37449449897638,48.77766076500868,51.77657218360485,54.69453795545181,55.45219133102744,56.8530392033584,55.85315322778353,53.99651268472799,51.96249290677763,49.00776309402801,45.413768982956036,41.58328931770882,37.69992192546449,34.18857539269914
arn:aws:rds:us-east-1:acct:db:db-1025,2026-03-14T00:00:00+00:00,20.524340856726663,24143.77059472981,770972923.0976429,914924297.8214464,144744.43887398188,15.0,normal,12.611326303391893,10.370393930565973,9.83554444617606,9.292272796034009,9.614851151336586,10.768508793731247,12.489322708111425,15.068108310003039,17.78788138341992,20.572919488110227,23.502170369273802,26.399115378330244,28.508016603609704,30.1414554650146,31.690872541749187,31.705100941576973,31.78948689301145,29.840128776876934,28.222466360896835,25.974378772926045,23.349227762543244,20.572919488110227,17.519394628167927,14.958317268472399
arn:aws:rds:us-east-1:acct:db:db-1026,2026-03-14T00:00:00+00:00,21.076679820611318,26828.682134885,581319807.4919971,763887313.8624806,123219.41310876727,17.0,normal,12.908438819277574,11.27154920159608,10.336036863266845,9.455702273921261,10.605240356133201,11.741910549003563,13.434179046601656,15.234832875584928,18.03806580890231,21.03658780808397,23.88532581909147,26.6568338004712,28.84812338001449,30.864472503235447,32.278450708744046,31.74649537540102,31.979064403020512,30.48812729053669,29.28590292692437,26.918646925182767,24.043829815440713,21.03658780808397,18.18230638145323,15.563604954700299
arn:aws:rds:us-east-1:acct:db:db-1027,2026-03-14T00:00:00+00:00,20.52691758464285,26200.96589777535,540077661.953582,635287261.5669234,110329.996282118,16.0,normal,12.44522399640145,10.983377114379431,9.524162382291102,9.392771031142628,9.22886758159483,10.402691032500924,12.554007870213953,14.786130448047183,17.58261940718102,20.564889151532086,23.614641068538408,26.40239262851579,28.715001143643818,29.897540297499432,31.27404053813141,31.63864634723003,31.444782779522598,30.655305178151558,28.656586116127702,26.342626625944206,23.34315693458914,20.564889151532086,17.528409500544655,15.103263706172937
arn:aws:rds:us-east-1:acct:db:db-1028,2026-03-14T00:00:00+00:00,21.138632975089994,25019.0992471489,539074601.3210986,703125356.3949835,112581.2373340047,16.0,normal,13.412803721686792,10.920109108934097,10.628736374844085,10.14795773467464,9.942345259682474,11.424867192036196,13.258692103514242,15.552783497664924,18.180250279469043,21.100563725850428,23.961031774091538,26.834765120333373,28.88575387504399,30.58983775867014,32.36631991610384,31.913872394505155,32.4777737345544,30.907448464063588,29.395624354273593,26.99672040496522,23.98795362750713,21.100563725850428,18.06161902910227,15.278798224738225
arn:aws:rds:us-east-1:acct:db:db-1064,2026-03-14T00:00:00+00:00,16.97555346982137,22321.722343096735,691504457.5736032,798389314.8955339,129484.58554665792,15.0,normal,8.65254868446128,6.806772519141129,6.329810339209008,6.185466853820312,5.849986262586018,7.10345005964677,9.07123105595754,11.556069265397063,14.122860209176995,16.92684455059584,19.88849850145858,22.386705467446745,24.84012178967658,27.034827079038482,27.511306541362412,28.599222714748684,27.56370041780176,27.018745671935754,24.943790656294883,22.694473582375167,19.792105158233205,16.92684455059584,14.117411107880972,11.490490236871846
arn:aws:rds:us-east-1:acct:db:db-1065,2026-03-14T00:00:00+00:00,19.192456946320004,24205.125651562907,710246434.2715867,837268090.9028431,142240.9474087686,16.0,normal,11.485868125133727,9.636433692221807,8.785700160256871,7.897650681430406,8.38824636611083,9.813780213217553,11.365051939350016,13.353952959679587,16.11274968455588,19.113971408453025,21.911077423137016,25.019244333205094,27.18725563602994,29.036872959186766,29.849544518758854,30.36890533631834,29.989104357919338,28.708548136488023,27.219859478514724,24.779816923254185,22.154877305477655,19.113971408453025,16.090114450244275,13.236369214283156
arn:aws:rds:us-east-1:acct:db:db-1066,2026-03-14T00:00:00+00:00,22.11251618226262,26244.54271277599,731301391.1001705,833459635.223425,139810.3235461886,17.0,normal,14.486979298870235,12.253719079209741,11.32490848247685,10.745412253017527,11.04611346755625,12.773787896621599,14.079967529551762,16.190044275431774,19.176282233955273,22.065470676635698,25.114459668366113,27.757696548616227,30.034102633044746,32.074192380379365,33.24647824962935,33.454528095649714,32.389251016810746,31.957137577944568,30.32353607340581,27.447426929730266,24.91860698642552,22.065470676635698,19.11730985872251,16.65750648561557
arn:aws:rds:us-east-1:acct:db:db-1159,2026-03-14T00:00:00+00:00,19.872220067653895,6262.621132095892,114255015.67251016,133464657.27578573,22987.163603032106,15.0,normal,11.941073103972235,10.319651571970697,9.221957993505661,8.036835795168544,8.562105604502507,9.802549318004042,11.867468618921484,14.25836852921174,16.888413952410836,19.826609816742902,22.850987922894532,25.717723506935865,28.124437853531628,29.830542638259345,30.59052115875462,31.370625189121476,30.997406424048435,29.247861913994697,28.035312314604308,25.683465652459223,22.81149643773292,19.826609816742902,16.997127901771787,14.124128588431113
arn:aws:rds:us-east-1:acct:db:db-1160,2026-03-14T00:00:00+00:00,21.27088209650734,6597.030138064666,117263655.90699624,132744392.15224215,23475.223469896915,16.0,normal,13.424395300461688,11.81675505653507,10.439567549599138,9.723098320703219,10.195447021836706,11.147373386128264,13.458389811809882,15.64152869750992,18.422366279824587,21.26340416243646,24.151840133711197,26.84807645277124,29.468719863620215,31.230152991262077,32.09942200349203,32.37456608784747,32.33477473521258,31.437210950507257,29.158372610888417,26.629066412918945,24.28541644672186,21.26340416243646,18.23478636396228,15.453035513979183
arn:aws:rds:us-east-1:acct:db:db-1161,2026-03-14T00:00:00+00:00,18.965090931888977,6637.716924006033,102149000.51681177,130659834.02219197,20136.20617849706,16.0,normal,11.270799357507665,9.00532031197107,7.791407630774845,7.358888401672404,8.506802970996764,8.896035629043752,11.080470956224378,13.128071522743456,16.125643472021387,19.03050262616344,21.814035428265427,24.748303308705573,26.591676891122205,29.100654645978732,29.691543828137725,30.46710037090245,29.89686979187605,28.926467800401877,26.63000960141332,24.484939193192094,22.05672431126076,19.03050262616344,16.099760124738914,13.429651564057698
arn:aws:rds:us-east-1:acct:db:db-1162,2026-03-14T00:00:00+00:00,18.389773596373914,6505.318072081745,129115136.4558774,163678319.85548055,26437.28867676876,14.0,normal,10.223421037942492,8.637113984857526,7.721777699070593,7.390824144341252,7.864597089788537,8.212211581787255,10.728165582805788,12.391187346220002,15.247444977572515,18.294461513046112,21.276867031540124,23.896012398961627,26.026315566970823,28.270160586076894,29.105049588567994,29.95636656876989,29.552834268479664,28.483759373390914,26.407278578675257,23.915181014781076,21.223911855146575,18.294461513046112,15.33632886296708,12.898834148167824
arn:aws:rds:us-east-1:acct:db:db-1215,2026-03-14T00:00:00+00:00,22.487740399627555,3389.2510530581694,118870361.58354138,140350459.04831707,22737.156231777775,17.0,normal,14.529365665304553,12.875257338312156,11.411943827576081,11.13905498537289,11.616036652814167,13.056673436844928,14.284971733058342,16.931242520956932,19.622058820251095,22.51791083608649,25.555228715177847,28.17361424017278,30.443280228304534,32.72581014187023,33.23894859878278,33.241072645767794,33.090488219345225,32.50085033937333,30.199333478094612,27.949326695548596,25.416740572683253,22.51791083608649,19.617877689629527,17.050771373646633
arn:aws:rds:us-east-1:acct:db:db-1216,2026-03-14T00:00:00+00:00,21.453252154299047,3308.9621010007477,119731650.83763452,141312811.8303527,22408.13649546672,16.0,normal,13.829759857315638,11.671090745951911,10.509140699690489,9.844123497636872,11.110518856825543,11.940118095978653,13.169881560345486,15.831842581462741,18.6078220697295,21.495586305948127,24.305163322685782,26.944599250709317,29.672718746260312,30.989210970553625,32.057831088218606,32.54211128963575,32.64079194890266,31.16075815153377,29.07541151111351,27.127923680021482,24.34268808640685,21.495586305948127,18.472259247365898,16.04111383293656
arn:aws:rds:us-east-1:acct:db:db-1217,2026-03-14T00:00:00+00:00,23.633465433343563,3406.345562464168,103689922.05066268,117118782.18356091,20708.614233226188,16.0,normal,15.351285570899426,14.008961682189181,12.809406959772389,12.914134940190246,12.814975966974755,14.140307982382714,15.509681851042611,18.1214216609914,20.898887966056463,23.668998126039398,26.494876045800595,29.167357112913734,31.28836516964484,33.684577474959646,34.25917180154451,35.214659645922744,34.0188442328753,33.55279648485942,31.322045566509363,29.250094125960743,26.525320920930582,23.668998126039398,20.67193507773448,17.846065908011628
arn:aws:rds:us-east-1:acct:db:db-1218,2026-03-14T00:00:00+00:00,21.18269675682036,3525.4403905115655,101009323.00351389,128939039.02228326,20269.070746306425,17.0,normal,13.349296746538457,11.688657529991456,10.584694079345777,9.340457906257885,10.360732483981845,11.807748753620313,13.28297567998321,15.73104753730335,18.05025153133522,21.102171047288852,24.017479067788823,26.509237027067666,28.871273010883893,31.108745853352115,32.405601935087525,32.71269350224848,32.15209502603566,30.886665724284736,29.02901488876344,26.534439469609296,23.902732073211162,21.102171047288852,18.106157389377834,15.748382853042752
arn:aws:rds:us-east-1:acct:db:db-1219,2026-03-14T00:00:00+00:00,18.42903715757767,3286.8757628856374,85016720.78396899,96958148.6477433,15959.870190820684,14.0,normal,10.274308996338455,8.310260120628614,7.303515027754914,7.357479375833906,7.6376046291717135,8.878559600270359,10.438129032261807,12.582745487212467,15.465445459562517,18.42706118759526,21.44369413294259,23.77131640185154,26.20263091760328,28.10741380608127,29.39424646902676,30.234607193592634,29.445353834790446,28.054434906929288,26.56089851715562,24.324396670193543,21.371170379132426,18.42706118759526,15.462307217069553,12.822251231269828
arn:aws:rds:us-east-1:acct:db:db-1025,2026-03-15T00:00:00+00:00,20.73291171001583,24710.557380535345,769835892.6464714,939269696.686093,154485.17812849034,16.0,normal,13.152319572153623,11.236786813482437,9.927623803555479,9.099614966318166,10.253151805517987,10.722473482688043,12.731631222328593,15.137084554077175,17.784826376928354,20.737954824001967,23.7936781371472,26.143865629874412,28.405397378907978,30.85489355296516,31.299401779023754,31.494178555358243,32.029544515510864,30.054409204431394,28.979087897607272,26.380144464242967,23.659667976636033,20.737954824001967,17.78828212505341,15.185907578567527
arn:aws:rds:us-east-1:acct:db:db-1026,2026-03-15T00:00:00+00:00,20.80828443202392,26396.02103336227,610125084.5496851,711846414.1061809,124998.1196732848,17.0,normal,12.758890704415496,11.001113399250968,9.572749215316591,9.574987222477876,9.763526993022046,11.157688941584269,12.679463687830967,15.223603471543171,17.99957270002207,20.901095718342734,23.901282750152028,26.699867476969256,28.708398724902334,30.58865301056795,31.67292540309062,31.968681623838165,31.762030996652655,30.64859899904852,28.52025337938667,26.39073813518549,23.68347454206046,20.901095718342734,17.925741136440244,15.39439241813081
arn:aws:rds:us-east-1:acct:db:db-1027,2026-03-15T00:00:00+00:00,25.413847251115534,28003.694713108198,599714935.7800555,675773063.8664553,115093.92221979139,18.0,normal,17.251907013722626,15.54672306782483,14.868761635621002,14.195664522982552,14.484230468660316,15.187958734874218,17.658040006120316,19.847698786190765,22.435893673065646,25.389153775916565,28.207430298438872,30.981674004689296,33.360691030371186,35.31539204349184,36.5386644445376,37.05414082829891,36.0807686200176,35.13593938691997,33.63315023257892,30.99354285069023,28.195527704495003,25.389153775916565,22.398862176379133,19.781364944968825
arn:aws:rds:us-east-1:acct:db:db-1028,2026-03-15T00:00:00+00:00,23.353588144005563,27075.21267434829,571020047.6063845,658106212.783843,117984.93065370902,16.0,normal,15.566092778506192,13.693844608719209,12.719652935249195,12.018028436431935,12.888761303947462,13.284101998813378,15.625655079635667,17.76763080589194,20.202961914320824,23.216448589038034,26.16244795829386,28.96266080834547,31.215909751367775,32.85421120509669,33.801282964106534,34.92607508895194,34.51622504986063,33.34402689689669,31.49942006776383,28.990189210088992,26.243639925809532,23.216448589038034,20.372812827201326,17.397586662758407
arn:aws:rds:us-east-1:acct:db:db-1064,2026-03-15T00:00:00+00:00,22.227471115870657,24490.981144069592,697578430.2946784,807511404.1871186,136704.4797204843,17.0,normal,14.614261722718105,12.30548478814599,11.636435846249707,10.961244735971913,11.680606667733088,12.8581442603328,14.256923725297717,16.441273890817662,19.205491351921307,22.252794016840387,25.094700528522946,27.95516258060216,29.918783373978435,31.910449927564322,32.73780123722665,33.80799890949368,32.73876750958984,32.231227948079315,29.890887229152163,27.902679075005164,25.07915193272308,22.252794016840387,19.359232051131674,16.36700945495721
arn:aws:rds:us-east-1:acct:db:db-1065,2026-03-15T00:00:00+00:00,20.833795926959972,24655.144599645755,688493718.2603283,898203444.4065144,151249.27659031464,16.0,normal,12.541948628772992,11.122301048782335,9.680771197319876,9.904903225677671,9.812790907659714,10.755670816605491,12.831345020386415,15.141231863827363,18.084118386286587,20.879438205834635,23.654582667149178,26.3167030242341,28.673384439945206,31.06384359702929,31.24683271502106,32.075140803572616,32.04106234845031,30.629170993969772,28.90300794532635,26.748279926940004,23.8351908713559,20.879438205834635,18.101810324401765,15.088135082656086
arn:aws:rds:us-east-1:acct:db:db-1066,2026-03-15T00:00:00+00:00,23.59539731961915,27415.270648227055,735290917.3242164,856281744.5647807,142429.75799759754,18.0,normal,15.578176295260537,13.818425661406144,13.085230374800648,12.462128047395002,12.196768943688323,13.870911347968066,15.996058887214401,18.028696270124563,20.814512131804122,23.596394391600832,26.484620836661634,29.025747614216957,31.827438426268237,33.4266278084529,34.4469729516803,35.17491613036772,34.54347207478774,32.91562019943761,31.35873947642517,29.262756547133083,26.393242804783053,23.596394391600832,20.653688183659675,17.731995874122
arn:aws:rds:us-east-1:acct:db:db-1159,2026-03-15T00:00:00+00:00,20.56642824132322,6437.797906803089,124194219.40001221,141233448.49896723,25178.982041029183,16.0,normal,12.570514346179062,10.542294151869813,9.516278775348573,9.423488303945165,9.395455412909913,10.868300405361264,12.521448253502289,15.058221458334467,17.80798831170063,20.590849274751648,23.49309792769518,26.437416365189655,28.252883705194243,30.154923662405317,31.272937356916792,32.15396247055535,31.505031979898924,30.251747834455415,28.19790853038089,26.48048964992191,23.591999761514757,20.590849274751648,17.81120547337766,15.104985105596693
arn:aws:rds:us-east-1:acct:db:db-1160,2026-03-15T00:00:00+00:00,23.304594347252085,6937.7007898715665,113106356.2661586,134375264.58147934,23530.366938631905,17.0,normal,15.082767549128445,13.750989040244708,12.841496838374898,11.48873019200968,11.998883935785432,13.425305780735599,15.30706268092214,17.77039696095423,20.40725120859977,23.275590932665715,26.21028438154306,29.12370205836962,31.522488698816527,32.94154480589878,33.75628435998153,35.024302376262185,34.472673505970114,32.88755581281822,31.537332372954364,28.823820515529146,26.230674626549035,23.275590932665715,20.245153234031843,17.91038153323922
arn:aws:rds:us-east-1:acct:db:db-1161,2026-03-15T00:00:00+00:00,23.209810230220565,7087.792728316614,105597863.85275981,137117895.39357832,22287.330939095107,16.0,normal,15.50761084653093,13.68303895602773,11.775220764767312,12.218523312356572,12.164965839478139,13.256993424707787,14.962279166115463,17.614490293066876,20.35911764893132,23.163214508066694,25.955115746785516,28.821741141104276,31.009900031620308,33.22281852624102,33.92775526909328,34.436144201161035,34.519239788151616,32.93730027424522,31.35406514623549,28.93604337518292,26.003725709368975,23.163214508066694,20.353771310166533,17.689155737821842
arn:aws:rds:us-east-1:acct:db:db-1162,2026-03-15T00:00:00+00:00,21.21803734741495,6713.265631201859,141281351.76093948,172916098.8311053,27614.66070005543,18.0,normal,13.636685408085128,11.938549652808678,10.626261021304705,9.845177394254902,10.249231957778665,11.754811179171295,13.082214992445257,15.626975546686726,18.231261118770217,21.230142503379593,24.065374979596786,26.826071451745953,28.829658481455436,31.22886070581457,31.904012113039357,32.650258043707794,31.96765734394757,30.62466922941453,28.792962108077226,26.93409369580891,24.26832333938984,21.230142503379593,18.19015517373209,15.499346394163975
arn:aws:rds:us-east-1:acct:db:db-1215,2026-03-15T00:00:00+00:00,22.459020545942476,3545.1904080157383,113363526.48157105,141436684.25394803,22096.612689817637,16.0,normal,14.734686742933969,13.050212746030171,11.757142957556908,11.078934297294756,11.624891682385742,12.635696831506477,14.223541473854661,16.58921787666382,19.353948588925828,22.400283754028543,25.222129997004252,28.146841451744386,30.553800364702077,32.1222585913005,33.68576037203544,33.94086986262095,33.16053034531327,32.06702135408285,30.254969323003017,28.028847684965523,25.379512466326773,22.400283754028543,19.56771935271962,17.037391231591354
arn:aws:rds:us-east-1:acct:db:db-1216,2026-03-15T00:00:00+00:00,21.37212949205025,3499.3982894686064,114683804.02802016,138092121.36646572,23753.87796882173,17.0,normal,13.847967628303326,11.930743810015198,10.656464821317304,10.032283679477935,10.373656603455835,11.568447921624283,13.805807655279825,15.649306350219678,18.458104118649878,21.41934335666461,24.329984629264178,26.907180168549953,29.52270541846892,30.885356899250556,31.764583772015506,32.592506838070605,31.78942417790707,30.71708844054581,29.128599589902503,27.168691859112233,24.459991197079596,21.41934335666461,18.4558119379282,16.047713579438312
arn:aws:rds:us-east-1:acct:db:db-1217,2026-03-15T00:00:00+00:00,22.215776282791083,3566.040759425668,107498616.59962398,125349262.97276141,21186.153234681886,17.0,normal,14.13402234394064,12.16093692834949,10.956806068617343,11.442748700731812,10.966906400081449,12.554273217037153,14.10180013568056,16.572873467409497,19.308433465238448,22.338453730733185,25.199654516486458,28.109864859138487,30.124387015080792,31.8536336758289,32.84762443497345,33.112944434847584,33.53620037778374,31.8884936148772,30.212468738827805,28.1181026154926,25.11496826838852,22.338453730733185,19.30413103893488,16.880449007772754
arn:aws:rds:us-east-1:acct:db:db-1218,2026-03-15T00:00:00+00:00,21.577437519197805,3409.3460930040555,106086256.5885515,120981128.4009524,20464.632628951666,16.0,normal,13.519089433636736,12.127620947562903,11.25742772404187,9.823484568495413,10.880297762821078,11.645609950479493,13.668749169202767,16.11302944280169,18.55752013227827,21.601284946239293,24.466495332371625,27.35929415721902,29.652613025279067,31.542700161064726,32.826824186795264,32.471590309277865,31.991155123971673,31.307800749087242,29.17631123766213,27.0630334050026,24.41564515744624,21.601284946239293,18.607075819195913,16.182562772575203
arn:aws:rds:us-east-1:acct:db:db-1219,2026-03-15T00:00:00+00:00,25.02080955404273,3627.8029546062157,89030407.3117,99309261.3440176,17345.86902028962,19.0,normal,17.016380898549187,15.504561541294871,14.01045361135381,13.297044204323562,13.85605052046146,15.610844457309069,17.22410905009959,19.62298626906031,22.048767971552063,25.027824464581848,28.01105603600431,30.44567229604356,33.191643719973094,34.78469834256338,36.26254321117736,36.29910703539159,35.621313137286435,34.94695345437872,32.82393076513726,30.423335514782398,28.034694889896393,25.027824464581848,22.244968431255096,19.16266500996839
arn:aws:rds:us-east-1:acct:db:db-1025,2026-03-16T00:00:00+00:00,43.06663109738567,35041.35287996665,975480512.5137624,1151168213.3956563,191853.28517924924,27.0,normal,32.41352262074638,30.583610345695423,28.300744836632507,28.512817741808238,28.572606580078602,29.87601318687351,32.872909347740254,35.4650389861889,38.963028358362976,43.00720099722099,47.05162941579296,50.745045084348234,53.6524729763882,55.51070932166251,57.81988341091987,58.22841195307331,57.73679472356941,55.516217018273764,53.602740073713065,50.622343185882656,46.87622331303115,43.00720099722099,39.09993257341666,35.56204928861547
arn:aws:rds:us-east-1:acct:db:db-1026,2026-03-16T00:00:00+00:00,41.60389309553633,34516.377671700626,717973209.4146732,903365985.7389721,150779.63541217006,25.0,normal,31.43934024064397,28.491870765959742,27.109548084988006,25.925913034948067,27.206916550271053,29.10503698286817,30.676208899213147,33.85539403674293,37.92323253975369,41.65134167056591,45.44097320078515,49.18006137216476,52.35670689961808,55.15486563923818,55.644404548021996,55.930885017192715,56.28044799082841,54.81016958484672,52.751495295633006,48.85130121191969,45.497825898917185,41.65134167056591,37.747311619184806,33.8108415380005
arn:aws:rds:us-east-1:acct:db:db-1027,2026-03-16T00:00:00+00:00,44.07259823974613,36413.77092253058,637873289.9380773,754276612.8864276,134560.24885582895,26.0,normal,33.265534706677016,30.7190390968942,29.385408915657536,29.801099538346087,29.356775491951034,30.69519295516899,33.41941698499054,36.81389616026731,40.127128291619904,44.076437211398215,47.94315447521104,51.56044711823592,55.19445223534781,56.65214023177193,58.6226494977027,59.36707724895769,57.86213577945043,57.59084342258254,54.89254923766063,51.67010200118799,48.013927342267316,44.076437211398215,40.01634020372712,36.620172395434885
arn:aws:rds:us-east-1:acct:db:db-1028,2026-03-16T00:00:00+00:00,46.80535951027558,38559.4003080511,708064385.8786201,855813267.8686851,145451.51597162118,29.0,normal,36.57419363232613,33.55971001932857,32.311028570546824,31.55445249518857,32.536534360798214,33.43179532236541,36.30309050114754,39.21190143249079,42.99304403968483,46.82985821850174,50.73758617682322,54.553194152863654,57.01044483687328,59.464184359575206,61.018222884947946,61.840600763593756,61.91035172825687,60.20867965034777,57.79473976078493,54.2130344009422,50.64787644690258,46.82985821850174,42.808412697775765,38.985833576046296
arn:aws:rds:us-east-1:acct:db:db-1064,2026-03-16T00:00:00+00:00,42.26006513670672,36438.18989991387,897322168.4883715,1060585093.3449118,176760.62806967774,25.0,normal,31.716639974378083,29.708999333386142,28.404256142721522,26.741940852424918,28.151936021301704,29.102741447659515,31.526725067639138,34.50029647496349,38.32948547070019,42.22773697694005,46.121918506543025,49.85795034825419,53.2653374338852,55.50410652848359,57.0489332622718,56.56470934681469,56.11436894092944,54.92536140157125,52.90094659123158,50.0160749747267,45.949919655395554,42.22773697694005,38.3342669157489,34.99917463605054
arn:aws:rds:us-east-1:acct:db:db-1065,2026-03-16T00:00:00+00:00,45.672464161593176,36404.67307991116,959814447.4885118,1065722852.4063754,178050.15564753962,28.0,normal,35.327098318695874,32.53420384709936,30.624530673868694,30.645600141567346,30.97143258931722,33.15674256943561,35.03447311072492,38.65470040810918,41.79467455494215,45.805343400952346,49.51887531667202,53.0635463801051,56.380000474647765,58.2011598453339,59.62029338382849,60.82063065912304,60.39320459707123,58.56000623544023,55.8994580731189,53.275040256238576,49.850171986464424,45.805343400952346,41.941162872079325,38.26144678244833
arn:aws:rds:us-east-1:acct:db:db-1066,2026-03-16T00:00:00+00:00,49.71520165025216,39815.00471323895,936824542.934758,1054120839.5137514,190167.2205527574,30.0,normal,39.35945478957627,37.237297792161286,34.97723027614329,35.31873482133626,35.078013622996316,36.233667998507,39.497008721387445,41.99256251305268,45.90364203066886,49.62008103876007,53.64640624091514,57.0671858465485,60.09722815995725,63.02941155784079,64.29379087244115,64.54515506309315,64.29590747147887,62.35222912034933,60.66375981161012,56.7498905303691,53.41246549021745,49.62008103876007,45.85467614077188,42.31895865710949
arn:aws:rds:us-east-1:acct:db:db-1159,2026-03-16T00:00:00+00:00,43.11367955348835,9448.178878678265,142762091.08141297,170698823.08808616,28979.650259711994,27.0,normal,32.44015145734189,30.431182868627566,28.29808831681645,28.231085751382423,28.98269949598259,29.580979826073808,32.07248542602291,35.37405878175535,39.38936054058123,43.11474064349674,46.834391379925414,50.318144665478655,53.363407975511244,56.350838770613194,57.43562263073463,58.63010951578202,57.96003092369173,56.4526114833116,54.17836066844547,50.68561075850401,47.13415936454525,43.11474064349674,39.07020825233552,35.28523914326413
arn:aws:rds:us-east-1:acct:db:db-1160,2026-03-16T00:00:00+00:00,44.36783406858681,9610.30916802451,138776482.5065059,174772934.8896567,29215.905997589718,25.0,normal,34.26878861405925,31.28330784012702,29.410475968322586,29.88314356138117,30.279792580841,30.81265077719452,33.76512401781348,36.76347725698875,40.60115977893137,44.4204445933404,48.129132741232766,51.70071157785029,55.17666966804602,57.16535471517336,58.4056832113957,58.80319912220344,59.434284655062775,57.39062861878325,54.904695291286345,51.69043542097341,48.2953008602301,44.4204445933404,40.57948786873158,37.24362431277448
arn:aws:rds:us-east-1:acct:db:db-1161,2026-03-16T00:00:00+00:00,40.2332192123534,8828.210359121915,130498465.4644114,163677851.80422926,25888.08008409204,25.0,normal,29.88764024780871,26.94601187218526,26.35486770341722,24.636593932639528,26.017967625942276,27.473407016602422,29.923163612634433,32.469519762314356,36.31148321240675,40.24809219107682,44.29168668040047,48.07177708560526,50.9080307700245,52.99810892247662,54.245486483788405,54.88996380946603,55.28235264108395,52.85705007738234,50.48276638164869,47.61861665806562,44.05331566617127,40.24809219107682,36.410799772451746,32.97046677981193
arn:aws:rds:us-east-1:acct:db:db-1162,2026-03-16T00:00:00+00:00,46.68985015543683,9916.04402287824,178549616.05391952,200215638.57419848,34940.71330340292,27.0,normal,36.05715862858662,33.2394219733332,32.554396991192384,32.10260505871228,31.907239002649494,33.825543755385,36.12664490150669,39.23902506854556,42.7292756295,46.72960091239167,50.538403931601934,54.20598163276506,56.92141320134428,59.39649822573909,61.64176191295877,61.7791711725779,61.38475389462611,59.50628586836862,57.443128138294675,54.1234049676158,50.52411142469291,46.72960091239167,42.6819852796094,39.16899124609483
arn:aws:rds:us-east-1:acct:db:db-1215,2026-03-16T00:00:00+00:00,43.991363437509044,5189.435466658413,147909662.1718058,175762903.57246742,27377.683834248222,27.0,normal,33.56113203286261,31.642200206213868,30.183092882259682,28.690431808681762,29.779838882340254,31.413136527373688,33.551745777457974,36.15650911545118,39.97998276987425,44.0185029273349,47.73634357820971,51.3896562333737,54.10424919755285,56.64742394989162,58.68778140186069,58.40314958372187,58.03225779924863,56.919845104333945,54.85320082062839,51.53906050555916,47.99132038254657,44.0185029273349,40.267704623659604,36.2256534624453
arn:aws:rds:us-east-1:acct:db:db-1216,2026-03-16T00:00:00+00:00,44.03101114739015,4998.124652210637,143245769.29783526,167694221.69233698,29477.80337756566,25.0,normal,32.92560795759742,31.051424799664304,29.240629459732492,28.6269557250581,29.95375690087961,31.63902255325017,33.342909163957614,36.591461250306786,40.044889340699,44.05623200133614,47.956296534039,51.38122724273419,54.806274170542395,56.50915419691107,58.38358317235693,59.73661133667572,57.907549505435846,57.637865274074684,54.656250148794534,51.83966546390127,47.99902576565304,44.05623200133614,40.04274927114402,36.35889430128308
arn:aws:rds:us-east-1:acct:db:db-1217,2026-03-16T00:00:00+00:00,46.62012195291612,5181.615923520248,125190964.9826696,142150181.51094824,24710.712221566868,29.0,normal,36.316099680381285,33.31520773076723,31.634128188621645,31.421475337518416,32.849328392930815,33.07730560777014,36.0322316907436,38.954507322804965,42.73195578707853,46.70009790381392,50.74461294563623,54.05371391712271,57.81555312513863,60.31919460331058,60.52710832335131,61.14398820920369,60.80417803439604,59.52065716298705,57.46944988859371,54.098947028082655,50.75216533606359,46.70009790381392,42.795552569658234,39.10537018019799
arn:aws:rds:us-east-1:acct:db:db-1218,2026-03-16T00:00:00+00:00,42.07115218377159,4722.922103222993,127488172.74145105,148967238.52334005,23742.646967624343,26.0,normal,31.609947886381512,28.625543846380445,27.983661820104487,27.704794620475912,27.956725138060914,29.70595838222237,31.520310649516574,34.44318947966134,38.240597829408536,42.06859461533542,45.78752499327213,49.33077992710875,52.46296570001556,54.706004295791494,56.17280279186112,56.57058431549524,56.62331276870952,55.348851090126125,52.67311411113297,49.62987276207004,45.88216008837323,42.06859461533542,38.045137493642926,34.546623190036
arn:aws:rds:us-east-1:acct:db:db-1219,2026-03-16T00:00:00+00:00,42.4914572298494,4666.463889731284,97748510.28361925,118782595.02116935,20157.427884736935,25.0,normal,31.863092119573203,28.89591685664965,27.683792964050113,27.019837986080145,28.46408725562303,29.528643370997344,31.853451833179236,35.36833059699807,38.79504964140835,42.52650827275218,46.557638290773646,50.23289055574637,53.11859382372455,55.88608831891041,57.046190977970426,58.15937705735803,56.70423286310863,55.021769862810004,52.65478433052955,49.98017043121961,46.33319278341645,42.52650827275218,38.49576759611917,35.07905745463529
arn:aws:rds:us-east-1:acct:db:db-1025,2026-03-17T00:00:00+00:00,46.50778368714074,38198.21514294964,1015679058.1742786,1239804430.6046631,208775.5136562445,28.0,normal,35.649515602686535,33.71955152988797,31.61159054006702,31.271638267929315,32.19258209359361,33.008907775959486,35.67964940325597,38.9422545813162,42.60183231717639,46.594037713216046,50.32527792945113,54.027477874543294,57.21713203149746,59.073352335704705,60.8950325166481,62.23541057084336,60.55029477853797,59.74856818563646,57.56616442163964,54.268312250527146,50.35777634829547,46.594037713216046,42.68779377816193,39.36861793158647
arn:aws:rds:us-east-1:acct:db:db-1026,2026-03-17T00:00:00+00:00,42.85473302159927,37145.65923746567,731177402.61061,894534514.1421684,148574.03065470955,26.0,normal,31.816305634655038,29.96425496726355,28.456285991714903,28.481697265354597,28.334742196277464,29.755893908300738,32.29894750295752,35.06924842440811,39.12960349525116,42.85999813834462,46.69383087566939,50.441880831684095,53.385983284861666,56.306218417788784,56.93254158012638,57.469740791961556,57.91634170894077,55.80899911931275,53.62789156939186,50.26677655569135,46.69387254187437,42.85999813834462,38.8273521431335,35.11518743507367
arn:aws:rds:us-east-1:acct:db:db-1027,2026-03-17T00:00:00+00:00,53.87107362100786,42006.35389694056,702919493.3736918,851360991.9256572,140536.18151861985,32.0,normal,43.359685576486505,40.924899578952704,38.89331384574875,39.45005315811263,39.88391187038854,41.070419937880075,43.44464437141764,46.37513056757518,50.06270386280073,53.92023062566828,57.9394060725596,61.158674526069234,64.00691400479552,66.44898903558713,68.37909370663733,69.04959154376657,67.9094807687777,67.00634464405731,64.03520987310361,61.510214682836526,57.81355377335949,53.92023062566828,49.87411896937214,46.46895128256723
arn:aws:rds:us-east-1:acct:db:db-1028,2026-03-17T00:00:00+00:00,49.607954435808324,40772.64131402424,696624332.1419914,838004755.5564554,145604.5269530774,29.0,normal,38.71169675965644,37.188161629561385,35.24184397902859,35.08708373617478,34.44955679289174,35.98662283358922,38.5489490326703,42.080453342022146,45.6085674853709,49.59020923460114,53.61675778954692,57.11698682772854,59.82441835989918,63.11291238009141,64.54357086639362,64.44215236864677,64.02724398556911,63.21607514290423,60.30435378973224,56.84229258748972,53.341882633633496,49.59020923460114,45.67384115155165,42.44506451604514
arn:aws:rds:us-east-1:acct:db:db-1064,2026-03-17T00:00:00+00:00,50.26106926827521,40514.35938940648,883110208.201217,1121816128.5458217,182710.79351262274,30.0,normal,39.902761479576085,37.36696389155253,35.62893418069111,35.07516889806509,35.0982269995801,37.66492254901554,39.63107497177924,42.439148977204994,46.41516973494025,50.21206727868951,54.13699475210742,57.8495232360905,60.964873420676135,63.22912376249985,64.30811349102666,65.64658043917314,65.32366093891515,63.432052561314904,60.64368785820592,58.084597897323,53.988362165344185,50.21206727868951,46.325700767582894,42.68588490856129
arn:aws:rds:us-east-1:acct:db:db-1065,2026-03-17T00:00:00+00:00,52.2814969822993,40600.81761710395,1051719693.4609505,1149286995.4075272,208683.30403360078,30.0,normal,41.43485462340601,39.877826854210916,38.114140220392265,37.66699438425661,38.01454318465807,39.38478592919552,41.301668591003924,44.6207817015051,48.24441006577895,52.27364401749369,56.00835412993695,59.73393701383439,63.03573188508037,65.22846927033049,66.21186668709842,66.605201455014,66.54920605882141,65.68474357363107,63.16932730850551,60.09352552327108,56.17857097942325,52.27364401749369,48.27689746507471,44.77280263576695
arn:aws:rds:us-east-1:acct:db:db-1066,2026-03-17T00:00:00+00:00,46.55840903606813,40288.835660299716,941596359.8874587,1047338384.8797587,189676.35524049657,29.0,normal,35.47092881858548,33.90396769012534,32.70676300757472,31.385989194238824,31.75753876116631,33.02765617516072,35.6169074463492,39.23283144870149,42.80316857628786,46.569021278790025,50.35095342407766,54.234043688164526,57.38636748182246,59.63727397512874,60.434913829839495,62.249068516016095,60.84033324419703,59.96794030380834,57.49088272538036,53.91660944882941,50.35357363992046,46.569021278790025,42.74195676618835,38.75410614649216
arn:aws:rds:us-east-1:acct:db:db-1159,2026-03-17T00:00:00+00:00,50.09855649282906,10709.989815451643,158160426.61323655,181307639.59386316,31328.49574226298,31.0,normal,39.74489299559638,36.640902299922125,36.11362974189022,35.724714060710646,36.116870351200895,37.10017520717505,39.01622745437077,42.848619614188635,46.042124551286385,50.08310302070753,53.93996874116415,57.91497024268652,60.603508112201666,62.70689397919104,65.02738265711419,65.13101194536236,64.62247682481939,63.194788588090795,60.18042961530325,57.27700193964514,53.77895035834802,50.08310302070753,46.238879601117624,42.23473090509739
arn:aws:rds:us-east-1:acct:db:db-1160,2026-03-17T00:00:00+00:00,47.89361190667261,10058.60999513686,141966577.7982671,183038392.1394523,30218.781423630004,27.0,normal,37.68637206511808,34.70697101288141,33.16718377538218,33.184968005613094,33.36795568187821,35.48108751957666,37.26568937255329,40.51134282100346,44.066159367951805,47.838538249318006,51.78799179910466,55.6329183506799,58.06917210562465,60.47746187106658,62.945907422815516,62.51005542407502,62.87694487051887,61.139581815468865,57.95486798621147,55.07755793512659,51.74321616829021,47.838538249318006,43.926681811292354,40.18952207927388
arn:aws:rds:us-east-1:acct:db:db-1161,2026-03-17T00:00:00+00:00,45.74582244787673,9989.806577544261,139829215.46558097,164636284.58371526,27770.863105292323,28.0,normal,35.622334430370664,32.30312440222237,31.97159706995475,30.52861664614225,31.73851671742418,32.18371300631979,35.40217430526305,38.40557596646305,41.87423748144831,45.77294381346488,49.67303687451647,53.02145945803493,56.27471260711951,58.41515407156848,59.65149357464729,60.39263494513271,60.43582736913464,58.61461296751936,56.80750525700215,53.36412489420316,49.60429629508863,45.77294381346488,41.74572489622548,38.32337788631059
arn:aws:rds:us-east-1:acct:db:db-1162,2026-03-17T00:00:00+00:00,52.35384909144596,10924.58600777268,185279148.44782826,218556177.3267737,35535.64191542014,33.0,normal,41.97005705464454,39.54656167559388,37.27618164369049,37.19299863324471,38.51159275326016,39.652044836256614,42.21404386995188,44.681085076823805,48.59444254592476,52.35803735727025,56.09308236214316,59.99945786343886,62.98372083786091,65.04290763068713,67.2708227272838,67.48121422613073,66.38561641917957,64.72290925204408,62.529899369719956,59.733955588389065,56.07668013036659,52.35803735727025,48.63984017593555,45.177188807592486
arn:aws:rds:us-east-1:acct:db:db-1215,2026-03-17T00:00:00+00:00,47.95683398575527,5552.128786213097,146595314.95100087,184431218.30957982,29372.7172738846,29.0,normal,37.04694970071913,35.50050393453296,33.615101925039106,33.0967356093943,33.290803271215616,35.29592560348677,37.10155467248179,40.38590286209778,44.09444065375768,47.912730406637124,51.83510887889769,55.711198174854324,58.54025859639055,60.66501493100586,61.68515590915176,63.018877125871605,62.98483888738028,60.422837402180846,59.025676846069686,55.52007552648788,51.696298715544835,47.912730406637124,43.84029683552705,40.76499878276477
arn:aws:rds:us-east-1:acct:db:db-1216,2026-03-17T00:00:00+00:00,46.61786117437195,5057.879645796035,150800073.75310764,169825102.65025756,28597.002997423333,26.0,normal,35.52226398854354,33.985915971522374,32.35460615522354,31.491742981638666,32.13764427852741,33.44322128831825,36.16637349415931,39.447611083063485,42.76831485758348,46.61261421586716,50.4813112545181,54.05855867439613,57.499757008788166,59.69301426583633,60.6089351343744,61.628704554020615,61.71294388200877,59.24378508501346,57.33220406691998,53.88102046301176,50.470085233515725,46.61261421586716,42.711180140580545,38.96424589162862
arn:aws:rds:us-east-1:acct:db:db-1217,2026-03-17T00:00:00+00:00,50.8111429095041,5499.946524976003,121675546.99866855,147081048.6009367,25970.972352995697,30.0,normal,39.88489699980665,37.7709165308476,36.054881026723656,36.24573844861904,37.0185776409799,37.28695540360858,39.92057941479286,43.24435823215937,47.184666270146145,50.908141476774794,54.76742201596572,58.141695594649434,61.37087482366394,63.25931716455936,64.87406804730718,65.61834645971663,65.59076111322692,64.19848154515327,61.33499358848867,58.59449868520243,54.69203602452277,50.908141476774794,46.85762274336005,43.73945910104836
arn:aws:rds:us-east-1:acct:db:db-1218,2026-03-17T00:00:00+00:00,55.34318720146408,5765.644697133099,135866543.60895413,166518857.17604926,27280.396521790466,32.0,normal,44.45284784605468,41.868162985564645,40.87553420497933,40.568748868531884,40.359723041872456,42.46556342643983,44.255541257471386,47.90598998408109,51.28382181912943,55.354948833534856,59.17705074642329,62.68821266498778,66.48529178524528,68.81124671226668,70.18898992681942,70.98147666858374,70.446062718381,67.95378229919238,65.79317302428066,62.51611171381366,59.162903146639415,55.354948833534856,51.389974438177596,47.89638588913257
arn:aws:rds:us-east-1:acct:db:db-1219,2026-03-17T00:00:00+00:00,51.225580525008944,5366.866686608601,113417156.9382277,134639356.56903875,21756.110031869837,30.0,normal,41.056257141639065,37.7599473811694,36.60902374169728,36.01432998736338,37.10482680822493,38.31602365794402,40.38053208392675,43.577433568827885,47.31245652905728,51.29838914910361,55.147306824861865,58.69331825778037,61.4125169489604,64.80429557820739,66.12467661105697,66.1362666492204,65.1386231082952,63.95744846523266,62.09118265351176,58.994974605774914,55.347569507390546,51.29838914910361,47.356220683946454,43.48192350791847
arn:aws:rds:us-east-1:acct:db:db-1025,2026-03-18T00:00:00+00:00,41.47712859358145,34638.600998616734,891369587.535433,1066931589.3540808,185337.14372667935,25.0,normal,30.99717939851905,27.86023397774556,27.646990174853038,26.15097516443642,27.124140110713338,28.715417515361572,30.46298981223825,33.78183766748556,37.79262401548621,41.48876003587718,45.18014311911374,48.649268679833334,51.83513668728594,55.10372648217146,55.82011838781708,56.59257973467301,56.38519850519347,54.16987048060945,52.56083846085015,48.95988068477342,45.51759277048249,41.48876003587718,37.44840953498335,33.71841480957458
arn:aws:rds:us-east-1:acct:db:db-1026,2026-03-18T00:00:00+00:00,38.19453321984706,34050.320720713455,721152798.410236,825850691.0093381,141805.04330880565,24.0,normal,27.97629221777273,24.848683558552324,23.894172231839754,23.838369764206256,23.42068768283186,24.896463464726125,27.739492379121877,30.994533848167293,34.24120926097588,38.14180364908088,42.19109470681941,45.9945965966825,48.36044981730695,51.19759546595129,52.502967337125085,53.65645718547467,53.12458216534151,51.2419570612554,48.36658915830554,45.576151573303186,41.85837031958696,38.14180364908088,34.12690581951949,30.337568363301614
arn:aws:rds:us-east-1:acct:db:db-1027,2026-03-18T00:00:00+00:00,46.11039526561807,39430.81069299602,697283131.3039719,826341790.0301664,141873.6047668538,27.0,normal,35.54511257560517,33.7257016494492,31.627565688961578,30.596813642704063,31.10983588813248,33.42693632426229,35.23496631386317,38.702817117827976,42.08963357096765,46.14336198132693,50.11894496827422,53.91017121402286,56.81655161535998,59.03605731949747,60.23739745988931,60.44252766281615,61.20673618574754,58.608584300690715,57.19109195833921,53.70473077063686,50.031113630439954,46.14336198132693,42.265174061594394,38.734298493097505
arn:aws:rds:us-east-1:acct:db:db-1028,2026-03-18T00:00:00+00:00,41.76320255691398,35353.68607553887,661667353.9592797,756125794.2991328,125052.87227354271,25.0,normal,31.51496414814912,28.56593550490569,27.80113690687981,26.51147992596422,27.81097234016596,28.31958794146038,30.744751597221075,34.33537182319017,38.05112102455406,41.79880747122622,45.52632020401492,49.282536349874114,52.35670400260585,54.44321067867868,56.526808318168705,56.051910380225934,56.75721255774026,54.346125325250185,52.05806624104919,49.41451896137754,45.77367083105031,41.79880747122622,37.898743695144326,34.628097665812604
arn:aws:rds:us-east-1:acct:db:db-1064,2026-03-18T00:00:00+00:00,45.33108478124881,36497.52002708276,832996624.0238959,1063717919.4354765,166191.30262956102,27.0,normal,34.60980486614261,32.03246824100773,30.904927359012515,30.240192380039876,30.318424904821992,33.11696392653286,34.69399680651014,38.00839882949201,41.630905541821846,45.47869214416745,49.44869085227826,52.690042626720114,55.798122733359925,58.23688153038504,59.536759411670474,59.94753870573234,59.94656945680976,57.973151085506935,55.88042822051998,53.28422723768894,49.378953746981594,45.47869214416745,41.475740970205436,37.835461028396324
arn:aws:rds:us-east-1:acct:db:db-1065,2026-03-18T00:00:00+00:00,42.566893327647584,36067.55304767865,870404192.4892164,1111175385.8420665,176918.6288398831,26.0,normal,31.652580060078826,29.33343791024914,27.451618058067567,27.77027685650959,27.39399899304773,29.998712770927682,31.894539368688676,35.18280480772759,38.855617427178075,42.59408132396584,46.40786903031778,49.9462646896623,53.01243081877151,56.02979978636002,56.98766165905589,57.40799741228012,57.40721089510455,55.45039875348209,53.52221534530505,50.27693458061876,46.47442600606984,42.59408132396584,38.553733185245804,35.40674880086173
arn:aws:rds:us-east-1:acct:db:db-1066,2026-03-18T00:00:00+00:00,41.75230921923702,35116.82076473498,833878491.1937985,1019857335.6014982,176607.81926975452,25.0,normal,31.045317272470246,28.374725822368035,27.74440817455438,26.610481598999677,26.81149450826281,29.411226033246237,31.04919699207093,34.03925916781591,37.91217298663437,41.775341171872526,45.76787223058588,48.96771555143931,52.41742267719115,54.124394342886504,56.22310187111401,57.37054883225752,56.88762411524492,54.328148971509734,52.50928818167557,48.94196586833543,45.72773211193805,41.775341171872526,37.909340317620824,34.331301289721964
arn:aws:rds:us-east-1:acct:db:db-1159,2026-03-18T00:00:00+00:00,38.87657601502202,8422.519780802755,137707597.52357224,169898274.05905578,26544.461282641598,23.0,normal,27.96545304292736,25.695429202437456,23.707570469242942,24.0857702979381,24.489499489309093,25.80947408056928,28.14603434005156,31.367108101255926,35.0684299020727,38.869512873104355,42.81752364011397,46.679024029250506,49.86768549755066,51.98724877887564,52.966258601042185,54.536755518353786,53.25486565101081,51.325466372032274,49.65726897200355,46.68722819026551,42.619900994124286,38.869512873104355,34.911763365398926,31.653040078493138
arn:aws:rds:us-east-1:acct:db:db-1160,2026-03-18T00:00:00+00:00,41.69879969024043,8994.77079902145,136704924.70867428,157670540.05183834,27840.742179165423,24.0,normal,31.267097698005905,28.145336072248817,26.660420082426192,27.015693625763113,27.687797008393495,29.159192353067567,30.828558586940837,34.15228911529212,37.83264882524655,41.73084353213251,45.705655467856545,49.02535332107619,52.84624166638772,54.53208418197284,55.60864388470385,57.2328767225059,56.26488319994085,54.0950821260909,52.45193159649583,49.32089899923944,45.68115707919672,41.73084353213251,37.93909052378933,33.85657336486453
arn:aws:rds:us-east-1:acct:db:db-1161,2026-03-18T00:00:00+00:00,42.55938222928376,8843.832909349443,124758257.56627722,149852489.51066336,26574.350385632366,23.0,normal,32.12201908264314,29.313683950891985,27.859539517758797,27.101725005683665,27.62044828809256,30.191522384523623,31.539940937197045,35.32364699627377,38.828522446925376,42.53713732399289,46.25820511162957,49.69595749697888,52.87030734802708,55.558474331992606,57.56251414201323,58.16406508551576,56.95845471061867,55.64507092924989,53.59337454918108,50.24252714822654,46.466811915615814,42.53713732399289,38.666248254950716,34.767839220834574
arn:aws:rds:us-east-1:acct:db:db-1162,2026-03-18T00:00:00+00:00,37.82495108520126,8565.154031745806,166546528.2234722,192341231.96438026,30723.246462202966,24.0,normal,26.91872533382709,24.347019384086174,22.707560081615846,23.102761380837904,22.818862029537286,25.35973317321377,26.771631372438264,30.76328312928706,34.078392230943216,37.901024260807986,41.82286036204175,45.32583669471949,48.059653707057684,51.478599519712084,52.90283814312212,52.26431905248716,52.75578371848986,50.45825840790278,48.999321321159904,45.075904323635484,41.660471428207686,37.901024260807986,34.20622298009161,30.11873974880008
arn:aws:rds:us-east-1:acct:db:db-1215,2026-03-18T00:00:00+00:00,40.98605893806784,4713.262603889232,132760289.46140002,158357804.73953936,27762.804441560635,24.0,normal,30.710607223243635,27.67214101657595,25.93587955189213,25.55437100140491,27.02087252303742,27.894403223469894,30.500257095863248,33.596328365618575,36.967504208401074,40.96497235091782,44.982349562153985,48.39423475998225,51.61862713129069,53.72189749357542,55.307712662630614,56.242692157914355,55.14012197589384,54.60166047627976,51.90667334022649,48.18034037545778,44.74252206676545,40.96497235091782,37.20906559499053,33.835208005124535
arn:aws:rds:us-east-1:acct:db:db-1216,2026-03-18T00:00:00+00:00,45.244366743378784,4802.99441152101,138941032.35027328,164118807.05018175,29492.155332631224,27.0,normal,34.885347762100345,32.5835317116986,30.66236014120723,30.254430676625386,31.341014474507492,32.114925609097014,34.38292629288127,37.97219508720626,41.45770720797337,45.24428063170191,49.00579338275078,52.657682631583846,56.030730455501185,58.24453673729984,59.27829645418692,59.66581394385619,59.72613384249047,58.82676248659454,55.654667777123755,52.486707660373156,49.253697616399315,45.24428063170191,41.514560889118314,37.37641773711172
arn:aws:rds:us-east-1:acct:db:db-1217,2026-03-18T00:00:00+00:00,38.58695466309975,4480.552405779737,109596622.15795197,137550820.45837307,23491.159528613916,23.0,normal,27.61937841592019,25.729039831127462,24.196849610512675,24.36081441902649,24.10014851101251,25.04601622636851,27.917624999832416,30.83839988020406,34.636961130555505,38.68469645281908,42.456293573711356,46.1608558635379,49.38640564371077,51.91318649562447,53.26049854402161,53.79924364947126,52.79969342783762,51.26249193574323,48.97985653607558,46.023820654785105,42.4570028085053,38.68469645281908,34.75205370496203,31.020883146209755
arn:aws:rds:us-east-1:acct:db:db-1218,2026-03-18T00:00:00+00:00,41.84577685160047,4643.49237677388,126913154.64893153,149250578.33622584,24810.05454469878,23.0,normal,31.181782162467925,28.252173268678188,27.653016623413773,26.955677956619017,27.164697406992214,28.705271455782366,31.773170695722637,34.351154814098,37.992807667883554,41.8525742140017,45.82526335480565,49.56608649043071,52.577143401792064,54.726845656891015,56.11734066101237,56.31982604056066,56.54021383952822,55.19306871681955,52.06473049113393,49.260961827125314,45.70493445398749,41.8525742140017,38.129044928321335,34.538284096341854
arn:aws:rds:us-east-1:acct:db:db-1219,2026-03-18T00:00:00+00:00,43.23575082048513,4771.027304000015,103579170.20064907,115527022.88159469,20872.52016591768,26.0,normal,32.22727208787833,30.84257634159492,29.019889903293667,28.62962859358963,28.266587171778184,30.797702173747552,32.32172291731182,35.61568430446244,39.43133640916427,43.189228955223406,46.98755048749938,50.42790752101279,53.641718194027064,56.729987193589864,57.8485784416431,58.28027231134144,58.01236820046694,56.07508761435488,53.875867562442984,50.50367800805878,47.06301168950378,43.189228955223406,39.21940385026788,35.46173080416661
arn:aws:rds:us-east-1:acct:db:db-1025,2026-03-19T00:00:00+00:00,37.818154767815365,31820.487762026718,871800764.2169145,1048776675.0161419,186522.02326090462,22.0,normal,26.97164358992511,24.523794207847242,23.292376427813583,22.177224190145164,22.91970879751511,25.2213210798165,27.759168145119833,30.30862771334103,34.127059592214806,37.89823972003463,41.648290195826746,45.65204050035635,48.30312307171386,50.549833919758555,52.153547158886376,53.263546682744646,52.531675109450305,50.3185084956346,48.09037739850703,45.64525132034193,41.813275988910256,37.89823972003463,34.07722555373244,30.491615847898057
arn:aws:rds:us-east-1:acct:db:db-1026,2026-03-19T00:00:00+00:00,39.69980447439312,34227.786869566036,754614723.6176811,884574232.0439568,141476.46219116228,24.0,normal,29.08994997787442,26.500658865350417,25.217042390263117,24.63437875991783,24.82160474095177,26.316887828920905,29.054529550293523,32.598378157231835,36.11663392335963,39.84982644057846,43.790759405479896,47.1383919118396,50.14837281750866,52.26028807375406,54.34743848262526,54.279231446419196,54.172215221982704,52.4505260909357,50.69919756427663,46.97875664754485,43.68494496913599,39.84982644057846,36.14240895552695,32.65305872308493
arn:aws:rds:us-east-1:acct:db:db-1027,2026-03-19T00:00:00+00:00,41.99487273494675,34695.650373569864,613457227.011406,732633610.6772606,120986.5187770266,23.0,normal,31.684199167863586,29.305838698157448,28.11777936887094,27.285411335713967,27.16653785648693,28.802063262453924,31.191996479640952,34.638721706144544,38.06481276528911,41.91275872007528,45.702987224416916,49.48223291115265,52.267384452612205,54.88196187090428,56.7954216322017,56.792055376124644,56.79031722479681,54.61314394168266,52.445949380722155,49.259637902699204,45.98495910940454,41.91275872007528,38.129075411916446,34.64894111931593
arn:aws:rds:us-east-1:acct:db:db-1028,2026-03-19T00:00:00+00:00,39.14283412136254,32678.962527110027,672704627.5234475,742364685.0503365,133046.79391650757,25.0,normal,28.853375526814844,25.734659337823334,25.26892492293299,23.475590533872776,24.31019833172271,26.282663272854045,28.211165842466258,31.67577595908518,35.07417519860048,39.094793263728796,42.91957046525072,46.630587902318666,50.11398717829653,52.36644834824782,53.961497980282566,53.63291040764999,53.41279927963708,52.39824476322103,50.211831839614604,46.50816378494109,43.14970529157127,39.094793263728796,35.114444022097544,31.931712195941813
arn:aws:rds:us-east-1:acct:db:db-1064,2026-03-19T00:00:00+00:00,44.323372454300376,36362.219710644116,816950270.6824248,1078103854.1659353,167867.06301267503,25.0,normal,34.03154843208859,31.04743991256847,30.2901726811539,28.947595291964575,29.509887537857324,30.815227373407822,33.48953570469219,37.09841253807515,40.258028964266316,44.273641117603866,48.0435917282136,52.103435480433305,55.28226446682659,57.165318495599905,58.895116841466844,59.52832014009426,59.261768505407844,57.075721645341446,55.06902949348606,51.93124374801254,48.10504279693865,44.273641117603866,40.42095758974909,36.84399730035696
arn:aws:rds:us-east-1:acct:db:db-1065,2026-03-19T00:00:00+00:00,41.085776151152366,33596.69580124207,891462265.8853388,1104048635.7464511,167530.08541029482,25.0,normal,30.075751493220793,27.79822901243629,27.239369699393606,26.666500042675416,26.287890372907658,27.950142322915944,30.733654848465967,33.701833557756174,37.202480134109685,41.03377129951608,45.109767621442934,48.87695749337736,51.60464303004235,54.31576345598582,55.05845271750006,55.80012576221442,56.11670834016119,53.54815866625826,52.01488338445783,48.1997575630172,44.83718080811458,41.03377129951608,37.11451402830112,33.738320673870035
arn:aws:rds:us-east-1:acct:db:db-1066,2026-03-19T00:00:00+00:00,44.44324934713173,36045.993824261655,871183802.5492458,1035170748.7018384,183354.00799268973,25.0,normal,33.73119324385753,30.92229266044098,29.7158562538789,30.19688042337849,29.40666284890247,32.1732414984184,33.79506008284244,37.23738171981599,40.77091854973785,44.55456459498142,48.25393741265631,51.889985466814785,54.87895588220124,57.42185005650502,58.383509000653376,59.291426949003935,58.577773469805095,57.16386668346191,55.51112630609742,52.42504660447686,48.41304552045212,44.55456459498142,40.565065585172235,36.80377892262536
arn:aws:rds:us-east-1:acct:db:db-1159,2026-03-19T00:00:00+00:00,38.72637091998757,8494.30020319058,138044802.69057786,165397971.6882694,26216.480193544037,24.0,normal,28.369747427463537,26.299660834068625,24.231758193083323,24.09807233999571,23.987345516981733,25.60504251165048,28.00013638431833,31.207906601774226,34.71371730308039,38.67308067199661,42.6622088292437,46.34523986119112,48.87147850067321,52.2788135374495,52.75878264614942,54.048986680727616,53.56924661462731,51.73713705726133,48.86564509341752,45.919089187645994,42.72803833970999,38.67308067199661,34.84338065743783,30.945306617757574
arn:aws:rds:us-east-1:acct:db:db-1160,2026-03-19T00:00:00+00:00,38.334081821999455,8592.722955954567,137848151.2163578,161803904.56843185,27626.455877597422,23.0,normal,27.489414420109092,24.907880282125838,23.253406356681804,23.807184900026922,24.286443070089156,24.79270696198118,28.15179460529058,30.65355588093401,34.37346151803452,38.29367045244217,42.361523744401,45.66360281363392,49.10563075611712,51.78959503394097,53.27708951016464,53.39213685075344,53.212317080705006,51.256564665830545,48.58203919041207,45.52505932799907,42.09756638054339,38.29367045244217,34.49910685668411,30.952542616644187
arn:aws:rds:us-east-1:acct:db:db-1161,2026-03-19T00:00:00+00:00,42.10564317009203,9333.60344080931,136781565.58001846,156400588.4549788,26438.730040066595,25.0,normal,30.971393308989114,28.574577760768634,28.086182650994992,27.67473994530591,27.644946526889818,29.49690382749607,30.972395382846017,34.37708921726138,38.053666958825524,42.06754351690464,46.0622757594321,49.362285049486864,53.19087426046494,55.176482104802616,56.32260043748672,57.797855969820795,55.861824492144024,55.305281765276106,53.022026986109665,49.25748358603758,46.07087832954671,42.06754351690464,38.262528722935535,34.85605600547837
arn:aws:rds:us-east-1:acct:db:db-1162,2026-03-19T00:00:00+00:00,45.72557379517171,9397.43758378439,175258553.57702214,194204088.68633997,32590.34861236003,26.0,normal,35.453722803611626,32.12871547660939,31.011672485262785,30.146630195216282,30.843471090103893,33.02316723859643,34.812324311377495,38.55047521925082,42.00893774270295,45.73627854731739,49.80758619730589,53.36063442317134,55.96552101761794,59.23752385961722,60.48599821497037,61.33807353449499,60.56739638144979,58.15762990744037,56.25807242503932,53.04511267926348,49.561047731488294,45.73627854731739,41.67985577901063,38.49764527588505
arn:aws:rds:us-east-1:acct:db:db-1215,2026-03-19T00:00:00+00:00,38.927771577920524,4618.190930513076,135157517.98611176,163485974.37101334,26270.716090792972,24.0,normal,28.060837885758346,25.744944837820924,24.175612461338716,23.76479082969106,24.607821291566395,26.530879788504045,28.38020969478245,31.13323823002525,35.2088303820391,38.90749903927487,42.632101146671,46.49641096907156,49.48151660848118,52.017675768794,53.36659037279772,53.40715834760497,54.099668594531295,52.5180180246791,49.21791889273073,46.638595374238434,42.91434041558601,38.90749903927487,34.87186918866573,31.182490686164776
arn:aws:rds:us-east-1:acct:db:db-1216,2026-03-19T00:00:00+00:00,41.38159388228564,4635.709035367064,142722727.57578778,162109381.0295443,26833.372577754002,26.0,normal,30.414047484761813,28.309338595003776,27.46847325293659,26.00346575798811,27.254232428904118,28.00810743744148,30.824422531832994,33.82407642799257,37.50433393561759,41.46876611004584,45.44306972536982,48.76732071414225,52.35463474152789,54.21010793024002,55.36874159676804,56.62584908873099,56.66640968951193,53.84177843054546,51.562819494901106,48.7315688892858,45.20957709425892,41.46876611004584,37.54639124012285,34.281954466879796
arn:aws:rds:us-east-1:acct:db:db-1217,2026-03-19T00:00:00+00:00,40.02017402298253,4563.913722506367,114059830.88121721,136563880.48966578,22328.45078606481,24.0,normal,28.947763183273906,26.587491481734894,26.237260516938164,25.399244351016712,25.086969623803533,26.674830986011294,29.750454383575125,32.31884133786744,36.212641605686755,40.02229238401641,44.06369556607721,47.80475554495545,50.59433530933143,53.0526193875664,54.77599242606906,54.52467517655191,54.59363307316585,53.359353890552576,50.156155166983964,47.315881026837474,44.03367123846835,40.02229238401641,36.272337244497685,32.67698926258273
arn:aws:rds:us-east-1:acct:db:db-1218,2026-03-19T00:00:00+00:00,46.199466697641995,5022.59298087137,123994599.79524276,159327321.2431033,25857.395748293187,27.0,normal,35.954522668242035,32.872097748940945,32.16109986382834,30.829625910509986,31.01651189427242,33.08188675505928,35.35414187329953,38.56305417375901,42.35355965152252,46.20259803656695,50.13474473312541,54.006023040173076,57.24966810124998,58.94693319046624,61.2083783163887,60.708277937338096,60.87793980377881,59.18779629763147,56.606232732747316,53.9079623586466,50.170677661749494,46.20259803656695,42.26901069142562,38.9218592661191
arn:aws:rds:us-east-1:acct:db:db-1219,2026-03-19T00:00:00+00:00,38.40104669599029,4341.712917146329,89927979.4239958,117982641.11817238,19712.741274083823,21.0,normal,28.240864798181406,25.570052954731636,23.399993931658514,23.53050296368096,23.19185833084061,25.95277730956908,28.29007538351871,30.7161650901383,34.335230719284716,38.39246449671936,42.35096488211951,45.85297890574462,49.002290874873076,51.65273130562616,52.483071893129875,53.42345320654836,53.134291489873405,50.95914246063622,48.884608650318214,45.871853476418806,42.10716937239626,38.39246449671936,34.70288904321207,31.187224667827838
arn:aws:rds:us-east-1:acct:db:db-1025,2026-03-20T00:00:00+00:00,44.043588065009196,38840.66093174693,1003815277.7606096,1196303945.179904,193082.6269348996,27.0,normal,33.28831601310864,30.846634432017172,29.565367809471322,28.877829936658916,29.040283463541453,31.45256513988596,33.539151879781414,36.66366636459713,40.088754176253445,44.09616359540443,47.92956269669242,51.365004854844145,54.205960096561874,57.59463439512249,59.02947812775152,59.54275529006663,58.24032013008173,56.61336401313089,54.80954956868906,51.57568364977517,47.87952167668807,44.09616359540443,40.35089565633388,36.35448699835842
arn:aws:rds:us-east-1:acct:db:db-1026,2026-03-20T00:00:00+00:00,46.751317727106944,38838.84127216085,806858900.5976357,929636872.1744088,165950.94823690556,28.0,normal,36.351215660027634,33.863013576559915,31.71614959025482,31.897081552101884,31.715745422827688,34.14313496100948,35.85838188412706,39.19474999362071,43.03288676926193,46.797490265858755,50.48717327865688,54.17681721505179,57.138635334720675,60.36600251686026,61.639171640562786,61.175673001000035,61.60743458676233,59.48006874064375,57.71697836264619,54.26417213628024,50.56990172405543,46.797490265858755,42.73639255470965,39.30586441710794
arn:aws:rds:us-east-1:acct:db:db-1027,2026-03-20T00:00:00+00:00,51.65270738097236,40723.6719638092,735827880.7340589,813964109.901364,138619.52470369384,29.0,normal,40.98532563073154,38.791506284108536,37.66949784603713,36.10537445743448,36.73344242148341,39.2298110363062,41.068027958026946,44.053792289193815,47.64741359081015,51.690774416618765,55.756937786942544,59.388508122058944,62.25737637120911,64.57571745987477,65.79234426016673,66.29732607890743,66.16862572342824,64.8420898517202,61.99957614518567,59.12862667252121,55.51338894267722,51.690774416618765,47.77839797505142,44.50032140622363
arn:aws:rds:us-east-1:acct:db:db-1028,2026-03-20T00:00:00+00:00,45.827512498048044,37956.01492721314,672999443.7247132,834819682.4518803,135321.37727629291,27.0,normal,34.89079872992001,33.223961338168024,31.6865387975417,30.58191401464517,31.313150975614423,32.600401308520304,34.79722907084538,38.009864733218755,41.817156996128304,45.731212370240165,49.546393934703985,53.25051136170463,56.49180766305665,58.650186849516494,60.82835544803549,61.45406982960792,59.5035791239784,59.1277211852402,56.86509523796516,53.50660069992816,49.762773948279715,45.731212370240165,42.012062227613164,38.477701738440686
arn:aws:rds:us-east-1:acct:db:db-1064,2026-03-20T00:00:00+00:00,46.440202353161865,38898.31404668269,881397453.8057702,1071508512.566007,179851.77791906756,28.0,normal,35.80136980046673,33.05621360127512,31.601462057949714,30.824086967189462,31.5260677508692,33.70846608391528,36.24289397511309,39.235395757828236,42.458737182525695,46.47962931485757,50.550455163135815,54.27532741048138,57.537426110731,59.706721646136394,60.66323780030772,61.44920557292368,60.289976754478204,59.653521204488726,56.8030216779476,54.29742941976965,50.30125442715805,46.47962931485757,42.62226303136913,39.001064450109666
arn:aws:rds:us-east-1:acct:db:db-1065,2026-03-20T00:00:00+00:00,44.94637145139066,35650.19376356424,887416803.9198785,1097794276.7780998,175834.26462464308,26.0,normal,34.381363420018864,31.93459824040934,30.815927474193032,30.211712975605074,29.88423516086015,32.470412085966025,34.591254209610156,37.434999871601114,41.165810561450975,44.91517565528015,48.87477956647788,52.62161817417201,55.73285534077025,58.11971568489161,59.29565537619051,59.80464085115941,59.569607403929446,57.48831583620675,55.15904480013169,52.056032283974794,48.712142430413714,44.91517565528015,40.866065344546506,37.691776430236196
arn:aws:rds:us-east-1:acct:db:db-1066,2026-03-20T00:00:00+00:00,49.458327283763076,38988.781145956535,866591869.5502104,1103421994.034847,175120.8952356871,27.0,normal,38.664166687125565,36.7875434405224,34.478095972405065,34.42742943444086,34.521283491499716,37.13575747301641,38.60314755707776,41.908224963405154,45.509497938744175,49.485532925971185,53.22914632043623,57.22359395952576,59.58530694650025,62.41850188896665,63.61977483815446,64.61437454985979,64.32470677062122,63.01544858192145,59.649437744427146,57.046858191719,53.31157340949363,49.485532925971185,45.76552346090586,42.18939533760308
arn:aws:rds:us-east-1:acct:db:db-1159,2026-03-20T00:00:00+00:00,45.976448227791074,9606.311744068202,147138318.88845998,178192669.50033575,29532.124648372657,27.0,normal,35.116595989199205,33.24193391136265,31.490812773691598,30.643498780516733,31.750880139993658,32.7556510705598,35.13637239880276,38.48069576765597,42.2472825437754,46.01698290914027,49.88781683100839,53.788892963726134,57.056231262623406,58.4569639873158,60.39811889874605,60.88602012603633,60.474818980737055,58.607576545350945,57.08614718109744,53.25468126134025,49.7512331728882,46.01698290914027,42.29793061693151,38.590636445345986
arn:aws:rds:us-east-1:acct:db:db-1160,2026-03-20T00:00:00+00:00,48.297263673558085,10507.681188245606,158075091.8348729,175377825.0265652,31305.94464791335,30.0,normal,37.48578703488343,34.85921713570339,33.81865196292304,32.98253948712754,34.18596049424099,35.4473570879499,37.427524147594916,40.79292256695004,44.47209953682095,48.31345630030695,52.23056057325112,56.018616347279846,59.18325404504364,61.145002774460416,62.08007087799529,63.970200315547515,62.851793771897775,61.942219178211914,58.4770576356074,56.00567623466707,52.210534777557186,48.31345630030695,44.477968746782736,40.44240083228416
arn:aws:rds:us-east-1:acct:db:db-1161,2026-03-20T00:00:00+00:00,45.48909197799387,9280.39511918899,137953601.9970988,154738995.1714241,28241.40754132254,28.0,normal,34.62895381987263,33.16192488845629,30.688424521938966,30.505760563279882,30.99847488450678,32.7644410780891,34.4779635915192,38.247220595981645,41.68015362866427,45.5155329219668,49.37553025085771,53.327877544106585,55.84990388141627,58.876815446635106,59.3351205331747,60.99508783951567,59.733545866597055,57.93723883626053,55.945048427482355,53.06142091650774,49.56451002427286,45.5155329219668,41.68213390712875,37.86959058165524
arn:aws:rds:us-east-1:acct:db:db-1162,2026-03-20T00:00:00+00:00,50.19241997859768,10454.702685121045,176826744.4579148,210715698.58009633,36014.31794857317,30.0,normal,39.64543894935832,37.613261425304714,36.360230351964915,34.69464932953646,35.30349235528226,36.653723787707634,39.82857159958775,42.75019867434632,46.14586397222875,50.187630920751936,53.981555108711724,57.7510263888075,60.76563927312604,62.795098713427926,65.22665955107135,65.39552397826012,64.34207523262376,63.3511381806244,61.273765650347514,57.44906645979282,54.11952585803012,50.187630920751936,46.30822518907745,42.488087615622476
arn:aws:rds:us-east-1:acct:db:db-staging-orphan-01,2026-03-20T00:00:00+00:00,1.2412651338339336,26214.4,267486873.744884,316067799.4154852,54740.79841876455,0.0,anomaly,1.174294339018139,1.447434999422367,1.994164600447733,1.214958175958636,1.5343403458610783,1.8301643456261383,1.2712326053274825,2.279483084552198,1.137404217989271,1.303037297895549,2.3583415076553607,1.995283183182213,1.9893199995189548,2.231364739022464,1.8449809425531165,2.258766364580154,2.3550140007062144,2.4758403359059975,2.4173018015872394,2.0656559984216356,1.2193605436024644,2.0064890088421645,1.2145109806064203,1.4155085442619066
arn:aws:rds:us-east-1:acct:db:db-1215,2026-03-20T00:00:00+00:00,42.69288096725997,4789.433310395975,138385721.59204313,169405900.8747009,28369.869571535743,26.0,normal,31.553608602299313,29.15209093177507,28.248522679339892,28.256977569743732,27.740064935321666,30.18350564968207,32.15960813779895,35.46037172170369,38.7099894324368,42.6182920351092,46.63798547731461,50.17111553741425,53.399399708891885,55.18044619267404,57.56465078062876,58.24656081546603,57.46488794732512,55.05402072137122,53.55256481160489,50.29030675356563,46.3802779762901,42.6182920351092,38.58898638091379,35.396616380459186
arn:aws:rds:us-east-1:acct:db:db-1216,2026-03-20T00:00:00+00:00,50.1233053441371,5461.410562896726,154051238.20315474,180958139.75101984,28965.90367974077,30.0,normal,39.14432703342208,36.920345577531975,34.98173806622256,35.679351957718396,35.53639339499203,37.293671906685695,39.3881020188364,42.371024613580566,46.28693883843344,50.1640334116022,53.9159647527671,57.746522260867444,60.42550034274997,62.8271572600178,64.8348521139368,64.4627075483952,65.14453396574865,63.71301552185478,60.88142084221224,57.84017383987688,53.982833969886116,50.1640334116022,46.366203745538094,42.88848186481194
arn:aws:rds:us-east-1:acct:db:db-1217,2026-03-20T00:00:00+00:00,53.23824847121398,5695.294714626967,126642441.32600795,162639326.52355775,25235.112093890577,30.0,normal,42.71133125103355,39.83375463440994,38.70420523608795,37.744387963561095,38.96549356232006,40.33280334049398,42.25822358005168,45.78912963399728,49.4989562799333,53.3808239562608,57.234478233638704,60.52617547348282,63.573436921622026,66.1098955664439,67.40072055263971,68.24512873681601,68.08599244214412,66.11103348492198,63.978304986850986,61.150481977018096,57.410073774563564,53.3808239562608,49.42997505280312,45.86233271178022
arn:aws:rds:us-east-1:acct:db:db-1218,2026-03-20T00:00:00+00:00,51.523654098220995,5473.041382849894,135709895.5997824,158196431.27926975,27387.10050602652,30.0,normal,40.584978818538424,38.406285080089816,37.706150550813874,36.25294516672088,37.30741188405821,37.884274726976905,41.13953536633756,44.15016657823266,47.721984677408386,51.516497448993356,55.335709868818505,59.181457204412034,61.958208104355606,65.06999580368623,65.65698536992463,66.20398237887117,65.90264144227554,65.10148300480176,61.724866118312164,59.01104064082024,55.390552359476416,51.516497448993356,47.69909504585232,44.14495326853386
arn:aws:rds:us-east-1:acct:db:db-1219,2026-03-20T00:00:00+00:00,44.287353476270845,4801.886444867103,102607226.38336022,128004742.10338667,20036.199060947994,27.0,normal,33.83224171465563,30.910888102966176,30.20968000474928,29.254434804586484,30.207918173538918,31.141268346613007,33.39417369132728,36.90742470938066,40.52435890085013,44.34260433994048,48.211507764060066,51.62598599572513,54.61871380391685,56.937062627252224,58.552035521976165,58.78605543042919,59.11098160123424,57.30111831896465,55.15002013904166,51.70442767408775,48.192986044638076,44.34260433994048,40.481992204626074,37.15599917599967
arn:aws:rds:us-east-1:acct:db:db-1025,2026-03-21T00:00:00+00:00,20.090112304540884,24242.24392663355,707720657.658138,922177609.4317899,151170.99851965782,14.0,normal,12.202333841347041,9.906336122641697,9.45688932942193,8.933590685355393,9.153247947282745,10.724878101931457,11.825542797779582,14.659626543047946,17.313227911500544,20.133544210516284,23.09209747790682,25.668525821000753,28.1131243164888,29.828524205222145,30.61652226103931,31.674028492867652,30.729263469611197,29.478048353790882,27.991804183085954,26.006582783211783,23.00289557786356,20.133544210516284,17.140634598630005,14.37788206692147
arn:aws:rds:us-east-1:acct:db:db-1026,2026-03-21T00:00:00+00:00,19.888977591789487,25505.59769758001,579251054.4854705,736506637.3375887,117840.33441662611,14.0,normal,11.679229195904657,10.475991275571953,8.959666157994802,8.688764956131447,8.529510488357529,10.614800237653014,11.791477355174344,14.371736532632758,17.12979004422783,19.90466718194733,22.689710058367126,25.518788899873112,27.608052791903745,29.756399961763798,30.74709815102155,31.59975510298806,30.400595023433404,29.633139268874338,27.707886758476192,25.745327003396625,22.914120784583872,19.90466718194733,16.85950813349667,14.104779657226224
arn:aws:rds:us-east-1:acct:db:db-1027,2026-03-21T00:00:00+00:00,21.588428384625416,26653.061454301584,524572779.8566715,617607064.4205086,104677.12981613183,15.0,normal,13.355841879959288,11.908696755551782,11.043278602064948,10.62675856276282,10.174717445814009,12.233170999773895,13.706791972355397,15.856227754766392,18.564991519445353,21.55650104602117,24.42721786180966,27.03202472664117,29.72093083435936,31.225715759353207,32.005521237970896,33.34168037044155,32.72532027775728,31.427268316609524,29.37748038520032,27.362856617893932,24.39210406701501,21.55650104602117,18.67873182572564,15.821951365696187
arn:aws:rds:us-east-1:acct:db:db-1028,2026-03-21T00:00:00+00:00,15.438195416735905,22022.82831349886,517068581.7658991,618752149.1878083,105802.75249931442,13.0,normal,7.298785310922143,5.666657338843995,4.976865991210256,4.605109276983087,4.811843163129776,5.552098972784044,7.659234654743927,10.051226685900692,12.513158230273573,15.454439201939753,18.435343486690922,21.092745115009688,23.120846927971613,25.614371311830805,26.43179795724014,26.14959537767016,26.000798973936067,24.90534441347079,23.41192142970693,20.7990913139751,18.29361237433686,15.454439201939753,12.66101601973756,9.556347271414104
arn:aws:rds:us-east-1:acct:db:db-1064,2026-03-21T00:00:00+00:00,17.404521927211785,22860.51489994632,650818079.2404447,800332796.0804567,128355.68248026365,12.0,normal,9.286967979708834,8.118518024000295,6.349539891146239,5.916384329588535,6.352245307794116,7.349082333279957,9.066773857908498,11.86823748327937,14.601273903042177,17.41376948232057,20.192673725009882,22.8590172379027,25.738258611627245,27.544683144426052,28.146418767646278,29.05223524848565,27.92103712544414,27.548448333624854,25.308503204157308,22.905485239304763,20.42452696521981,17.41376948232057,14.56506517663431,11.76561139921074
arn:aws:rds:us-east-1:acct:db:db-1065,2026-03-21T00:00:00+00:00,17.676245316628634,23294.22230568868,699660497.7736887,807797721.4090211,138311.3510431483,13.0,normal,9.550758743749848,8.273004578901366,7.288173981557847,6.670422860756189,6.491666302439307,7.988717119763401,9.471165579918749,12.262150592254496,14.874425856353076,17.710425228101375,20.55574631797192,23.101705018687593,25.593412210164633,27.030126458766848,28.769077888391852,29.13945595411438,28.186796588055085,26.976635464898923,25.891510613994395,23.43977841828315,20.601001847504936,17.710425228101375,14.766982708185205,11.886322038171286
arn:aws:rds:us-east-1:acct:db:db-1066,2026-03-21T00:00:00+00:00,16.378371056414714,22795.776133060004,677301149.2896761,827281172.3606822,137801.67575003006,12.0,normal,8.758659644772898,6.8731115144789205,5.646468839359181,4.7239933532887335,5.8651889206767,6.554111052046804,8.55471826375194,10.654035689448264,13.273383925510007,16.330549950011417,19.15895369221355,22.195067316399626,24.161328040428835,26.222711815293955,27.678327914005738,27.981342454846935,27.145155170222754,25.701510417551223,24.264885472527997,22.030385333540185,19.1626796690074,16.330549950011417,13.283339995121136,10.53044695943753
arn:aws:rds:us-east-1:acct:db:db-1159,2026-03-21T00:00:00+00:00,15.269412647619966,5481.495316368702,107657564.70142697,126615768.94620399,22308.166143730847,11.0,normal,7.365254753458732,5.515540549137805,3.979266015805668,4.472250836414968,4.392149333075073,5.9645739338991355,7.239563383719174,9.603193599948435,12.242852273324596,15.279902034495697,18.108427743409738,20.852130411201173,22.96123963435582,25.21249535793821,26.24017530625745,26.942940359679966,26.34465666266716,24.625309715006544,22.89667512738422,20.657745936323455,18.108585950586235,15.279902034495697,12.446745977687138,9.734326612607056
arn:aws:rds:us-east-1:acct:db:db-1160,2026-03-21T00:00:00+00:00,17.626823215222878,6295.771175131994,109114042.84974757,130806660.17683834,22295.68993780604,14.0,normal,9.787774743265427,7.777971955574937,6.89902698292339,6.40581812795039,6.822873142407666,7.961282525875776,9.651826919259378,11.783864683046966,14.677817371337117,17.602054499636605,20.42412238988178,23.253058968535587,25.725323207060338,27.22429808739693,28.8053528015085,28.993385888110744,27.93203950571506,27.65639489843261,25.294615412170614,23.426608639886528,20.583142198694794,17.602054499636605,14.633188850143194,12.119860866898128
arn:aws:rds:us-east-1:acct:db:db-1161,2026-03-21T00:00:00+00:00,21.194146408974706,6664.972017212623,105777962.42515408,129509600.81917995,20742.63512320451,16.0,normal,13.172314737567303,11.878740350806812,10.31223584794749,9.526227105921183,9.89505993462344,11.337665974532888,13.23717532816966,15.584031754334418,18.39737270072784,21.211709535450346,24.182920215024616,26.948580034462886,28.77022714788731,30.80778542862583,32.32170681471943,32.05586049720216,32.346403718829166,30.824921769484966,29.516580357446728,27.079107201589128,24.03456196672971,21.211709535450346,18.346926602210203,15.659689255649043
arn:aws:rds:us-east-1:acct:db:db-1162,2026-03-21T00:00:00+00:00,16.363180390069566,5813.096372158925,129870355.29917714,159958010.85130337,24919.394049196984,12.0,normal,8.047722343688754,6.92638563959703,5.780107486778892,4.559782392205581,5.351508423254229,6.978746373324931,8.223190351318763,10.927630819772062,13.452274435073488,16.36584487859653,19.28171719951233,22.047424419627013,24.2636964720695,26.41070944411663,26.897969310177988,27.633631958914908,27.07132374915527,26.452637266417018,24.28619879947076,21.83779064719361,19.39197194892129,16.36584487859653,13.355532938936271,10.806687184950206
arn:aws:rds:us-east-1:acct:db:db-staging-orphan-01,2026-03-21T00:00:00+00:00,2.102770172274611,26214.4,280938916.9146806,334983469.8163014,58333.39376976677,1.0,anomaly,1.6648924534302987,1.8283341508324868,1.6589754440991464,1.1277434945597777,1.7376654452394267,1.6400962323861803,1.7956247413644286,1.3549382719362413,2.250140183996943,1.9514713980456582,2.148941214940893,1.634751395249391,2.0020787508255644,2.1291506612495175,1.8016587928325478,2.376127367277335,1.0646068237763429,2.431522892260649,2.3502976514720944,2.2375298691675694,1.9038483681679415,1.0834536655263054,1.2006669180820326,2.0936382966822364
arn:aws:rds:us-east-1:acct:db:db-1215,2026-03-21T00:00:00+00:00,20.128170784098597,3207.5284828213335,113142304.82402039,140062979.13219875,21624.898492123593,16.0,normal,11.813676445845449,10.828261538309444,9.199333591226345,8.609970685674021,9.734625484166548,10.12569663299041,12.006389841588033,14.400739039466634,17.04183648019388,20.08763714013201,23.136793915612508,25.94806901095705,28.28199465603562,30.23901640193648,31.458759034706606,31.39691518164384,30.86761874300674,29.644825435740664,27.824054348950984,25.71535919557293,23.08106955072632,20.08763714013201,17.0818693316564,14.463949992095403
arn:aws:rds:us-east-1:acct:db:db-1216,2026-03-21T00:00:00+00:00,19.96175751298801,3268.1871859006783,109271700.48679,138768555.55140275,21925.63065352006,16.0,normal,11.730515067961626,10.001857057202622,9.429672710168623,9.222426085594757,8.687464203007895,9.998662732200131,11.676509509865372,14.48801326821278,17.045625267991007,19.915662099716638,22.917235963166473,25.51955753269082,28.238955371154454,30.113236143184437,31.04139895422138,31.07235176235429,31.056343645661762,29.25259057008568,27.59946363018017,25.57559928562626,22.881147923487696,19.915662099716638,17.146947705093666,14.555281723167072
arn:aws:rds:us-east-1:acct:db:db-1217,2026-03-21T00:00:00+00:00,17.487310380516114,2956.7508359685808,87343351.42483354,112417939.9839131,18472.866435363012,13.0,normal,9.18999523818283,7.305874044603161,6.44229993162027,6.419513026437069,7.05876794388553,7.987191104337097,9.767750444304294,12.000269566862324,14.418238039724296,17.45671403338606,20.348594869656747,22.928170396680333,25.410991327309638,27.674699647221143,28.00780516442001,28.465471065171705,28.61009656220376,27.617224401539456,25.431949737595545,23.235306523810518,20.227534596650585,17.45671403338606,14.678157336732145,11.556120096666142
arn:aws:rds:us-east-1:acct:db:db-1218,2026-03-21T00:00:00+00:00,18.90772721514318,3221.7932042808666,98383076.37078868,122617998.30338185,19593.427995373466,16.0,normal,10.873979126277593,9.388560688169617,8.601496940903008,7.46155635022367,7.828416509321201,9.651262300875311,11.035621578782438,13.55883646195266,16.05578902242123,18.92527279180321,21.980729946105384,24.475100140038943,26.681170696077903,28.784842391377648,29.348056138569728,29.803233630866973,29.70261436893749,28.517055453613633,26.680791141599432,24.407456827726257,21.757802932241795,18.92527279180321,15.894178121942579,13.44635681180536
arn:aws:rds:us-east-1:acct:db:db-1219,2026-03-21T00:00:00+00:00,18.389801275050264,3298.8889607063884,80524405.7307162,99002891.33469722,16797.541285244115,16.0,normal,10.801597191086659,8.667242441799388,7.817385210902282,6.921326748389559,7.295981559283781,8.715500745688564,10.437782966492696,12.953853696273887,15.316684676947704,18.36538783718756,21.383304348638998,23.992100991205852,26.097504879754474,27.890538403395084,28.89787075102798,29.637854198673747,29.01496029559987,28.47045588695113,26.56877811573424,23.988887035880442,21.404275654664914,18.36538783718756,15.513481467738524,12.837087660701462
arn:aws:rds:us-east-1:acct:db:db-1025,2026-03-22T00:00:00+00:00,17.74308665997057,21979.19580039132,730010192.847912,898488527.2288374,149561.26183953864,13.0,normal,9.650542080687597,7.696023106822039,6.8505464332193835,6.0508055780474255,6.9974425521302805,7.965518896350852,9.41441412823009,11.881622108284088,14.893684209995579,17.707048598542258,20.724730688517084,23.608636781260564,26.05743879706759,27.350977094808112,28.882358165522703,29.501719836381124,28.85667849405139,27.32946949125267,25.726763741128376,23.523204699450265,20.718851126677755,17.707048598542258,14.846262016113872,11.892292616210252
arn:aws:rds:us-east-1:acct:db:db-1026,2026-03-22T00:00:00+00:00,15.17432735026118,20999.847046244908,538958037.023822,622940169.1169919,109186.51873497662,11.0,normal,7.118234306298792,5.812877692564468,3.9154824505060875,3.65,4.331204010207123,5.138373951292061,7.259453698398339,9.65640455263493,12.34040686284746,15.138723981289607,17.9495074781371,20.99220078986749,23.437879122537705,25.254106985826624,26.240261669922987,26.284644679240003,25.943184567834024,24.75196638720862,22.983592766191578,20.9832967757387,17.96961343938011,15.138723981289607,12.159380965154122,9.734335291900738
arn:aws:rds:us-east-1:acct:db:db-1027,2026-03-22T00:00:00+00:00,13.84325586559622,19428.51617410547,457965186.47813433,589564800.3302493,94931.87207271627,11.0,normal,6.3632533045746715,4.333269448926864,3.65,3.65,3.988662219205558,4.984859610730169,6.50359595745047,8.307780577475457,10.926331153059065,13.79419136404305,16.619052101036605,19.37807135067242,21.581808377379183,23.124184266845784,23.65883750688563,24.814427990878976,23.662694407434646,22.756885546181273,21.31478751863608,18.904317363611476,16.531029466584823,13.79419136404305,11.111092334463637,8.484817544190406
arn:aws:rds:us-east-1:acct:db:db-1028,2026-03-22T00:00:00+00:00,15.260344022319268,19806.19301671841,519356923.8461716,611733597.786565,99056.52771144015,10.0,normal,6.966135036883734,5.828765469889072,4.872375486862602,3.533545252912535,4.215641352222456,5.118008477168675,7.622040945717682,9.846212748677758,12.21891933618973,15.240800339908962,18.140285292875966,21.020827514662024,23.321716864365662,25.23513691492366,25.57894871798758,26.377533259301842,26.561954183161962,25.156351940710913,22.83406721607185,21.144956129627204,18.296139713831295,15.240800339908962,12.21494358305204,9.662150418748299
arn:aws:rds:us-east-1:acct:db:db-1064,2026-03-22T00:00:00+00:00,13.839839325345828,21126.029484955427,638108791.8151453,752950471.4719973,128039.66690983356,10.0,normal,6.41289512184847,4.201545349098597,3.5,3.5,3.5,4.321783766290964,6.049888375097398,8.561415801507156,11.014871979206585,13.768568439968234,16.49880726402666,19.199213140900113,21.466140110614358,23.32209202239644,23.87133934159744,24.983140921563727,24.666786051276084,23.1269817537099,21.327858030116882,19.010628407082187,16.538534365792323,13.768568439968234,11.095171637315044,8.449913488923112
arn:aws:rds:us-east-1:acct:db:db-1065,2026-03-22T00:00:00+00:00,15.482351283601808,19377.78176505678,618041801.6153307,764034307.064469,128002.08155459077,11.0,normal,7.65004384925594,6.0548565837563295,4.09435022658586,3.979144726778739,4.899030721294702,5.626085697879476,7.411263130914445,9.909659701255327,12.507834406208074,15.480104944691266,18.368398423404308,21.38404254902111,23.81571238770281,24.83753343934494,26.41065423691047,26.40483383607132,26.112560913350528,25.406919951836514,23.63141412880394,21.005862111156567,18.40900026972979,15.480104944691266,12.561875703041634,10.135143922758004
arn:aws:rds:us-east-1:acct:db:db-1066,2026-03-22T00:00:00+00:00,17.357180636273966,21379.55900688173,641033285.1565983,798452506.9005733,134297.566408603,14.0,normal,9.77056289257166,7.465468642286888,6.531708326346962,5.603989113198147,5.990818201006371,7.2668976143575925,9.763875476131686,11.819509320359325,14.332974776868078,17.34468014211016,20.273546815280135,23.25052718156997,25.218095039913337,27.339388819638728,28.264709952981455,28.840161768912328,28.38331000924315,27.44094941337793,24.924272298161938,22.772606263377607,20.132175769814175,17.34468014211016,14.570085803431565,11.927341487525863
arn:aws:rds:us-east-1:acct:db:db-1159,2026-03-22T00:00:00+00:00,13.416046154473268,5121.920756852089,103033397.17640701,132476750.93117742,21078.658203559244,12.0,normal,6.495851199540891,4.475163105566586,3.8,3.8,3.8,4.24995735283462,6.204603140639603,8.480544200095117,10.917951353004842,13.407737774332297,16.07083310695625,18.52367288748197,20.413149561021537,22.159579022682404,22.68857699489828,23.55930962356524,22.92731169583017,22.27431351717588,20.214118555227785,18.685534271365874,16.097967747713923,13.407737774332297,10.86622659653927,8.464968226553651
arn:aws:rds:us-east-1:acct:db:db-1160,2026-03-22T00:00:00+00:00,17.348123693814905,6122.645044675337,110146488.60789151,134882787.86998856,22665.308117553068,14.0,normal,9.124542819378696,7.219404958135005,6.414282028555139,6.292735210889129,6.08136646014488,7.319766564041078,9.537459461193425,11.997525228403202,14.458577707866356,17.35640735209477,20.361336324277566,23.132911309517343,25.472126035250863,26.975516014604352,27.831356636794492,28.41253699692284,28.656869890271338,27.438979042775326,25.05081048606924,23.257830911885748,20.306410085693358,17.35640735209477,14.385199126393562,11.91461064830519
arn:aws:rds:us-east-1:acct:db:db-1161,2026-03-22T00:00:00+00:00,15.533687257690543,4941.939650370331,98073861.15467769,115013329.40560511,18714.683895030346,10.0,normal,7.857574542384209,6.089065384611404,4.333320749862293,4.130063448829754,4.540664340571167,5.489457833619797,7.277183418367896,9.903427114095617,12.738764177554774,15.5779522122244,18.599202755272238,21.004656759014463,23.467710343508156,24.989892150583334,26.64496211841123,27.01400613398428,26.877866046838488,25.214231313147774,23.31799211955743,21.126496366065354,18.547102111061307,15.5779522122244,12.787499873311816,9.701450659471426
arn:aws:rds:us-east-1:acct:db:db-1162,2026-03-22T00:00:00+00:00,17.032625940299376,5737.840294689106,131445908.19573501,147690292.19925582,25998.395312634657,11.0,normal,8.91819596621475,7.197412431485159,6.299278851383049,5.908692915786679,6.037826798038397,7.006631347956127,9.242747684480385,11.368235007636654,14.132768349000177,17.03369231543844,19.967961649798106,22.881642928898692,24.641594704553988,26.85486266169555,28.248028293935164,28.382435445491677,27.815594136780035,26.575373310175344,25.368549117336592,22.457409769637184,19.893759100456577,17.03369231543844,14.131790789585443,11.384846675982455
arn:aws:rds:us-east-1:acct:db:db-staging-orphan-01,2026-03-22T00:00:00+00:00,2.273115583120816,26214.4,294015911.04467607,360321416.9175466,59226.34558799939,1.0,anomaly,1.1523547744947824,1.8683448284519575,1.4622612372627262,1.726086329020246,2.3079305421249794,1.4791804516698268,1.1406551888127776,1.0885220972979366,1.470921475787818,1.3790301966251923,1.0225600832158934,1.5130555016744025,1.8742871290705203,1.6761347122064056,1.0444445065101622,1.2376603004429918,1.5725262693908026,2.222272161122027,1.7998488818716227,1.8493302474546156,1.7126886293444612,2.3207520206169043,2.161527686802172,2.1242076487445924
arn:aws:rds:us-east-1:acct:db:db-1215,2026-03-22T00:00:00+00:00,15.50506417658356,2784.211722947053,102611683.23736957,117400695.96390404,20108.571600529922,12.0,normal,7.44152867340246,5.827736780215694,4.7526426742336465,3.9217326348640524,4.169172703892676,6.224879251363892,7.8820498302605015,9.636896133156366,12.473255554954012,15.503963403775291,18.556777755425653,21.32656563073048,23.12513878555967,25.24254277484591,26.423235001286585,27.156122556304542,26.63614119450071,25.679883656168528,23.100674476232477,20.870405337937623,18.54170029198325,15.503963403775291,12.48378497454437,9.64074675859176
arn:aws:rds:us-east-1:acct:db:db-1216,2026-03-22T00:00:00+00:00,15.978984246449887,2798.074111771064,102114851.74904567,125840197.23437713,21736.396316967715,12.0,normal,8.124392393878324,6.277199091362793,5.348760773880237,4.2898569178456185,4.615856844321466,6.46656170263359,7.8639990220546805,10.153862674109178,13.141471132564625,16.004164625396598,18.80484983103576,21.809361611622798,24.23220394235545,25.4961079478968,26.700467100280317,27.219656222500323,27.315010757106457,26.182618648401,23.87930082404481,21.534392209995655,18.774516770249384,16.004164625396598,12.978596379323537,10.278249866541298
arn:aws:rds:us-east-1:acct:db:db-1217,2026-03-22T00:00:00+00:00,13.010637423844098,2722.6906497585674,86498026.09182008,103470035.25907347,17824.781048381803,12.0,normal,5.836533614086119,4.739052413504476,3.870507676063401,3.8,3.978949243457905,4.383875935596402,5.876437972290845,8.254066092931525,10.466642942315861,13.019152047935346,15.539539690503194,17.774167904418682,19.832890325188078,21.568433799040637,22.500588151876453,22.301515155527277,22.375009851375687,21.114150430467888,19.786413731652345,18.070437122683465,15.411669196498561,13.019152047935346,10.488984113221836,8.247128713687097
arn:aws:rds:us-east-1:acct:db:db-1218,2026-03-22T00:00:00+00:00,15.200398205220264,2837.563413805239,92810800.83092423,115017931.61901082,17488.88455503528,12.0,normal,7.345820918557713,5.521529898795607,4.786324179658801,4.051261662316907,4.662833775083404,4.973464141691251,7.34129579646853,9.732704906557252,12.216143571807102,15.127219285817542,17.932436821584933,20.86658212441807,23.233164608356912,24.93073228144988,25.72675608006404,26.207377923737177,26.387257388694415,25.283576779049536,22.864152175417974,20.518160094017155,17.933197165593864,15.127219285817542,12.26128468497576,9.779061375354939
arn:aws:rds:us-east-1:acct:db:db-1219,2026-03-22T00:00:00+00:00,14.635225335190336,2664.0959817127236,77252818.64516598,92991015.91126528,15516.0065793697,11.0,normal,6.532712504245607,5.135456795413813,3.65,3.7170519378407922,3.9325719159650494,5.330697728092847,7.050422490171615,8.879307891838508,11.6295793639139,14.629304100276661,17.475083031522228,20.064815642032013,22.382474161483067,24.14525427911587,25.8129383719155,25.454271898260828,25.604638411530534,24.147187544568816,22.571129379811325,20.134326727937587,17.594201216309024,14.629304100276661,11.782957158312113,8.959721393733647
arn:aws:rds:us-east-1:acct:db:db-1025,2026-03-23T00:00:00+00:00,37.39742617033756,31090.478784376675,912086829.5074817,1082740081.9087343,178502.87859583428,23.0,normal,26.543033089932255,24.009046960652224,22.481210250200004,22.00641917230625,23.24376646854837,24.42848118166509,26.923857548364712,30.312294865899563,33.62828816003193,37.52103093292295,41.542104406772715,44.70842366520115,47.753299378531146,50.61870354181947,51.51455693539973,53.20781319040494,52.0779170901027,50.1034880996098,47.65856673976574,45.06349895157555,41.52986658133049,37.52103093292295,33.471238545597146,29.670291398544578
arn:aws:rds:us-east-1:acct:db:db-1026,2026-03-23T00:00:00+00:00,35.78995539836612,31326.641312404194,711138373.3766074,868216793.8648336,140422.95174106662,23.0,normal,25.190240950774083,23.355447876487037,21.660942256659194,20.82422888357282,21.97142471980116,22.27471435053913,25.34438557964734,28.33772327819782,31.900247054313212,35.805401053682395,39.57655264229776,43.04053207140964,46.070608843879484,48.627530633486145,50.60193721434088,51.05297554969791,50.44953829439977,48.36186326169481,45.98117326096323,43.065326746612435,39.802446236281426,35.805401053682395,31.852865834641978,28.0054219137247
arn:aws:rds:us-east-1:acct:db:db-1027,2026-03-23T00:00:00+00:00,38.19737779602958,32691.425835574766,641354087.0306433,732373389.7975116,122361.36452021665,25.0,normal,28.119782235972316,25.196904646232724,23.061084913225063,22.77335303232905,24.12451625477746,24.748333636998993,27.548498893338024,30.409082485151743,34.243641879027635,38.239034942481005,42.10948128633032,45.902272296082415,49.019876048630486,51.140954332799616,53.282804584926915,52.7100817408182,52.94752480065519,51.245831334725686,48.53866613339859,45.47674586778265,42.20084759266133,38.239034942481005,34.454232323137646,31.004480900745968
arn:aws:rds:us-east-1:acct:db:db-1028,2026-03-23T00:00:00+00:00,37.15163540338021,34543.952071201114,661208267.3443495,750391617.7964245,122143.12720481679,23.0,normal,26.709032195705387,24.46903232620964,23.32710436392816,21.644240548679594,22.051575370164606,24.456309198752074,26.24867164995995,29.56427577615355,33.31717803173598,37.199774222925434,40.95425241520114,44.815742335837214,47.97576855271088,49.733755196452975,52.00507534178127,52.10865712619868,51.98557138597472,50.26128811619436,47.31371304129429,44.591441532620884,40.89915100199214,37.199774222925434,33.43949748203905,29.368368245687538
arn:aws:rds:us-east-1:acct:db:db-1064,2026-03-23T00:00:00+00:00,32.58591302270632,30677.57627487839,807662331.9409,944803323.0117604,153984.2136554193,21.0,normal,21.980306259708854,19.129818863921518,17.6397881996296,17.201906343450993,17.89237243898209,19.720957691230804,22.24371358436654,25.088975888515222,28.803704378012288,32.658285050937806,36.422877745431556,40.39469929571487,43.27434194798064,45.77238678475573,47.577626276114835,47.27829083533383,46.94435110987381,45.16384227423783,43.21067145017394,40.27877475800601,36.513080813371126,32.658285050937806,28.681404520371444,25.531450983892473
arn:aws:rds:us-east-1:acct:db:db-1065,2026-03-23T00:00:00+00:00,33.180795760617144,30858.047992983607,818857965.8830006,935777763.7074823,168111.14877091057,20.0,normal,22.721639981353267,19.74915402737275,18.664211843701793,17.554876657974077,18.672327980492142,20.689921818067205,22.704907725751582,25.67020183131126,29.21113534871011,33.17981570228351,37.16945444827786,40.47153915682499,44.2887328278518,46.32615650217804,47.956421648258946,47.499610924035544,48.061339123579266,45.80642379397961,43.99401344218536,40.74870946192798,37.08558535035201,33.17981570228351,29.257222189224784,25.675880766833973
arn:aws:rds:us-east-1:acct:db:db-1066,2026-03-23T00:00:00+00:00,39.725904731022595,35312.02266233729,881723511.9856128,971779675.4662093,177037.84417500926,23.0,normal,29.174427905811573,27.02447602285316,24.60459533375465,24.377304368672508,24.87046619868757,26.29485296646183,29.08293349365542,32.1390721342861,35.818625583586126,39.815618267733875,43.88389649424627,47.27849831027838,50.486948463170044,52.94499678645506,54.32346012729231,54.65861209724993,54.86008765269673,52.21324380087651,50.152629119818116,47.69060550628326,43.58635649637362,39.815618267733875,35.81827590916228,32.50611223740304
arn:aws:rds:us-east-1:acct:db:db-1159,2026-03-23T00:00:00+00:00,39.24497708923828,8799.802179382034,129430068.13293035,161851873.2706583,27234.27100063289,23.0,normal,28.371953051574014,26.890672328372336,24.792010057950172,24.705046614547737,25.348567991738204,26.024510204297354,28.27737126571442,31.580134302150288,35.51540112708428,39.357074303127746,43.175925373138064,46.566397134353636,49.87690870757527,52.43269258612651,53.1575873810374,54.39284879662283,53.19590935266406,51.71706563141696,49.69998858486776,47.03511176863417,43.11751085576463,39.357074303127746,35.44491983437746,31.8467685854557
arn:aws:rds:us-east-1:acct:db:db-1160,2026-03-23T00:00:00+00:00,36.768822433751204,7906.655589229149,132736049.09158584,156643589.04714295,25374.364276460918,22.0,normal,26.48295823200508,23.42600257821613,22.254250450408474,21.64548450522893,22.371535192478408,23.27107098796041,26.415779035264148,28.98190878334456,32.84208146148211,36.80140496852872,40.732911753359886,44.154617025030376,47.68292493594319,49.74951239435708,51.566472066476145,51.370450745908144,50.63338701643268,49.96604341058986,47.80496534930508,44.49923670288081,40.82445497857976,36.80140496852872,32.774990914873705,29.397889952846473
arn:aws:rds:us-east-1:acct:db:db-1161,2026-03-23T00:00:00+00:00,39.40147168284365,8476.851635857403,121482125.58844599,145724732.83092493,25558.588170751133,23.0,normal,28.5645444109547,26.51738494512296,24.417296687189317,23.73577606475048,25.529617570894477,26.707500374318386,28.47445596297151,31.845367642825103,35.54413634859062,39.465155378209914,43.33306363272098,47.1375804758461,49.58871788224609,52.55723230139775,54.159153159591725,54.264144224826595,53.95083358391051,52.02121936544839,50.394015293966156,47.00963811270322,43.3685168423148,39.465155378209914,35.608225600169476,31.97658914906848
arn:aws:rds:us-east-1:acct:db:db-1162,2026-03-23T00:00:00+00:00,37.382153321820006,8212.91841643717,151651804.05818155,181999537.08108115,31867.326306727264,23.0,normal,26.94734027625465,24.841435956666707,22.12229950901931,22.302767581743705,23.507875805923096,24.01860922100403,26.77144480708503,30.03232167732632,33.45150031210722,37.28340809952134,41.13011296751754,44.91425137022593,47.39000408924751,50.13265736446718,51.9709498131799,53.03058074872325,51.93109809312261,50.82631025264833,47.75182049209269,44.76791192192509,41.34162611901988,37.28340809952134,33.32459154065394,30.097353604683608
arn:aws:rds:us-east-1:acct:db:db-staging-orphan-01,2026-03-23T00:00:00+00:00,1.862570549137801,26214.4,272176694.8613139,316913840.3474841,51932.30286861615,1.0,anomaly,2.329105728230764,1.3820576082715905,2.1004916712007953,2.4628446730724454,2.2262545886189096,1.96697742771487,1.956793079423524,2.1994795535805363,1.720554683591119,1.868096004913196,1.937553935334139,1.5831575632559582,1.1733535691327637,1.0034012500215534,2.2813085890986597,1.009767271353311,1.0115960132291364,1.6398264510081182,1.5825812996908342,1.274388055561412,1.8935587782751588,1.4335755639774386,2.087817234018643,1.7196179362039434
arn:aws:rds:us-east-1:acct:db:db-1215,2026-03-23T00:00:00+00:00,32.72152372031492,4091.1417430382294,123334780.09180357,144976333.4819125,24513.20626887834,21.0,normal,22.497749974452297,19.82226642782014,17.661896994575095,17.445078070989243,17.63115295951722,20.230377691752317,22.30348771611607,25.324278941269228,28.74499398854805,32.645795158454725,36.713112100980176,40.43610193289803,43.177008518666234,46.09587597927185,47.69716668397481,47.7760050346433,46.91702964031665,45.59108158131611,43.304993761007815,40.22528287286793,36.428653534055655,32.645795158454725,28.744791786711232,25.25659277889926
arn:aws:rds:us-east-1:acct:db:db-1216,2026-03-23T00:00:00+00:00,36.01806072083186,4494.27721102108,138020625.20446724,156115025.5620473,26132.125066027533,23.0,normal,25.880929298204617,23.502910921672257,22.11037236180103,20.409300188159573,21.744427919955736,22.782237977757273,25.398066373813098,28.472163437451396,32.15233436275606,35.96489259881157,39.74293735796944,43.70638637045606,46.44852892834999,48.993839488084234,50.42535159863681,51.622790429482606,50.204755566680845,48.88865527043216,46.3801272046763,43.7156418231222,39.707574240700545,35.96489259881157,31.97066790802758,28.24367307415167
arn:aws:rds:us-east-1:acct:db:db-1217,2026-03-23T00:00:00+00:00,35.08616779971695,4085.981094776092,106526582.6444943,125771329.74638613,21250.313720537182,22.0,normal,24.578309521293605,22.093827951124833,20.970445513585183,20.677380414506157,20.426739840824556,22.0535045808148,24.033025368476412,27.418762717709782,30.98750158041914,34.98944521678196,38.92779178956921,42.54524615239451,45.967225607044,48.1737143118397,48.79980034576464,50.069774075524144,49.68803342466237,48.2629582178031,45.78591323418358,42.81678574880732,38.85133233846984,34.98944521678196,31.27783291784975,27.683231106976166
arn:aws:rds:us-east-1:acct:db:db-1218,2026-03-23T00:00:00+00:00,36.76964067542928,4478.335698611149,114289708.9253907,142016808.8270484,24292.761334577724,23.0,normal,26.436918326807096,23.576394700236094,22.837276005222417,22.20022272920325,22.750416438933424,23.38053274758499,26.45259784822633,29.12318884495251,32.88797046246862,36.60879259137037,40.44950159803404,43.739105787717904,47.67487983247317,49.92333487002734,51.59881678208051,51.64408021898848,51.80030401931423,49.897614948397475,46.89768479846198,43.75088566687447,40.55608280421691,36.60879259137037,32.629379782306394,29.046601815034396
arn:aws:rds:us-east-1:acct:db:db-1219,2026-03-23T00:00:00+00:00,38.35068388789063,4328.742027052544,90622213.78547907,112894759.58424501,19314.49859852718,23.0,normal,27.444474862821544,24.94919473926737,23.840151686816913,22.80764536390195,23.748845889332085,25.803214583939944,28.080084590014444,31.03273730098086,34.399929226498976,38.43412016170067,42.32634287421781,45.60474984046216,48.52692595299176,51.918815686445825,52.55269301050767,54.07158885060842,52.25942842961207,50.84973055905982,49.19811109463912,46.098292626989085,42.21830245898215,38.43412016170067,34.668606219162946,31.148307138720863
arn:aws:rds:us-east-1:acct:db:db-1025,2026-03-24T00:00:00+00:00,37.19820204541898,31222.503033277102,859065858.7281718,1021134786.6322497,164752.6037742493,20.0,normal,26.092772047286275,24.619984951475693,22.564231364488514,22.363397182689372,23.339399444358527,24.12229278481106,26.259246782294944,29.365055297031695,33.270128679028446,37.16705009666743,40.91713635861953,44.41009422328574,48.06162679562708,49.80560892436448,51.813007939135844,52.48572580428208,51.74199962505452,50.80081581908884,47.95831186379504,44.90538519852326,40.89426526613323,37.16705009666743,33.11905876210336,29.513203783243203
arn:aws:rds:us-east-1:acct:db:db-1026,2026-03-24T00:00:00+00:00,37.13997756066856,30562.312100451767,689086198.1306611,807467649.653956,140131.56109651434,20.0,normal,26.305505841711394,24.753989656091846,23.20641899376259,22.408638645686832,22.019811134331107,23.851662450145348,26.585411533666,29.51175217341915,33.11411693277667,37.127487083255325,40.82002596510846,44.88218479914607,47.268617947528945,50.65979148520659,51.98899791117927,51.902382596336025,51.598705363916494,50.61123183411724,47.54876908786865,44.51206805776157,40.83021064741786,37.127487083255325,33.28839263746457,29.435801594892247
arn:aws:rds:us-east-1:acct:db:db-1027,2026-03-24T00:00:00+00:00,36.63329252978184,33638.70612897893,644720988.4475545,755965583.6790074,119589.9823098585,23.0,normal,26.220561695261893,23.323799776690898,22.496066026205963,21.69497025334019,21.73320758543743,23.699356291612506,26.240595892305866,28.98650426496805,32.57697641012855,36.529909658465535,40.59073699953444,43.664424966531875,47.550228792822466,49.34558214247403,51.50689583616093,52.179237473644505,51.03563226391665,49.84752040199932,47.38384293530527,43.8353796787225,40.22896659358399,36.529909658465535,32.758909217057095,29.239805900128733
arn:aws:rds:us-east-1:acct:db:db-1028,2026-03-24T00:00:00+00:00,41.33704304552632,35518.43605175507,628889930.6556149,741520871.2182575,128664.7020820157,25.0,normal,30.189529879850753,28.073555877386156,27.378280626808568,25.661590863840225,26.896709721444854,28.463937273016548,31.0064066604323,34.029538958419934,37.48143871983753,41.311719627856974,45.3580089801273,48.74611318251699,51.69615623778728,53.86517269465513,55.9662995735905,55.83393673434246,56.42019157151229,54.57050661328815,52.438749957598986,48.74608929307121,45.049788515686615,41.311719627856974,37.580018995338826,34.0135729063652
arn:aws:rds:us-east-1:acct:db:db-1064,2026-03-24T00:00:00+00:00,41.46670710272713,35533.84596889381,858453861.6326326,998842283.8030566,173027.19182184,24.0,normal,31.222872332618124,28.486795999825205,27.24655951979355,26.901591556657465,27.49594828957843,28.959493522025717,31.06939633139637,33.94724955782366,37.5560926255337,41.33985670311829,45.20743055102411,48.66831733158557,52.06564209455472,53.949007222486664,55.432163705379004,55.97085835593608,56.46119399484751,54.54944620362287,51.75853628259585,49.0144756129579,45.35164602820422,41.33985670311829,37.62142005831802,33.58511988244971
arn:aws:rds:us-east-1:acct:db:db-1065,2026-03-24T00:00:00+00:00,34.58589848428454,30509.23494319234,821148900.1837842,1044507532.8641706,169355.00805651073,20.0,normal,23.864962347813492,21.139612221861256,20.244703422318672,19.136109877931904,20.552145988011155,22.264775422353285,23.853326962265843,26.977290135982365,30.71842932467432,34.68586583369023,38.73251742956932,41.940556422266845,45.46033305811787,47.46805655814118,49.36271786706678,49.56704072202572,48.75796308190699,47.155288870840515,45.08288530973194,42.15210252085298,38.5952489044236,34.68586583369023,30.768487303873762,26.895278203418705
arn:aws:rds:us-east-1:acct:db:db-1066,2026-03-24T00:00:00+00:00,37.84652280888522,33069.875566716146,797076566.4950192,954799796.6062416,158348.51810616872,22.0,normal,27.479016730073077,25.166969922805773,23.352435075021905,23.52411150718884,23.0349234040058,24.3974532593722,26.91908990583995,29.966629398275085,33.96252902872977,37.807867951610824,41.85226487472323,45.20762253954342,48.8029522302443,50.88380143420596,52.56465319901086,53.214462734411285,52.25156960853777,50.686749930242286,48.632888960443545,45.075054849507026,41.78786559013602,37.807867951610824,33.89941626398271,30.038351063722825
arn:aws:rds:us-east-1:acct:db:db-1159,2026-03-24T00:00:00+00:00,41.52533405878696,9008.966650778288,136372718.141474,168060271.17529836,27128.714469672726,23.0,normal,31.028502506128014,28.7688674920909,27.154817961296487,25.80428072091759,27.194141477385696,28.2101136730311,30.542663101442546,34.13735049503728,37.681185954286654,41.48358666250224,45.28994094295579,48.819751506414256,52.07986779438248,54.84527710075854,55.720788509485054,57.21834754828127,55.842333840346974,54.44661187122519,52.45017065291476,49.18630422924164,45.48868658676944,41.48358666250224,37.45826234801853,34.272577773472435
arn:aws:rds:us-east-1:acct:db:db-1160,2026-03-24T00:00:00+00:00,37.356301297100856,8465.136071035116,126261038.97212918,155562198.85685873,25956.231197268255,22.0,normal,26.669148281414678,24.486561555986686,23.34466421598228,22.022611471158644,22.89307636361695,24.852460256730122,26.194938817760207,29.645954689951864,33.541282716918595,37.29797606548102,41.108194285633004,44.864311547945206,47.52096205652704,49.92581680178836,52.40046785406665,52.95377139285089,52.012676598076,49.77719907533353,48.31653961845859,44.702836273810924,41.209511063591464,37.29797606548102,33.53903333644872,29.973260725408167
arn:aws:rds:us-east-1:acct:db:db-1161,2026-03-24T00:00:00+00:00,39.69306168412422,8721.662637058027,129290504.50428203,143128988.13884887,25617.38863853272,24.0,normal,29.485546217822865,26.653818084268124,25.500220682090493,24.800328417451183,24.713991785817548,26.13896401107374,29.452206723031033,31.886255253587294,35.781100430117945,39.74808400703508,43.65524814281986,47.435604903864814,50.43990955425561,52.52734015346786,53.96581445711945,54.31499319382089,54.38348102851449,52.32676878628851,50.60640251316294,47.400246942695325,43.587637536127254,39.74808400703508,35.77545346014914,32.3059801273646
arn:aws:rds:us-east-1:acct:db:db-1162,2026-03-24T00:00:00+00:00,42.41825482502117,8869.03789998419,159239086.52693334,188158247.78319317,34079.47450914587,23.0,normal,31.40387341797367,29.891615771327462,27.60713991410808,27.927287676734128,28.373718447703684,28.98221910096824,31.38399634871777,34.92804390556536,38.39036378961476,42.39786781006113,46.46891892215247,49.87558901543928,53.188967723023595,55.63549114512739,57.42622248633941,57.779473549262626,56.20961122954767,55.94117022104691,52.731400452641,49.638392889286266,46.363542153252645,42.39786781006113,38.570651141061695,34.52469087949162
arn:aws:rds:us-east-1:acct:db:db-staging-orphan-01,2026-03-24T00:00:00+00:00,1.3131593703494615,26214.4,287462728.4266104,342095940.2899213,60403.99525933027,1.0,anomaly,1.5716007755281536,1.8479710308478197,1.612488641061431,2.1012873794783067,1.6027785400418018,2.485154314776068,2.49102792431409,2.3040752409139067,2.278057378850913,2.2714073165517745,1.1305738803204761,2.431206783688779,1.1479229960151116,1.8525080736777806,2.0145058418783948,1.355933894982247,1.4466384349680181,2.0529085907162523,1.3061183067898203,2.05967843210951,1.6920694164604018,2.336043275946541,1.686915446131096,2.1297696070178542
arn:aws:rds:us-east-1:acct:db:db-1215,2026-03-24T00:00:00+00:00,35.62344266637107,4362.251664928945,123446233.28161769,150409863.0906412,25700.89759136189,22.0,normal,24.78931715714847,22.970354293025732,21.39424008593578,21.118241159384223,21.316577083561278,22.44918281449546,24.887250720551588,27.73079201008889,31.75891939156816,35.586201369791155,39.36071325047496,42.89106172447409,45.92359718530727,48.135879239438964,49.81672323339386,50.43428972471294,50.79270026642743,48.47438829343092,46.4571690657356,43.39689776769329,39.48775999120786,35.586201369791155,31.86713032950794,28.337036465758533
arn:aws:rds:us-east-1:acct:db:db-1216,2026-03-24T00:00:00+00:00,39.18301258716583,4668.476833607171,132937062.89267945,163257011.48604444,25975.955796851606,24.0,normal,28.18502809234247,26.620501890489052,25.330952307583374,24.727826860962566,24.136635517419506,26.692976616200973,27.967536343580527,31.700318629716435,35.22418612382463,39.09651725980456,43.16098340233361,46.511421090766454,49.802813160552795,52.26561874302326,53.21744169111722,54.34599700120352,54.257797967955824,51.768516832172594,49.63320965445197,46.88192759117611,43.063297080207505,39.09651725980456,35.35251177192975,31.35176920336059
arn:aws:rds:us-east-1:acct:db:db-1217,2026-03-24T00:00:00+00:00,38.415189500983736,4605.320822907853,112467146.87863073,136680203.80713552,23105.100805524224,22.0,normal,27.840803473076196,25.528122896852157,23.254481865090373,23.164069224375382,24.314425375573677,25.607851315183677,28.287361350348846,30.708706407793155,34.71919872140123,38.44317764656782,42.313356816427174,45.9885586076044,49.332993295465,51.00912033290635,52.23702380076408,53.081800954773875,52.681773153160016,51.95262375630554,49.471088535859906,45.70440712574106,42.455165778513106,38.44317764656782,34.71400052525127,30.711259418007632
arn:aws:rds:us-east-1:acct:db:db-1218,2026-03-24T00:00:00+00:00,36.47692750806143,4415.855615353923,117416243.2704031,140836121.9369258,22408.2668226229,21.0,normal,25.714561463393416,23.378167525612113,22.511391287423823,21.733301788611936,22.166950496137467,23.325135328634147,25.757643031020066,28.873603161851584,32.61199469120509,36.538476093028045,40.32709594509809,43.795591539773696,46.98846962114048,49.34604137640108,51.261392500945014,51.20879900141892,50.53093970389784,50.14549753788369,46.65439014247592,44.367928732024986,40.390476119460054,36.538476093028045,32.540775289203054,28.739161723805772
arn:aws:rds:us-east-1:acct:db:db-1219,2026-03-24T00:00:00+00:00,33.988180673865976,4293.046701706578,96328696.57498373,110417845.48562461,18448.76354880328,21.0,normal,22.881823745730415,21.29222709476074,19.872908078287665,18.333907643838522,19.316262334310533,20.910430086883096,23.390749106897673,26.232148461115106,30.124760831664148,33.982459668379114,38.0477071445126,41.247375685330915,44.630189808030856,47.25743355581139,48.00765304224034,49.501313871103065,48.6741039873016,47.5371460571923,44.281227957732575,41.58845788616162,37.95311675821435,33.982459668379114,30.24603698869764,26.424436710208116
arn:aws:rds:us-east-1:acct:db:db-1025,2026-03-25T00:00:00+00:00,38.731755254194084,33644.7790577339,894234931.4166844,1074172328.591873,181358.5548396948,24.0,normal,28.358784542759736,25.367702324927215,24.67910613010058,23.49839489713775,24.604023864261087,26.178234822176037,27.89482874356142,31.16730408978784,34.71756068437116,38.780057399008655,42.479655860771075,46.649960274179435,49.091953175075865,51.84330828679511,53.2962054416829,53.5598049536705,52.68953344653196,51.86737026588883,49.297605980789335,46.01022472424793,42.49998062695925,38.780057399008655,34.960711928692426,31.289756238273377
arn:aws:rds:us-east-1:acct:db:db-1026,2026-03-25T00:00:00+00:00,39.04964608726404,32321.743323098464,697301558.4571335,839888781.2814955,138195.44628406886,24.0,normal,28.387536854835105,26.43127854750746,24.64186082624574,24.400668690100225,24.3388056806262,25.785700580271417,28.712713353082883,31.58555076229677,35.26376859937889,39.000066376973415,42.736596425962084,46.39475335466407,49.07742200347725,52.03069730140695,53.41112306979116,54.56619306424485,53.736249914765956,52.12445000263522,49.74867259205842,46.69922979549321,42.78866780168189,39.000066376973415,35.12561075120282,31.20382336866151
arn:aws:rds:us-east-1:acct:db:db-1027,2026-03-25T00:00:00+00:00,36.98323816410388,32581.858198362745,576614138.1703902,700318268.0709474,121121.42799277425,21.0,normal,25.820766345543515,23.412907238282646,22.892240488338054,22.55168636569094,22.70044950237873,24.306587131609113,26.64432641184058,29.414506431073875,33.10900154701447,36.91919193865281,40.9827955756358,44.572702100552924,47.12301679003752,49.72263473622416,51.84255525525521,52.178528409694714,50.76767058812114,50.41777182387363,47.32966717066141,44.521560205358185,40.832822105890585,36.91919193865281,33.132226641218445,29.482909196891832
arn:aws:rds:us-east-1:acct:db:db-1028,2026-03-25T00:00:00+00:00,31.627566544690097,29892.108630445255,580013911.4625047,732975080.7824085,118615.02162768962,20.0,normal,21.284454220595265,18.835088283350643,17.851169159400953,15.921679855098708,17.231226053614268,18.21665351677992,20.94923513816155,24.10127444560108,27.952776502180125,31.65601425175695,35.51286898023849,39.32815296963801,41.951848673129476,44.98166670925977,46.418148549158005,46.09678984460598,46.19823615698905,44.59913660975508,42.173376656717934,39.120188560338505,35.44716289290642,31.65601425175695,27.609748026032726,23.968686765496454
arn:aws:rds:us-east-1:acct:db:db-1064,2026-03-25T00:00:00+00:00,37.06657881271552,32891.07082701624,806851077.2646431,945452290.741623,164720.55719519532,23.0,normal,26.026908061292648,24.240966004746678,23.107366296529285,22.153906881306394,22.204802435375957,24.626237312294855,26.568120652826778,29.668558176744792,33.10474733143294,37.11576708282957,41.14720735734322,44.50013293090236,47.53434838048376,50.058570977548705,51.11062376653359,52.7987929413083,51.25360414126367,49.55646983078411,47.61452875348114,44.29994492137624,40.86105650195885,37.11576708282957,33.39094259624431,29.5385210877346
arn:aws:rds:us-east-1:acct:db:db-1065,2026-03-25T00:00:00+00:00,37.40310383763707,33384.045918729884,888050230.5698036,1010299019.2211367,175511.8881680652,23.0,normal,26.77441248609607,24.481283981986746,23.38483030395979,22.238108824388792,23.03265676898682,24.422959670970318,27.01970407189693,29.90493186059486,33.539083400263394,37.351356655567514,41.36220123516345,44.778940901285324,48.01549495452115,49.70622467204053,52.19230702239271,52.61430070634494,51.92086017320331,49.878460327976754,48.3595224292057,45.093174288237265,41.29795820553786,37.351356655567514,33.37112781049038,29.583234696611623
arn:aws:rds:us-east-1:acct:db:db-1066,2026-03-25T00:00:00+00:00,40.66349117839923,34271.70553303661,852411057.5790746,1041023250.8288381,173753.69280243016,24.0,normal,29.959622047332118,27.902550586567962,26.75668212805254,24.95642488249444,26.844387405198255,27.808006094175198,30.232262959185974,32.871684142366895,36.89102793103555,40.64201068590236,44.57759373063223,48.22892779320183,51.50739254468382,53.60668965925202,54.76842865277376,55.32110246104025,54.767376288199436,53.66066332967217,51.77087706539121,47.98439745268209,44.6411324867192,40.64201068590236,36.62352698084353,32.9590102882763
arn:aws:rds:us-east-1:acct:db:db-1159,2026-03-25T00:00:00+00:00,38.30210244980815,8180.662678120075,135211852.46700397,157492669.44423148,27705.78480021139,21.0,normal,27.34318772284353,25.2752424063518,23.305116234383036,23.81127643458801,23.22637132041968,25.875144523297912,27.18481550835148,30.96295193648147,34.16646758853048,38.241724218656216,42.11285313319233,46.108450041272754,49.18052292720643,51.46015623462659,53.26947687268641,53.879141955045164,53.276687224733244,50.643351356813454,48.94745862188004,45.994213600119,42.12217158688917,38.241724218656216,34.187740532520465,30.434212595850685
arn:aws:rds:us-east-1:acct:db:db-1160,2026-03-25T00:00:00+00:00,35.65387938195027,7626.223919727644,128033224.59560305,155967560.36870554,25171.280102510107,20.0,normal,25.18885038397756,22.535864242651968,20.546729177588485,20.43648930478876,21.08626642536621,22.042180574881343,25.44419373378014,28.181745740511843,31.834280170637573,35.65661592500325,39.62355891859963,43.17819593066367,46.75996466428518,48.2481934626844,49.78214998249936,50.938565515616645,50.356070908993686,48.9760618658876,46.29034926586225,43.49750317743639,39.67160690492631,35.65661592500325,31.602431792182006,28.158621172978968
arn:aws:rds:us-east-1:acct:db:db-1161,2026-03-25T00:00:00+00:00,36.54618466464471,8014.3930058941705,119148100.54787722,141916374.95865196,25080.114802224383,20.0,normal,25.874694090642105,24.113000386250025,21.913247187429434,21.383379110220787,22.50901420900267,23.3827099697436,26.361772619651965,28.820442125048388,32.631705308172926,36.53730361633826,40.60983219459494,44.28972449944445,46.83533362762964,50.16699156776981,50.4636846518043,50.804162999846554,51.42711635236864,49.01606494442652,47.060154240195736,43.91074427291964,40.32356460515185,36.53730361633826,32.77641389950776,29.360071856974894
arn:aws:rds:us-east-1:acct:db:db-1162,2026-03-25T00:00:00+00:00,34.65700398871885,8111.84415210484,145323529.6661489,184137294.07354474,31459.84383033656,21.0,normal,24.06011599868386,21.79038712829986,20.69045882494925,18.934468320087447,20.101941953446513,21.4980909101752,23.99092699129528,27.2713175570106,30.549175725021954,34.598171522138145,38.502632078866434,42.13931758589819,45.00373953445688,47.89494005404362,49.56862369533919,49.26184217982466,49.39355201955075,47.88671959968455,45.317914036117415,42.18522572595879,38.45599426668817,34.598171522138145,30.782215653534198,27.292152846043287
arn:aws:rds:us-east-1:acct:db:db-staging-orphan-01,2026-03-25T00:00:00+00:00,2.0153098688102657,26214.4,259868106.3912123,313177891.74075556,52873.179455754806,1.0,anomaly,1.8717504110980288,1.4325726575889322,1.3626844932757074,1.0186663154885707,1.941884154201495,2.285727976250745,1.445554539652849,2.2852461793570544,1.8825985022274607,2.0490436262329714,2.1334399028633135,2.227088470353734,1.3436488641397755,1.4217710034474385,2.061096966386848,1.2335273746217494,2.402172289308966,1.6319824622633536,1.7701337176482228,1.3577806283312817,1.1216861061806878,1.419085769074238,2.336118449436244,1.9580291138832964
arn:aws:rds:us-east-1:acct:db:db-1215,2026-03-25T00:00:00+00:00,35.35509881828365,4204.198920768809,126838203.08941634,153980767.32971746,24717.64993302187,22.0,normal,24.37091778826809,22.753361551038097,20.981179759276735,20.159433367341745,21.35027616618071,22.118568465954038,24.54336367823964,27.909916879606513,31.32195874836098,35.341007963910585,39.1778474422123,42.72166217387876,46.07809619482082,48.52818380492443,50.22757064815988,50.88033346800201,49.18882701769695,48.37862009061527,46.23808987670002,42.7274160063205,39.08569265869535,35.341007963910585,31.621056118631437,27.477983806062124
arn:aws:rds:us-east-1:acct:db:db-1216,2026-03-25T00:00:00+00:00,36.14661528232451,4398.418001306318,131419104.42413972,154501670.79803512,25864.437297930228,23.0,normal,25.398810298084662,23.53705802198726,21.91335203232428,21.615040240764085,21.379045645221446,22.571873414224584,25.916963263478873,28.60290286925804,32.12191360059894,36.06504099860263,39.92845004541292,43.888046550506985,46.78942252172068,49.38806948030194,50.866739065528385,50.915235776962135,50.59782592681216,49.507948705118345,46.48046038500138,43.35596719967042,39.77172403689585,36.06504099860263,32.221311695473034,28.62052400323658
arn:aws:rds:us-east-1:acct:db:db-1217,2026-03-25T00:00:00+00:00,40.351945886536456,4527.332738547806,117474747.14101209,135760466.46798176,23403.39665872226,24.0,normal,29.46264965098878,27.703888551332554,26.33579454996532,25.26161284554876,25.11925071799729,27.81809383089633,30.106998729858162,32.71767731267601,36.1805981680058,40.25290688108101,44.22892621284473,47.73902529557944,50.82305546766499,52.8856236778911,54.91734819101944,55.97543798222322,54.74127914886992,53.43636273548393,51.278775397412765,47.70927516696199,44.129699251160375,40.25290688108101,36.44582400088898,32.923690629443016
arn:aws:rds:us-east-1:acct:db:db-1218,2026-03-25T00:00:00+00:00,40.87957694487627,4766.443833723641,120387886.67075843,146551165.34856275,23146.21880712608,23.0,normal,30.7463462565758,27.886777864731442,26.134868981030817,25.292775088266076,26.002340388130413,28.246799788071147,30.201959602259404,33.702441038015735,36.90208939834428,40.912343596056715,44.84077413895203,48.183337082779595,51.920742147271575,54.03805705984698,55.10625859029756,56.13320577456837,55.65255004757153,53.431818968215,51.13752511380427,48.613591988736175,44.68239989660522,40.912343596056715,36.93677823841277,33.49172203243094
arn:aws:rds:us-east-1:acct:db:db-1219,2026-03-25T00:00:00+00:00,37.81874515210293,4179.32650948497,93268864.01368137,118025176.62997824,19702.028595175736,23.0,normal,27.08544303905842,24.531218366549666,23.312578760245565,23.375891948605055,22.92796572050276,24.663604142692325,27.07166789637883,30.460986131926248,33.88572808001883,37.79653829098019,41.63319436785336,45.35896456045056,48.00632592707632,50.62890902996508,52.93154407317366,52.451708957072384,52.72930876315869,51.31747204331093,48.92565834086239,45.241513875472485,41.574404330313705,37.79653829098019,33.88959456559621,30.053124148226374
arn:aws:rds:us-east-1:acct:db:db-1025,2026-03-26T00:00:00+00:00,36.79418646579661,34070.11926754828,936614058.8353401,1089316852.9423199,186285.09177795023,23.0,normal,25.86426767060564,23.5413020129313,22.983832730254324,21.586354824349502,21.7220171737721,24.117415476015424,26.077438604862646,29.742734881658347,32.89007811703099,36.92122546448231,40.73316553655324,44.449877794605385,47.92433124501645,49.57743813196305,50.83112115824375,51.52191743547395,50.84966098838696,49.89699495436756,47.6255198769756,44.37784818684853,40.632377474776746,36.92122546448231,33.069566534549594,29.202763440912925
arn:aws:rds:us-east-1:acct:db:db-1026,2026-03-26T00:00:00+00:00,37.78807055297708,32044.970591481553,745965143.827158,813863141.2672206,135970.65065274277,22.0,normal,27.246890142216674,24.39687187737262,22.933566181880348,22.896506592423265,22.8544848683695,25.30896374756829,27.21760766575436,30.653302514364807,33.82510893861794,37.89307073796189,41.84338812530287,45.72200576147373,48.167378348904606,51.050336551144035,51.760624577554644,52.84344131940225,52.16854585288177,51.12258322967134,48.372169925616916,45.046480124884674,41.65027086815746,37.89307073796189,34.00719685405352,30.039827727910495
arn:aws:rds:us-east-1:acct:db:db-1027,2026-03-26T00:00:00+00:00,41.35616986570538,35209.459897449575,647141650.2683425,795410818.0880818,132865.91477106937,24.0,normal,30.739185282039607,28.896543102000223,26.493645802336275,26.438915741349042,26.48895048774883,28.405050442233623,30.710357294516534,33.515400027692465,37.3492513181879,41.28347946530164,45.26815487280979,49.02766991535806,52.34088727654319,54.83802556157184,55.997983529405715,55.64020827775874,55.80454276270889,54.41685757130677,52.37602804440763,48.933496862299386,45.11956334258485,41.28347946530164,37.46943991814539,33.71096041332119
arn:aws:rds:us-east-1:acct:db:db-1028,2026-03-26T00:00:00+00:00,37.925201843675836,31383.445670927358,615909855.4860424,748259409.7383482,119717.94926879389,21.0,normal,27.29116088320078,25.519062422958555,23.862581967446502,22.74366614894968,23.176392917676296,24.386461150511263,27.006339638559965,30.230991759946793,34.00768864367462,37.91089945183132,41.89096047918107,45.373497493311504,48.158692843910565,50.73965901078573,52.65409610489222,52.9700326408451,52.76998431235032,51.265050405927255,49.007541403477205,45.19907570389786,41.67656167889438,37.91089945183132,34.10851630647836,30.345031427681473
arn:aws:rds:us-east-1:acct:db:db-1064,2026-03-26T00:00:00+00:00,34.034157682937405,31737.099767814863,804104978.2536283,969124961.3071471,160931.98830845454,22.0,normal,23.502838099083373,20.546744281654913,19.60392205243457,19.435028923350824,19.399196728002362,21.656863179629074,23.27338669811254,26.361432632987505,30.29078577812546,34.069177598680305,38.107841532937485,41.53527198394552,44.303934401687435,46.465382373782276,48.98946103767763,48.457120379091116,48.49044128303178,46.77236601072314,45.0470078820163,41.58982739054376,38.04827713498395,34.069177598680305,30.168642012251762,26.63565739708429
arn:aws:rds:us-east-1:acct:db:db-1065,2026-03-26T00:00:00+00:00,38.8000912023827,32867.93986970672,904935663.5109863,1075003773.325541,170680.84369218166,24.0,normal,28.313170485104237,25.687822092820298,24.58436559820936,24.048723985857514,24.004595505672242,25.71567518061387,28.179091238067812,31.484590800271725,34.818389461585944,38.78656119967315,42.63162332300439,46.21618536693754,49.584918077597905,52.15829077806885,52.90237724473952,54.51067561252781,52.91930827643035,51.543645001757895,49.36343872697596,45.99175929480672,42.480714677835124,38.78656119967315,34.89783082020552,31.59187490874787
arn:aws:rds:us-east-1:acct:db:db-1066,2026-03-26T00:00:00+00:00,37.65076830332733,31987.012887120723,836447972.3382035,1023853311.1812068,172434.09257338202,23.0,normal,26.84349159988845,25.242782733887072,23.487362702152165,22.42813447430667,23.493198197660472,24.35970485776644,26.570345777689745,29.933308344938983,33.62942418384581,37.6189365189178,41.51149362892751,45.024694995634846,48.75529891399606,50.78178691980082,51.64013169818366,52.49828678212261,52.13201737078549,51.161574097292664,48.156943045479764,45.04886469660779,41.62992632807053,37.6189365189178,33.59856369834165,30.45323119464111
arn:aws:rds:us-east-1:acct:db:db-1159,2026-03-26T00:00:00+00:00,38.657152072177,8421.397415763135,139415931.23262486,158649428.19366997,26649.713425529437,22.0,normal,27.940923090635188,26.037413981745093,24.584901630328886,23.062435764136676,24.650602638117018,25.808981524908745,28.41096422708471,30.966332760081688,35.02953766312752,38.72912010702193,42.58873846901729,46.042817236553,48.891836334447916,51.857625620597545,53.20375078976464,53.77317986115341,52.756456336014054,51.08045441611014,49.063979215500126,45.995195641827294,42.79126529269067,38.72912010702193,34.82181921712456,30.954197807237914
arn:aws:rds:us-east-1:acct:db:db-1160,2026-03-26T00:00:00+00:00,39.85178024765249,8964.725844851775,137222106.07837886,169245307.03063092,27884.96522833317,25.0,normal,29.43508093822664,27.101526556754294,24.89774253932174,24.47347416440489,25.837771739652062,27.12015855167685,28.7723398692495,32.57866113418331,36.01652865246464,39.737566680212005,43.563058729722876,47.20053185964467,50.44139518785819,52.515183434832835,54.066913147293164,55.01067292001982,54.511261761599116,53.325077012232846,50.84899575188443,46.970139618588824,43.79221935261314,39.737566680212005,35.97959113119316,32.509268529818726
arn:aws:rds:us-east-1:acct:db:db-1161,2026-03-26T00:00:00+00:00,37.217624241974086,8218.143331457943,119884253.88914168,156149243.7464409,25849.54048435109,22.0,normal,26.968451991979695,24.109510218754966,23.094169364978914,22.17263659091687,22.935630553791,24.315332502659036,26.927916068180778,30.009321866922196,33.187767615168504,37.23039020361472,41.272153923284115,44.55466440227699,47.9199312065873,49.89553971409755,51.72992561070453,51.863817592356696,51.06117553335448,50.04802401777454,48.184153242005245,44.40423435205693,41.233868851168694,37.23039020361472,33.43399683135279,29.439979349776895
arn:aws:rds:us-east-1:acct:db:db-1162,2026-03-26T00:00:00+00:00,37.36246363108862,8447.068687483565,155795012.45655808,195650012.6736816,32438.94340468926,21.0,normal,26.831983910172617,24.830884414353996,22.83656395283217,22.676328067062116,23.02797560648328,23.936153053615044,26.69710946595332,29.934330000311324,33.51395872050885,37.20775531909393,41.088903182829625,44.92283291969731,47.682005173030134,50.72240304055324,52.412870688780565,52.550751270043584,51.478011797620056,50.18333299592079,48.22719249813749,44.79346763307826,40.998329072053714,37.20775531909393,33.29514587338597,29.643083171515638
arn:aws:rds:us-east-1:acct:db:db-staging-orphan-01,2026-03-26T00:00:00+00:00,2.208665694027202,26214.4,277817869.028031,353641076.665613,55222.81733354655,1.0,anomaly,1.1840054142168737,1.5741314010768475,1.665907464178006,2.056619659065793,2.381022075888012,2.2329257792503387,1.688750807769702,2.24425083267967,1.581023246517178,1.6735653361870528,2.496408456415951,1.3000754975701754,1.8255506368369225,1.814165365538754,1.213336680662075,1.9949404012426255,1.7743607411185365,2.2075906928875693,2.0944421043617565,2.19020462956399,2.1828059042101713,1.3422516648630225,2.4860821163421756,1.9630542112376888
arn:aws:rds:us-east-1:acct:db:db-1215,2026-03-26T00:00:00+00:00,38.80595761000498,4489.9274535659715,135001556.85120797,160604486.6081997,27426.440507487674,24.0,normal,28.483125603079905,25.631920080342006,24.287054069023306,23.701141842380203,24.164685633443042,26.259345066519835,28.201530765823527,31.136929150585274,35.00332347950679,38.75749483947991,42.564357863970564,46.41388470667104,48.88461090567656,52.151866735829685,53.49769132250801,53.41111890750879,53.500272386229426,52.02505341347497,49.255541145979684,46.036289557439915,42.79827013471735,38.75749483947991,34.85541285326044,31.564567337189345
arn:aws:rds:us-east-1:acct:db:db-1216,2026-03-26T00:00:00+00:00,40.39382940283901,4577.779502697908,134153837.62228513,164508750.08907872,26351.009373243578,23.0,normal,30.04747374444351,27.720598408220898,25.284496656172788,25.522372954764503,25.938853508433176,27.86882797544208,29.928826367353135,32.9888866979209,36.368407985328126,40.412788332123014,44.201833991793755,48.06251214699593,50.79193697695336,52.88608487802702,55.369512398072374,55.2800601827667,54.180364982744,53.122247681832384,51.32465704086705,47.676353349746144,44.32156229677355,40.412788332123014,36.4589251992264,33.281533580012535
arn:aws:rds:us-east-1:acct:db:db-1217,2026-03-26T00:00:00+00:00,36.49699401603753,4302.2529718692485,115423102.35774128,132056834.37506808,21872.74446279375,21.0,normal,26.01143896200354,24.041693263464264,21.81231804849436,22.158852717175744,22.72385062831414,23.398275786362326,26.24582092332414,28.97436583932587,32.520908478921484,36.489291569820175,40.44445043426401,43.74241374976565,47.00874945695586,48.834556548307,50.29249560688158,51.49507957710186,50.72959197058818,49.00963163520877,47.3380782781196,44.177397574333014,40.18377731495178,36.489291569820175,32.60536281429557,29.200163637101586
arn:aws:rds:us-east-1:acct:db:db-1218,2026-03-26T00:00:00+00:00,42.43181904663045,4593.841853313927,123614300.96409273,150399529.4952116,24856.073605047295,24.0,normal,32.170928843932465,29.177119997208294,27.966992247670944,27.195484545422772,27.60167842761551,28.850703941220267,31.986997972290077,35.04015971500293,38.371550553421876,42.370178559418804,46.18279437963762,49.67263412050588,52.735490763688766,55.968102644905464,57.56312156724169,57.38753980496136,57.35987684123165,55.80190468292075,53.046777614622506,50.15525439927223,46.34808752082219,42.370178559418804,38.36796634865639,34.67213306804164
arn:aws:rds:us-east-1:acct:db:db-1219,2026-03-26T00:00:00+00:00,36.08247881643372,4347.409207890058,92803217.5146966,111674027.54809166,18116.274106646124,22.0,normal,26.120579122975137,22.950498752603426,21.060038084077792,21.190692772053783,22.445390083717022,23.037040743502086,25.44666786409308,28.573463812114102,32.552902103515265,36.243958946058484,40.0123388662419,43.56165023381672,46.57567277925182,48.78068239376713,50.11402822210023,50.85249281350327,50.04725598865353,49.40734133530482,46.481778307811744,43.55576185024529,39.97151823535175,36.243958946058484,32.33133468156613,28.422444656026368
arn:aws:rds:us-east-1:acct:db:db-1025,2026-03-27T00:00:00+00:00,42.89972985319708,33760.73277026025,943979804.3954895,1060769215.3239527,178833.21859104565,24.0,normal,32.7490041245913,29.873015875357922,28.06300283902374,28.332877149046503,27.778921364199313,29.7323170876896,32.617142439372614,35.13147947362733,39.1932505794889,42.91863923933142,46.671972225893654,50.587384557941945,53.29411186517653,55.34357230318667,57.34114427220475,58.60796617726405,57.053033372440034,55.707148501088874,54.04037173130317,50.47272871919772,46.88173829922119,42.91863923933142,39.02675325419163,35.25730178655962
arn:aws:rds:us-east-1:acct:db:db-1026,2026-03-27T00:00:00+00:00,42.977895633571855,34897.00665300029,738749858.1272932,913990676.2809589,145857.60689842456,24.0,normal,32.52517004519639,30.54603916263394,27.801987452844003,28.2340938173016,28.4447462784117,30.480044002699096,32.10301238159385,35.186000624456426,39.03938921751126,42.90625644280625,46.64183180523991,50.740783940961535,53.75254112184012,55.7528599334319,56.961339701251966,58.12319525013124,57.655101319902194,56.25422348259574,53.54585250987784,50.20866623228538,46.955229435822034,42.90625644280625,39.21668782321213,35.48818678091179
arn:aws:rds:us-east-1:acct:db:db-1027,2026-03-27T00:00:00+00:00,46.430894927886996,38213.939937382354,678986944.6763903,817481716.576224,132801.8204641008,27.0,normal,35.97990978502726,32.79474594138805,32.1048876791589,31.02864621047151,32.415631817673805,33.123352939284096,35.8879759122267,39.22770624773263,42.66916580303257,46.38157673685494,50.12142824287685,54.20373895822865,57.26892566205836,59.49215187755261,60.85646084368429,61.02517890011487,61.14162719930453,59.88017378901537,56.83044903201258,53.93168181355712,50.263256240857274,46.38157673685494,42.473905451407404,38.8573244489126
arn:aws:rds:us-east-1:acct:db:db-1028,2026-03-27T00:00:00+00:00,42.97377967679858,35686.62525156673,632435062.2689835,804648403.8611493,130545.42963495651,25.0,normal,32.49700439784963,30.436195767851757,27.787364476358146,27.719129107616155,28.984244422505313,30.309363573290064,32.70288025170859,35.75557549220585,38.91671262762655,42.91580308949824,46.87834700026049,50.60988417602955,53.21433453293328,56.1980682186518,57.657985940126935,58.49870445292082,56.89514145717371,56.21831246001756,53.335084049135844,50.05386570077518,46.734146118956204,42.91580308949824,39.011660676183446,35.12510116399247
arn:aws:rds:us-east-1:acct:db:db-1064,2026-03-27T00:00:00+00:00,41.1969110905418,35780.36326316805,818448757.394756,991996545.2853944,168891.512240573,24.0,normal,30.209093104563152,28.654191434426842,26.66600662279084,26.809302868558675,26.509810420315638,27.63003027219296,30.13958241984411,33.59701630178454,37.39087501051704,41.20167581964808,45.01351132286037,48.49283283158215,51.59163706281259,54.721635622340315,55.15802972444309,56.204850255284406,55.75922686710526,54.43824194784334,51.71797265522972,49.05320926840276,45.17830795484225,41.20167581964808,37.4494772096321,33.9376733563349
arn:aws:rds:us-east-1:acct:db:db-1065,2026-03-27T00:00:00+00:00,48.92654626065247,38746.83010174035,997108898.6656758,1165898731.9352179,196148.30297079714,29.0,normal,38.094327996054965,36.504869252329634,34.3125454426552,33.60677928167277,33.71572037480774,35.450584284820046,38.655653317827465,41.64467023725571,44.82766569730384,48.85602560799823,52.747618357298784,56.220927170720834,59.11927522158292,62.24113498984114,63.451530913827774,64.31709589961592,64.03771091176125,62.14003781883495,59.956800897180656,56.392233594327564,52.72391772086321,48.85602560799823,45.073320824179675,41.29063883490091
arn:aws:rds:us-east-1:acct:db:db-1066,2026-03-27T00:00:00+00:00,45.586896053259586,37858.93702430411,855752385.9944758,1067751351.8523353,180963.31268320495,27.0,normal,34.552967398442966,32.152113311417466,30.610913952173508,31.232237249501228,31.10034266246508,32.04484782816035,35.0356223685095,38.289936366732455,41.905485166550605,45.65539011842347,49.537090072092234,52.86011449033259,56.14593338375469,58.817336319736604,60.06775264939968,61.01613078176478,60.18916458866454,59.18547751216527,55.836941622693324,52.89724398443908,49.39578814637464,45.65539011842347,41.81754588685319,38.08373929915926
arn:aws:rds:us-east-1:acct:db:db-1159,2026-03-27T00:00:00+00:00,42.474243612412955,9680.528151250177,147606854.60407802,171006801.60626954,29574.94433036778,26.0,normal,31.75010765814561,29.423982993507746,28.671918571171652,27.3324953986602,27.601433589382474,29.72450272745487,31.639916257990805,34.98443647525017,38.47794127453757,42.515102220323094,46.251377351388356,49.969336379959564,53.45393510075039,55.98443200644683,57.02285792712292,57.412818885973884,56.921237822763324,54.867210795180476,52.86823059241267,49.979514251409,46.32133206205754,42.515102220323094,38.48724081871936,35.205383316979336
arn:aws:rds:us-east-1:acct:db:db-1160,2026-03-27T00:00:00+00:00,47.60827783254312,10189.457578112226,151605342.27274963,180612713.0722172,30543.193695399506,29.0,normal,36.457663076634326,34.84922407891587,33.426291606676806,32.92619155745759,33.756301223209306,34.20456698156248,37.16868796054229,39.70965838702888,43.868671995150045,47.583308321909435,51.525992279452296,55.19385660891599,57.96155940324436,60.64102283038092,62.60789465249631,61.927328811061834,61.86568067752939,60.61032613861491,58.42558851456128,54.89580379775146,51.586888288826025,47.583308321909435,43.85805655759806,39.96479590960571
arn:aws:rds:us-east-1:acct:db:db-1161,2026-03-27T00:00:00+00:00,46.40502078581325,9682.562680545683,134635656.4628362,170719706.13134414,26118.532729832925,26.0,normal,35.777035001319,33.02924995254432,31.69715358020637,31.34414686044097,31.451807919929905,33.39196026214316,36.26091993505344,38.752577053693905,42.50297973968455,46.52300892316019,50.21759644549991,54.17551936144489,56.62538531443013,59.89839512768583,60.939621300268165,61.974157795419046,60.651438867374104,59.396551294727196,56.94803726127789,53.963121948033155,50.37121713496919,46.52300892316019,42.464900492670836,38.84070836438161
arn:aws:rds:us-east-1:acct:db:db-1162,2026-03-27T00:00:00+00:00,44.91441714132842,9571.997203860834,168844087.8683385,213010137.52286014,33429.709021046525,28.0,normal,34.67081475688312,32.288647136896806,30.143411307121124,29.454979580490807,30.929098378332952,32.44835700223384,33.975644015698705,37.516937872575525,40.7827598150362,44.82243292414898,48.64087507828695,52.011818957490995,55.802826068784796,58.04684382245956,59.09239453698702,60.314435452189485,59.83608511516034,57.90163783969025,54.968983707546165,52.41115338483941,48.82550485500715,44.82243292414898,40.85209879549929,37.385838064373644
arn:aws:rds:us-east-1:acct:db:db-staging-orphan-01,2026-03-27T00:00:00+00:00,2.3203161984733294,26214.4,285778220.9804158,367663896.0294194,59300.79941566832,1.0,anomaly,1.7449096466424359,1.62094778170842,1.244003910742261,2.0188616718558796,1.5736043622727571,1.8448973922051668,1.8818261566934045,2.320223196170172,1.7007961202593862,1.8322038780423955,1.92785745724585,1.6234493181135248,1.2029384928625164,1.6756642918898077,1.0850630680189235,1.2914583742911145,2.119419298489787,1.9358032342511282,2.1876399488753275,1.9585105736343738,1.708935977094392,1.47471127305889,1.7765530103670544,2.1140778428322036
arn:aws:rds:us-east-1:acct:db:db-1215,2026-03-27T00:00:00+00:00,42.44314157962816,5020.876105992208,137740616.27076685,166969370.60150242,29036.48207630634,26.0,normal,32.00980885586199,29.50306828924945,28.514863503163312,27.815860807319304,27.90208203584711,29.46968598529427,32.082892658944424,34.57901789293335,38.44218793878895,42.40827956426338,46.350397208811536,49.665815885352465,52.847586991521695,55.086381114223165,57.38324985699127,57.66501024668248,56.40227769961837,55.072509099193844,53.20089349587467,49.84620915101331,46.43359027251807,42.40827956426338,38.65603543008318,34.88941436326288
arn:aws:rds:us-east-1:acct:db:db-1216,2026-03-27T00:00:00+00:00,46.52089371281495,5145.13085079498,151619639.69436488,173819641.6638662,28668.034726252845,28.0,normal,36.26167742194201,33.49337990775414,31.646532238827888,31.640961686314714,31.255557526905587,33.261190314211476,35.4956535477022,38.919377090918864,42.56743926851328,46.46091559682924,50.20222392417787,54.04651739050371,57.452176294493555,59.65676422330265,61.225854527744765,61.48205859592324,61.65756911511557,59.85516227697816,57.343520872365694,54.051071323684006,50.26616524383197,46.46091559682924,42.57710591915494,39.221659203533996
arn:aws:rds:us-east-1:acct:db:db-1217,2026-03-27T00:00:00+00:00,44.835329057688455,5201.975808296358,122629866.94070116,150813968.13126817,23410.279803868314,27.0,normal,33.71954578908861,32.24592728525882,29.670581601548108,30.168605749505208,30.95356328372328,32.06220551169172,34.54000344982766,36.935763636699534,40.84344883203252,44.74368286196482,48.530777444938266,52.13792817898598,55.20626877648981,57.95716777479735,59.87793644339727,59.625717160932936,59.90711700273327,57.35871674294965,55.39734730124037,52.342364662109546,48.77954959335886,44.74368286196482,40.799410835869125,37.50058460341538
arn:aws:rds:us-east-1:acct:db:db-1218,2026-03-27T00:00:00+00:00,47.72567658461987,5314.329417389899,125687721.35716593,151199320.2790502,25777.71655587278,27.0,normal,36.67243350910349,35.121549210320666,33.82316554057961,32.08114267365437,33.04052922026348,34.28308768994897,36.685363896877824,40.03045471418524,43.88855689401999,47.73955683339601,51.70049940945555,55.447447047154164,58.13343760752953,60.45946768296446,62.17339624602397,63.099613378598235,62.891238510309776,61.06520003484404,58.475108157605305,55.10106075977973,51.52539077255376,47.73955683339601,43.74366404051797,40.4953173677948
arn:aws:rds:us-east-1:acct:db:db-1219,2026-03-27T00:00:00+00:00,43.89630992749059,4960.751464589288,104707107.9234164,119902040.8067582,21285.63093753561,26.0,normal,33.60787330914483,30.809717268444295,29.74214103619152,28.342783633355392,30.16002883782164,30.552437542146713,33.26984027681859,36.38028675102854,40.11211932959361,43.95451540917893,47.98053581566613,51.37520747967477,54.64846648857006,57.53636515712329,57.75713685385488,58.46034321461814,58.28910879244747,56.52385595824649,54.048276434559845,51.29773389875665,47.89646955817247,43.95451540917893,40.02094589807549,36.79073390710544
arn:aws:rds:us-east-1:acct:db:db-1025,2026-03-28T00:00:00+00:00,24.240838350899043,29009.64156304075,796062903.6630695,1029888450.6281326,167308.47764939815,20.0,normal,16.469867444913554,14.821623575134677,13.360311382428144,12.948895521748238,13.769980328130355,14.779788162380187,16.502313938140034,18.580007141138367,21.229321739726277,24.165060093241195,26.937265587732742,29.666157548710657,32.32417370853359,34.066614363193665,34.83340106757727,35.782646418796325,34.862757577682295,33.85329584574204,31.998255754483225,29.823643108550115,27.006043145658754,24.165060093241195,21.192599768071325,18.641037106622836
arn:aws:rds:us-east-1:acct:db:db-1026,2026-03-28T00:00:00+00:00,26.75343565540913,30284.447376380595,661622530.9101104,771098647.055018,136938.31164436825,19.0,normal,19.07165652724719,17.413033858144917,15.989371973920905,15.095762589307489,16.26053214819526,17.337214690394564,18.554910205060295,21.093213677245448,23.801282316652284,26.688988232856513,29.51880171465956,32.16589575621992,34.26543593016934,36.46554621208403,37.86889908673654,38.22230057731039,37.154666486736595,36.71118108781056,35.02584274123377,32.28842756158603,29.609359775178675,26.688988232856513,23.771354536609106,21.01978981160324
arn:aws:rds:us-east-1:acct:db:db-1027,2026-03-28T00:00:00+00:00,26.345971133756528,31231.880608208117,573627882.1964515,688677725.4255768,115583.0576679578,22.0,normal,18.393497785941843,16.754862255542296,15.648396440743554,14.78524392693457,15.662672460520149,16.384676793908937,18.15380133936984,20.49909416222957,23.318950576407012,26.369316197182357,29.28722685122427,32.24896746936024,34.13739706661049,35.958943821403224,36.9643721923411,37.916794953367045,36.905077247034086,36.38529251431695,34.63302908068844,32.02076713292467,29.226728632849625,26.369316197182357,23.53763502658529,20.741247085488745
arn:aws:rds:us-east-1:acct:db:db-1028,2026-03-28T00:00:00+00:00,24.62237306821313,27243.60777584259,605838384.3004702,669932476.3739927,112201.3754435208,18.0,normal,16.897966803176235,14.501594989982173,13.594062399266617,13.706164502204253,13.702035382866576,14.48837610030531,16.39914203852811,19.18982313427472,21.61388677176218,24.65368871169496,27.521325607424863,30.22006142487901,32.79972438603272,34.697188914535026,36.04131760702402,35.89350131902966,35.31477992722905,34.12241651807267,32.316972231420486,30.3814288532668,27.44127385308874,24.65368871169496,21.75259181015598,19.03394163919997
arn:aws:rds:us-east-1:acct:db:db-1064,2026-03-28T00:00:00+00:00,25.634126087011282,28940.219650709296,725970477.0152544,885318942.5347769,146119.92583899424,20.0,normal,18.0586276888744,15.796048542921895,14.743958738026587,13.87799009529225,14.889533224689162,16.190684079896673,17.473050560413583,19.7990911890688,22.893788699751354,25.6753337004983,28.51810615716959,31.475677670324792,33.3469966718494,35.74176375407401,36.174912582868345,37.01127012303101,36.08278393928836,35.73788276265185,33.461512393103455,31.343938037228845,28.644185336614704,25.6753337004983,22.65359289728552,19.952963542849538
arn:aws:rds:us-east-1:acct:db:db-1065,2026-03-28T00:00:00+00:00,23.66040957419974,28644.54348778776,762062572.9452481,928774908.1245931,156607.90502654747,19.0,normal,15.821923278336863,14.10242295029135,12.580708214764615,12.623325316031156,12.834464363812849,14.480842955297254,15.702583449117371,18.391788443428812,20.771021164295313,23.74290956213121,26.522896762322855,29.309713611110602,31.63511338953459,33.33480738072719,34.085767487099524,34.82985570269382,34.268989030529255,33.182693409877274,31.324689122552858,29.155604255457675,26.6152373265409,23.74290956213121,20.906527545800596,17.88303549690854
arn:aws:rds:us-east-1:acct:db:db-1066,2026-03-28T00:00:00+00:00,30.24037737202388,33678.235238571324,819905831.1177225,1028535504.960061,162924.6831161669,23.0,normal,22.26443678872592,20.453642574100943,18.967073541852454,19.276396237649415,19.667465728247215,19.990484708759546,22.276418566882125,24.415725690835366,27.149699963066194,30.17715724010572,33.18017366639851,35.680929999457355,38.03903995210377,40.27392097180204,41.19306062056464,41.79236176576548,41.2399212747349,40.373849353667836,38.50999835290882,35.802664594502325,33.03456601354779,30.17715724010572,27.337763889451647,24.49514819333743
arn:aws:rds:us-east-1:acct:db:db-1159,2026-03-28T00:00:00+00:00,25.31474865259589,7901.472166975343,134045117.53685191,160944492.3394249,25477.90845281508,19.0,normal,17.651072362200615,15.688384847649594,14.068229624623603,14.111299292066875,14.708728226349594,15.245578046019773,17.300792844158572,19.80421055607239,22.37144225802959,25.30481540918484,28.28860821996713,30.898694457215015,33.651215798319605,34.79454166010819,36.242528976012885,36.33488589957019,36.40782617254252,35.425925152834964,33.2730467483017,30.700320210562413,28.139112418639627,25.30481540918484,22.425166286837815,19.412726785848932
arn:aws:rds:us-east-1:acct:db:db-1160,2026-03-28T00:00:00+00:00,25.826593824084757,8063.615803505438,133760629.29061238,147516027.13063094,26604.107562583067,20.0,normal,18.129823080075024,15.823764477639426,15.285228232477415,14.474184137852108,14.83566941801073,16.36186882977103,17.674802113459567,20.337862945969903,22.805755410126025,25.847456530170273,28.781194921152714,31.540216232014025,34.00661538783949,35.82029753275846,36.40565228846775,36.73794755332317,36.95651926043689,35.487452060776704,33.48688195981045,31.509938033154484,28.837932201475574,25.847456530170273,22.901220797264845,19.942511843837963
arn:aws:rds:us-east-1:acct:db:db-1161,2026-03-28T00:00:00+00:00,26.659096011433533,7613.204202433851,126132759.18574825,148695917.05949467,23819.070489588088,22.0,normal,18.273313992281658,16.89769940983722,15.708580423507037,15.203354480434534,15.361574154639165,16.93073911546121,18.80012051315921,21.280251686383785,23.826419516112967,26.624144877768916,29.66905620635323,32.27758342065307,34.91646051461691,36.797439461596774,37.035325925355224,38.1859042623834,37.33486375335935,36.792068909919365,34.95193464546633,32.031360772365254,29.397637842457957,26.624144877768916,23.712043660321967,21.18628185220124
arn:aws:rds:us-east-1:acct:db:db-1162,2026-03-28T00:00:00+00:00,25.352824471955774,7956.030188961865,149515856.3117832,172677921.64977342,29282.72502380427,20.0,normal,17.068200129221445,15.996533216291372,14.03202886752089,14.15104541855629,14.726368967952471,15.714711976446763,17.024985176028103,19.782135102248745,22.420701440196446,25.304374706856805,28.08806071896526,31.011180694727877,33.409439067193986,35.221152618459286,36.31084870439262,36.6525845100942,35.885434010794484,35.52223082723489,33.362020129184415,31.053942283019673,28.21081771983875,25.304374706856805,22.29980257606593,19.914813758791173
arn:aws:rds:us-east-1:acct:db:db-staging-orphan-01,2026-03-28T00:00:00+00:00,2.463913638421828,26214.4,287778559.6562885,351775918.50954765,60557.515292336815,1.0,anomaly,2.3496144787232245,1.916144328655153,1.1463005531927437,1.1106503673979484,2.3597419730408156,1.7428605265024157,1.2045004686087604,1.878690167976441,1.8999472001735482,2.1252604529666375,1.7097738517068692,1.4574353900544428,1.2967579179834368,2.4532636058211565,1.8017176899927434,1.9135633599902069,1.0771550670286585,1.1503074826701551,2.1222053472824456,2.032202414958676,1.5566239642422444,1.4903425498904346,2.29451758984218,2.3799007294105667
arn:aws:rds:us-east-1:acct:db:db-1215,2026-03-28T00:00:00+00:00,26.567546709168095,4021.2037786234555,132056572.02334295,146974837.62684682,24418.796661533277,20.0,normal,18.274182413933104,17.23675883097275,16.2139442411967,15.17740625174565,15.971043732388765,16.586910234878715,18.5429392715713,20.866392768906998,23.709619602655856,26.537334710492505,29.51137417750969,32.4338777560081,34.642566396317875,36.53631521162337,37.51701800147336,38.242687261413394,36.95234670339623,35.8751640095993,34.27348858966744,31.907709801407293,29.311599093364688,26.537334710492505,23.76271102302757,21.000396225991043
arn:aws:rds:us-east-1:acct:db:db-1216,2026-03-28T00:00:00+00:00,25.8699681130817,3768.1429992928483,125643310.60371868,154945244.77694687,25800.14879445852,20.0,normal,18.07338900635609,16.301114593094688,14.867968050175428,14.343201293589164,15.254252824937645,16.07046986015375,17.855836841387312,20.108095891988732,22.94152385815226,25.872751703007086,28.78725514866573,31.526689476566744,33.81203920511408,35.47679345018222,36.5689635242832,36.610524624447955,36.92394038172431,35.97262217601771,34.04255720172702,31.61786453467772,28.862568286280883,25.872751703007086,22.976197108212894,20.139863970211124
arn:aws:rds:us-east-1:acct:db:db-1217,2026-03-28T00:00:00+00:00,25.066653590978415,4066.611562176086,107395884.26452887,126540936.72922753,21478.07518953558,19.0,normal,17.238793264697293,15.630544821935624,13.832041869978916,13.737646149637888,13.627140518154969,14.833511085669596,17.048420570324108,19.27363198875379,22.2307696753738,25.025552854020667,27.85307653210715,30.744782839491272,33.147382248858,35.25538462609131,35.84796466624626,36.26557708583358,36.105076942115375,35.18032188439164,33.015584312166304,30.929492817154575,27.91669216283899,25.025552854020667,22.25173094686628,19.58301346675391
arn:aws:rds:us-east-1:acct:db:db-1218,2026-03-28T00:00:00+00:00,29.580907916156114,4412.9988820286835,120395082.46138181,136153800.15101826,23063.207478543838,23.0,normal,21.675563698833958,19.639974713573395,19.25644307904171,18.71991022185728,18.232134744329525,19.870547596462945,21.4678919844871,24.049957212573354,26.701778963175354,29.597646280571844,32.55994552095074,35.31284409223958,37.834370953974904,39.41173045764888,40.30066312635555,40.80965230637074,40.046892455069134,39.46764650558084,37.60635678690666,34.94532594628002,32.53628066641161,29.597646280571844,26.591061051610634,23.709525342869206
arn:aws:rds:us-east-1:acct:db:db-1219,2026-03-28T00:00:00+00:00,26.377090148391705,4157.510841722506,93337758.66999644,111266789.7680225,17845.226468716974,20.0,normal,18.58981644981648,16.180840595193345,15.726307483371594,15.642716291355105,15.321099619839709,16.165728401962912,18.55281709200963,20.776612980644607,23.530241753850746,26.350599615859036,29.261084526185137,31.783735489921526,34.295131974334744,35.97876769693567,37.16772218802141,37.90575342373085,36.98045541923466,36.39693531872309,34.07016642060981,32.17744336008866,29.39438465416501,26.350599615859036,23.44893399434494,21.002269195343253
arn:aws:rds:us-east-1:acct:db:db-1025,2026-03-29T00:00:00+00:00,33.02557764085802,35885.385355924336,953628005.3008664,1117870062.0015576,201849.6838633417,27.0,normal,25.31732984206703,23.12429886369299,22.10388765959878,22.29069388981139,22.344196131635503,22.946859296624122,24.781171753028968,27.50255408633748,30.144297622959098,32.98126001082646,35.905596401727294,38.380253580203636,40.70629379675117,43.01403055439311,44.352665511380025,44.686647889441986,43.32884846408915,42.99415879091812,40.656347569237724,38.41622096459926,36.03169342496402,32.98126001082646,30.197118549472275,27.426178716006238
arn:aws:rds:us-east-1:acct:db:db-1026,2026-03-29T00:00:00+00:00,34.66905416476497,36536.31887915549,782525906.4925859,920531218.5199679,156421.50226983812,26.0,normal,26.53831753809427,25.002993885184893,23.840694902402447,22.926139263039698,23.669412958645246,25.24547390478681,26.90429107052867,29.225714142407565,31.648783453846967,34.682993836129526,37.67384559851779,40.50353213687174,42.649912091787634,44.46413016659909,45.49374340930169,45.65073035924677,45.28490240627216,44.76146921856465,42.5706899898461,40.41408841016966,37.69945714071597,34.682993836129526,31.647867340068572,28.87512289520179
arn:aws:rds:us-east-1:acct:db:db-1027,2026-03-29T00:00:00+00:00,35.809027911508,35600.910175736426,670805118.51343,783853286.1192069,127163.55220318287,28.0,normal,27.923985081177154,26.12039525762892,25.04074263913539,24.391193234352716,24.514020622052715,26.468811443424155,27.78737399676665,30.524636928281993,32.936948303519955,35.8715048969543,38.69272873767729,41.42525696803261,43.68224251957212,45.26420089783691,46.29094107500376,47.36737276228143,46.69458880707332,45.15924422887434,44.02656784676284,41.416429639933625,38.75875085056491,35.8715048969543,33.1024489785183,30.084779263812255
arn:aws:rds:us-east-1:acct:db:db-1028,2026-03-29T00:00:00+00:00,32.77944100930836,35062.53198128608,657162105.952909,817929951.6370115,136023.20044366622,25.0,normal,25.052988767750303,23.149270774835642,21.556610547031514,21.92273614244491,21.945393480103625,22.669632976720717,24.887878096843306,27.334981241378568,29.873765031748903,32.72208305376938,35.51324865631999,38.34107016083924,40.32999987819495,42.332255887842656,43.73962714991543,44.5110224173082,43.832939766306154,42.93292934411491,40.64099380229608,38.424491984953654,35.64629144080656,32.72208305376938,29.76012118630265,26.86416938180399
arn:aws:rds:us-east-1:acct:db:db-1064,2026-03-29T00:00:00+00:00,36.36791060699384,37496.674992990134,900669571.6335757,1072125343.3534452,179392.1098690069,27.0,normal,28.778208135318376,26.415045907373017,25.08699296518264,25.497803730258916,25.41661155010904,26.50846814516633,28.11053746336074,30.6832915928373,33.50191039173894,36.37729863812177,39.30939410166009,42.259017688526974,44.5836397921558,45.81920060965449,47.31152862369851,47.48774152182127,46.99398330503956,46.24235270657403,44.36581766905679,42.12129842556646,39.23150794578673,36.37729863812177,33.57698042440992,30.773924596312625
arn:aws:rds:us-east-1:acct:db:db-1065,2026-03-29T00:00:00+00:00,33.60094076272496,36342.06644304318,926385947.0151365,1049847393.282734,175832.61838037282,26.0,normal,25.309630419100273,24.04206915969077,23.19796565457993,22.673291509071568,23.1407072102037,23.727459351676778,25.402688212203913,27.88932332968228,30.726678652292946,33.57956837144997,36.57461520824602,39.05846351719578,41.85900954654482,42.8388009469608,44.35132653525118,44.453488730627924,44.70322370073051,43.59929833433505,41.448241205470914,39.403168382157425,36.36459684215896,33.57956837144997,30.657115253860546,27.84227986045704
arn:aws:rds:us-east-1:acct:db:db-1066,2026-03-29T00:00:00+00:00,35.46193497335499,38637.28654237575,924520554.6265011,1089950183.7832043,175739.20695743512,29.0,normal,27.500640221756953,25.817728061005994,24.216326333263147,24.349177578902037,24.065365739025637,25.776590290846897,27.149765828263966,30.123517762028733,32.47471274105133,35.46730775854908,38.484693731296865,41.24133421645698,43.06709749065513,45.69492267438801,46.38269313734873,47.22582526976783,45.94515703842112,45.30571066014459,43.58678166373782,41.29567202413368,38.25188456151209,35.46730775854908,32.57576412218749,29.620462697226657
arn:aws:rds:us-east-1:acct:db:db-1159,2026-03-29T00:00:00+00:00,32.952682698187225,9407.19197885275,144544106.35434356,174171760.3108404,28345.852526103776,26.0,normal,25.307325845141058,23.144156580595556,21.477591827862824,22.111449931658775,21.471795511783686,23.615834642175365,24.906825353378455,27.353368049968356,29.837216238804984,32.87687960879645,35.90711685115472,38.78183094020138,40.90812130407301,42.98944350394014,43.35223697360363,44.523444292248975,43.896231754618206,42.29407143665558,41.08923395730252,38.77274192733258,35.79214633373054,32.87687960879645,30.072902176207553,27.50554010646254
arn:aws:rds:us-east-1:acct:db:db-1160,2026-03-29T00:00:00+00:00,32.23127823549848,9356.641422113296,146981026.57704675,161766068.0904684,28273.841120020203,26.0,normal,24.34496211625045,22.196383967203005,21.80860742467842,20.4824776770934,21.310734574126634,22.884888632571617,23.95674270443908,26.675115176442368,29.407943098553332,32.21282827950629,35.23415312152359,38.11220571190155,40.00320694304676,41.96072624271212,43.544240086524646,43.027145172609096,43.202985704084746,41.76557332745666,40.25873882383733,38.09963724476194,35.11166616749575,32.21282827950629,29.275478883584476,26.461408292053893
arn:aws:rds:us-east-1:acct:db:db-1161,2026-03-29T00:00:00+00:00,34.02987615987157,8849.81021767745,131118620.21408749,160838838.0925129,25394.929508339068,26.0,normal,26.380424194622435,24.481769109651804,22.777640553753102,22.81483913931384,23.260453710603848,24.12724704824558,26.237859662821467,28.23472920831835,31.095951520210562,33.938193514548004,36.85966653954227,39.714749555464174,42.23619456181674,43.933384015265894,44.6189357600927,45.36003481369862,45.30264861967198,43.57542933276006,41.52012383795121,39.82679057637605,36.94013909671534,33.938193514548004,31.048438202259106,28.493191748666632
arn:aws:rds:us-east-1:acct:db:db-1162,2026-03-29T00:00:00+00:00,35.826779201707,9164.983127639965,172725000.40364784,202606761.73766807,34778.287003873804,28.0,normal,27.703185051111742,26.514051515457677,24.923967503957027,24.537325160990907,24.919707473304634,25.94181552163767,28.206387315194082,30.366831672394706,32.96093149871011,35.838546890516525,38.752168429662916,41.71253825394994,43.49367190351962,45.211620250236564,46.51021824635131,47.33216709857805,46.29120881373523,45.395141154715546,43.828969856347356,41.33117994349671,38.83610839292701,35.838546890516525,33.02546207725317,30.370949926402975
arn:aws:rds:us-east-1:acct:db:db-staging-orphan-01,2026-03-29T00:00:00+00:00,1.5084075320324555,26214.4,267631361.60586524,330738389.85437053,54967.44803815776,0.0,anomaly,1.3339314712372645,2.307943259300829,1.88461426585196,1.7891919059451111,2.1143084849957723,1.9661795844730001,1.5480697214646515,2.495534460693364,1.8519371846239179,1.623265332867338,1.1354672624682305,2.177000377273674,2.2448377912029507,1.980653227795752,1.1013616248468359,2.060416112028706,1.7250802199333757,1.2228484860244957,1.0937611484799836,1.5431372241887809,2.0498210821269085,1.8921672150230608,1.354490546482998,1.5297446915113453
arn:aws:rds:us-east-1:acct:db:db-1215,2026-03-29T00:00:00+00:00,33.86931073147999,4627.265193082053,145368217.1869327,174685817.7957926,27604.763643521004,26.0,normal,26.189871940729823,23.967790333714024,22.531289721906564,22.554519422421222,22.720464764387494,24.368607020498096,25.883986533382362,28.4018680079738,31.15092659552022,33.92403263343574,36.83682579427202,39.2819447034795,41.484685626096116,43.45307085920184,44.412442022540006,45.69708718732155,45.01420919353516,43.359424986984976,41.82533148699994,39.481862129386826,36.922033451527284,33.92403263343574,30.903021705239624,28.574128801529774
arn:aws:rds:us-east-1:acct:db:db-1216,2026-03-29T00:00:00+00:00,33.44629199464317,4539.404295852884,139201552.18227974,170902209.89393842,28478.05301254479,24.0,normal,25.51607751186566,23.864023353775735,22.114466358921725,21.98952070652713,22.535206337673635,23.37503156381809,25.236059867915642,27.643903070937306,30.609641294101493,33.38425140704962,36.287958378310805,39.20716558573235,41.52848469007851,43.58870914715224,44.642364079549914,44.96670555136839,44.60456584636152,43.239728655922235,41.70872905506444,38.94752949333406,36.20204607585036,33.38425140704962,30.348473417188558,27.7861150158871
arn:aws:rds:us-east-1:acct:db:db-1217,2026-03-29T00:00:00+00:00,37.52953596711536,5270.263054936324,129717795.72511514,156895701.76518807,25826.594131896585,28.0,normal,29.487269266906974,27.593771734166605,27.12793495763706,25.782346332818154,26.702373626106297,27.80547571177964,29.713624440442644,31.905357456365465,34.543869057642034,37.49620233495302,40.50655627392034,43.38714128198686,45.66794995674143,47.2786526342141,48.08094805281878,49.01976476315384,48.400049170048604,47.544289350957825,45.35805108748454,43.2600247159624,40.307785692103934,37.49620233495302,34.54680551095488,31.696417466649972
arn:aws:rds:us-east-1:acct:db:db-1218,2026-03-29T00:00:00+00:00,35.40955976020692,4985.539294921403,123785853.97051096,150426223.4738434,25724.677952101298,27.0,normal,27.48547074695138,25.560841545852664,24.399774921653535,24.239270860630235,24.139345296181187,25.850401827226772,27.322173497229578,29.95448411713615,32.513092758241704,35.34334606073154,38.17104288897557,40.946209897203246,43.33853096519332,44.81475840156335,46.7100237157432,46.94893752308005,46.44817131744264,45.371370269992894,43.59974681901467,40.880320885441016,38.23154390033345,35.34334606073154,32.37234290972842,29.844887058687913
arn:aws:rds:us-east-1:acct:db:db-1219,2026-03-29T00:00:00+00:00,33.92057248443891,4646.101799942245,99846744.232761,118902269.02419251,20721.45799322345,25.0,normal,25.662687632188696,24.51266864895885,22.777135082464376,22.817300113632854,23.399369002732826,24.127751222624163,26.038008606968628,28.29718580617643,31.050292949711437,33.90725773186766,36.77604485709726,39.307278395199475,41.923349826564404,43.228408787024776,44.30966236065203,45.35241290424027,45.04373299625372,43.87152479163022,42.057053719773904,39.5131244182504,36.813814610235376,33.90725773186766,30.927669180675494,28.472748249742928
arn:aws:rds:us-east-1:acct:db:db-1025,2026-03-30T00:00:00+00:00,62.47185812717243,46116.931419456225,1175669803.8846793,1377096052.4767704,235430.9749858782,37.0,normal,52.08284205306099,49.499021532139054,48.03562428889974,48.1007528314351,47.60874683083195,50.03993972303293,51.78072946147216,54.66944097777003,58.53185160065723,62.42166909015471,66.3543577328884,70.1081965367372,73.23328288023119,75.81262956252964,76.52357859609259,76.78592496779416,77.61237547528906,75.3285501744645,72.77520057643885,69.59378127512711,66.2700189736154,62.42166909015471,58.572308120781265,55.16210270054029
arn:aws:rds:us-east-1:acct:db:db-1026,2026-03-30T00:00:00+00:00,58.97551033477414,47964.0512166297,933833731.33881,1044562404.4741575,189837.25692318144,36.0,normal,48.69934104191935,46.47362642067287,43.83971654739846,43.73754422690004,45.15482828789617,46.22807809311923,48.496610681380204,51.647716453924964,55.077890757669905,58.92592756502118,62.970954799914615,66.53533397809058,69.7283927411315,71.33247254224428,73.7592829918795,74.35670874981797,73.70833768749971,71.45619042268021,69.03338942060023,66.17805505250635,62.62117135660382,58.92592756502118,54.85567188717265,51.669078763514484
arn:aws:rds:us-east-1:acct:db:db-1027,2026-03-30T00:00:00+00:00,58.81331965560455,47133.876809718735,804270344.0153165,896819689.7168001,156882.20890569655,35.0,normal,48.7014004650149,45.518310468532064,44.692664391448524,44.46083548732428,44.019840418929675,45.41285582937192,47.901314819662865,51.02216248335176,55.09341990173988,58.87291907542185,62.77268849011009,66.06260361089045,69.08125104850068,71.4724840000797,73.76239305523528,74.26945635407871,73.25303877237968,71.86952295758972,69.43201637099463,66.1703314455313,62.7662670547006,58.87291907542185,54.946563114926356,51.09241304327268
arn:aws:rds:us-east-1:acct:db:db-1028,2026-03-30T00:00:00+00:00,60.84972545049345,47026.387255061534,812825123.6115952,958668599.4319462,151462.35807422115,36.0,normal,50.378063919015005,47.764264836831906,47.04417576826993,45.77561101045103,47.00975778375849,47.35376206362512,50.33853172636441,53.28425962468217,57.14785646114143,60.87586620429249,64.69623757014512,68.38085217813698,71.31902007551804,73.45641692704791,74.84651459834299,75.13891780134294,75.07738839164672,73.75646143558812,71.90903097706702,68.51070001070995,64.71088305710491,60.87586620429249,57.07182208282435,53.67115010364352
arn:aws:rds:us-east-1:acct:db:db-1064,2026-03-30T00:00:00+00:00,60.70316181868168,47013.17069373232,1039145716.1732761,1255995875.637539,197827.02739124943,35.0,normal,49.63231780566316,48.13685563718607,46.01927824936402,46.21919717847322,46.20671942731158,47.91844899844665,50.484624728753644,53.44669070813988,56.77812475126858,60.64806049811443,64.67847192951133,68.03404075449572,71.62168637486181,73.42191342179038,75.12686926282328,75.69338399808929,75.42803635399116,73.09771620154058,70.89266973516861,68.24152334789761,64.6524409476914,60.64806049811443,56.67996523868555,53.16878760097803
arn:aws:rds:us-east-1:acct:db:db-1065,2026-03-30T00:00:00+00:00,61.63643437426923,46970.851315517975,1056107460.4994487,1343521173.5383077,227663.21749831463,36.0,normal,50.754631871200694,48.79189082157918,46.92344679415248,46.053848533076696,47.534623337147686,48.301506783150224,50.59722912538163,53.96990981269632,58.00871483437196,61.72692593214511,65.52441258759468,68.90064207074303,72.06610374081681,74.22504800977161,76.84286666494283,76.29533644060997,76.30767894270296,75.19197358419657,72.20357682228004,69.36839219471149,65.59236437558488,61.72692593214511,57.79021014467754,54.57616562678182
arn:aws:rds:us-east-1:acct:db:db-1066,2026-03-30T00:00:00+00:00,60.97132044788526,47074.465151069584,1038722687.4735395,1179394232.2796133,209760.20456709375,36.0,normal,50.69408112686872,47.665778214343945,46.38736823584047,46.08090377456607,46.135783417635956,48.681621192202265,50.072232199792815,53.39451251240494,57.1795077282437,61.154943368031255,65.20712328394339,68.34400289985601,71.38356996822097,74.03209600999709,74.99355194132457,75.56467081540286,74.96254994879934,73.61030031778003,71.73734379319947,68.8124522080013,65.19291320380937,61.154943368031255,57.465458676433265,53.40398254451744
arn:aws:rds:us-east-1:acct:db:db-1159,2026-03-30T00:00:00+00:00,58.476861207619436,11711.360050972746,170085353.52966112,204500019.2568019,32775.560243518295,35.0,normal,48.2477303593722,45.3155498385656,43.93036754059926,44.04445890977378,43.75949510589706,45.40409730385889,48.19996784737674,50.986401176209355,54.74560320672193,58.499187643299834,62.29776152033603,65.943415915722,68.91445505099153,71.76185899929416,72.73066507310685,73.33081097622112,72.28914530029121,71.2606935637738,69.28950863543565,65.84480178694616,62.23400349320649,58.499187643299834,54.56987204537257,51.34563004719448
arn:aws:rds:us-east-1:acct:db:db-1160,2026-03-30T00:00:00+00:00,58.76693375846977,11857.731935682035,173168460.2800918,196014973.55476892,35098.896997317184,35.0,normal,48.53165962150341,46.19942838874773,43.89988718691712,43.034407700065756,44.75005131866459,45.908862378435515,48.555672621348165,51.102809871056365,54.84552427827226,58.776254573036816,62.51694292001647,66.31611967913265,69.14126145537807,72.39883779273285,73.21156265407048,73.96189063825895,72.68972882029598,71.75844150312393,69.2732540054475,66.36136876708991,62.57772694935727,58.776254573036816,54.83777148803489,50.9806910192508
arn:aws:rds:us-east-1:acct:db:db-1161,2026-03-30T00:00:00+00:00,60.89170722572227,12356.49453887073,153641851.65837106,190557225.17450088,32300.711154565633,36.0,normal,50.82623968735072,47.49664897730518,45.99205420711807,46.08767118717966,46.076402299610585,48.23428971574706,50.54919556550074,53.116165249828484,57.16466642648689,60.95230724187015,64.75376049463536,68.08727749312519,71.41706530837659,73.39224271755441,75.40252366453346,75.33198733927226,75.33621953327037,74.09657130179686,71.88941419260283,68.65806778753979,64.82592667677454,60.95230724187015,57.16592751394299,53.596041594042276
arn:aws:rds:us-east-1:acct:db:db-1162,2026-03-30T00:00:00+00:00,61.02217221674589,11900.202059174426,197900154.6974337,230139615.51788583,40173.38899862944,37.0,normal,50.146776743414435,47.490665138207525,46.87585704714651,45.812493361420586,46.29284554867261,48.27151567225742,50.658876913462024,53.498789560743475,57.2609712948802,61.10028286825636,65.01189514505604,68.42497133229901,71.6174687061733,74.5454832521011,75.47168484936435,75.66807953672627,74.98974322747864,73.6959258535878,71.94755923135169,68.39155429816948,65.09460818086797,61.10028286825636,57.279864409004965,53.88393816300327
arn:aws:rds:us-east-1:acct:db:db-staging-orphan-01,2026-03-30T00:00:00+00:00,1.5068080835252342,26214.4,275379003.8101654,318587794.9007135,54606.71121173221,1.0,anomaly,1.264384001903347,2.3522420047840042,1.9397355980179687,1.456055532702311,2.274263097716114,1.3534707800530947,1.2013847502367012,1.1507417028733133,1.860103645726028,1.0813470752938465,1.9973012388421907,1.6783770222353425,1.800512947644184,1.5760683872697752,1.7730051430184717,1.0746974941522809,1.5168155011072657,2.138605360010385,1.2132661854641986,1.008517186876734,1.3319879960577818,1.0119940435630566,1.823297208987384,1.0929683399616816
arn:aws:rds:us-east-1:acct:db:db-1215,2026-03-30T00:00:00+00:00,59.93831854542376,6501.477181993839,159831244.43713763,204921317.704183,32694.35552013433,35.0,normal,49.158785899511955,47.580995439299826,44.943370872457,45.1860452477967,44.880963387885885,47.16038669176359,49.087201845057955,52.47988699011261,56.02685910528133,59.98045653499325,64.02080135345315,67.6408859527652,70.89163618101787,72.897495029569,75.01995374819407,74.47355002029957,74.16037776038597,72.61269371727282,70.68191169576312,67.32665979836653,64.03371505521287,59.98045653499325,55.97965361287301,52.31490261584373
arn:aws:rds:us-east-1:acct:db:db-1216,2026-03-30T00:00:00+00:00,54.79056431062736,5979.772143109395,165146526.8610436,194097388.90393117,33559.21789076143,34.0,normal,43.8049960276637,41.67355562598261,40.803190635976726,40.40018437187862,40.652394904370766,41.76021163543235,43.82131227200941,47.08881332422699,50.824206019187365,54.83073333075319,58.77297577159499,62.209999834490546,65.07016537354839,67.26914527133049,69.17654140980663,70.28349501265286,68.66922663994488,67.70766018809763,65.6393203565882,62.53706650085185,58.776514165444866,54.83073333075319,51.11891649911214,47.25218495335808
arn:aws:rds:us-east-1:acct:db:db-1217,2026-03-30T00:00:00+00:00,60.23909533901406,6357.436608690234,143112575.7931117,163420896.31097174,27021.517795547024,34.0,normal,49.70325140861437,46.7007732779627,45.7461447364199,44.62261848952259,45.88211554392353,47.07486436447524,49.37956515461165,53.04078620194283,56.499817265061026,60.31968065524948,64.30159787519698,67.51448003610581,71.23832201974014,73.78699749531808,75.15675868119878,74.99315957964139,75.01537211755856,73.10598881731097,70.41484820778132,67.51979185688712,64.15732906760584,60.31968065524948,56.61032582424571,52.63401880471379
arn:aws:rds:us-east-1:acct:db:db-1218,2026-03-30T00:00:00+00:00,62.25588145313596,6475.8896757257,144017850.4166744,185475851.7255959,30875.05331004003,35.0,normal,51.624265700319434,49.809412008942154,47.14255562237312,47.32621967198196,47.37678107848928,48.96014919851304,52.144788237998796,55.03269163339968,58.33473046609738,62.24658594580076,66.2848963321311,69.6000021716358,73.08338793755672,75.55503785161707,76.52946059055535,77.51375579507794,77.22020807402464,75.44249796876088,72.52800651652495,69.37185735990568,66.15210495513071,62.24658594580076,58.21358985249492,54.40158396013106
arn:aws:rds:us-east-1:acct:db:db-1219,2026-03-30T00:00:00+00:00,58.94694798888158,6343.635414530413,125934488.3636122,143165388.5523852,23796.6293081641,36.0,normal,48.041266188997575,46.184892937047046,44.75300742916572,44.66825816058764,44.082848595245515,46.324852571001195,48.383557936063696,51.50542286387084,54.88070795881067,58.92359699548916,62.695337479166525,66.74052108175032,69.98587209159027,71.48727815981516,73.3637934358417,73.38665293425613,73.76287890975928,71.72524766780296,69.08517324326967,66.33149804764945,62.93417651683719,58.92359699548916,54.99705201380799,51.55926151984303
arn:aws:rds:us-east-1:acct:db:db-1025,2026-03-31T00:00:00+00:00,51.060567646546474,41453.77398617569,1056915242.295734,1266818078.8270752,197636.09495991596,29.0,normal,40.24448494190779,38.62519990677776,36.32286328413112,36.82490917583104,36.12647361968563,38.31227199567891,40.233225840992766,43.67723403174846,47.42172344980868,51.11186933994144,54.95238076627586,58.50544583586441,61.59886880698544,64.40428072275226,65.42306617932755,66.56183670758355,65.09810313036219,63.62584747646821,61.24144326452884,58.55313396122125,55.05898462989637,51.11186933994144,47.03978534246313,43.378321766941184
arn:aws:rds:us-east-1:acct:db:db-1026,2026-03-31T00:00:00+00:00,46.12330774595091,36348.06145554769,769139235.4501729,885484693.9797078,153448.20521909176,26.0,normal,36.006395233713974,32.56182992550233,31.506221917833685,30.655505695413037,32.344396069486066,32.68764814118032,35.144251841988414,38.90754398080967,42.14162153034023,46.17377658416999,50.214902562564816,53.42944837106031,56.93340346844331,59.60037442051287,59.984365727163315,61.62427865617445,60.70710773363428,58.955527562605546,56.67665521191803,53.57906904990039,50.22404797127415,46.17377658416999,42.25524805515742,38.47198960780535
arn:aws:rds:us-east-1:acct:db:db-1027,2026-03-31T00:00:00+00:00,51.55476482064129,41883.303724265286,753948335.0642538,878966779.9692973,137515.35099099594,33.0,normal,40.72662546029967,38.10287796659166,37.53527422586748,36.03696430433161,37.63686082419795,38.23676562912939,41.351086706845216,44.398772897633165,47.6691416167013,51.592082790935535,55.47758912897458,59.2470740350321,62.18442115754037,65.01146665226835,66.09855668408814,65.95057753779086,65.40068435090737,64.67162314100261,62.1322823269476,58.87277630675328,55.321512519096984,51.592082790935535,47.76253366056442,44.30472298095559
arn:aws:rds:us-east-1:acct:db:db-1028,2026-03-31T00:00:00+00:00,53.075305140598594,41818.302562081,760172417.6188942,860986608.199966,152548.466616028,30.0,normal,42.76220169718832,40.30169794071329,38.605042713506265,37.390971238896086,39.010850706349764,39.65942005250838,42.348742790613606,45.94220867475748,49.273630284949334,53.105074921458325,56.94193058146573,60.78151686576062,63.686727114168875,66.02457808578865,67.2672851930295,67.53676359603116,67.8152904973241,65.48403861208523,64.15247960391022,60.378174515746295,57.06631172256976,53.105074921458325,49.311310152642875,45.85600089144388
arn:aws:rds:us-east-1:acct:db:db-1064,2026-03-31T00:00:00+00:00,50.54230050156038,40806.20184395029,913427833.0451933,1103280681.9263504,194426.41367648324,31.0,normal,40.15795230560651,37.24286294964846,35.52343025758867,35.946158117922316,35.39090715614273,37.84503677089059,40.12542673295859,43.31556300613063,46.72664185028344,50.54655101977934,54.570221274503325,58.241636540185816,60.7470386457445,63.30252194232758,65.75193691275598,66.13006802820047,64.35335852899784,63.035522723747874,60.71418288562783,58.26683356768259,54.38108228023063,50.54655101977934,46.85699533784355,43.29673218287069
arn:aws:rds:us-east-1:acct:db:db-1065,2026-03-31T00:00:00+00:00,47.63499530187079,40692.862870846555,1002638279.4889882,1141586939.3976958,193225.13497277684,30.0,normal,37.1082543990648,34.7444267107281,32.34091775023224,32.987608892105264,32.80390293400653,35.188466994525584,36.93284754752717,40.01516293095885,43.49169735691926,47.53444459248755,51.6068743847443,55.0549766683828,58.564127916543214,60.50823961166776,62.433588202856576,63.26102838223922,62.134602483273646,60.487565571936585,58.57118051485561,54.75284450265828,51.33665064953955,47.53444459248755,43.554480405842824,40.29155324931571
arn:aws:rds:us-east-1:acct:db:db-1066,2026-03-31T00:00:00+00:00,45.34185079046624,37480.731615512035,940676483.3956234,1040581102.5421731,178672.97138627333,28.0,normal,34.48683619109845,31.97677263411475,30.72762332595876,30.479491055599713,31.285974864600796,32.14680234047668,34.89283922883432,37.93880205895891,41.376151112099606,45.34008098822724,49.185144596692204,52.54696935618869,56.430552253488486,58.58874798570318,60.073171782998955,60.20252006542439,59.17151654850481,58.11560747642439,55.997569309899035,53.20118315736943,49.15181582802742,45.34008098822724,41.42319202553235,38.124973796739894
arn:aws:rds:us-east-1:acct:db:db-1159,2026-03-31T00:00:00+00:00,49.58711678932942,10654.879397193157,151639470.20495492,190154691.06454277,31445.03049532595,31.0,normal,38.58146956416066,37.06008799854568,35.2033170732323,34.94031423662128,34.463928750665055,36.28098585646352,38.76322457965346,42.08916493499388,45.58465820462127,49.65477604561236,53.55955100955431,57.47099990734029,60.06469017036292,62.34419903349716,64.11845737204746,64.18200522317333,63.999565795062956,63.13567442831117,60.34299704926502,57.12479551329247,53.6764868401747,49.65477604561236,45.677682210421615,42.1169951012209
arn:aws:rds:us-east-1:acct:db:db-1160,2026-03-31T00:00:00+00:00,50.0919377255276,10505.06760501944,145865705.1382424,180810099.5089806,29216.700016435054,31.0,normal,39.24679074737181,37.48420284270096,36.02065417723911,35.11570446972359,35.02786615064991,37.06858376986464,39.87186827326318,42.33949878078465,45.973952192645676,50.025498235262866,53.82707730667126,57.76952480613363,60.535029668932154,63.405126455498056,65.16576151746499,64.52936602971992,64.3966100045468,63.21592858383701,60.732363668189166,57.8052306982534,53.79499818885687,50.025498235262866,46.282636725669875,42.54673388412029
arn:aws:rds:us-east-1:acct:db:db-1161,2026-03-31T00:00:00+00:00,49.59535587441565,9834.29336717928,133959838.18686308,165863132.60688508,26723.200142161175,28.0,normal,38.742264622361695,36.305060443362635,35.35378379933364,34.89115329433306,34.81693115692388,36.27296403014202,39.40467632564699,42.456407759424735,45.83214948844824,49.64917706442624,53.70431318468977,56.99391314590865,60.22474667654354,62.18640193095941,63.74012207299485,64.87112257700153,64.82228912883247,62.25773081611845,59.79025727198555,57.03002660009764,53.467025920965064,49.64917706442624,45.62350073586211,42.20334587518719
arn:aws:rds:us-east-1:acct:db:db-1162,2026-03-31T00:00:00+00:00,52.33174519576775,10712.724428936668,180886060.77836102,206565795.38281712,35173.860963907384,30.0,normal,41.95483853023213,39.149010221364364,38.46175933228402,37.830271951374584,38.40365428063112,39.54036133409403,41.51340089234581,45.15778554332043,48.26565405928282,52.28565284017667,56.260398963832095,59.57010587083433,62.89193667533111,65.12214719000951,66.4535207808824,67.00684163908237,66.89558218710758,64.68984396685815,63.33624426511646,59.55579463215663,56.30290390287232,52.28565284017667,48.209713204400295,44.81880959466
arn:aws:rds:us-east-1:acct:db:db-staging-orphan-01,2026-03-31T00:00:00+00:00,1.4712048912864117,26214.4,264728404.10962513,326680763.0890541,54326.83973865602,1.0,anomaly,1.040059652527169,2.2381022128250585,2.0109369299635262,1.7887914323784648,1.0911990961240412,1.5455397961502775,1.9222097274820562,2.387728693800166,1.8573123970704422,2.176976978294493,1.5639424638320971,2.24538802586361,1.715296122115051,1.2585582916681397,1.099831620033249,1.3808387155231168,1.096909174137083,1.1608070486429147,1.8191335123726697,2.4039087724849453,2.0900308519320516,1.85636636819152,2.4975382563741464,1.9958105485787137
arn:aws:rds:us-east-1:acct:db:db-1215,2026-03-31T00:00:00+00:00,52.407430332536634,5639.285539960106,145232157.85015365,184317940.06722572,28969.077783801902,29.0,normal,42.12289234221878,39.23681118134033,37.6651413488698,37.08718068494128,37.53863803331192,39.43930323314562,41.860080597911704,44.928891569995606,48.66617540560872,52.46284254415643,56.29833210288112,60.278530966106025,62.67059034803354,65.63609789999968,67.24380305107908,67.26141268086091,66.69223261942788,65.87466768545175,62.95195554807764,59.93267290603527,56.40994963207666,52.46284254415643,48.40221858471484,44.6550644704783
arn:aws:rds:us-east-1:acct:db:db-1216,2026-03-31T00:00:00+00:00,46.336719733521875,5184.545420546608,141297598.6329215,184148733.4147079,30695.590753118144,28.0,normal,35.717158847224795,33.73794712560756,31.52662826551497,31.87292555041501,31.465644266892628,33.1250378075678,35.83157674701307,38.578641156123,42.582320221210345,46.44731140138562,50.23655873141208,54.18579384821997,56.602298227632524,59.06274493792064,60.75975712801476,61.39805227223611,60.84113831116953,59.302391594934946,57.012080691061556,54.03561297971183,50.358263341561404,46.44731140138562,42.37954679569565,38.57453195461355
arn:aws:rds:us-east-1:acct:db:db-1217,2026-03-31T00:00:00+00:00,46.51684315147684,5170.147660458033,125876625.14394319,141777204.89552176,24517.655017532794,27.0,normal,35.664483637803556,34.074107335147644,32.52091199731569,30.89249563413519,32.078000203479014,34.04408645577422,35.519830310351715,38.728473781046574,42.68622573566872,46.49470878283898,50.242652332408234,54.11484413130328,57.1718959051231,59.24628445231277,60.91699534515344,61.633637574119156,60.9021856823952,59.91779955293014,56.82091978201085,54.21728140428764,50.28620083628093,46.49470878283898,42.489306361615036,39.24619961910419
arn:aws:rds:us-east-1:acct:db:db-1218,2026-03-31T00:00:00+00:00,51.23616012107314,5555.278829120869,135215873.31600407,157528284.665381,26537.820546655625,30.0,normal,40.417098140545306,38.12874409996138,36.577065175364076,35.874739422081504,36.79958762318483,38.40473993361381,40.4784205301341,44.05965207025121,47.51979841124128,51.263702121942764,55.202029808221475,59.07528486027693,61.38174726733723,63.645530890184844,66.07815853466792,66.84637174330533,65.23748968458797,63.61372500567529,62.39753640451666,59.076114683720455,55.054365172537,51.263702121942764,47.31465530098967,43.95758389947166
arn:aws:rds:us-east-1:acct:db:db-1219,2026-03-31T00:00:00+00:00,49.32806743751848,5602.031244237181,110786220.5922899,131415745.5603902,23310.63815958401,30.0,normal,38.68771785337522,36.502774041359714,35.493337162999794,34.63578250625203,35.24153067300233,36.079316402889525,38.418137801720626,41.69006712734922,45.484591772840474,49.28864203184583,53.14740666602877,56.775851592732806,59.789262660348044,61.77696506402023,64.20562352836207,64.67046893316052,63.91521495903886,62.22416753988954,59.571296309358246,56.58561558974615,53.29685401002656,49.28864203184583,45.54922826453837,41.555123977712526
arn:aws:rds:us-east-1:acct:db:db-1025,2026-04-01T00:00:00+00:00,79.83643262765264,48117.851968176954,1025931985.4750143,1158991554.606549,195596.01955546899,162.0,anomaly,69.1560071151139,67.12390958945419,65.25658305416665,64.25422854303889,65.65319303095822,67.3030910211699,68.96230866784292,72.39834332539226,76.02024803460225,79.90824836499195,83.62808764357406,87.28756280438823,91.04483816603656,92.47366929838613,94.21666386694501,95.3448330830795,93.9885461445691,92.46838155087049,90.31101046923067,87.2579047765832,83.80238829828025,79.90824836499195,75.91654940776992,72.389538442227
arn:aws:rds:us-east-1:acct:db:db-1026,2026-04-01T00:00:00+00:00,13.996448428142962,19660.8,790730332.2102224,962843627.5011488,168085.85536796044,28.0,anomaly,17.216275716233763,13.472574667487494,17.814786325648644,15.358953100044436,16.180191145374174,15.552072919570728,13.59597724674816,15.25257922785858,15.552621955505622,15.38916476279529,12.777082599046631,17.08878562067677,17.844354986994787,12.920803783913941,15.375192468485803,15.813128232109683,14.157695227202016,15.847755728046126,15.630457089764933,12.585150826176365,17.719921294404912,15.751925518708898,13.223528546595393,15.032530695350198
arn:aws:rds:us-east-1:acct:db:db-1027,2026-04-01T00:00:00+00:00,15.35978725865233,19660.8,697929470.1857171,896284235.1986023,136124.5942325506,31.0,anomaly,12.97174744571064,16.008919349803506,16.310038660360554,14.348878405951387,15.22930356371576,14.286249780606964,13.560898932676665,14.30549625404321,17.219062879128398,15.269397042022023,14.077800903505867,15.566192527504171,13.403814562198425,13.813003386647958,13.338616675294418,17.317763474462957,16.500686838218083,16.812748598183894,13.351370395673134,12.60647597483772,17.786806914511363,14.781306963227886,12.386190374518954,17.944492112151014
arn:aws:rds:us-east-1:acct:db:db-1028,2026-04-01T00:00:00+00:00,25.494315752268903,39879.50825999823,688512985.9920838,806409882.635884,719467.2125525232,28.0,benign,64.41759700012813,63.9221697417665,61.195726968737084,61.59233150857271,67.51286793055425,16.94777996106732,13.50571164375407,16.91145239981436,16.100454116722815,16.49102065905881,16.372034125123797,15.56816202365098,16.00114353594485,16.94059852621811,14.928811738586097,16.218215733634185,15.140138238244122,15.569617633459535,16.001965353922124,13.7866670565337,15.65212508462075,13.131653669618983,14.276173005327546,13.679160399392874
arn:aws:rds:us-east-1:acct:db:db-1064,2026-04-01T00:00:00+00:00,25.45168101678277,37044.3958306247,833143670.058491,1086660024.2168727,871178.1842105177,25.0,benign,69.29522069611788,65.35957279202383,62.52633457402065,66.94145981768919,62.28555219485991,16.32501879534182,13.292946802085773,15.399139856002812,13.945657103440166,13.907780878203162,15.592789085773147,15.932803412671925,14.48051234989127,13.228598492898032,15.338323041904854,16.89356344897933,16.802963057164114,14.382208664271708,15.856584154942295,15.698371044916433,13.382728733897853,14.210432632632223,16.64014000234863,13.121642770709517
arn:aws:rds:us-east-1:acct:db:db-1065,2026-04-01T00:00:00+00:00,18.807285153605324,38012.92055776071,965293756.2682896,9256268181.46441,186684.28430387465,35.0,benign,19.87081529240855,18.079035722630394,41.83202829877656,16.659040934024873,16.300264741101408,16.652676313071595,18.68000394443604,19.710451260992343,18.690555699902607,16.651639306064148,17.41397114391698,18.186012129193752,19.44707345337865,17.463936650117876,16.997493311772494,16.865656973031165,19.08173282048573,17.71452694754276,16.579276505553175,19.241059965386516,16.10254343092938,17.462630513887355,16.859216673053197,18.833201654870205
arn:aws:rds:us-east-1:acct:db:db-1066,2026-04-01T00:00:00+00:00,19.016893731858005,39736.13232138628,950205250.4407418,8999851544.610096,181574.90333270875,37.0,benign,17.05005030935992,18.74834109418091,41.53760876469388,19.46189952230913,19.6107946711248,16.002619479806533,18.396697388353914,18.78427454878946,16.21617883468627,19.114052539896836,17.766047165174783,16.99958174772475,18.420394354476056,16.52132371377034,19.67846551209017,18.00937392868955,19.137175729393654,16.614454741252054,18.48288861992978,16.004841896681523,19.24111286264236,17.614732786586863,17.681611245264058,19.31092810771454
arn:aws:rds:us-east-1:acct:db:db-1159,2026-04-01T00:00:00+00:00,51.594819944963675,10874.098562340509,148364804.5879371,193458653.8353084,31037.398801686173,29.0,normal,41.07544769117011,38.322101622666004,37.79107626940296,36.63727670014743,36.7762644633336,39.1956759550608,40.52308229751633,43.814958069143486,47.71172351369795,51.62091863847775,55.56551195092777,58.99731709413756,62.277154428694885,64.2124679580755,66.6114377652598,66.76274939179001,65.643048533739,64.6839178490831,62.18404914771822,58.94617797108794,55.536694423618435,51.62091863847775,47.89880311472182,43.8669051911799
arn:aws:rds:us-east-1:acct:db:db-1160,2026-04-01T00:00:00+00:00,46.887418474387836,10233.932798878048,154373239.41974875,175473978.143357,28516.502505353626,27.0,normal,36.640611033511284,34.37431812374205,31.868093323242984,31.635544168353537,32.104862649420575,34.08017170628721,36.169965013552456,38.99461412226397,43.03596911857617,46.84251912397742,50.660485627366526,54.463354737317644,57.74385395811875,60.31525651165171,61.85748738951548,61.24112760734236,61.574254976844124,60.3251925386642,57.52300988983229,54.37858143066919,50.71202716157566,46.84251912397742,42.90232835743421,39.01189569207079
arn:aws:rds:us-east-1:acct:db:db-1161,2026-04-01T00:00:00+00:00,47.31842083368381,9820.676469206672,145791360.15117908,165030118.29277548,27282.70118080047,28.0,normal,36.40949791829848,33.78043766678665,32.901499040062696,32.98205504873655,32.3434426447448,33.87852535014297,37.07143865502205,39.5186903100211,43.33499373329619,47.359708135176135,51.39958149385872,54.83050689225059,57.73162495970858,60.63204931130606,61.93736075337732,62.87079441762789,61.36352710682794,60.263297728432335,58.27694242520471,54.9208394232182,51.07986856888862,47.359708135176135,43.305862938435716,40.089847351810945
arn:aws:rds:us-east-1:acct:db:db-1162,2026-04-01T00:00:00+00:00,46.25228843155045,10024.23582394358,179330064.48535797,196252991.19340098,34749.81393910282,26.0,normal,35.7325211029214,33.376069884410946,31.747103893678645,30.693348431327408,31.289406929401302,33.84632656727364,35.883915031692545,38.41939178127532,42.197297981863514,46.23608083302889,50.13968170215725,53.95178240775117,56.515228800217386,58.705135585403845,61.367970804114854,61.96992610211422,60.69893069986668,59.72381807951671,56.58131856060495,53.47776888793248,49.96029139521077,46.23608083302889,42.38878642777937,38.916739634638525
arn:aws:rds:us-east-1:acct:db:db-staging-orphan-01,2026-04-01T00:00:00+00:00,1.628526446250845,26214.4,264659664.48007935,330363288.04638577,52601.10790791204,1.0,anomaly,1.9815129047039546,2.3210856180773245,2.087887199472803,1.3230550072271399,1.0128561718163889,1.5811591576653987,1.090129922442622,1.5470847096881428,2.1495735604845594,1.1813706672932922,2.208202226381893,2.005178949947111,1.3927937994092485,1.0425433678572276,1.530786143655562,2.214342989585576,1.719670732037291,1.562428026404304,2.285985665341858,2.193540011752927,1.9250503110033976,1.4397890105573696,1.5132379892563526,1.8488628552246473
arn:aws:rds:us-east-1:acct:db:db-1215,2026-04-01T00:00:00+00:00,50.80220333499548,5313.18113913293,154476172.2845492,182325206.4702636,28829.79213724572,30.0,normal,40.73708566731439,37.38860218475684,36.56197149444209,35.187480269836044,36.29041967667124,38.24004907803655,39.89463773205115,43.08003767835712,46.996886559878675,50.816380133598116,54.78451658247641,58.189414634661034,61.838980305672436,63.28255323464816,65.1558639528658,65.89920124783859,65.5607841012116,63.86054036400711,61.80151983793712,57.977689064365485,54.55443334605916,50.816380133598116,46.98925973055914,43.348193029049206
arn:aws:rds:us-east-1:acct:db:db-1216,2026-04-01T00:00:00+00:00,48.971208178450446,5266.281116308291,144792808.25864685,176988768.96067128,30901.156133036748,27.0,normal,37.964647034685804,36.08806225494407,35.07626957972753,33.65654005866045,33.86245546847099,36.328963112305225,38.06397838720945,41.61692958725008,45.144461144142255,49.06164274752129,52.878909692167106,56.79573233252994,59.932472443558176,62.12269080145086,63.06970702911351,63.92231755028485,62.85044136292312,62.46070954166983,59.35668659298983,56.43469679489715,52.901538904034595,49.06164274752129,45.12728672548735,41.530214389265964
arn:aws:rds:us-east-1:acct:db:db-1217,2026-04-01T00:00:00+00:00,46.43795290892497,5207.314342384215,117056742.04229854,143458062.2086574,24654.568424135905,28.0,normal,35.469705749185856,33.786137402626935,31.477035575993995,31.445226475917522,32.53770069483013,33.87832216232332,35.818238236862236,38.99765164618855,42.511022919785184,46.39938001344374,50.20852151609333,53.73991398930794,57.02124675504351,59.4197290846883,61.30415623279817,61.41754417976442,60.77328641144925,59.26715094226285,57.05393651170526,53.66155898337867,50.452566399916826,46.39938001344374,42.44119457307351,39.030263344116065
arn:aws:rds:us-east-1:acct:db:db-1218,2026-04-01T00:00:00+00:00,48.862056742097764,5239.158064629507,132751090.92275809,160522292.57216793,27237.971064852216,29.0,normal,38.31319466139689,35.841127089571785,35.039892054619045,33.092291920766954,34.86713814588174,35.50406156743638,38.2180272668153,41.304056351992294,44.91599710323291,48.81740751266153,52.71681795034029,56.63976092282551,59.64213276589478,61.65162564488236,63.45560402108677,63.96655739350939,63.67679474655737,62.098036781863534,58.91405488196402,56.42066903247758,52.8201305919261,48.81740751266153,44.903777826740054,41.05279806324208
arn:aws:rds:us-east-1:acct:db:db-1219,2026-04-01T00:00:00+00:00,47.628333096795984,5463.413727073073,111481940.84570707,133484281.54862282,21048.49067652888,30.0,normal,37.24041631249962,34.796408024387844,32.74013421748654,33.30789414037898,32.90320070973072,34.305943332435504,36.53557676351723,39.85203524746682,43.93177772808009,47.65477159673885,51.58015221950099,55.19748928555783,58.3460035483657,60.65079471547369,61.58008717636204,62.49464439960336,61.94316516145223,61.16709607680556,58.51990475896111,55.29356319594614,51.385862124420115,47.65477159673885,43.85406564500841,40.144236346185416
arn:aws:rds:us-east-1:acct:db:db-1025,2026-04-02T00:00:00+00:00,79.73304313123933,45618.881479136806,944419220.8211882,1176688691.090581,198312.7689953652,162.0,anomaly,68.79710899867425,66.74576183179047,65.36638103346954,64.68886099675073,64.61753429091485,66.46584327602548,69.62728240524038,72.20191931178513,76.03646424126856,79.78170864577169,83.65015379984038,87.38959042220813,90.13459557672829,92.39398104265896,94.74444689749131,95.40135538997352,93.86337388101596,92.51995637357555,89.86736113593632,87.4075448018383,83.845595694667,79.78170864577169,75.8788816633944,72.38562479295271
arn:aws:rds:us-east-1:acct:db:db-1026,2026-04-02T00:00:00+00:00,13.057962724532894,20643.84,765269703.3762697,951505803.2337717,154888.02628068015,26.0,anomaly,16.074574973586714,12.973460105132832,12.758566983007482,14.42758832874977,16.794364849024348,15.200226350632338,14.677116138920265,15.768822762579077,17.531130877064296,14.761327777674872,12.513804125592713,13.661245655690212,17.504237693275215,15.18675041585717,13.226763276401153,13.83666027681096,14.762605587191418,17.9053904863693,14.579736261292993,13.169733326610851,15.880082578638115,14.841742273155509,16.62985341189594,17.85499758446868
arn:aws:rds:us-east-1:acct:db:db-1027,2026-04-02T00:00:00+00:00,16.932427036489173,20643.84,675360247.8101405,766045157.2102093,127974.63237962507,28.0,anomaly,13.396638668693907,14.235573256602983,13.743117931596457,15.648131785915798,13.082311925295842,13.988436310698765,16.531648920155565,17.31971049994408,12.48782637634371,16.50463921617362,12.258118173674118,12.88304938563121,16.42403292955101,12.434583134887783,12.051975069239464,13.776195904155003,12.814606735468324,14.476297123112339,17.591544560244394,17.32043333541557,16.887734500537313,12.168167156891288,17.78059202140208,16.740073401329255
arn:aws:rds:us-east-1:acct:db:db-1028,2026-04-02T00:00:00+00:00,25.290613964134067,34615.862916229555,681489875.584868,783346442.2326237,629279.334408553,26.0,benign,61.246437952643944,67.31196334007302,69.16288976714837,65.67419112244708,61.81487185798684,15.474985916749898,13.09519999629984,15.592114288172233,14.643777610855219,16.591610364999173,13.56773556630868,13.521720596728592,15.593771078654264,13.571828965059332,16.83814180177699,14.860705378975233,13.245786216319223,14.729109241858511,13.925260853869858,16.30596581692114,15.970093978820096,13.122680327185398,15.611104347586615,15.502788751778063
arn:aws:rds:us-east-1:acct:db:db-1064,2026-04-02T00:00:00+00:00,25.78785656486983,34961.88737887757,862751608.7150408,1041661870.5748641,819067.2594410774,25.0,benign,69.38838546258562,64.0751801458168,62.03616813068482,66.83083642371489,68.9910585662434,15.264730245771263,13.291025797274916,15.264957075229859,13.714510896471662,13.921486794383979,16.437009892401996,14.828484859340003,16.308038730429963,16.951357409703004,13.846191660139322,15.742926295784711,13.987763652508379,16.846415927228765,14.875004772212439,14.854738432265314,16.987319606473623,16.6562967177179,14.631040448690014,13.177629613803337
arn:aws:rds:us-east-1:acct:db:db-1065,2026-04-02T00:00:00+00:00,19.144872096731167,34799.89652885073,907435932.506385,8280915617.574368,172620.68400361782,33.0,benign,18.153375968381983,19.211908614103034,44.51909223256858,16.79398813121491,17.216237721198254,17.341512177810664,17.158463079438754,19.72157614754596,17.07641706577884,17.983210646800973,19.159929536861377,19.080567689364944,18.214488016053295,17.75428408683735,19.15988245106249,19.55499704760783,19.750325799551124,16.65059947846749,18.430609078599005,18.30079130067237,16.172097731790686,16.712654097289874,18.78482394795548,16.57509827459271
arn:aws:rds:us-east-1:acct:db:db-1066,2026-04-02T00:00:00+00:00,19.22912061650894,37382.72657847149,886340572.357683,8399780713.486397,175065.97247665605,35.0,benign,16.197276159355496,17.26139148281157,41.25830005446874,16.87027410711655,19.29639774099975,19.19111822339545,17.791939760384242,18.11785716117922,17.873039388224818,18.16453657301875,17.9459805587348,17.621194950785732,18.338505564420867,17.765184024350347,19.952385099477663,16.953255722177843,16.579912820375135,19.741198899471225,19.55109120849633,19.342952292761137,17.523851759789434,19.42337457256636,18.867992093017538,19.869884578835556
arn:aws:rds:us-east-1:acct:db:db-1159,2026-04-02T00:00:00+00:00,39.567638619493565,8673.00432324897,136577062.50203386,159704014.09071508,26854.781083732763,24.0,normal,29.207857403074662,27.06918497225041,24.879469005348916,23.922468894107872,25.507040825169703,26.92927382979518,28.35227979567823,32.166214734539494,35.441148286509346,39.41112051396759,43.29262785177583,47.072269838747296,50.50754172266512,52.94556904254437,53.279774611730154,54.78813769685649,54.52600284568627,52.44256280773283,50.26098920848648,47.029964321879945,43.34866046521605,39.41112051396759,35.59252504373367,32.23952263638217
arn:aws:rds:us-east-1:acct:db:db-1160,2026-04-02T00:00:00+00:00,49.560345105214324,9932.884112563575,146236169.37435913,185260711.48152068,29782.038984807346,28.0,normal,38.99249782764163,36.20272898144481,34.71683537219141,34.851600162049365,35.477539132966434,36.91805960156595,38.797860315959014,42.25694840573286,45.77135660810545,49.477420627800456,53.32393372348528,56.77730295692446,60.36635157146781,62.46476943951464,64.43090199708512,65.08028751280078,63.77508563211684,62.68036837340347,59.8702921935349,56.73272258583354,53.52246219985637,49.477420627800456,45.64985217523883,41.833684500623974
arn:aws:rds:us-east-1:acct:db:db-1161,2026-04-02T00:00:00+00:00,42.91376624527964,9071.734882037761,134563773.7431585,165258018.49954367,26599.50829259201,25.0,normal,32.45932367033371,29.914300820806265,28.62208340921653,28.49307879180715,28.440558490288513,29.65177772214482,32.44956246824553,35.5219059043156,38.8900034864821,42.96240686952125,46.80176151578214,50.12581999571624,53.45813804090365,56.35961517934252,57.328989569940724,57.54671547340529,57.447271393689434,55.48767890814175,53.581040833786034,50.1115324512788,46.921451019742044,42.96240686952125,38.99131366395116,35.40165333834868
arn:aws:rds:us-east-1:acct:db:db-1162,2026-04-02T00:00:00+00:00,47.052017843229905,9676.92156260141,165558953.51901525,208658840.09853506,34292.187591759575,27.0,normal,36.11957022929234,33.52131996400123,32.909424527464736,31.52660318420176,32.78179521271128,33.64373807791618,36.6308437035778,39.62333776369921,43.390129108246306,47.10865358644687,50.818382711682595,54.649313430402565,57.714216532654206,60.21840379664804,61.981492597065525,61.91178797595909,60.97860613148039,59.88109287405647,58.07679124105207,54.67579540433698,50.89651136246723,47.10865358644687,43.353933201075534,39.72803203463245
arn:aws:rds:us-east-1:acct:db:db-staging-orphan-01,2026-04-02T00:00:00+00:00,2.185025059315698,26214.4,297766566.5014162,361939317.1423566,60183.432408096414,0.0,anomaly,2.214937002161429,2.3748520813910603,2.250814351633391,2.238615495068506,2.0215248335392704,2.1522640791248153,1.8148194695922137,2.3056811196112137,2.2420922383921598,1.9588627710879412,1.3330881109004034,2.370338421004222,1.8054219197829364,1.3611637527205798,1.4299861534757776,1.3735777058388061,1.2914953171102934,1.5333573171748138,1.2701377752862397,1.9915639054127219,2.3380227581124675,1.8890596886087072,1.9735006497374314,2.304311451996051
arn:aws:rds:us-east-1:acct:db:db-1215,2026-04-02T00:00:00+00:00,47.81912339440043,5328.686814207023,143474738.9992103,167300568.6025125,29584.330338918277,28.0,normal,36.97952908695941,35.1990612031865,33.039674474444716,32.12448241561332,32.736891952798516,34.99627870529868,37.01518431353875,40.1050282335586,43.86806341797062,47.80212231787229,51.59295582755994,55.57802728562218,58.25410896163401,61.357682973378125,62.66968005792444,62.9336441537104,62.839832033820784,60.76119433296121,58.79554430149615,55.230985011836886,51.79340246422546,47.80212231787229,44.06911147323056,40.114354149096584
arn:aws:rds:us-east-1:acct:db:db-1216,2026-04-02T00:00:00+00:00,41.89078876002115,4774.130510746746,143169868.42122754,173260177.82608342,26470.209955349237,24.0,normal,30.97184821576119,28.523213098513857,27.888112180918014,27.244831736649942,27.023689798619174,28.483829382379824,30.954419952205953,34.429493269039625,38.02874787496755,41.92206987189715,45.766456799131795,49.543770861114716,52.34612011347407,54.708807072334075,57.02381685583553,57.62414185219144,56.010874176052354,55.084034432207815,52.247024962994814,49.35978669991223,45.87763861098991,41.92206987189715,38.20885865415489,34.18527389726449
arn:aws:rds:us-east-1:acct:db:db-1217,2026-04-02T00:00:00+00:00,42.16200526913037,4880.8542576553855,114180158.94546609,142591057.10642916,23785.656731288902,25.0,normal,31.068668444267516,29.661793613997204,28.0503735667538,27.275127642613175,27.656622572233495,29.54571311866442,31.083320571167345,34.40552077853362,38.25751212597934,42.17100372454021,46.17481400265407,49.927811626631886,52.916503671456496,55.542963803434645,56.03610755214006,57.44177735094224,56.47917296167244,54.90192325985161,52.99915808634366,49.454206402553595,46.110310145036046,42.17100372454021,38.13295327770795,34.4237644354138
arn:aws:rds:us-east-1:acct:db:db-1218,2026-04-02T00:00:00+00:00,50.437198794358814,5302.391268643597,140808590.9756815,156214711.76902318,26753.54741726426,30.0,normal,39.951741424270466,37.53878764973266,35.45673425855827,36.185529872332495,36.45656768148665,37.52115387403977,39.34313757445282,43.25388879136921,46.71935550513323,50.45860062673347,54.503079800368596,57.9925165977771,60.60316195944675,63.477016336077185,64.36716903121939,65.16391286900479,64.88788146875012,62.9722487214537,61.148281772072046,58.18370251053029,54.305376981332564,50.45860062673347,46.54447940731081,42.9998457244257
arn:aws:rds:us-east-1:acct:db:db-1219,2026-04-02T00:00:00+00:00,46.14863846886609,5075.406707588817,109095327.66839215,120914459.17910258,21228.479693460693,27.0,normal,35.171898286001536,33.75373216362437,31.67106397948312,30.522634506312958,32.16621623423143,33.546918281861366,35.56600913328942,38.7729553040733,42.3575407542436,46.1143046733635,50.140135862377434,53.81489009583733,56.53798112068347,58.77199747759482,59.8914305068154,61.433493110184315,60.40802985476819,58.67071652800251,57.20080817026144,53.940874230693524,50.110212656167185,46.1143046733635,42.12153171659068,38.76764393296172
arn:aws:rds:us-east-1:acct:db:db-1025,2026-04-03T00:00:00+00:00,80.28114971789032,45442.75411760733,957461843.0325345,1125484223.9195025,197865.52964963173,156.0,anomaly,69.70979753841809,67.17440098001248,66.33389742762104,64.88372817821596,65.98436243521988,67.20048083837727,69.77434373928715,73.04618404253773,76.37747532103741,80.1817607711662,84.08493375083964,87.81465093667254,91.0633396068379,93.57108451127391,94.88910219024523,95.53489030425042,94.73828646330193,92.75713283507213,90.5320892062609,87.741140539886,84.25576047974145,80.1817607711662,76.48471933255038,72.43227102937576
arn:aws:rds:us-east-1:acct:db:db-1026,2026-04-03T00:00:00+00:00,14.938533495040415,21626.879999999997,781736230.7060881,904640788.8423897,159831.94091260008,27.0,anomaly,16.50523460803344,14.094657346064274,12.93519572485292,15.92408908294507,17.88336639744064,17.695548073795877,14.231128753458304,13.461009397114804,14.881261018692236,13.362659413800799,13.962037815668129,12.203688008489138,15.852935306814473,12.59285306867374,16.684447433627316,14.78544267600863,16.3296340959228,16.839764104447728,14.149272832764233,14.101434967179209,15.800440765386387,13.110727336155023,17.527242309976632,16.682886713332373
arn:aws:rds:us-east-1:acct:db:db-1027,2026-04-03T00:00:00+00:00,13.254280188426094,21626.879999999997,686407276.0276271,780761439.0528728,133242.39673475054,28.0,anomaly,17.299076557536033,13.87697052304452,16.544822616893757,14.326716004850297,13.62299797997736,14.562673884999514,16.989396171934242,17.102292575871125,15.1607325554946,16.460257184175607,14.115374303323756,17.667770521799845,13.193495158757774,13.669180835960475,14.680408932954673,12.418509626416075,13.400312999353387,16.805432458888244,14.874635947599065,13.168825030735611,13.593797923070136,12.624688253026672,12.414426943715176,14.382577014342251
arn:aws:rds:us-east-1:acct:db:db-1028,2026-04-03T00:00:00+00:00,25.394818876779826,37282.49816458028,725481319.4886156,807809729.4124805,682984.5067527979,27.0,benign,67.29912436041032,64.47428876268584,62.01665570991224,65.79285556330225,61.201356062364155,16.707140793148813,16.61818331085308,16.984378877298195,15.59227597012848,15.953417114440335,15.752559964569048,16.446950072080607,14.15272379910164,14.696743764654904,15.726759276837752,13.014979409804173,13.611398388106247,14.994649712124952,13.41438484935318,15.00689618748819,16.128211199789245,15.946186461673113,13.896176668788062,14.047356763801007
arn:aws:rds:us-east-1:acct:db:db-1064,2026-04-03T00:00:00+00:00,25.514175465198793,39137.817636782165,896154179.8429184,1097751443.3902555,886715.5924683936,28.0,benign,69.60362962156056,68.20310075068706,66.79201069472614,60.45867995976328,65.57456139270583,16.763461313124544,16.868865601042298,13.855066003858658,15.331491391710845,13.10939736058154,13.653382192382637,14.582578379695352,13.592191341407403,15.428988277484269,13.977167729709727,13.896207263674556,15.794049501499938,14.838473204707666,14.500749782804712,15.833999028515697,16.783379127881282,14.260637707267536,13.560762896411463,15.077380641568066
arn:aws:rds:us-east-1:acct:db:db-1065,2026-04-03T00:00:00+00:00,19.318032490197954,35499.198311297085,921842561.7738634,8426244343.350917,179727.89517256749,33.0,benign,19.11116089397946,18.17769284404305,44.398753249048475,16.692623802407063,18.507309655680338,19.72666900432295,17.530824258599242,19.01313717531263,17.74953319291701,19.589943923058218,16.148348661135127,16.467439712919074,17.04990907802,19.855306109942017,17.757444455168287,19.665874162883863,18.81927597617365,16.775569447732767,19.154672969777607,16.064925016069996,19.483039753506638,18.23344335151855,18.48602865690974,19.173854413625207
arn:aws:rds:us-east-1:acct:db:db-1066,2026-04-03T00:00:00+00:00,19.160308773553542,40877.46259220988,905091716.5875542,9269365196.945082,183178.96118950704,38.0,benign,17.322380106963607,16.012487977131993,44.35567998144417,18.01269052759347,18.850458488933658,18.05663677324615,19.10651895964018,19.680881922540298,16.254009570913702,19.851983819422912,16.513016562396245,17.749400883159655,16.70012018598385,19.69412107785594,16.22892606082001,19.698247672263594,17.728863656989574,16.2955843297989,18.563316184435042,18.623158640688892,18.138758977709593,18.75593770915828,18.700987857764357,18.953242638430908
arn:aws:rds:us-east-1:acct:db:db-1159,2026-04-03T00:00:00+00:00,48.374361938481286,10027.194909658278,154431351.4154733,176667713.0837038,31316.372720238924,29.0,normal,38.16445985795605,35.399874068161864,33.459585428033364,33.65383127393451,33.48368019489997,34.85474482590048,37.26766086908007,40.57361597302347,44.45259744296529,48.36590681928737,52.36403491237897,56.04578624221942,58.6611924290679,61.169454652777524,63.564078539652975,63.40910211277697,63.19241720007689,61.285520274702,59.45955006829032,56.16974555765107,52.27730788661964,48.36590681928737,44.66590538306063,40.67872769174679
arn:aws:rds:us-east-1:acct:db:db-1160,2026-04-03T00:00:00+00:00,46.298411989394445,9934.632525129377,143160736.97372386,176038060.6784246,28281.052588272003,27.0,normal,35.47525083567211,33.984159669382386,31.265539942640185,30.8385762307434,31.688412136297817,33.21860362794946,35.976971916085866,38.70548453090374,42.35230394035728,46.330326542614,50.275430405660586,53.56092201836397,56.69082267731332,59.67579612985283,61.45644199253465,60.85884115625899,60.84874910313131,59.64168682674777,57.25239597776185,53.82327035910047,50.03471382870169,46.330326542614,42.39123878447054,38.48562257030842
arn:aws:rds:us-east-1:acct:db:db-1161,2026-04-03T00:00:00+00:00,45.82077682294519,9763.849155345857,138181568.03938928,167565613.5682866,26010.44766987504,25.0,normal,35.47834581965267,32.53074158693139,31.15090598563335,30.97886268599755,31.574643602349877,32.34097439704652,34.97919275804507,38.39394843315572,41.804498527380694,45.827624428366676,49.683582362221856,53.55732934003628,56.88200176206732,58.51924416223333,60.63842356884728,60.42969346893399,60.06665354981119,59.43747634199782,56.22112789130398,53.69372753780028,49.541823263838545,45.827624428366676,41.86375507753121,38.27644277113534
arn:aws:rds:us-east-1:acct:db:db-1162,2026-04-03T00:00:00+00:00,42.59119965401391,9674.130097116678,168001863.44078428,202765512.73890638,34424.64803933588,25.0,normal,32.29037779335108,29.519357491176656,28.285316946698522,28.25039329822785,27.33888774440053,29.944407257579112,31.474552662035187,34.77944336864988,38.7935357561076,42.538937827371015,46.60223382885353,50.109635771983896,52.633680700082806,55.98124060768699,57.3863717985703,57.66265664717024,56.80069332025737,55.51018231597369,53.43038852439338,50.27912954726299,46.277661187349004,42.538937827371015,38.813024754421775,34.947744719359505
arn:aws:rds:us-east-1:acct:db:db-staging-orphan-01,2026-04-03T00:00:00+00:00,2.201463825600635,26214.4,287498916.4021879,352282609.47266686,58264.789975752334,1.0,anomaly,1.8648890095316157,1.4730779602494055,1.5214224185922187,1.2774864940337416,2.0054690508696065,1.4521629034454682,2.4118407208795594,1.4776445655885793,1.59704751330525,1.1120070729115983,2.2216861392766916,2.165070659540044,1.2405794959740906,1.4691228079076677,1.0709532229481074,1.0278151729870548,1.1857930772689806,1.1678407526918781,1.0279322516272016,2.0250827502712387,1.0265162965413008,1.332860073985469,2.052435195643395,1.732264189656153
arn:aws:rds:us-east-1:acct:db:db-1215,2026-04-03T00:00:00+00:00,42.413393508974075,4789.734385877491,134566362.91008985,162937642.04786086,28834.83022603092,27.0,normal,32.28336259290915,29.821063117251114,27.41604495742065,26.905112699084942,27.26625866103213,28.855818268402647,31.736736854222823,35.0568755824299,38.48473564171753,42.470113160192874,46.52498487724732,49.829583857160074,53.560805352452846,55.48311667617967,56.27772042097598,57.641711420250445,56.85538959450171,55.568406908437595,53.41084178363137,49.8113804116183,46.53140774971164,42.470113160192874,38.519372310016855,35.140488158337355
arn:aws:rds:us-east-1:acct:db:db-1216,2026-04-03T00:00:00+00:00,41.878147990336636,4701.602815354691,138924335.82218343,173143916.46508098,26816.99511808337,27.0,normal,31.44280959716451,28.787452574997243,27.159657839517518,27.23383945395356,27.189502942197468,29.449392820868542,31.520061613769197,34.643466850956955,37.96490436921795,41.91826981140892,45.749607954761956,49.516975823913064,52.269228383673855,55.00619288288441,56.96250898687633,56.20273475226194,55.831117380973616,54.56827743353908,52.08096392893162,49.096814066367166,45.912793796357384,41.91826981140892,37.992378817210536,34.65832987486751
arn:aws:rds:us-east-1:acct:db:db-1217,2026-04-03T00:00:00+00:00,46.254602196677695,5320.948473587663,117933515.91206697,149647254.1631168,25001.090343001368,29.0,normal,35.46967055182674,32.698801020011544,31.086202070433174,31.741255612000664,31.936765345990892,33.84794005508068,35.24458247283826,38.6198596168757,42.56052355889193,46.26468041882017,49.969072765914476,54.139461028583455,57.3427940449582,59.4332710945614,61.380590450258666,61.40559897942091,60.343500792172975,59.7748763699237,56.44447332066668,53.447326458711935,49.99267893490264,46.26468041882017,42.26201732968729,38.43983000891243
arn:aws:rds:us-east-1:acct:db:db-1218,2026-04-03T00:00:00+00:00,43.30764531175198,4990.401020751747,124370614.00486554,149421353.03822735,25527.863871289883,27.0,normal,32.652961010845374,30.248695718515098,28.7063622197897,27.678000095102778,28.991688555107675,30.24598210040546,32.52391473109414,36.19747563107155,39.596663997805805,43.415433166708205,47.411387099355146,50.68439472575985,54.11074549955573,55.89272206871748,57.76385995456502,57.820221101077806,58.04987640435541,56.4455741025118,53.522376834863664,50.97055170681861,47.44990664551785,43.415433166708205,39.446241824578316,36.14301912121701
arn:aws:rds:us-east-1:acct:db:db-1219,2026-04-03T00:00:00+00:00,46.58304072463239,5335.835003260427,110490014.09914427,132295550.88825206,21117.96433070986,28.0,normal,36.29260023389177,33.734857406848704,32.02171126251854,31.070877594713526,31.902957071966625,33.22825609542138,36.34863810851391,38.94266920198126,42.61967558603489,46.59479295227354,50.37359168325391,53.7908294477749,56.67313800720518,60.11736089681411,61.759598067400745,62.158032444746965,60.37158757712939,59.83337199456109,57.06626356138619,54.44351756663214,50.522677162222315,46.59479295227354,42.788201462565574,38.742979053047186
arn:aws:rds:us-east-1:acct:db:db-1025,2026-04-04T00:00:00+00:00,54.602088621432145,29440.102354528844,733054312.003666,888126176.3224247,145533.71476802102,150.0,anomaly,46.57217014463029,44.47021401653879,43.68362064847086,42.97271494106006,43.752829501782315,45.104082584165106,46.415014326537396,49.21873239026231,51.652741973480786,54.666715865964946,57.51979778102536,60.53295481018233,62.27970569014797,64.39226639206098,66.03757455497905,66.00492160687494,65.18544727662572,64.2702646593624,62.77026617472269,60.034367425734196,57.45449086163764,54.666715865964946,51.86117850892796,48.931338913232544
arn:aws:rds:us-east-1:acct:db:db-1026,2026-04-04T00:00:00+00:00,14.273090865251053,22609.92,643163736.3777322,727771840.8474925,123644.22894927814,17.0,anomaly,12.968027175723197,14.812375134398359,16.248220898104734,13.005896374146042,12.555714409251532,12.957144992618826,13.553517676044658,12.731513093317156,15.731828163852606,16.658080970901203,13.634264514850537,14.308244408371142,14.207875567329065,15.215227863122742,16.94223906422636,15.904400738999932,16.04150117166016,13.798634769620948,17.668486260623773,13.628393506299984,17.650543817510112,12.571974029868072,16.90564047288356,15.112964836664952
arn:aws:rds:us-east-1:acct:db:db-1027,2026-04-04T00:00:00+00:00,14.219472456959396,22609.92,541241069.8243605,696531206.5415872,109046.52498939379,16.0,anomaly,16.93744131107907,12.213012643560715,17.358064357066397,12.42477557134606,12.927476399842654,15.707047235196619,16.025766082245045,16.737901528884738,17.543274538407747,14.608131319977339,12.526390430608627,14.787942558504017,13.336308468353067,13.507293076794044,12.831081382591321,16.59077264747967,17.00742272226561,13.868912852212699,12.471455286631342,12.136812038994766,13.776000751595099,14.832732335471134,14.560032670010717,12.202567123460586
arn:aws:rds:us-east-1:acct:db:db-1028,2026-04-04T00:00:00+00:00,25.742841811402254,22522.84742486148,511079710.2220781,662182374.533345,529668.6533269273,15.0,benign,69.2199198598791,64.77936860428167,63.38089284416667,65.36119531402746,65.47131611604534,13.759919970834991,16.593959635617324,16.507838930751706,14.95931645153929,15.0033324039657,16.389649089302935,14.928124661635852,15.037974861221874,14.97139022352182,15.094174536533096,15.875347038022438,14.642868454251332,14.613367220275267,16.09895165424674,16.51886130806305,15.354655117278664,14.996853833308194,14.608614597568119,13.660310747315462
arn:aws:rds:us-east-1:acct:db:db-1064,2026-04-04T00:00:00+00:00,25.356711585137646,25138.139796067015,728511020.9583735,885167360.8519386,705742.4805534222,15.0,benign,62.295689229758416,61.99850945061471,64.75539773872313,67.86857970210085,67.22488018327286,13.953926159194623,16.717288719505714,15.142715491140791,14.461369870676437,15.23275787726168,16.99292570345535,14.181461947497304,14.14078134433842,16.22541474318036,13.819022156375677,14.296306022395132,13.85429505619166,15.42577132083006,13.771422921090283,13.358304089874547,16.70897030957839,15.021799921408011,16.405212514496004,14.708275570343094
arn:aws:rds:us-east-1:acct:db:db-1065,2026-04-04T00:00:00+00:00,19.342876947341406,24583.6974839264,758251877.9612882,6989724168.705776,148045.35336491314,22.0,benign,19.013135176406273,17.295283095890028,43.7501041510212,16.667071189179495,19.134947829854834,16.914053287995422,18.340026877743654,16.494302175835568,16.4804067847688,19.99669156986022,18.022498081215712,19.520933310362135,19.929518465986256,16.766226172119204,16.735084397625826,17.740759108657066,19.457673540320894,19.439397554864904,19.228138754285325,18.10649001451145,16.516772790289387,19.073333131128003,19.83283061845197,19.77336865782007
arn:aws:rds:us-east-1:acct:db:db-1066,2026-04-04T00:00:00+00:00,19.405026884833656,25245.944455535206,703360449.603512,6808979992.762283,141746.17963077477,23.0,benign,18.564258515196535,16.72770443129973,46.181327324213115,17.991301679123993,19.217072815231173,18.936175216473437,19.586773482117763,19.179265096887796,17.580981048449058,19.221375302806372,18.10147425975322,17.185352059092157,17.460459462088195,17.099104853984954,18.195301249816573,19.171215209246874,16.024851874612683,18.814964441509023,19.680044841697345,18.487233450501407,19.00437251566981,17.830735058775545,16.36405366829327,19.11524737916767
arn:aws:rds:us-east-1:acct:db:db-1159,2026-04-04T00:00:00+00:00,19.86947942433294,6417.1366473091775,111585213.4304526,144115843.19536248,23728.49514784966,15.0,normal,12.027713897750205,10.054326419039171,9.164663373653624,8.112334845402273,8.86564489153209,9.72649544961843,11.684302436704485,14.238624529993707,16.88528481336852,19.899659989836657,22.68276648483313,25.369020657162345,28.176249081473053,29.972398613209958,30.90246671892445,31.354380730546932,31.206022505888015,29.46108484967197,27.83996263350948,25.30616104401581,22.810036400790736,19.899659989836657,17.03418766797882,14.194058159250115
arn:aws:rds:us-east-1:acct:db:db-1160,2026-04-04T00:00:00+00:00,22.120195842182962,6529.635063763865,111370931.1096222,139457183.54738602,22646.1578284477,16.0,normal,14.42217327154052,12.718711058903526,11.616075505845824,10.645076623213617,10.889030404731916,12.064989561097338,14.419705442088516,16.649798862950465,19.162271116884654,22.14974773916851,25.110707294836832,27.809498747953533,30.120254195593954,32.205626048064346,32.73988546718588,33.770076981554645,32.5960254627385,31.5464840402441,29.718806376448136,27.551477393922987,24.92634312921886,22.14974773916851,19.265245557300148,16.636942191735788
arn:aws:rds:us-east-1:acct:db:db-1161,2026-04-04T00:00:00+00:00,21.06798349420777,6757.893760911921,107910138.22692418,126542928.90249217,21989.782872893727,16.0,normal,12.967846349362983,11.601844401050078,9.818376369100656,10.121531925555315,10.230226049927838,11.467859736903675,13.382341605429348,15.55128536243686,18.03299683972267,20.961012710456405,23.967388651842278,26.63844325986687,29.0024920445801,30.7500750500145,31.534787097711995,32.270062296464694,32.136676339303186,31.065184402647276,29.283813308933922,26.742626316286753,23.88082909435522,20.961012710456405,17.986659890107166,15.276232048470243
arn:aws:rds:us-east-1:acct:db:db-1162,2026-04-04T00:00:00+00:00,19.831452840646627,6343.391391788316,129877836.05885439,154651685.09032682,27117.22525530184,14.0,normal,11.646306247635772,10.32872117961759,8.530689288940064,8.339104960573469,8.86353744736766,10.052119637005962,11.741117107014409,14.446943455771157,16.89030504545273,19.90432990141312,22.889150957108924,25.661960066114585,27.469125141276905,29.752410387126588,30.668076994195072,30.925186006595105,31.119322199070496,29.200864933946868,28.034057486737034,25.28397672358953,22.87910104896522,19.90432990141312,17.052940938635203,14.371191119952424
arn:aws:rds:us-east-1:acct:db:db-staging-orphan-01,2026-04-04T00:00:00+00:00,1.03028437578797,26214.4,307703618.4542959,352185142.34695995,60780.042102060026,1.0,anomaly,1.7885529068197135,1.627998887366883,2.2577209468914683,1.6311036126268799,1.2162422689879793,1.2417989490262953,2.0531401380096277,1.9284346982255547,1.3841463528541416,1.0602452987793527,1.5782427213433972,1.8338496055643305,2.4176529505898436,1.328774958982164,1.2370271093495002,1.1782355840978642,1.296350491160103,1.6635782232312966,1.3996460644009128,1.1160096909006714,2.2639158690116368,2.4089082816723835,1.472688156664119,1.5211659120522087
arn:aws:rds:us-east-1:acct:db:db-1215,2026-04-04T00:00:00+00:00,18.322254484532408,3041.9125265064094,112988839.44641359,129578153.39825007,20683.407128336916,13.0,normal,10.67764170087096,8.472081506223523,7.2974486106981375,6.6654816408277595,7.07106281259989,8.190517519188727,10.40423225878266,12.576246372659956,15.560931267541466,18.332286022743585,21.382731898457518,24.103472899784602,26.201882627571944,28.06441578453818,29.578342405824216,30.003297238356243,29.302269582618216,28.255133344615096,26.094164566816207,23.799354682616514,21.24426168631533,18.332286022743585,15.286451817519724,12.838113358863815
arn:aws:rds:us-east-1:acct:db:db-1216,2026-04-04T00:00:00+00:00,19.668762127354892,3173.2387457783375,105936480.04645176,137270951.28343448,23197.69378511991,14.0,normal,11.788148070693762,10.145310886452183,9.100908052995594,7.942068812026971,8.81582819928621,10.006220334196014,11.798388184552106,14.01993823536216,16.71846512044121,19.699753198590727,22.608336660422324,25.190716584061747,27.48563670633574,29.079982430473237,30.476456816861553,30.504587804227192,30.988964452375292,29.737660423035226,27.322083607794536,25.54415803708394,22.63514401784154,19.699753198590727,16.682510314491342,14.05927090832604
arn:aws:rds:us-east-1:acct:db:db-1217,2026-04-04T00:00:00+00:00,21.26569558392201,3541.5547890648095,99150978.62744416,114437062.18772182,19715.503468692874,17.0,normal,13.631250384837433,11.911751581041717,10.759746068139364,9.667602839069005,10.217583061064479,11.42634640464966,13.329120662289892,15.935863778193983,18.411474202969778,21.329489180262932,24.134415890347867,26.755151535133994,29.0090532906397,30.921380287551568,31.824636542170015,32.428765978432736,32.07335089213553,31.424601544897328,29.237198943928107,26.739114812610744,24.114655022166193,21.329489180262932,18.292666537871398,15.471985393461825
arn:aws:rds:us-east-1:acct:db:db-1218,2026-04-04T00:00:00+00:00,21.625767137343587,3681.119539648309,107898108.69570617,131760944.30653135,20244.40327992636,16.0,normal,13.306309733969494,12.063380419625426,11.238107661027998,10.830731100026876,10.709147508565392,11.577362179479412,13.99038055296833,15.82648472418594,18.77786938573297,21.590650360027304,24.507463691138646,26.941625075082936,29.216898294521982,31.06103345999891,32.927371765209905,32.71004574068728,32.63433564664463,31.008111078808607,29.866260733182525,27.4264649977418,24.4811208784074,21.590650360027304,18.5972967629023,16.13930918628275
arn:aws:rds:us-east-1:acct:db:db-1219,2026-04-04T00:00:00+00:00,21.954006118573776,3491.755396027716,86165775.46225712,102233148.00919089,17092.508160632296,17.0,normal,13.760083384204766,11.792354714466029,11.350812647210663,11.03634072193202,11.5128734772805,12.146597647015447,13.66184650156324,16.406256418105087,18.869066995184973,21.893569943191284,24.860261242329226,27.325043230861322,29.687589377368283,32.06540245918595,32.89720091491495,33.49421902726853,32.595389865262725,32.02138381313199,29.954332323283648,27.64142712227158,24.905591093272132,21.893569943191284,19.05281345186697,16.072120531407975
arn:aws:rds:us-east-1:acct:db:db-1025,2026-04-05T00:00:00+00:00,54.272770456464045,28962.629319350628,768530424.5058287,918323026.0158716,150230.9883327764,150.0,anomaly,46.03367460451487,44.877772544445556,43.65751471218993,42.72706478902333,43.688345465249974,44.84038632894318,46.05093514692639,48.7013928870806,51.401638127158506,54.26832728448532,57.170345621447105,59.94507036680419,61.9239157150957,64.48359951287219,65.33210070816145,65.91242059680926,64.63847573278466,64.00211291486005,62.11280581569355,59.76137161055615,57.04563205046513,54.26832728448532,51.2177089472308,48.48555218785393
arn:aws:rds:us-east-1:acct:db:db-1026,2026-04-05T00:00:00+00:00,16.227810953345717,23592.96,604407672.6419189,718510611.53247,119416.34041750805,15.0,anomaly,12.233152508736964,13.577879506323036,12.687421244735962,17.08820798916112,17.80143125269125,12.076971118665464,15.931874246886567,17.374100572717854,15.454886137680209,14.576478210220564,15.852191747867687,13.387886413746354,17.900106998460366,13.512325403526692,14.205961378977676,15.616505682029253,12.944742353441047,16.000605329503607,12.205858116250964,12.982926831001986,17.88267717098571,16.17333634639796,17.786247867445475,15.871242020343468
arn:aws:rds:us-east-1:acct:db:db-1027,2026-04-05T00:00:00+00:00,15.481260303634125,23592.96,535279868.4440779,609866502.5837036,101504.52643408692,14.0,anomaly,12.898609924148552,13.720935957409921,14.956271537245907,16.251762800803355,12.620504815889579,13.867061966175715,17.894527226564236,12.10458824255844,16.274832495537353,15.415862358709196,13.630319274913283,12.259761064751084,17.54984167019274,15.751399424358889,13.320927220803206,17.2857567198389,15.676158083190092,14.520435843929423,15.613040339212983,13.796840249126435,12.401102878880788,13.123337985970153,13.734600901859476,13.283556899470458
arn:aws:rds:us-east-1:acct:db:db-1028,2026-04-05T00:00:00+00:00,25.52977441608769,20259.6798994318,529037739.02554905,636752520.8594368,504076.40847842564,12.0,benign,62.24906986296613,63.35992603123404,62.05178567410617,65.09054315833308,67.88722836914626,13.491112584571217,13.787517807962313,16.480244931683366,14.74085346998364,14.429739089806713,14.730652960216494,16.11550434941532,16.442852587400793,14.092459292680001,14.880192951838062,16.516505933947883,16.493129880685302,14.841586377730593,14.13466945013794,16.02317762677647,16.129143642980033,16.962660365072864,16.40440606693,15.379623520499823
arn:aws:rds:us-east-1:acct:db:db-1064,2026-04-05T00:00:00+00:00,25.222000084449288,24170.80901653898,685492524.8930571,809019533.1999854,673490.7365984417,13.0,benign,61.636075224192666,65.97531981389814,63.707674432433755,65.27438217655971,66.61109305645061,16.010931111331338,16.61751900697758,16.089609884446283,13.232997417787205,13.572483798068664,13.824805509132204,15.687973411879824,13.441487302156876,14.624070231618838,16.22518036958193,15.77839671439051,13.21884599018751,13.951032910650428,15.226407166693953,13.269077089433372,14.650179962265122,16.558466993597545,15.44831996000222,14.69567249304655
arn:aws:rds:us-east-1:acct:db:db-1065,2026-04-05T00:00:00+00:00,19.330049235264266,24650.622187820118,718538022.432056,7178054086.099108,143674.0688888627,23.0,benign,19.58085603812776,19.078784672745485,47.8433274638419,19.61259949852365,19.671325146617804,18.8634371797242,19.705966896005048,16.607092274686156,16.711041658918827,18.40303736761345,18.137297067979752,16.55877113994124,19.07949023669816,16.288710834008985,17.272950795757712,18.816019867097904,16.60802692746971,18.526281299357215,16.167762039727776,19.76039220878504,19.4466064260003,17.027171761013655,16.28753712510666,17.86669572059393
arn:aws:rds:us-east-1:acct:db:db-1066,2026-04-05T00:00:00+00:00,19.051539789604902,24303.3142803398,718259856.5981015,6647338668.841254,136087.05847171127,23.0,benign,19.95985648986224,19.24538904767637,41.83338414813209,19.08582636999421,18.11086934853007,17.104356127163882,17.447649659816385,18.521501271048837,19.349426192174988,16.301024122982398,16.34891464972125,19.86796333288232,18.632051140920808,16.475026189650354,19.53175935389375,18.51724571265,16.420698416896983,19.423585197006403,18.13353509734535,17.52625007854226,17.640158581149777,18.888944510683828,16.154587987939628,16.716951923853497
arn:aws:rds:us-east-1:acct:db:db-1159,2026-04-05T00:00:00+00:00,14.961581878595984,5565.582156040298,114481991.71571603,130626911.87786406,20913.93594769844,13.0,normal,7.306902043508848,5.073106780685781,3.95,3.95,4.538645662796751,5.1570761390736575,7.086723626638522,9.082404992353602,12.014339677392147,14.961516672848424,17.742849082527663,20.85439769056588,22.546330132036655,24.618221944375055,25.9295787605579,26.575670666537597,25.600428793208973,24.81265179949586,22.690895896933238,20.57277518190951,17.76939271606764,14.961516672848424,12.078610048548843,9.203930105392663
arn:aws:rds:us-east-1:acct:db:db-1160,2026-04-05T00:00:00+00:00,17.750676303438958,5978.182808046382,102619334.62220919,128413137.27166636,21752.57113428886,15.0,normal,9.998117887323918,8.180866437884431,6.812924650399605,6.908351282418414,7.2530803097257674,8.325921112648736,10.08685728961176,11.988526034162545,14.739919694585609,17.722377068577693,20.53273216243272,23.29595144573937,25.303065241978565,27.14952263015291,28.50379784822785,28.533832994214627,28.60655723940883,27.327769585732142,26.002746605237746,23.60073505091042,20.637423695432943,17.722377068577693,14.761842878046613,12.02093506910417
arn:aws:rds:us-east-1:acct:db:db-1161,2026-04-05T00:00:00+00:00,20.42886948597556,6186.309289284078,109803711.02137193,127268408.20830044,22202.47435340024,16.0,normal,12.301194488082967,10.695648780481472,9.52009188318371,9.29247028165777,9.1874014112394,11.01428192784468,12.795438310803787,14.853387322401053,17.691908944978127,20.491796721597183,23.261456070777506,25.87263482500986,28.208583742854728,30.01457605752593,31.41584305383165,31.823877150125156,30.9018650578834,30.189620995038435,28.770483889031603,25.85239589628593,23.368642557577576,20.491796721597183,17.519483273488493,14.757988300115873
arn:aws:rds:us-east-1:acct:db:db-1162,2026-04-05T00:00:00+00:00,18.518926072270578,6150.606292617824,134236505.13321257,164331429.59388614,25743.465145686587,14.0,normal,10.97718465703311,8.442253458674589,8.24085342999683,6.814383312048692,7.648690048381329,9.00936560083059,10.503936191419358,12.887731934379056,15.599567045780462,18.566237600859505,21.386694361773884,24.04416923748967,26.530576330685154,28.34765267279426,29.141549259120318,29.311576634109212,29.231165924836485,28.026500971086097,26.894691475151273,24.01986665455766,21.50925623325373,18.566237600859505,15.53313059749497,13.220954501878097
arn:aws:rds:us-east-1:acct:db:db-staging-orphan-01,2026-04-05T00:00:00+00:00,1.1693562430832414,26214.4,284658039.60658777,326302239.17680216,58816.86846574024,0.0,anomaly,2.2850516778262353,2.0800074190748763,1.8062747482466277,2.102953111778014,2.163485146875025,1.216153371776715,1.9606893192754318,1.0439486068847035,1.0450225516063483,2.081507678182797,1.5590876624542378,1.1127323072578301,1.4569693238241417,2.383078848959815,1.2671796395582515,1.134761435818724,1.7569101422090845,1.5090497672080372,2.164296008032937,1.847963871333396,1.7122377672233566,1.7656845457837906,1.003127502757708,1.1728228828172216
arn:aws:rds:us-east-1:acct:db:db-1215,2026-04-05T00:00:00+00:00,18.220997125708923,2942.002370404013,108588631.34238414,131816401.84576195,20429.565779982382,14.0,normal,10.084894819999889,8.551527510479296,7.220172125429208,6.81560638487797,7.0797484828998485,8.19860287019729,9.90035308817559,12.418630834009864,15.415075558246244,18.25001516179749,21.19869300306711,24.00197845533807,26.343615905031392,28.214973342951193,29.150921453539326,29.648842233238277,29.003027338583546,28.244157274052334,26.03579266318947,24.044650731775654,21.271930311927278,18.25001516179749,15.377656584804248,12.583049721606061
arn:aws:rds:us-east-1:acct:db:db-1216,2026-04-05T00:00:00+00:00,16.179363500017654,3040.4221108061074,106100943.51987074,125313940.95376119,21500.799682917772,13.0,normal,8.25302992781699,6.306062066746672,5.411243027748801,5.364852321182371,4.76976853691818,6.566002980874015,8.075350916545043,10.478158200682186,13.223854739512849,16.154092640558048,19.133265410063824,21.97232228891433,24.336254138335594,25.83443399231212,26.660076559472305,27.493259568205037,27.165609283751955,26.10500923734038,24.290427555941235,21.67678236092998,19.042582881283938,16.154092640558048,13.189087884802577,10.649104839927205
arn:aws:rds:us-east-1:acct:db:db-1217,2026-04-05T00:00:00+00:00,19.930951555593886,3043.191771100975,97052751.4889974,113217391.7751123,19624.362825408873,15.0,normal,12.118226781858144,10.181275025068777,8.730191465519797,8.699462720500819,9.388248635991355,10.239930670147787,12.31195285606615,14.295564840512593,16.984745463081005,19.976291604291266,22.832178046706773,25.82773219976694,28.196887663062206,29.264851079954145,30.494824424830725,30.717803829481806,30.32115979926337,29.926329250958396,28.029126687299943,25.66009666124061,22.816064910959163,19.976291604291266,16.99877697154318,14.354824141857037
arn:aws:rds:us-east-1:acct:db:db-1218,2026-04-05T00:00:00+00:00,20.06491068482487,3053.186680811059,94710279.88454077,123130721.31484313,18719.32499698976,15.0,normal,12.16307836621027,10.015511014948517,9.054003470590894,9.112809334514022,9.264131134278388,10.279460409846115,11.858191137621105,14.325333580746067,17.094589004257347,20.074975616554298,22.899987215578886,25.654060418483613,27.779514637845324,29.691510820256884,30.958244043206257,31.67719028136694,31.030160252513543,30.12847316362866,28.250816190396627,25.466757317485694,22.899985941863584,20.074975616554298,17.08327790747034,14.720819559579219
arn:aws:rds:us-east-1:acct:db:db-1219,2026-04-05T00:00:00+00:00,17.960205406194497,3062.0841226076263,79214948.29815081,96923582.57129292,15718.469622280834,15.0,normal,10.327216695503504,7.881217934178197,7.436153708740909,6.637774047387392,6.966193082751557,8.093137243709482,9.87135483702034,12.403904080396874,15.12650037153977,17.966718570754306,20.764336352676644,23.61668800664067,26.08101859442704,27.25285539772345,28.87582737991712,29.266111225813887,28.53961026028679,27.770730681518227,26.06331367208046,23.836208309115854,20.830421520723903,17.966718570754306,15.055304976657748,12.41561422834957
arn:aws:rds:us-east-1:acct:db:db-1025,2026-04-06T00:00:00+00:00,67.61337732460625,39684.07735197109,874627321.3387285,969702495.7869285,173340.74080575662,150.0,anomaly,57.02650163790149,55.049084283106296,52.959283249821276,53.00175672959467,53.17587123376802,54.79041731075313,57.496156800020294,60.22180707522556,63.61872197799465,67.6022109616926,71.38974167457076,75.03202323844744,77.8242272069657,79.95653494481454,82.40902960114244,82.45513512656083,81.50549689815176,80.74324917861787,78.41080139751836,75.07281932526344,71.60309935465555,67.6022109616926,63.57998730414124,60.194888318129244
arn:aws:rds:us-east-1:acct:db:db-1026,2026-04-06T00:00:00+00:00,15.01212984555021,24576.0,690871218.7304416,804883201.8187741,136914.12957011178,19.0,anomaly,16.103841783000284,15.300975724513183,16.07753413376766,15.9632545455097,15.026477251380147,16.427998887806424,16.557344726728857,13.120232776984771,13.395968563053069,14.767833539253758,16.27511254904409,15.644866710971053,13.440077355389835,17.576381455089138,14.69424560813047,16.301298612331237,12.801020450864115,16.81112455322326,15.238856528597346,13.620097940171016,17.130930585492287,12.234293220915585,13.702461611914224,16.959897823065027
arn:aws:rds:us-east-1:acct:db:db-1027,2026-04-06T00:00:00+00:00,15.405837334947565,24576.0,591228223.6135192,695879143.0884107,118945.47957471416,20.0,anomaly,14.656725206018141,15.774085188105033,15.775993294406263,15.593546562410662,16.37364360836532,13.523873299843451,16.241928830739198,16.360090104999898,14.199626476298427,15.202951257668909,17.687874849570157,14.911058252188484,12.918317176007005,13.406280082426816,14.768673884174905,13.59713315831216,17.905536400580466,16.758535315353015,15.240240666546608,15.569575316028924,13.275844341047463,14.513052085073944,14.683302430247272,12.240704889418964
arn:aws:rds:us-east-1:acct:db:db-1028,2026-04-06T00:00:00+00:00,26.365689709034495,27717.93693059307,604951898.9463117,701055515.799424,566193.1646718575,20.0,benign,69.70833288091923,66.6898940836059,68.7175490310228,66.136517382202,69.850647017414,16.881936307565887,16.71504053096424,14.216560687796953,15.143106696943143,16.03881164627642,14.760039350361929,15.734458776092318,13.636745773896951,15.52140938808455,14.44095981631039,16.739974413451247,15.219710329933745,15.879696922974238,16.56359061745342,15.142337908781373,15.72412757049951,13.80199917075262,14.878048862423308,14.63505785110175
arn:aws:rds:us-east-1:acct:db:db-1064,2026-04-06T00:00:00+00:00,26.3886463210935,29207.97736073234,748114681.5726396,884313548.1147519,752403.866751148,17.0,benign,60.04963869673645,69.34103103654195,67.47974545931064,69.98282907908798,69.72332906167533,16.402408331095714,14.896590784571808,16.044415847517154,16.45287202493104,16.053204648360474,13.610639801179591,15.011886648917793,15.805386627587989,16.244624427570447,16.896907098825974,13.11198511809788,16.222410618656802,16.76602036600057,13.360009031722052,16.86764201855183,15.59239823309461,15.403669940674904,15.4958366882971,16.51203011723791
arn:aws:rds:us-east-1:acct:db:db-1065,2026-04-06T00:00:00+00:00,19.43689356200521,27422.97034316284,787285876.0153373,7452892301.713227,150023.25351882062,27.0,benign,17.031313618659713,17.93113652476833,41.17627315157787,17.53291156174386,19.83379258864545,17.477750902092296,16.92923147843849,18.759317003074386,19.530567510431517,18.22305824144137,19.21137623965814,18.741740768293926,17.93837985515951,18.145725062532787,18.377976414516336,16.57747632194152,16.650073860952364,19.432964729232456,19.981828532368727,19.802146256579366,19.668426233917373,19.62273126724861,19.991836101709847,17.91741126314081
arn:aws:rds:us-east-1:acct:db:db-1066,2026-04-06T00:00:00+00:00,18.923071279228008,31860.221745998097,836731669.1202688,7630320557.834145,167236.9466032092,28.0,benign,18.397746933238736,16.661220983117975,42.77509709235467,18.76338934802426,16.963336528956354,19.5921487898959,19.25336183572532,17.857689393931793,17.215792086169095,17.346128354840644,17.905775419162463,16.138321726031066,17.08550603957296,16.032762920695383,19.751743658548456,18.052615935421663,17.349730429982436,18.273321188702106,19.30300698750526,19.222917798867066,18.770283929641987,18.429479291208146,16.437893717576873,16.574440312301576
arn:aws:rds:us-east-1:acct:db:db-1159,2026-04-06T00:00:00+00:00,33.72325382157281,8082.91098954198,125137203.46764348,159267422.27586985,25579.59387193544,20.0,normal,22.90507203716576,21.18263675487609,18.9297556549137,18.91930538899556,18.727978596215905,20.713774501310866,23.41416474260673,26.259080925781724,29.929292871956413,33.79379204715853,37.6868457983081,41.0799362206381,44.10038536404343,47.19752677952459,48.66338737993766,48.336769136222344,47.57261677942229,46.32394808280001,44.72840614626917,41.17322025009004,37.70779762354967,33.79379204715853,29.977673855591433,26.24093273321074
arn:aws:rds:us-east-1:acct:db:db-1160,2026-04-06T00:00:00+00:00,32.01753287231646,7973.190723527649,124751163.50518337,149149062.70799786,26064.928057631016,19.0,normal,21.408720686929804,18.85368799999103,18.260196702349862,16.62900034637445,17.753500901598432,18.83238270980635,21.10547839363298,24.368217816456315,28.22763745562961,32.09406387378505,35.9881074569977,39.53047575601134,43.18160951772323,45.33247026597483,46.03347870547721,46.505834617929665,45.92777674525982,44.97000769854545,43.11259634118496,39.636576163052055,35.784144139529744,32.09406387378505,28.26030414655571,24.530456621014306
arn:aws:rds:us-east-1:acct:db:db-1161,2026-04-06T00:00:00+00:00,32.67767731802197,8089.881229309427,115478645.18421382,142416046.85314706,24476.29667433085,19.0,normal,21.558419005918218,20.12370064259379,18.286945054333163,17.92725044769942,18.506077197864556,19.57686356283294,21.603713702400626,25.336438868718556,28.79592047663599,32.51672901977305,36.47543881442271,40.368043696653345,43.328227002973044,45.35303533422373,47.67679131492211,47.805158875732396,47.16640275320361,45.31315658705748,43.63874048712615,40.03253405537706,36.33490565348364,32.51672901977305,28.718734405302875,25.304299653505833
arn:aws:rds:us-east-1:acct:db:db-1162,2026-04-06T00:00:00+00:00,33.238111378751405,7456.855682133674,142214688.33816484,182101474.14527234,28600.800913255676,19.0,normal,22.958021104612985,19.949488111867204,18.173032488737594,17.86172051494667,19.393336501046125,20.44170303901454,22.901369596471028,25.86604273867568,29.414906458027225,33.252422040764145,37.06104046040119,40.53977734425846,43.82520884310308,46.4984613610201,47.8795046702923,47.99733238811869,48.34371794166952,46.08360394062193,43.444498490567376,40.43536053345415,37.232321249727256,33.252422040764145,29.359832322775787,25.54954890909648
arn:aws:rds:us-east-1:acct:db:db-staging-orphan-01,2026-04-06T00:00:00+00:00,1.8452772449939177,26214.4,261645082.2100887,320710152.445215,57440.471011242065,0.0,anomaly,1.8262072207720341,2.1911808114761655,2.0112095411183866,2.192957019635572,2.1975822244705574,1.387824227532001,1.5785425836143019,2.0942108062366493,1.1844005547417014,1.525744349161625,1.8638933018561747,1.5980244491400026,2.211874528384023,2.452536279356343,1.8671694089411792,2.160890816830949,1.2468347543450302,2.237299383869146,1.0169778722188025,2.460004663887915,1.0247907824601825,2.1819159067429776,1.1896462349276904,1.7237365659098822
arn:aws:rds:us-east-1:acct:db:db-1215,2026-04-06T00:00:00+00:00,36.11853949456852,4132.6021576775765,132880537.74708557,157169860.2164941,26622.1653597063,21.0,normal,25.20325975242075,22.774738668158307,21.910058379432392,20.84145462730356,21.234644990110063,23.2054928987313,26.074156119656813,28.45915818115777,32.38410691528921,36.15630169940751,40.20807481327331,43.87686117464023,46.25513803427002,48.88946302124385,50.77853809834122,51.667034971267036,50.174877866092444,49.46893084815589,46.74104582353216,43.93734054373987,39.935217351965186,36.15630169940751,32.19898804042394,28.313763351624342
arn:aws:rds:us-east-1:acct:db:db-1216,2026-04-06T00:00:00+00:00,33.87174605035845,4131.617285111372,127427210.09742382,158344356.02215925,26227.20839922634,20.0,normal,22.80102343963952,20.696871432791,18.826034816482846,19.295001581104444,19.702016815184955,20.986196804855425,23.697397751014726,26.21022198178419,29.898864955488303,33.901908105986664,37.65926970353297,41.404864341325094,44.70719196458957,47.36459262255907,48.135690622623684,48.617276920775964,48.426251266412386,46.501261221872014,44.19623313280507,41.77205564182189,37.71469542795658,33.901908105986664,30.077305157183705,26.427771394826163
arn:aws:rds:us-east-1:acct:db:db-1217,2026-04-06T00:00:00+00:00,32.65072296591358,4120.4852749232305,105709845.47811446,122117523.99126804,22090.665731453046,21.0,normal,21.78776231414156,19.69987566431129,17.745254126505284,17.559387755507228,18.056766418045154,19.626963941731344,22.162587896697353,25.00416577148213,28.837340771418955,32.725618240224044,36.67111138233934,40.36435485796086,42.8824371133579,45.61144228146804,47.49076862490312,47.37120371056118,47.39181969584375,45.63657513793427,43.61877819037762,39.90969089993849,36.5875213445777,32.725618240224044,28.801083695195178,25.349223107180194
arn:aws:rds:us-east-1:acct:db:db-1218,2026-04-06T00:00:00+00:00,35.45836172981468,4157.006729889403,115446200.31784533,136413587.4495033,23657.13690425249,21.0,normal,24.456347753265035,22.35251901458547,20.830102013180635,20.525695981725477,20.605302788850935,23.134421546444166,25.44235376457462,27.881920627480913,31.69250126991588,35.5465156741462,39.235679560589496,43.245276137517045,45.665330107276006,48.39001362425396,49.545698106499636,50.08939268951981,49.5332347015535,48.34409958948263,46.404020001982516,43.25628071385388,39.47770867886722,35.5465156741462,31.74824005101578,28.05151144482528
arn:aws:rds:us-east-1:acct:db:db-1219,2026-04-06T00:00:00+00:00,34.03067458172356,3936.538250842463,94378149.725082,109386771.5670944,18078.096297307315,20.0,normal,23.52896501348804,20.983265615444637,19.676958543745755,18.54195298725262,19.962155284685565,21.536342145219695,23.555254193645315,26.225887052056898,29.945743614457196,33.933861126320636,37.91919761197161,41.35803981387147,44.860617227100036,46.43811349122776,48.64184802289036,49.66752106829242,48.826183431182464,46.3884647209339,44.48549087296212,41.72067799798167,37.99395889900413,33.933861126320636,30.060560451807596,26.551269649502885
arn:aws:rds:us-east-1:acct:db:db-1025,2026-04-07T00:00:00+00:00,80.19326805245171,48900.08446904077,943768440.9231473,1140996731.7723916,200971.71880354118,162.0,anomaly,69.91934618711045,66.70173319495981,66.21926680935415,64.89094575793209,65.2280554225943,67.76284699421629,69.36668444052926,72.67259360860328,76.20324239308559,80.26046062559436,84.27472196268735,87.50307810230379,91.38380980128748,93.0035467691328,94.80302427929536,95.68532432941159,94.11489566524189,93.09447785462541,90.38597799818851,87.63477886516773,84.26286071270596,80.26046062559436,76.55424279040264,72.45205806881695
arn:aws:rds:us-east-1:acct:db:db-1026,2026-04-07T00:00:00+00:00,15.738302288738337,25559.04,827393495.0499102,948010624.5905728,159823.3148275267,31.0,anomaly,17.764494529827672,12.435294065234366,15.680728349667376,14.264714400028874,16.24171366308115,12.704033687215441,17.49713074289361,13.638968053872585,17.33766343780111,13.510108936316596,12.76563568979922,14.82985382558625,16.467391513153586,14.220803918122167,13.061615921423362,14.922765105200433,16.592592317603618,13.759049363439665,12.84977299838276,16.141154896778808,16.467544348575707,16.086335531157847,12.289712494349262,12.573303409209103
arn:aws:rds:us-east-1:acct:db:db-1027,2026-04-07T00:00:00+00:00,15.943652225744296,25559.04,723306990.5492111,888945361.4219418,147473.64044543987,32.0,anomaly,12.755920468647044,12.795730471489914,17.44720612268332,13.303601754587278,17.515743752934547,13.556313647610267,16.04522014010537,15.878679176805061,12.332249467882264,14.79732660597734,17.670878474238837,13.713550642354221,16.483354131730554,12.94178686458869,17.407918235813618,15.532950103541502,16.25389527048521,15.965254957818924,16.051281982812377,17.139306193370977,14.967441352568189,16.74075290818532,15.505802904741557,16.321877463672088
arn:aws:rds:us-east-1:acct:db:db-1028,2026-04-07T00:00:00+00:00,25.172573490863602,36525.42879786132,652092239.8835785,818161922.0018582,669424.6948346184,28.0,benign,63.049720838032606,69.82416022971714,64.73272833028969,66.69821819116206,62.08958096693425,13.40077887251713,13.098134866500466,15.310436801375442,16.627335705229285,15.46228848741849,13.500829349822778,14.3565274227018,14.761579039143504,16.32111862387067,13.150063175215225,13.31547526098518,15.255281763239196,14.107721732229042,13.103785681962279,16.14187153093288,13.27409886366078,14.763995214195937,14.89245181251058,16.903581021080058
arn:aws:rds:us-east-1:acct:db:db-1064,2026-04-07T00:00:00+00:00,25.189152852561417,38742.529943950096,892254235.3254224,1013804514.6893865,917976.7946368882,27.0,benign,67.53817708177831,61.49168716820938,61.047761587137536,64.67480077433072,61.34158383832981,14.49501704797325,16.650008563204004,16.756055834920545,13.021623128140334,13.213190856486154,13.661608280057655,13.940872542358587,16.738841065850245,15.534530068897592,14.660774999143113,16.139764064983353,14.52383407059353,16.644524406601345,15.861823404515839,16.254603056702987,13.769182497188455,14.826933629620644,15.293539889490134,16.458930604960493
arn:aws:rds:us-east-1:acct:db:db-1065,2026-04-07T00:00:00+00:00,19.184366311442833,37618.14983221193,962627482.8284285,9051689992.588673,187434.25267967905,37.0,benign,18.93996518904318,19.097928183697377,48.226302286893265,16.722763914914562,16.16793564538955,19.281201286395483,18.134658501221676,18.898560610888552,19.528113140466267,17.83217998980508,18.782438213033824,16.267507570558298,18.906792960651273,17.073869376274587,18.520916967407636,16.640104929973774,16.40833970019588,18.13592934012223,17.205419489512547,16.549797627056844,19.202004798367533,18.753436153205946,17.243586831247594,17.905038768304998
arn:aws:rds:us-east-1:acct:db:db-1066,2026-04-07T00:00:00+00:00,18.98641895288081,41188.44488293036,911866432.771427,8932830041.398827,192051.12191225545,39.0,benign,16.200952565923973,17.665558509523805,46.16897304375051,16.14624225683481,17.673268769076827,17.71533753001975,16.833068799781994,16.156795770125058,19.000893332547566,18.568892662954447,18.734858688557473,16.047763778504535,17.70049090347634,19.466752424112855,17.550536362944356,19.438601097360767,17.171800997300608,16.8701638299188,19.66435742008687,16.980516875859294,19.394041047099854,17.51745806489103,18.93423345346973,18.072496685018187
arn:aws:rds:us-east-1:acct:db:db-1159,2026-04-07T00:00:00+00:00,53.1182775773352,10877.27742867876,159379850.52024192,198421186.13186133,32424.722577424367,33.0,normal,42.761204489117524,39.96162695807311,38.6950184159865,38.08997192796975,38.63850826913423,40.32773134876115,42.67354276115215,45.42819698579318,49.284347672406135,53.17532714781953,56.87404498215066,60.54799479863672,64.03633515668052,65.90341888638739,67.94554373000888,67.57933250880478,67.0224651501845,66.54252353742842,63.37687566821332,60.74499329732125,56.971772176143446,53.17532714781953,49.471802842336345,45.610755997715614
arn:aws:rds:us-east-1:acct:db:db-1160,2026-04-07T00:00:00+00:00,44.66274329256292,9723.700309646136,143519089.66563404,178584471.07600912,30472.638453089716,29.0,normal,33.67686442662862,31.16688172444126,30.7899935900977,29.760089811272792,30.523186633369157,32.128050331612314,34.360101771608846,36.97064492587615,40.73100157781515,44.68539562019711,48.41323653007248,52.479218871941505,54.76865570467108,57.98939905375843,59.41685550711063,59.4274867519334,58.58168296557625,57.39496590311938,55.25315182948751,52.5372279227364,48.45356256969615,44.68539562019711,40.659453743148305,37.05333563514234
arn:aws:rds:us-east-1:acct:db:db-1161,2026-04-07T00:00:00+00:00,47.154389058984144,9684.636335341505,137031785.033316,166238510.28795832,26383.695816682754,28.0,normal,36.78734274139081,34.681679876359055,33.07829242144083,32.14204278493501,32.09950461390429,34.83120368623135,36.5474771560538,39.65336107720508,43.13547261556643,47.18086126810098,50.89848372942821,54.38403100497407,57.77945478937741,59.589252895607245,62.35778678239085,62.20384562295496,61.025010843874185,60.319098054493836,57.340832720434875,55.030644830620176,50.88905614787954,47.18086126810098,43.1141763604211,39.455564123874424
arn:aws:rds:us-east-1:acct:db:db-1162,2026-04-07T00:00:00+00:00,50.911593228421836,10767.228452114752,177622883.28302798,214540041.57466373,35446.631467526095,32.0,normal,40.725278875920736,37.90242415869525,35.68586129304593,35.796239007320416,36.60973299074798,38.17590674039176,40.057234659190534,43.563724501780456,47.09375365278651,50.89889690576711,54.60570104223748,58.630937675463954,61.88550976462432,64.32715466752441,65.97360243735666,65.36220433441771,65.03300657943025,64.12161302155732,61.64448663210779,58.0999317099708,54.75548467505951,50.89889690576711,46.97357792687257,43.057077324087416
arn:aws:rds:us-east-1:acct:db:db-staging-orphan-01,2026-04-07T00:00:00+00:00,1.8592128855480157,26214.4,272379509.4278488,319847995.1009869,54868.67187386366,1.0,anomaly,1.0685218192823407,1.902784968042803,1.0074071329101346,1.6683610014438353,2.370422797825793,1.9645623720300711,1.4556465416972784,2.230243700387167,2.229192469810304,1.6488783977851624,1.5859237632510483,2.4272330545984797,2.2170225653060114,1.2925209605761343,1.921074494498573,2.2443120805322785,1.2104598308599783,1.3742381897256,1.704596290344175,1.1579029010624806,2.3564179344090537,2.4723402659318707,1.1232106513956523,2.4402614549487507
arn:aws:rds:us-east-1:acct:db:db-1215,2026-04-07T00:00:00+00:00,43.84111890082727,5115.412428274048,137191581.5924502,173774061.6579659,28965.290354629193,26.0,normal,32.81714790889816,31.065709096128153,29.844615451902474,29.372252691681506,28.87006286676563,30.912567967230125,33.71402842292806,36.1221969384427,39.840641297882364,43.79571559950155,47.589415985040674,51.01775346636309,54.7229073206047,57.01542753003026,58.879857193369816,58.08366389302166,58.04697871686024,57.01874481449076,54.71314107204163,51.08367095395238,47.80480019804477,43.79571559950155,39.80555566497554,36.254282970196655
arn:aws:rds:us-east-1:acct:db:db-1216,2026-04-07T00:00:00+00:00,49.45200926328877,5488.845366121086,143036289.29048046,183430605.4805942,30505.413206775036,29.0,normal,39.12261878862468,36.90053978814741,35.401169740897465,34.405237223930435,34.31943690900594,36.62291978410703,38.8206009696246,42.21545359603217,45.44433374144553,49.36547131847027,53.31333084907126,56.91911183154529,60.21081432532098,62.71264389659896,63.4774578793841,64.37625100626167,63.93855547870345,62.27365487436844,59.85028368456268,57.200274070067145,53.096640481506356,49.36547131847027,45.438039048194426,42.05791171459002
arn:aws:rds:us-east-1:acct:db:db-1217,2026-04-07T00:00:00+00:00,48.977401318949546,5578.298248039468,121958209.38160416,158837038.50626808,26560.6304074256,30.0,normal,37.938620774063786,35.45576721549674,34.54041141821269,34.421539686870204,34.92444494965318,35.91002446772856,38.72797980715238,41.39295661229406,45.18786108806798,48.8841571064292,52.953679385436715,56.10344287099125,59.076612401289744,61.277935378052234,63.840214355274796,64.2212175724112,63.87470281902888,62.41074283179427,59.748345994569824,56.6313499569612,52.765306830976016,48.8841571064292,45.18925221416376,41.09690881144124
arn:aws:rds:us-east-1:acct:db:db-1218,2026-04-07T00:00:00+00:00,47.66150543116409,5224.955726911465,138366647.51868328,160712689.1909283,27754.066563451186,29.0,normal,36.930760515314965,34.032630841966814,33.70703730536056,32.01331530938832,33.593146618915746,34.692970866396706,36.63040783019568,40.030422435388594,43.78399040481651,47.57870837201957,51.51213950981779,55.31615638521152,58.16389403549444,60.818535831033174,62.15727964990678,62.90550218068061,62.67546207313243,60.407584964411285,58.430559140411226,55.42078273952,51.3540096152826,47.57870837201957,43.72884026807938,40.413285083174046
arn:aws:rds:us-east-1:acct:db:db-1219,2026-04-07T00:00:00+00:00,47.84988397878826,5147.589676225,103370672.49039903,127334606.62267472,21871.339010910728,27.0,normal,37.09257360667328,35.303211895982386,33.4774996416873,33.24857056315752,33.29934453882157,34.43096921237094,37.70951487667149,40.52109872717731,44.06538654279131,47.78789279708569,51.755387409041056,55.226917079922906,57.9143452222939,61.21132498902066,62.240166269391736,63.31088904173614,62.29929401061041,60.5967331243014,57.933103315146624,54.983817227040426,51.834951463955605,47.78789279708569,43.81700577885651,40.54932536009631
arn:aws:rds:us-east-1:acct:db:db-1025,2026-04-08T00:00:00+00:00,86.6888573416743,50394.34434737267,1054399418.5773994,1204340224.5639672,214349.76596882413,180.0,anomaly,76.43472968647595,74.30349183215328,71.74307534988571,70.99670815842751,72.62814756108148,73.58076593348669,75.61684368692961,79.42979232486755,82.8446338858468,86.65014769658727,90.69509220401099,93.99422342340495,97.31626852571029,98.0,98.0,98.0,98.0,98.0,96.98868395052847,93.86766271290321,90.54111225208233,86.65014769658727,82.95074787930292,79.07532604449479
arn:aws:rds:us-east-1:acct:db:db-1026,2026-04-08T00:00:00+00:00,13.416882312660562,26542.079999999998,761055166.2466542,879923169.987822,156812.4602974798,28.0,anomaly,14.273135848104442,17.248170308298455,13.78169838080301,16.34725977775079,15.30772150900252,14.138285064037753,13.402630749134014,14.233695001817239,14.712229101684864,13.729208916158049,12.974742330020142,14.018047056205955,13.436546349642441,15.774375870714199,16.001709884692687,12.177430259427844,17.820781284648216,12.594855674387713,14.301518380927135,17.030795512077155,14.817668679397473,12.411733306168934,14.365005541345603,12.269655116840163
arn:aws:rds:us-east-1:acct:db:db-1027,2026-04-08T00:00:00+00:00,15.51574853258137,26542.079999999998,717532980.1207666,884756984.349374,140546.04797929563,29.0,anomaly,14.078714306160657,12.892776083736793,13.297379945003778,15.474726903708833,17.01240730729759,13.342806857389313,14.349354276119499,14.940025672098777,12.547220605052138,12.068028195498563,12.542695313136393,16.289180779141983,14.234729278490033,14.61117038878493,17.524724674437707,17.46596045859951,16.183706112148666,15.913687163526374,17.831080181634533,17.06637740682816,16.634293528647138,12.252298610116188,12.918502080327396,15.217677311441594
arn:aws:rds:us-east-1:acct:db:db-1028,2026-04-08T00:00:00+00:00,25.367467809065502,41697.73078449439,716554556.6108636,839601028.1218389,695756.3700041191,32.0,benign,62.82485379014185,62.79026123972065,65.79603614284741,66.81798622946272,61.292572135881336,15.35321693464441,15.455493629880682,16.226330007048222,15.111280571583452,13.72456837149703,16.932888248851338,14.796595525894165,15.133374050877084,16.884453346724513,16.73828062559433,15.65966883341627,13.691730797486162,13.658429795577067,14.736676393300383,13.595640826786367,15.705293532844863,16.51272792214057,14.222913257160718,15.157955208210415
arn:aws:rds:us-east-1:acct:db:db-1064,2026-04-08T00:00:00+00:00,25.42335065037858,42228.19367528273,923057906.0664487,1135041910.5676005,945379.6430702228,30.0,benign,63.26063883638098,64.6284996575217,65.97256739243247,65.86649958639848,64.63635645342173,16.775112287891755,16.24428928993074,15.852773405763479,14.320330979270468,15.791332872309287,14.165948232982673,16.5434215969339,14.690615696459403,14.553958942412521,15.414754122491754,14.813998559182302,13.462313042991113,13.10757480499941,13.289494878129176,14.149875136519723,16.789438570404222,15.294035118588868,15.568895174471649,14.967690971198085
arn:aws:rds:us-east-1:acct:db:db-1065,2026-04-08T00:00:00+00:00,18.997606053733108,39468.1198849302,959914087.7093893,9646707159.754992,198510.34942881606,36.0,benign,19.68516863955094,17.529431424111362,40.82858142432872,18.08383213964791,17.73228760375212,17.83122163955767,18.317156053013154,17.092821066629174,19.6034649623966,18.881820294000274,17.30544405495862,17.351952798521307,19.737118585352505,18.338868591217036,17.62306005377875,16.766649491623454,19.670721082211706,17.30105997387251,18.094931317393968,18.16015546102966,16.98753661883686,16.619486040925505,19.28367521789556,17.116100754989247
arn:aws:rds:us-east-1:acct:db:db-1066,2026-04-08T00:00:00+00:00,19.07701821586363,41711.91466035737,970994051.7211477,8990266498.556417,186133.2390079718,39.0,benign,16.26894930760139,19.22696015814053,47.6243072025796,18.240246294670236,17.48664315644171,18.258575498658217,19.764597749653955,16.92117585511017,16.40235731933327,18.871320590143824,19.695292786022183,16.178064283591578,19.650795905260495,17.148731910797387,19.516657721988825,16.430565784681075,16.010221196911658,17.20024015282648,18.803759589645818,17.0085091117974,18.359063646097816,18.174247658634187,18.199621519740056,16.407532780399293
arn:aws:rds:us-east-1:acct:db:db-1159,2026-04-08T00:00:00+00:00,50.20477694461603,10372.368459320654,150711813.1152286,177779794.48003092,31985.795882483966,29.0,normal,39.918762395680936,36.84658996770255,36.163123944317334,35.618750397763975,35.06631124566473,36.60202459929297,39.69221700009084,42.693595521708126,46.287210524009524,50.21425430713338,53.96632924485201,58.02607064866342,61.3077004887835,63.32571353832587,64.51305719797537,64.87046457380066,64.71863996769959,63.14556889157985,60.95446958940263,57.940231640205226,54.036495248119195,50.21425430713338,46.35183711568568,42.440974315193905
arn:aws:rds:us-east-1:acct:db:db-1160,2026-04-08T00:00:00+00:00,50.19731833797988,10084.75351019683,149317214.97685567,186343261.39217785,29519.47290287833,29.0,normal,39.349361947111326,37.21721638467361,36.01410751099507,34.86861250874602,35.639158397000166,37.30398478228101,39.73201814926038,42.55699826361763,46.33043100417658,50.21659198018174,54.155136291657335,57.63936897618789,61.08539018327988,62.595673423445,64.3918030533799,65.09041337381319,64.73446823430169,63.169851320473235,61.04766883920856,57.91394716917531,53.9053422171207,50.21659198018174,46.50535584130281,43.056148279946065
arn:aws:rds:us-east-1:acct:db:db-1161,2026-04-08T00:00:00+00:00,51.96553527322595,10712.2679862996,138737013.42576557,165302128.18805578,29817.102697276696,31.0,normal,41.74376528785529,38.9011043379404,37.531918025229366,36.26087664627071,37.68544860759013,38.59918985472704,41.879451005120245,44.67902706868048,48.04634791537364,52.00831602677513,55.933899581476936,59.70223774310441,62.33694510028133,64.87361707711139,66.08192435983686,67.09768868066776,66.11773607326847,64.87671151431925,62.52807325265484,59.5259246778494,55.8336565137903,52.00831602677513,48.13125210681248,44.7894190739119
arn:aws:rds:us-east-1:acct:db:db-1162,2026-04-08T00:00:00+00:00,53.328086278728144,11054.438120926716,187909112.49303314,222733315.29086396,37077.28251174501,30.0,normal,42.877699896625316,40.36999589426072,39.32749761008809,38.935798521491165,39.11287588599559,40.381616413681016,42.37449940916595,45.92383826215442,49.413299655009865,53.37413764809692,57.08952726089537,61.22303350355215,64.39483880647133,66.20186866472949,67.27628856255795,67.9253982619353,67.41651177509974,66.01938468287534,63.59894887018292,60.82696722247711,57.21918521250574,53.37413764809692,49.56961700703054,45.64710401449639
arn:aws:rds:us-east-1:acct:db:db-staging-orphan-01,2026-04-08T00:00:00+00:00,2.095846301186224,26214.4,278596861.18497,352052022.71638864,55747.28897372635,1.0,anomaly,1.451712488857051,1.583891850443874,1.666689866671637,1.6544132295657206,1.3651691831241088,1.0733870245267747,1.19874001435211,2.4950752592242282,1.093970599610987,2.0200468360374653,1.7267421620396497,1.1193491380943326,1.9930507809630162,1.9010040558696824,1.0856629085136047,1.6183184337820693,1.926952669390437,2.0204722240080506,2.2601867372669426,1.8551280989037093,1.8442617080982135,1.5830721452865846,1.0644984500378638,1.8548913823044906
arn:aws:rds:us-east-1:acct:db:db-1215,2026-04-08T00:00:00+00:00,50.07808649002224,5509.79003144453,149120191.49452686,191828953.3127222,30592.19721717648,32.0,normal,39.3425651987918,37.69493196981067,34.99348099086893,35.30558752754852,35.06632298851927,37.661247992147395,39.05917045206871,42.61294814384814,46.040884605291666,50.096142301084996,54.11096970382225,57.95575515070913,60.39294826556714,62.492295362331014,64.70297659730942,64.72346219183913,64.90774597212902,63.7098860804819,60.59188788579702,57.57926494709159,54.13623874126956,50.096142301084996,46.16959826507388,42.43162212604752
arn:aws:rds:us-east-1:acct:db:db-1216,2026-04-08T00:00:00+00:00,48.36084084818527,5069.7720643276625,142893852.75787407,182062559.63342613,29905.53361942477,28.0,normal,38.0078027998168,34.751324432497704,33.95290360466259,33.81999925424713,33.874101165961505,35.50857124868363,37.3419485738702,41.150083591687554,44.482686297294975,48.35279790604656,52.1196244518648,56.034323719540254,58.44152607168146,61.82606614822268,62.36035234212722,63.563730169214544,62.7650660876253,61.6180399011979,59.028005030408174,55.5344721749637,52.30842834040717,48.35279790604656,44.424058175435135,41.041470962942874
arn:aws:rds:us-east-1:acct:db:db-1217,2026-04-08T00:00:00+00:00,49.80834405364899,5599.708556618235,124212778.7346405,153442337.57623395,26636.66131787169,32.0,normal,39.293829966951975,37.13729845655459,35.56308187364154,35.19146101812262,35.29414328920127,36.215476566676024,38.65260129717566,42.23341857224205,45.786838433575255,49.76587907985053,53.80507304655168,56.905803025530886,60.20718078475864,63.0648881248328,63.945002149650236,65.06774332562809,64.34797482892365,63.13861961569813,60.440416612200885,57.500202339653804,53.71749093020021,49.76587907985053,45.91089464805626,42.44906022204834
arn:aws:rds:us-east-1:acct:db:db-1218,2026-04-08T00:00:00+00:00,45.37586435317289,5032.48577376345,126364235.00664274,151919489.8388986,25556.459676066544,29.0,normal,35.187918476140226,31.88834125492638,31.58048203736915,30.427931722005134,30.541000592797936,32.276381530400556,35.09978891186826,38.18542420115979,41.53991927585971,45.47450747111088,49.403777997945326,52.83481045996561,55.945747437370294,57.93227253316852,59.493398780632276,59.90220921749486,60.34713938327683,57.92774159322841,55.813695677371676,53.1103811672159,49.2674921440418,45.47450747111088,41.409924133497015,37.95595100619173
arn:aws:rds:us-east-1:acct:db:db-1219,2026-04-08T00:00:00+00:00,46.218198853788024,5326.471579108624,102263299.52745344,128019481.87528504,22114.651288696572,29.0,normal,35.70069492801916,33.08857118065315,31.860000645026112,31.27737275129804,31.192886562736,33.61593685878265,35.8175682134293,38.950297801858504,42.15884456952655,46.11040708128356,49.89231762087859,53.670350757708434,56.350284450170186,59.7443790376939,60.60083017715022,60.97003599604864,61.17578998777798,59.69360607600397,56.96976600632771,53.65684492417593,49.81402733549957,46.11040708128356,42.41237462222459,38.403177825356394
arn:aws:rds:us-east-1:acct:db:db-1025,2026-04-09T00:00:00+00:00,80.98012047891714,46909.73984815174,948419911.2630423,1171893834.1089635,199069.04696752166,174.0,anomaly,70.7396273473932,68.58669553622009,67.17136983675725,65.69615332325259,66.53607620227355,67.4018232710638,70.7598817579111,73.72340465272103,77.20766517115831,80.94218131006754,84.92445761992505,88.07136555817824,91.17593530283744,93.85816828501106,95.00649443528872,96.4050109089545,95.34462392674463,94.0703976712366,91.55933620493482,88.39592175034643,84.73907419792229,80.94218131006754,77.15157294086893,73.1134729728769
arn:aws:rds:us-east-1:acct:db:db-1026,2026-04-09T00:00:00+00:00,13.084098769710467,27525.12,746216839.8199779,920522050.5984513,146318.69300141558,26.0,anomaly,14.025364539190111,14.559747107773093,17.802650299758664,15.411728499064793,13.257480243634543,13.035458924950328,17.624032735933007,17.445690330012187,17.31821239921208,13.95630343669004,16.275138826461337,16.125326502523826,13.280250100845349,13.371320601363385,15.520306110182508,12.849786652026713,17.870607485690982,14.523258032960063,12.995649247723412,15.769947157916118,12.420196576753337,13.014651938306855,13.29337745113393,14.679686514992655
arn:aws:rds:us-east-1:acct:db:db-1027,2026-04-09T00:00:00+00:00,15.987142422266682,27525.12,678785105.443458,829416513.653703,140322.19784081908,28.0,anomaly,16.501679195349645,13.053299989796631,14.63360456648605,13.967395506459747,14.72934034555017,12.059614345332756,12.414147642208306,12.188954733814656,16.828897546264418,17.009820500270255,17.695990526396606,17.413408735612688,15.613594858307335,15.773515809991236,14.08462997390732,17.720885191647938,17.848068818291463,17.415931100380792,14.12688524034364,13.738834262322273,17.934450493794802,13.163231708671184,16.290781856160795,17.43787550454705
arn:aws:rds:us-east-1:acct:db:db-1028,2026-04-09T00:00:00+00:00,25.20920130051735,36341.245646572825,662642790.4531926,781844538.140393,684836.6652870422,26.0,benign,64.24907122189272,68.40579661416396,67.19779343147191,61.83353561734146,66.21366901034799,13.052960463899224,13.763583538995242,16.132161246785486,13.813211000965769,14.788700137439292,13.024833356809566,16.746150946805574,15.123159666993686,14.733287238214093,14.324221208266488,15.82157859168488,13.377540402324147,13.552595647593561,14.05841411177182,16.5487222805728,14.233956865772251,13.383386441721138,16.912010966346585,13.73049120423671
arn:aws:rds:us-east-1:acct:db:db-1064,2026-04-09T00:00:00+00:00,24.8168689737297,35408.12531142345,865476713.0385996,1001746183.5741148,849670.2913653291,24.0,benign,62.71912211416193,60.50455540055961,64.45616875915542,63.17642930881199,61.33531982993942,14.236045529908656,15.664764167291665,13.571408769308533,13.81728566410339,16.029378481926784,14.039068654462058,14.234081454170452,16.67451155416805,13.568831738973982,16.665239125288732,13.7150314926353,14.474285775322198,16.49463382918966,16.16060945923378,14.760118930254487,13.996683295954757,16.022889869211753,16.05621850957407,13.232173655906168
arn:aws:rds:us-east-1:acct:db:db-1065,2026-04-09T00:00:00+00:00,19.325822001808028,37523.919248794504,891527876.6209795,8595770893.872845,183237.61453019,35.0,benign,19.84007511103738,19.446955892952886,48.65920336023693,16.927803200660478,17.73651788248566,18.099531777687307,16.958798755454218,17.487338466664415,19.124467253331925,17.243292138915173,19.925733632826635,17.322601864969627,16.390202756303754,16.805852063474376,17.29060787572751,19.27013687760922,19.822877597359273,16.043667862662318,17.59826475577988,19.347509613733124,19.321071460856086,16.862066670001457,18.7179973768652,17.577153795797855
arn:aws:rds:us-east-1:acct:db:db-1066,2026-04-09T00:00:00+00:00,19.120673408700878,37467.34257183937,893858408.9376165,8384929004.697517,176753.24384027274,35.0,benign,18.057625890925614,16.870926562648528,44.8021006380107,19.26397486873803,18.965566324813555,18.249704226227017,16.198249760724146,16.399450032928907,18.778983257624077,18.455894050336674,17.007466625429455,18.039025263995622,17.419580395707406,18.95126367057908,18.07108415697249,17.91000314446131,19.171926010772143,19.77757073672586,17.993227296857114,17.652128035589786,19.99742941148225,17.155922371128465,16.86946603604748,16.837593040095392
arn:aws:rds:us-east-1:acct:db:db-1159,2026-04-09T00:00:00+00:00,41.629727753137225,8954.584769378785,139304670.4497261,172935296.0888777,29392.63950033777,25.0,normal,30.645021109798343,28.558690096817507,27.641788248910096,26.968850980843335,26.80311240963084,28.225339595249505,31.325559067245383,34.47122953439039,37.922013840271255,41.612467923519695,45.615323360083735,49.44708052241751,52.352433584030614,54.342834503648206,55.65654499099512,56.965884244441924,56.281686246785526,54.39626457891296,52.19043000554405,48.762044793362314,45.592954105837876,41.612467923519695,37.56085456989872,34.16258983913869
arn:aws:rds:us-east-1:acct:db:db-1160,2026-04-09T00:00:00+00:00,45.1779715986551,9878.654958611556,148367005.26520735,179135942.0155345,28916.830458491833,27.0,normal,34.28229051245183,31.629134286910055,30.987211648514364,30.66375737766946,30.492279181742344,32.02645917434972,35.025907936819415,37.75341680069799,41.19660170718648,45.168361751479104,48.88342800875512,53.02756156669768,55.95973464538699,58.51999450519344,59.65206361650464,60.04612318298118,59.505520606906536,58.28318525699215,55.44832028087184,52.8487936256243,49.07913319254688,45.168361751479104,41.29491993621387,37.328757813747984
arn:aws:rds:us-east-1:acct:db:db-1161,2026-04-09T00:00:00+00:00,44.21146059848756,9718.22116237752,142855067.08018616,171742568.4678796,26294.368306740296,28.0,normal,33.76992900209084,30.780156791835257,29.46211446217923,28.648691472901984,30.405743899373608,31.80325938211215,33.95850549137801,36.72223792071144,40.47557303329555,44.18769120284933,47.94124685592169,52.00573002106956,55.12629297453162,57.72949855990688,59.156131900864935,58.51422458281347,58.233845379001025,57.386320059547295,54.47865993497582,51.41616812093404,47.891721606236565,44.18769120284933,40.1973004695931,36.59632003672877
arn:aws:rds:us-east-1:acct:db:db-1162,2026-04-09T00:00:00+00:00,44.49707049551435,9571.639786490137,174725122.1202635,214315652.99902716,34723.217708235876,27.0,normal,33.81235653641516,30.797723913880954,30.642004251537696,29.824735041171223,29.68378163851426,30.931440928781022,33.93340799587051,36.7021397719552,40.72738326674622,44.41720742582583,48.404844611803014,51.68687876995712,54.860465708757864,57.68729652236983,58.930110512929105,59.581194564502795,59.53257564726432,57.857985372090326,55.429337012707066,51.90968438639527,48.29724611428934,44.41720742582583,40.58696522375641,37.27571924899803
arn:aws:rds:us-east-1:acct:db:db-staging-orphan-01,2026-04-09T00:00:00+00:00,1.9895163789206842,26214.4,288323966.3249159,323661300.45458806,52769.97931655481,1.0,anomaly,2.17789806024576,1.9465807003929188,2.0293607305328316,2.211335179907862,2.265441787607444,1.2832463406293093,1.6348947312790396,1.252411574823016,1.87549707322173,2.102122376915161,1.468488470745721,1.901002297541741,1.4724150428084832,2.013827505113393,1.253305071738256,1.7537160958361233,2.0311754771249335,2.154464278185074,1.6271240432341803,1.2590011085555988,2.4466379623222045,1.0778327263176253,2.4310924908019613,1.6324208078845595
arn:aws:rds:us-east-1:acct:db:db-1215,2026-04-09T00:00:00+00:00,45.18828125711114,4905.079845099698,140891537.21826354,174016553.8698455,28278.659324930264,28.0,normal,34.910794981225145,31.637323516165193,31.25122672197405,29.98420766705835,30.302377565415764,32.010216896179564,34.19536259016788,37.757767818676115,41.487977961040286,45.198542145645824,49.01659810353989,52.86249689442073,55.75531784246552,57.72411102353174,59.39965357672698,60.71483045114925,60.232318240708544,58.307545096735936,55.55172366611251,52.78170867043942,49.26610210983695,45.198542145645824,41.168872646780805,37.803131839025085
arn:aws:rds:us-east-1:acct:db:db-1216,2026-04-09T00:00:00+00:00,45.686214161502726,4906.153177281919,142590531.86097634,175194484.66442093,29150.88504673252,27.0,normal,35.19532199860039,33.31729689399393,31.66493489362475,30.620418990071176,30.91358275511317,32.83971489115968,34.591997436123854,38.02894197819971,41.86686634790706,45.687701655706235,49.55387766022397,53.33889434303626,56.09093802915318,58.54543659510405,60.446160109369174,61.392740798054476,59.95667634573239,58.16744408530114,55.99791356102809,53.29135678137285,49.50199470695553,45.687701655706235,41.63115297024969,38.14007439427847
arn:aws:rds:us-east-1:acct:db:db-1217,2026-04-09T00:00:00+00:00,44.05577043244453,5198.865638957972,123237639.54780722,149861373.4575411,25382.844547628898,26.0,normal,33.35300372594707,30.59301104612392,30.113491547026804,29.449018988789632,29.124621493988467,31.69694722213277,33.35043817955188,36.717765401993084,40.22887612949954,44.075649315737714,47.765271309987,51.28599491087154,54.732414406645475,56.86277905002141,58.92400022122046,58.444711668971514,58.82224621595554,56.42458039575521,54.89912171889079,51.469855681582324,48.15190377883949,44.075649315737714,40.21991461227783,36.55722404112151
arn:aws:rds:us-east-1:acct:db:db-1218,2026-04-09T00:00:00+00:00,45.748934002889165,5165.494515445029,131005471.80692755,159502015.54683077,25624.04871727451,29.0,normal,34.96818525336671,32.702892881889866,30.711780044245515,30.708400467426294,31.957480567751574,32.98069907560351,35.06084978158397,38.345885032768365,42.00917799128293,45.85558802977941,49.92861907004433,53.1131944819394,55.99186711579575,58.73245008603544,59.906169662275396,60.63879268366466,60.88336166248356,58.73910469293925,56.02627137528562,53.17306838996018,49.64427800248892,45.85558802977941,41.92992129886343,38.11079039208644
arn:aws:rds:us-east-1:acct:db:db-1219,2026-04-09T00:00:00+00:00,43.079956546073916,4865.494540785538,105826535.8558755,123915207.86806735,20955.781462257302,26.0,normal,32.63436704603423,29.99512183115224,28.491514816218196,28.76919457517593,28.253533567868033,29.74358967567982,32.96908430222157,35.25034246742121,39.061803110868446,43.0886885413094,46.95471293403599,50.43512330483858,53.65221425745659,56.4368819541839,57.61537919244001,58.264329881119544,57.16597214330473,55.46552516042926,53.88650065228674,50.5532426296385,47.0408089526768,43.0886885413094,39.39711904601146,35.7052185220933
arn:aws:rds:us-east-1:acct:db:db-1025,2026-04-10T00:00:00+00:00,76.90964878704554,45541.05547082924,980011352.5836843,1145947021.5311956,182847.6820553772,150.0,anomaly,66.44955075824183,63.59981916475487,62.902804335998155,62.279923560787104,61.79958890531699,64.440456524311,66.83068555620488,69.28093082904596,72.98672936498907,76.94174150310963,80.82398392977692,84.07925946265581,87.48023999633537,90.02235279203668,90.89807447825545,91.89998628154648,91.1812218696689,89.35638469538814,87.58481745685869,84.5723266633805,80.8355788930659,76.94174150310963,73.07250978202197,69.57086258223316
arn:aws:rds:us-east-1:acct:db:db-1026,2026-04-10T00:00:00+00:00,14.390890206219755,28508.16,752122252.5705233,916916766.7611675,150623.48329747713,27.0,anomaly,17.855389380726177,14.129950215889586,12.81987679158011,17.232384645526263,12.23246511766551,13.939464285102737,16.374560549193706,14.168959703293588,13.339326149005112,16.29253824882224,16.58920939539362,13.306017835546612,13.49331158195786,17.4620929538397,16.722854987334685,12.204376098896772,12.007082866620436,15.675004789707476,16.203406044058394,14.727060205267934,17.780065905244285,14.002612329557508,17.504568672934955,17.52583720805675
arn:aws:rds:us-east-1:acct:db:db-1027,2026-04-10T00:00:00+00:00,14.00964886922985,28508.16,654562294.1947232,815990105.4532248,135809.58069802407,25.0,anomaly,17.287007216669554,16.133980434776976,13.916244841129858,13.142065666370508,16.946548687203386,16.943846639509903,14.41627427386663,15.45167331833678,13.78239515102998,17.172538680695247,17.161539487313657,12.734143506546243,13.877174031243372,17.38415994969437,13.390538723523644,14.877707434931267,15.585543444085083,17.87990434007598,12.168435481609393,17.49142110760185,13.736903513931553,12.759850161343566,15.614361189078457,12.193454322737828
arn:aws:rds:us-east-1:acct:db:db-1028,2026-04-10T00:00:00+00:00,25.531486090406435,37231.854696526956,667445267.228487,793855206.9046532,674099.7644070548,26.0,benign,64.19547310664483,69.6851744373935,64.10562976409395,64.1967764242295,61.538227021316686,13.732997357793318,15.441563782300943,16.397162781771062,14.086913567884846,14.698719532276794,15.000376225670246,14.787692224174387,16.89267596806894,14.513780055564782,16.272182045579466,14.040703781320177,16.304693202114077,15.869793217707965,13.187925134883091,16.935517312432403,14.981771209665272,15.534880268299005,13.84886874234618,16.506169006222972
arn:aws:rds:us-east-1:acct:db:db-1064,2026-04-10T00:00:00+00:00,25.044531890199554,36650.40466007635,850324680.2309812,1052383344.6461394,873034.1484740424,26.0,benign,65.19818827388946,62.29578935929412,67.43364478579589,61.28786430743736,62.67623557913308,15.75647644008475,13.901512748423952,14.88044765184469,16.359633472580143,14.277199357635757,13.766380099841168,13.457924122309251,15.367520743876073,14.275162337326146,13.475537400616775,14.821291009664487,15.720630395593037,14.742735552410936,14.581833833181879,15.904180157516198,14.456154988129004,13.77923342051372,15.705611856542635,16.94757747114883
arn:aws:rds:us-east-1:acct:db:db-1065,2026-04-10T00:00:00+00:00,19.193485761681373,34045.43600513834,922989868.0013703,8759663172.30706,176452.20616533965,32.0,benign,18.217841295621806,16.96208330979143,49.00454698589215,16.536218714326537,16.576650778711908,16.680610727801632,16.6752117616223,19.559001859676155,18.624990926264275,19.885107756885095,16.351465621378377,19.63078098842079,18.375326889724008,17.291757489194183,19.95355776876808,18.40371039248475,17.333703635445396,17.984195283600698,17.12647542369708,17.960310650686296,17.691585052103477,18.515381144616473,18.664712595777463,16.63843122786257
arn:aws:rds:us-east-1:acct:db:db-1066,2026-04-10T00:00:00+00:00,19.43343157868328,37506.98468768812,896705354.3520255,8242081350.821982,175299.19654882074,35.0,benign,17.22923708844628,18.235077917695097,45.97655422782017,19.843606520928702,16.014131010278174,18.404392521172056,16.60784847408473,16.866911611250835,19.241019024149963,17.694119693638502,17.71624864473284,18.184750368471985,19.9923071009982,19.42265508202238,18.856644972995625,16.809469795951486,19.19327859890765,18.627664851885562,17.937235825527715,16.019658593990016,19.962697702227953,19.300178887198626,19.71245400181361,18.554215372210503
arn:aws:rds:us-east-1:acct:db:db-1159,2026-04-10T00:00:00+00:00,45.90788280324143,9770.778382066821,142327828.4346847,184550240.91336575,29294.288928139857,28.0,normal,35.57549530442897,33.22319298527353,31.809132661357243,31.229844189344877,31.326721313565077,33.49637777569053,35.08902954448386,38.463512248590575,41.94674520224066,45.85469223118089,49.68434869897418,53.261799593203264,56.51227684007864,59.44864429111773,59.849292144006895,60.94097117905459,60.10335356002853,58.24424004174916,56.48224578617764,53.307632446673395,49.902078299180054,45.85469223118089,42.16631472021059,38.016553990002556
arn:aws:rds:us-east-1:acct:db:db-1160,2026-04-10T00:00:00+00:00,45.04165911975054,9643.120940228013,147817999.46087557,174124130.0886933,28641.356728932078,25.0,normal,34.21222475021656,32.46510704118702,30.85398454164649,30.15475498019246,30.19481588106056,31.638975858458263,34.905070721763096,37.31792907747617,41.070233408748024,45.07063418024195,48.92364680772936,52.33847045483337,55.180175011236045,57.53616316201497,60.26268599656177,59.996920406981744,59.90506257269682,58.112317419195705,55.84324051956289,52.62898613070674,48.90898850287119,45.07063418024195,41.00577749914643,37.4030197692434
arn:aws:rds:us-east-1:acct:db:db-1161,2026-04-10T00:00:00+00:00,40.56878542537213,9201.952977833227,131515583.27530646,152391604.86097926,26326.708143343363,24.0,normal,30.02389879673685,28.199890863362775,25.656821691430032,25.131345123474055,26.667303178900738,27.11755315117785,29.535876126085945,32.772120960751316,36.7968309940034,40.59200607979344,44.303662826545356,48.07071421071862,51.19457159289989,54.06346478990119,55.07581982642701,56.1133417793731,55.079009690996585,54.03846781900869,50.744683791577266,47.724231410927935,44.58977313068781,40.59200607979344,36.62857281909148,32.938883475266245
arn:aws:rds:us-east-1:acct:db:db-1162,2026-04-10T00:00:00+00:00,46.07387377179695,9713.30208485245,175974648.98363036,208674117.30668038,34077.70178752181,27.0,normal,35.122980760764236,33.65966500299335,31.656862495864907,30.532205441387678,31.658669670840556,33.13627816715318,35.94196625033037,38.48207037834293,42.28298152363599,46.0730778945539,49.868888793609,53.63368402152942,56.894543519462815,59.05911055897255,59.97982966116483,60.49202329668799,60.603643895633965,59.53831769252626,56.851349167627916,53.66976319695613,49.849304830409594,46.0730778945539,42.09948261670239,38.613193791422866
arn:aws:rds:us-east-1:acct:db:db-staging-orphan-01,2026-04-10T00:00:00+00:00,2.358646755518608,26214.4,278312495.6335388,337274486.7575818,58442.42671943501,0.0,anomaly,1.3384716929943314,2.4979303435279054,2.4099322210989804,2.456965734634157,2.0317829814263266,2.293411735424892,1.4619189028963475,1.632758297180232,1.8226113812383573,2.3234891479449162,2.1716185828994585,1.6216973546857032,1.139040820110494,1.3923851377309162,2.4881194285079227,1.8755063630734758,1.0102423275778691,1.2058016667229605,1.1174830793580588,1.9036659435377163,1.0501755156632278,1.957970451904629,1.3020451506633326,1.8926749952740929
arn:aws:rds:us-east-1:acct:db:db-1215,2026-04-10T00:00:00+00:00,42.55407309055396,4808.074148927458,135513298.9238349,164326696.65961096,26395.212942705446,23.0,normal,31.716200854412737,29.26254860383626,27.500239328741557,27.414068574625876,28.75450947836415,29.181257515816146,32.293003784242174,35.02891249018769,38.57279987742126,42.56949576959338,46.300246195477406,49.93393777730509,53.530732045462194,55.48664800198172,57.47915621960406,57.175919939107416,57.44043950296602,55.3682810135375,53.13410761716744,50.33846394199318,46.64540131043033,42.56949576959338,38.49892598271698,35.102962578711214
arn:aws:rds:us-east-1:acct:db:db-1216,2026-04-10T00:00:00+00:00,45.42054862997606,5005.262959979154,139206623.15766233,179027761.7972617,28520.437221146287,26.0,normal,34.441361714559136,32.39293533777406,31.615075778662842,29.829806360347774,30.270869188204614,32.935472556587605,34.61030863409767,37.85867065445736,41.735201106342096,45.44424371161226,49.395348748206054,52.72588632957863,55.93369160911544,58.016753151432155,59.98548061322119,60.866064723230465,60.48880808166623,58.279828488093656,55.937735077125176,52.7391380293747,49.317936114569,45.44424371161226,41.721465148986056,38.106842250569024
arn:aws:rds:us-east-1:acct:db:db-1217,2026-04-10T00:00:00+00:00,47.55336969441872,5333.757435313734,127460016.59177275,140754885.69302577,24311.61265581946,28.0,normal,36.76612918466571,35.09694870169703,33.13995138875423,33.08586895526211,33.51937514922458,34.23543232603539,36.80316754988648,40.05816769605002,43.74054721986021,47.48241280251714,51.507058290956195,55.2233889897242,58.17041962916579,60.05255985302122,61.84011208416315,62.732308587165036,62.62203202200064,60.29264517878113,57.84487974906891,54.775317547088456,51.34704320910849,47.48241280251714,43.49590840519561,39.96678534414035
arn:aws:rds:us-east-1:acct:db:db-1218,2026-04-10T00:00:00+00:00,43.90879715714733,5002.330108210496,129371138.70692098,148222202.21243107,24628.984964644984,26.0,normal,32.925269220256055,31.42965185701503,29.032627514499836,29.577530094940492,29.52684649574971,30.332923489412245,33.71840250120136,36.45758518270104,40.196120182186064,43.93913598875852,47.77867924990525,51.20803132502194,54.40307393222858,56.42014139038611,58.014877316422194,59.49438190892053,57.88958136876853,56.6914816886981,54.78929008800259,51.17387873095595,47.952956855123645,43.93913598875852,40.2172334484968,36.70229595312679
arn:aws:rds:us-east-1:acct:db:db-1219,2026-04-10T00:00:00+00:00,42.0941012867115,4759.970733221939,104889194.99391888,119393060.67753915,19664.622368671,24.0,normal,31.43601261931677,29.015564808434824,27.437309682419468,26.45862710063838,27.413206162687935,28.577197043632523,31.10418105867906,34.86488161694759,38.345195278749024,42.07955317338224,46.089590510232874,49.718140048975336,53.21141874420079,55.606342901079,57.153148132633596,57.34758770880857,56.58478584763482,54.67186224935955,53.112250697215856,49.55843877738405,45.79487323686354,42.07955317338224,38.19332439115906,34.405385917258826
arn:aws:rds:us-east-1:acct:db:db-1025,2026-04-11T00:00:00+00:00,58.46156768693032,33911.874120946944,803594657.3002275,1000746839.8487371,158397.78726753968,150.0,anomaly,50.831397297834854,48.63216647178559,48.04812202409674,47.52099141191894,47.5218444556091,48.409241615281005,50.39045103151669,52.56385349480411,55.505033406347046,58.451372930921345,61.245259677456374,64.1300113495652,66.29408962036781,68.17917138581785,69.03409679127488,69.70151053869965,69.76645400419542,68.45391209061248,66.02676875011483,64.04264774313046,61.34799469426578,58.451372930921345,55.46223593920374,53.067624830586624
arn:aws:rds:us-east-1:acct:db:db-1026,2026-04-11T00:00:00+00:00,13.902844817237497,29491.199999999997,651963140.7601393,765339883.0397301,132683.0889205822,20.0,anomaly,17.865195030405605,16.746702876303793,13.516142811823538,14.345267327355884,17.948405576252526,15.011655078117677,15.556559561135888,16.78728004495338,12.364828901212222,17.765000715244444,14.67437351934075,14.514640704047835,15.646131078845853,15.420139803237033,14.48451313536037,17.255484078430086,17.88641172647688,14.372131846143365,17.352472910270215,13.236553188418783,15.207268871795943,14.943732624238942,12.648454918454027,14.441748577682521
arn:aws:rds:us-east-1:acct:db:db-1027,2026-04-11T00:00:00+00:00,13.116857701248703,29491.199999999997,589977323.2974555,714850220.636187,118771.08491550897,18.0,anomaly,16.297125217360353,13.969027200160923,14.165121758131182,17.34467432343102,12.435684904762825,17.556729248296854,16.707804169830776,15.259058622965975,15.694196881174285,15.542818017887832,15.921642219186362,14.569560858484632,16.425351224483915,15.93881236359592,15.653225972117298,17.555309190807463,14.608243207884374,17.892687752111165,12.480143960107124,17.889251585894982,12.539256819097819,13.192385696468344,13.333091806815862,16.5940815871571
arn:aws:rds:us-east-1:acct:db:db-1028,2026-04-11T00:00:00+00:00,25.16211921310442,29454.236072212363,597683644.6924716,697368930.1106282,625170.1082135754,19.0,benign,68.99469089347394,60.188919593228036,68.26439643578732,67.85108101094397,62.346081042407306,13.142207852835234,13.827241715102028,15.991740101203614,14.721295210102102,14.787967694384106,14.697468941407474,14.003582277033729,13.896397660594205,13.628731758037613,13.112216212064446,13.004465840240355,14.15943692213975,16.639237431939087,16.266642068538605,15.988559131105148,13.066013722426632,14.925648381750426,13.531409031783962,16.85543018597692
arn:aws:rds:us-east-1:acct:db:db-1064,2026-04-11T00:00:00+00:00,25.33948541724835,29944.523432046462,762466054.2676746,948612577.5175012,739500.2101671202,21.0,benign,63.28294592962218,68.81173523463079,63.94026208814471,65.9486613728658,62.27928533556741,14.132294397223141,15.609022354791547,13.757573815339416,14.617719626666801,13.651747843286042,16.403292591495678,15.212702123701217,13.543803712725936,15.462123974151192,16.15279780103225,14.858613786643708,15.531894277806071,14.715824576999584,14.026425438414792,14.360255300801041,15.73026106147001,13.5202587815244,16.049171780648678,16.548976808407964
arn:aws:rds:us-east-1:acct:db:db-1065,2026-04-11T00:00:00+00:00,19.444638091687214,28049.13311583784,815663972.3353158,7586240050.315231,160368.90339508967,27.0,benign,16.52608213896316,19.634999101251182,47.96078202470414,19.56890315127563,17.400595086175127,16.367656587377788,19.960484167061935,19.58897717574839,18.904973925657398,19.696438448357114,17.199548676409776,19.983217043254186,18.400308700825853,19.510822325847478,16.784179410667136,16.098223180871816,17.42515404067451,18.47858638535764,19.3506536219224,18.018697139876124,17.243387627362946,19.523802627141006,16.449421592957638,16.595420020752762
arn:aws:rds:us-east-1:acct:db:db-1066,2026-04-11T00:00:00+00:00,19.21995702648309,27333.78159536907,758808927.9060514,7025895710.49335,151991.27414945432,26.0,benign,18.337092397419337,17.375012938481426,47.234250074549266,18.162381280254362,19.998890497055445,19.058837077133266,18.60688897694062,17.469796671224394,16.012667226210556,19.607892948647862,18.393079729722942,17.115673117298137,17.047143442313853,17.85150890120493,17.390775400854807,16.104349293768347,18.075307745100496,17.98768900172568,18.332105163202282,18.319019849421785,19.56140639583361,17.01555529134471,19.86326845595508,16.358376759930984
arn:aws:rds:us-east-1:acct:db:db-1159,2026-04-11T00:00:00+00:00,22.62059456876568,7032.37452487998,130503601.64771208,152827783.7568233,23998.210494200743,19.0,normal,14.6023997957755,13.16368182487215,11.306463247714214,11.208840597148729,12.27174789522121,12.441776228992895,14.501075420798369,17.207507517245197,19.745098492286356,22.646300598982968,25.667134773154814,28.115554214819458,30.264733547360464,32.13953297883255,33.84495468830911,34.13999123794075,33.139686093172735,32.74636016892006,30.39504073811692,27.99603174186636,25.68642117239707,22.646300598982968,19.731040635173123,17.28659544229232
arn:aws:rds:us-east-1:acct:db:db-1160,2026-04-11T00:00:00+00:00,27.751756659619524,7834.231443896644,128468597.38145016,154408946.58646518,25196.80865261504,21.0,normal,19.74493621697223,17.729667930037692,16.73090688087722,16.80481473983705,16.883825557402858,17.67787234243412,19.83261867140869,22.265102820441893,24.773311226107463,27.73880423874804,30.638013117879566,33.45008328154892,35.58015877736188,37.77174575523508,38.99514628286284,38.875126016525364,38.76763063771151,37.465320267840305,35.55523169851237,33.263798464941495,30.600162153985444,27.73880423874804,24.920749166774268,22.238329346674256
arn:aws:rds:us-east-1:acct:db:db-1161,2026-04-11T00:00:00+00:00,25.52470253025272,7223.953405709162,114747703.15807891,134232554.48998344,23074.462922059054,21.0,normal,17.25358176818714,15.426456738558741,14.78704193140121,14.080531730728305,14.957543191830998,16.195261357521265,18.029652864577645,19.739560581631547,22.69050760643038,25.595390147242536,28.50578050828244,31.400436334107553,33.366492696021965,34.94140672617613,35.92892313694285,36.943062295864685,36.931041365206205,34.85193092837008,33.30389696142005,30.987221292854883,28.601694849812016,25.595390147242536,22.620990775895834,19.859064789758257
arn:aws:rds:us-east-1:acct:db:db-1162,2026-04-11T00:00:00+00:00,25.076594793461698,7336.42452127202,149871138.73392764,175106611.34059212,30981.49255363349,21.0,normal,16.87575720708062,15.77277756085043,13.842354270962014,13.428319050459484,14.450175316985067,15.71096050774254,16.879465823792064,19.383009611382693,22.03491971101984,25.08962151939459,28.080410214611888,30.88032850218356,32.743849634141704,34.77797975266682,36.153909821947586,36.11244317705755,35.55592825236675,35.31523823537856,33.166281710042824,30.799826539896962,28.138679369372326,25.08962151939459,22.05678169616704,19.49963603818316
arn:aws:rds:us-east-1:acct:db:db-staging-orphan-01,2026-04-11T00:00:00+00:00,2.455113980743161,26214.4,281409144.2040199,310339148.63563436,55251.34371422897,1.0,anomaly,1.245553124605046,1.0326986095100226,1.918309266679815,2.101668541532412,1.9888050650072355,2.3368719327641934,1.4221575976906096,2.3560186848898903,1.0842367448838452,1.4884198005243225,2.088082576888339,2.4296615692515493,2.309016615847411,1.2833211391122676,2.2241134730909486,2.2440549958083498,1.2797377337240852,2.303907827877037,1.609153988078409,1.819012540269175,2.1818988031002196,1.797415187970007,2.191162545643914,1.997536316144707
arn:aws:rds:us-east-1:acct:db:db-1215,2026-04-11T00:00:00+00:00,23.875047657429914,3806.971108479346,121496969.28695355,142827573.76022196,25356.619601838916,18.0,normal,15.881598009531823,13.697203633322738,12.934248633228162,13.001659299340885,12.479635563792144,14.525649553685527,15.651665441441999,18.396593922785286,20.903541751428016,23.8396584100668,26.676152253524844,29.321602616440295,32.11474412764237,33.77660515108223,34.620079131240146,35.30144908103533,34.94228638413039,33.43024710581356,32.12608927811603,29.628371964886195,26.778207828506748,23.8396584100668,20.975854073317787,18.158342153891844
arn:aws:rds:us-east-1:acct:db:db-1216,2026-04-11T00:00:00+00:00,25.223215966393305,3781.351842764493,120289723.51974519,153681510.01067007,24409.4100015575,19.0,normal,17.417696670340646,15.340287317699074,14.76520123765426,14.267903068802307,14.109442195614118,15.371556080728475,17.50035848266622,19.737614338660695,22.261843381175176,25.177309502008036,28.07823153960006,30.898276740328203,33.377118914028806,34.96820446369785,36.28463003402414,36.04095857602489,35.87478084766336,35.149689586088805,33.184105761163025,30.561287437650257,28.064901865247293,25.177309502008036,22.199216514391747,19.54925913617375
arn:aws:rds:us-east-1:acct:db:db-1217,2026-04-11T00:00:00+00:00,29.195153850432188,4105.784311379626,107663001.72344819,136227110.56442848,22318.44411488242,21.0,normal,21.215305308324588,19.110034258335396,17.98975961581385,18.390096221603518,18.744676918687354,19.38114565295367,21.506904396679914,23.534995828953363,26.213378544910046,29.122958201948116,32.08465413260163,34.56863686061467,37.162504028303154,39.30868689468519,40.39951540589631,40.08630566971593,40.12714233478413,38.97077492126274,36.971319960913654,34.96733353814032,32.117993683829404,29.122958201948116,26.199957974088928,23.386653855378526
arn:aws:rds:us-east-1:acct:db:db-1218,2026-04-11T00:00:00+00:00,25.023838167880115,3850.4392305279184,109942549.35774869,126370485.08222896,22179.340882110515,20.0,normal,16.903136845467394,15.580338867739677,14.19728585220675,14.14595719399368,14.182317970696882,14.87065166935652,16.901188544485127,19.491932280574016,22.16573823153572,25.017999249202614,27.91363573610046,30.63837717866784,32.90875015349617,35.11791270092207,35.799717683784664,36.00794752857233,35.87660117240151,34.37260080935968,33.26214462596882,30.763724311014403,27.90180725678568,25.017999249202614,21.995746862669947,19.538604054918284
arn:aws:rds:us-east-1:acct:db:db-1219,2026-04-11T00:00:00+00:00,25.660324415008155,4013.5419088725616,92027182.79756585,102591041.2474034,18557.021468880965,18.0,normal,17.851532863461294,15.676753077476649,15.074120780935965,14.121513073223909,14.742821260031748,16.112159998200443,17.87984461781198,19.884440813358204,22.743863915625887,25.695128342730456,28.484524250847404,31.04782261562438,33.45295132569407,35.12303344854487,36.5226752062017,37.33700018036526,36.68203484491699,35.36696815487555,33.42847964707888,31.39211781528999,28.65296179152389,25.695128342730456,22.791216695868755,20.088692897776983
arn:aws:rds:us-east-1:acct:db:db-1025,2026-04-12T00:00:00+00:00,57.49077630006417,32668.140180279315,758725818.7666463,883071576.8676878,157921.73265332356,150.0,anomaly,49.5726618583484,47.975183803674526,47.069478623612596,46.040247778638246,46.62773783939589,48.152074103849685,49.60082563420946,51.78584020701089,54.71891151601453,57.49226008080163,60.41780185545548,63.04292588474456,65.62547487853378,66.91802005705027,68.27343455629637,68.19346959774944,68.20143450203038,66.7981980988385,65.45629398758827,63.25992094285391,60.29199766650888,57.49226008080163,54.67837688533196,52.093800762200786
arn:aws:rds:us-east-1:acct:db:db-1026,2026-04-12T00:00:00+00:00,15.42822175731014,30474.239999999998,625103779.044594,712748294.2033308,120505.01322889408,15.0,anomaly,13.312757332821489,16.542841100392955,17.495832541996535,14.520054409272266,13.01206133157996,15.018188125721712,13.007440852922066,12.239334884068656,16.392617292919113,13.567591195450099,12.876498551379623,17.15481219683445,12.117020407955152,13.19062591472445,15.109220262829233,17.054838099251956,14.179201736764075,17.431459101876854,15.888318961629633,17.194528441066996,14.765495883182034,12.219525096842332,16.56150240298744,15.440378317686804
arn:aws:rds:us-east-1:acct:db:db-1027,2026-04-12T00:00:00+00:00,13.445242278434437,30474.239999999998,583969966.0059514,701947836.7973571,111461.02447707318,20.0,anomaly,17.004886006376417,13.521836255674556,12.685698014099884,15.429269279175326,15.598983664847426,15.015877031989119,15.698607289139083,12.94293415209289,16.492301463463722,15.545749582849687,12.674868961803439,12.9054447068734,17.910031086732484,12.443098936113193,14.62614545212892,15.497620296536926,12.320933800800981,14.73577304081677,14.285253666684174,12.710074700412408,14.9321159707521,13.448373692623981,14.377883235559812,14.491255957164174
arn:aws:rds:us-east-1:acct:db:db-1028,2026-04-12T00:00:00+00:00,25.795261179054375,25166.182817017543,516741071.26140755,625671466.3392824,545408.7910395737,14.0,benign,65.57528368065059,69.14948733427113,63.97957083725592,68.2975460478917,66.2262394045182,15.696257798531722,16.820215927066513,14.527378684941343,13.348662885602762,13.44358730095037,16.072897417169045,13.522984448569641,16.904511440557524,16.674620986556135,16.91525369001279,13.06930752455911,13.240318610649531,16.68067662620514,15.858439628350173,14.787715046322436,13.663664163724905,16.02379325162885,15.33653591255145,13.27131964876797
arn:aws:rds:us-east-1:acct:db:db-1064,2026-04-12T00:00:00+00:00,25.731782591278627,26312.17321457414,688672397.4654399,863843538.7302101,704950.8682436141,14.0,benign,67.19535099001375,69.61147321726195,65.69298948090854,63.15827699167727,62.69283940893852,15.766272531474051,13.775250760511236,15.339298939161901,15.739952933404624,15.1039864134684,13.730369552956587,16.053262357167007,13.509854269908702,14.975223328541277,15.371748964168566,16.310665928527406,14.865063964526545,15.29201751692645,16.971127023482623,15.370752755440094,14.762655742714642,16.274311851364466,14.529990635457734,15.470046632684713
arn:aws:rds:us-east-1:acct:db:db-1065,2026-04-12T00:00:00+00:00,19.435023532312652,25328.92231068243,745086185.7193708,7161236971.195141,141080.11743463483,24.0,benign,16.17840925540227,19.864092653309335,40.42852403599589,19.885313450047914,19.53800970404911,17.44592061788476,17.967889102372133,19.63109878097079,18.327542697568646,17.77524630387248,19.174955361685868,16.092706416337034,19.81956000852115,19.473589718519307,19.388957281170015,16.127816443372947,17.40578893710346,19.06001748940936,19.27095773683303,18.968126651367445,18.282878566073233,17.71322723327942,18.976080379682017,19.643855950676
arn:aws:rds:us-east-1:acct:db:db-1066,2026-04-12T00:00:00+00:00,19.140072291969286,25389.27161297838,700878655.7482315,6575862007.431222,144207.3897311487,25.0,benign,18.00211461038097,18.19560049413495,42.052459167795064,19.130843672644765,16.568461506179503,16.58122272460472,16.41556569930264,16.874731371232777,17.149222927505203,17.67202132201087,17.25801398184008,19.309949175291564,19.9291922689334,17.675453894213792,18.918742874074297,18.925084006984278,19.768424344668762,19.40867380862082,18.085587692003315,16.9125809790251,18.79607405281929,19.738687101422823,17.041579029091675,18.95144830248224
arn:aws:rds:us-east-1:acct:db:db-1159,2026-04-12T00:00:00+00:00,20.37970283054888,6468.260139786485,115851858.7950556,135961809.45098782,24371.768692492362,15.0,normal,12.510873181594881,10.501047567220992,9.304312436943349,9.40438131597557,9.702236086369119,10.928827073798104,12.510643867198567,14.61897794883527,17.4214406744767,20.364116731188805,23.314963324363273,25.773015806689692,28.21719726526957,29.700853340514143,31.729269670820912,31.255600154957218,30.703394805435284,30.42935909189039,28.68874905743835,25.749454299173305,23.38383374251739,20.364116731188805,17.53756780683887,14.998635952474599
arn:aws:rds:us-east-1:acct:db:db-1160,2026-04-12T00:00:00+00:00,23.18762729344398,7377.6303938042065,127110668.63900733,150667348.26936334,24879.259308787277,19.0,normal,15.070965720034492,13.633691233908092,12.360835784656315,11.832847345111611,12.356235121626803,13.814097034001055,15.360135378431329,17.549954647594404,20.10621779248988,23.074416573553467,25.969006382349342,28.884754851601997,31.381816246571375,32.72641687351702,33.68202427154911,34.75685022603689,34.35177155104257,32.821854911978356,31.174742618636316,28.816933007079065,26.098047065356806,23.074416573553467,20.077720754911276,17.527303077064474
arn:aws:rds:us-east-1:acct:db:db-1161,2026-04-12T00:00:00+00:00,22.799002067477133,6831.134054741776,105916348.64255182,125003251.93606953,22775.580225715894,17.0,normal,14.661333401090413,13.337926940792784,12.371282204415685,11.941515332162997,12.391649174549475,12.708163811070936,14.941951243390097,16.95989763597845,19.74310862756403,22.755013719259395,25.631827079018688,28.384972847158775,30.379479627214135,32.7209187133802,33.36059176432829,33.77105256263938,33.53363660940774,32.72757008718349,30.881393916879475,28.357455867567793,25.80793896244928,22.755013719259395,19.956930156673593,17.095425616016673
arn:aws:rds:us-east-1:acct:db:db-1162,2026-04-12T00:00:00+00:00,20.89467191018667,7035.398992931648,137093689.34128642,177897827.38275552,29060.961674721544,16.0,normal,12.676298204722878,11.1703966681972,10.512673009908552,9.177537995505597,9.954987804327967,10.864657015803148,12.69384913210837,15.504388514374678,17.879215086958233,20.86088626169149,23.66104233076127,26.553390331542232,29.172905430899842,31.090474023388975,32.260882369504685,31.763363150065654,31.9538548317782,30.33866268304319,28.898606286383902,26.53343782879037,23.72409585329928,20.86088626169149,17.974021075314703,15.391613694418261
arn:aws:rds:us-east-1:acct:db:db-staging-orphan-01,2026-04-12T00:00:00+00:00,1.8675522833039002,26214.4,276339967.91096455,315197754.8147551,52110.141007957056,0.0,anomaly,1.0248908159308536,1.8786795698047452,2.2850226327566467,2.0067700716919674,1.8288437489116536,2.1433378866519037,1.706920863721896,1.1797014469798512,2.4340644216525282,1.7851380408045174,1.6587709786510365,2.317537402103942,1.1986149938575792,1.714025597956287,1.2459500696289265,1.7910611780085255,1.5734743335311554,1.4573746130667187,1.5236128965028588,2.382169397800116,1.6284517142729107,1.600418552307465,1.258048882639221,2.0611032293693823
arn:aws:rds:us-east-1:acct:db:db-1215,2026-04-12T00:00:00+00:00,20.524001496565543,3275.2755396861403,108392831.50677513,137840016.85619473,22964.8368117398,16.0,normal,12.701708794971267,10.46768589243744,9.413245820052548,8.849280497775863,10.048671681942738,10.958142926232792,12.697299596537125,15.140913844814374,17.463381956198646,20.486109279830686,23.415950377407928,26.171939986106764,28.300610330122026,30.17138820517765,31.052912909101472,32.233591628786776,31.87940455965353,29.868639824303646,28.452482969366365,26.238349614731284,23.540329323954204,20.486109279830686,17.592938015580366,14.944948602656883
arn:aws:rds:us-east-1:acct:db:db-1216,2026-04-12T00:00:00+00:00,20.647262249505438,3566.9393549647107,119153017.5158682,146514381.74295384,23686.185822255655,17.0,normal,12.820686568656505,10.405366237310787,9.632295550830106,9.511328624699383,9.342494667391023,10.725891177060682,12.992144339428314,14.739633565102139,17.6586579085934,20.627420981769834,23.444744883634996,26.288824949251893,28.665389811802132,30.05818668089482,31.929541927301614,31.921300349562223,31.87720901145142,30.64460366070527,28.779642464539208,26.388494430965032,23.58604184350606,20.627420981769834,17.720523773275524,15.146449598628312
arn:aws:rds:us-east-1:acct:db:db-1217,2026-04-12T00:00:00+00:00,19.743168138296298,3234.7540772356933,97179599.76310356,119254859.106751,18721.05680399909,17.0,normal,11.700471756580047,9.767040772575058,9.226639536032916,8.58421232425416,8.357702847875768,9.984143905212191,12.130562427829261,14.1500995838581,16.876107410770334,19.729833184940308,22.71253649018648,25.41822583480321,27.845642545293746,29.054240117208277,30.898155823988272,30.59652241380517,30.523454277136512,29.92468367571757,27.796380898560564,25.47632330527861,22.614054958030874,19.729833184940308,16.78863911717418,13.950528927059224
arn:aws:rds:us-east-1:acct:db:db-1218,2026-04-12T00:00:00+00:00,20.818534578436683,3375.9577399799864,106622001.02521963,127887757.50889425,20271.620779184603,17.0,normal,13.138825824676509,11.252056198999888,9.954063136568568,9.32517212532641,9.53031828131499,11.061270228049995,12.512187710467213,15.047715036478927,17.93525163706305,20.833949069723655,23.832136664108756,26.609826944003906,29.109397605474815,30.36661033128293,31.521456575384047,32.46544922638218,32.02182974223067,30.914045160768165,28.53837825255115,26.4003118094987,23.610451502203638,20.833949069723655,17.794815555049087,15.03536219514945
arn:aws:rds:us-east-1:acct:db:db-1219,2026-04-12T00:00:00+00:00,21.122102302465393,3346.069207508634,82748715.86237255,100606337.27295318,17405.06151686387,15.0,normal,12.887695458760755,11.255991205432075,10.520849065628921,10.039621418218166,10.522793387229145,11.627942861693645,12.863698988864893,15.27807625138002,18.27705546389082,21.134518200851854,23.931094937166364,26.520140986662888,29.089682192468764,30.580351424950273,32.33111162094066,32.61494848420466,31.485780300214607,31.058845957871704,29.351482611493715,26.72981149908283,24.004047027111824,21.134518200851854,18.34558505860815,15.344812655590841
arn:aws:rds:us-east-1:acct:db:db-1025,2026-04-13T00:00:00+00:00,72.69480349424168,42240.40132139147,898750166.8977867,1095864067.1113193,175178.70494608872,150.0,anomaly,61.75352324092174,60.23174631438087,58.51560159041769,57.33770078444424,58.48982553204063,59.297045275347564,62.357161384398935,65.31639842877472,68.6805434053267,72.68854906483236,76.49270034837193,79.91948883355779,83.59968387812539,86.1596465799703,87.5390322923638,87.16667458525964,87.66797409418882,85.06570591445154,83.1350803961117,80.21458436188387,76.450433745228,72.68854906483236,68.90577958960839,65.00185515696168
arn:aws:rds:us-east-1:acct:db:db-1026,2026-04-13T00:00:00+00:00,16.2983900743139,31457.28,769327428.1231694,853193374.5619562,149322.13046670807,24.0,anomaly,16.129515647767303,15.427038329536709,13.65380291283443,13.988494307682663,17.1133724344567,12.969327168808944,16.66820721223715,12.953205375919632,16.973381124971315,13.522273341777476,15.012636127676126,17.15646699042418,13.907251906821774,16.006428884869894,12.651771505625081,13.472712555455145,13.470509404969084,14.4051549995171,16.913405876986317,12.54607270444655,13.635528659206042,13.921672468339917,14.210385557870847,16.594829536309806
arn:aws:rds:us-east-1:acct:db:db-1027,2026-04-13T00:00:00+00:00,15.597594256750185,31457.28,702226300.21606,836921423.8790035,127917.07231202075,26.0,anomaly,14.775120735787649,15.299858795669852,13.9543410829509,15.295014647163036,15.825726875273782,17.16296506247546,13.820997730358311,12.13867014870919,15.555457581339276,14.742543787217278,13.103055068026213,13.207514281103862,17.615186145640006,13.847655312841555,15.433369008657237,13.507039919293474,16.459106002110406,12.152413598663493,12.7152920863619,13.530230492369292,15.987968912572736,14.735568423622551,15.764348679272178,15.98101843656568
arn:aws:rds:us-east-1:acct:db:db-1028,2026-04-13T00:00:00+00:00,24.99406576369529,37284.92268532216,699556288.1773632,781589481.40034,679350.4798348615,26.0,benign,66.52498661690196,61.214502749359504,68.88055039731029,60.039614150046006,66.70059866647638,13.050152111418281,14.164619126585348,13.16182476698424,15.875800785576427,15.902809915808287,13.843146937441922,16.124497050110268,14.417074709416346,15.667594904313765,14.251910560089552,13.006646265413107,15.170467458111634,14.858651606604713,14.474790430854577,14.44413034856245,14.499556816333328,15.891644466201756,14.176825706202425,13.515181782564325
arn:aws:rds:us-east-1:acct:db:db-1064,2026-04-13T00:00:00+00:00,25.45822720748699,35648.152308052704,811530573.365047,976570475.3893845,801704.5485292504,25.0,benign,63.37924681423735,68.69061761519022,62.1295323345763,69.68058054167349,64.5055731023078,15.79781753752383,16.544211564939523,13.713849978491083,15.495301243502668,15.81956245280559,15.822224733827383,13.345368388410765,14.492879881555881,15.5219414364447,15.263422661902116,13.208472311669144,14.993128210597076,13.122616003081864,14.48090274528018,15.994098028810996,15.238034274760386,13.869260854268054,16.791350829779525,13.09745943405188
arn:aws:rds:us-east-1:acct:db:db-1065,2026-04-13T00:00:00+00:00,19.200320881235303,34869.0897478797,909710208.816923,8549732047.282826,171972.79260813314,33.0,benign,19.886534757110454,16.824236107224202,43.25855326074789,16.592034729672065,19.7350911730775,17.005914731294773,18.650301530419117,19.026819178611387,19.45949057771204,16.23746864587628,16.802751264297626,16.982148277475478,19.84029463624417,18.837294104353035,17.90536587922248,18.339458430060066,18.160684712615588,19.037235369299992,16.27650654665797,18.361378875679765,17.141267566051972,19.855678421645642,17.821926064749892,18.76926630954796
arn:aws:rds:us-east-1:acct:db:db-1066,2026-04-13T00:00:00+00:00,18.795266549444914,34550.1985453829,882612849.6219121,8318290335.578272,167429.54570923175,34.0,benign,17.351781346432524,18.313745142595373,40.3242509413502,16.939928531334484,17.129369197136153,16.467601236420386,18.17904668082017,18.945028832761743,18.13714961728384,18.850537708796427,16.00693473072773,17.96369063030285,16.916549882936465,17.175505727160115,19.883672841011233,18.661197174666615,17.074441916925355,16.03474566268515,18.542838136177263,19.527372797843107,16.773165228931617,18.83499018363929,19.53251041552412,17.52034262321571
arn:aws:rds:us-east-1:acct:db:db-1159,2026-04-13T00:00:00+00:00,40.02218195807314,8867.627931524705,138815089.68019152,164166948.967621,28982.69366922453,24.0,normal,29.909809873510078,26.472933675156682,25.323472054669054,24.39239127724798,26.12322929993575,27.354139515660684,29.80856362706301,32.16951288393076,36.323984432417284,40.02700854726599,43.746933967536016,47.39957153948118,50.632968843841525,53.23022706385178,54.17887328722048,55.23162785410216,54.3208242838979,52.48076696883534,50.96405936827267,47.45040873358707,43.9354451831922,40.02700854726599,36.32338591973983,32.70522024607396
arn:aws:rds:us-east-1:acct:db:db-1160,2026-04-13T00:00:00+00:00,39.62484173511614,8908.1027449847,134215943.80952543,166161670.1688714,27794.09825412269,24.0,normal,29.01844066571421,26.534775932140874,25.654442803229884,24.89003223193366,25.574769724850654,26.392704559260622,28.695831927325777,32.20483275930931,35.705649146422374,39.61135293431546,43.30365110366719,47.15918621804732,50.27264439815751,52.86918289036505,53.5300601898178,54.07870977188778,54.56912441616152,53.05682513222689,49.91485573144119,47.259318038938844,43.61826709780648,39.61135293431546,35.58918805236309,31.88100298308845
arn:aws:rds:us-east-1:acct:db:db-1161,2026-04-13T00:00:00+00:00,37.64907565638198,8511.08538219734,130461698.90720826,150603351.65421697,24551.073602462602,23.0,normal,26.633856796479552,24.299339392066646,22.959289282787008,23.370512335670675,23.578641605601998,24.219705647255804,27.46769261515372,29.996320064053325,33.8062767539961,37.673581517845456,41.537967554794335,44.809240350766636,48.64369055485598,50.431671383418674,52.18296399072612,52.89797121242827,51.60028574425292,50.45718858970487,48.25497977904585,45.519411253970326,41.67527558559831,37.673581517845456,33.749073068448524,30.139299156401034
arn:aws:rds:us-east-1:acct:db:db-1162,2026-04-13T00:00:00+00:00,46.872384515732286,9985.202086519588,180091285.460004,215605787.0081745,33568.8661449577,28.0,normal,36.0748823995227,34.203865381553825,33.020419943285184,32.313735218833536,31.842788793004946,33.92030383495744,36.57944887925175,39.35305206403162,43.000894127746285,46.800645614929564,50.793398910219565,54.44899106170781,57.58162901810555,60.19744967448048,60.72981913575902,61.619280670137634,60.84387706439347,59.75966998268586,57.411519615216704,54.26417308403807,50.82625725202375,46.800645614929564,43.10478090281263,39.44570013394781
arn:aws:rds:us-east-1:acct:db:db-staging-orphan-01,2026-04-13T00:00:00+00:00,2.470281454946961,26214.4,281184876.7370868,361346814.18865293,55177.46497687965,1.0,anomaly,2.4580467628286664,1.3183695294745856,1.447356281082837,2.4918109162759863,1.7261279148606916,1.5128334593770187,2.4156714534257855,1.986757110897796,2.0182688059872227,2.21045066495917,1.1954731405643777,1.794888747634987,1.8275490558875453,2.385060150378699,1.744701886198584,2.3436340873896864,1.0110423720401212,2.060295789354531,2.323955755061406,1.9184543385824782,2.1149500802073344,1.0842941500526546,2.186070603879216,1.765863390118488
arn:aws:rds:us-east-1:acct:db:db-1215,2026-04-13T00:00:00+00:00,37.316216739463854,4413.929834761512,136335855.1962161,162384283.9746027,25673.3418467619,24.0,normal,26.804212128001815,24.954584579398905,23.2691959652267,22.05151001027923,22.816931724699927,24.237069149494644,26.83623790288712,29.503528441985104,33.53553795519032,37.35185508659239,41.14180717959972,44.74755926707132,48.32479487789166,50.00910841326006,51.27044134472465,52.84108446361642,51.73773043879859,50.247946773570106,47.52224131942487,44.825460860622734,41.399909654350054,37.35185508659239,33.29549847053887,29.513100653314844
arn:aws:rds:us-east-1:acct:db:db-1216,2026-04-13T00:00:00+00:00,39.855215313006006,4572.278038071448,128341982.11925223,158530710.94990557,26661.82046816949,24.0,normal,29.615289737811686,27.181821348504712,24.685876657790672,24.69789723801668,24.71459117724241,27.190269972373258,29.645048459755934,32.227837802492395,35.93251201638754,39.74278215568666,43.78270767614512,47.57145758056395,50.549985401568854,53.30463493365483,53.870613354617795,55.08625190870727,54.17043376502829,52.97588802584994,50.74669479289932,47.184768016980755,43.60160777331431,39.74278215568666,35.86805954197984,32.43535601908518
arn:aws:rds:us-east-1:acct:db:db-1217,2026-04-13T00:00:00+00:00,40.62077467066383,4753.313261317518,121125629.9842846,143858817.82508796,22595.955074552417,26.0,normal,29.836788960302655,27.797364824720084,26.660583658031683,24.911045607633277,25.583047362815112,28.053063646464786,30.44319219466683,32.82141504513403,36.56480287185368,40.539172567520986,44.42247415910317,48.09631765014591,51.57931403518743,53.935519791378276,55.45740914015459,56.06383067033514,54.846285132859705,53.29961778008401,50.92254480764822,48.01754579907045,44.53000397094367,40.539172567520986,36.76612255574885,33.21195729660829
arn:aws:rds:us-east-1:acct:db:db-1218,2026-04-13T00:00:00+00:00,47.623215136853105,5256.950841424872,131775934.7050956,157094587.2296416,24658.55776947039,26.0,normal,36.86780596266367,34.55677419600813,32.9742530276115,32.42978239324498,33.35491472139917,34.91747797100223,36.957569225970104,40.37843981553019,43.813869124430084,47.75033234207449,51.64461443395739,54.88380945145899,58.4727169074981,60.59961583632998,61.81109022151383,62.341520983684084,61.57613047387394,60.16753960123496,58.65462537838277,55.333367711193,51.537029384596046,47.75033234207449,43.885685831638966,40.29786594710352
arn:aws:rds:us-east-1:acct:db:db-1219,2026-04-13T00:00:00+00:00,39.90297980819492,4598.927746156361,97995175.69047315,114968265.61655805,18818.445001360153,22.0,normal,28.991947606396433,27.353317296183942,25.73739380795737,25.529816234479526,25.45674916192375,27.069304768411136,29.31392758722291,31.994743027557043,35.88795842538718,39.84665572007192,43.59138382826804,47.10843422126742,50.36666098228918,52.47599084986492,54.602175849579055,55.42029951858886,54.4756489411491,52.82639934526377,50.73795761896806,47.15802066530103,43.693173133128866,39.84665572007192,36.01977474903514,32.167126338311384
arn:aws:rds:us-east-1:acct:db:db-1025,2026-04-14T00:00:00+00:00,81.42523077258471,48826.40997799678,1003628070.5109843,1196424641.6308856,205982.9987651578,168.0,anomaly,70.58692345331016,68.57739525376226,66.64152942953028,66.65096175609987,66.9820109067698,68.47820997283554,71.205733935995,73.86565969854077,77.57253820400418,81.50385579650572,85.42965720694274,88.71522396102336,91.79060959179026,93.8464674247783,96.7003534717521,96.19807038111367,96.59246450243668,94.04097345674752,91.58610035520479,88.88174794602277,85.48626469073199,81.50385579650572,77.46518973031382,73.90374161931574
arn:aws:rds:us-east-1:acct:db:db-1026,2026-04-14T00:00:00+00:00,16.643025486367023,32440.32,725139034.8822104,938327048.9574045,145470.4741764282,26.0,anomaly,15.894170493108597,17.24738075762547,14.116114009356423,12.952710500975531,17.417052550289007,17.623377440297553,16.59670913589904,12.658720318070213,16.060085782332678,12.589427024154054,17.899971178446652,17.98773224702493,14.994513845948926,16.573638006609308,14.16788037985403,15.785571997171182,17.52501200249705,12.622708345142582,16.668410332136055,14.791743507398174,12.95662098125809,14.133916121857649,16.97517086281353,15.623376628986454
arn:aws:rds:us-east-1:acct:db:db-1027,2026-04-14T00:00:00+00:00,13.57515855907475,32440.32,718633548.5866307,885468250.5944316,139977.95318640952,31.0,anomaly,16.58876480686153,15.881584250485204,13.050746111975576,12.864707222326807,12.142534181777439,17.651282511367164,12.183871678505414,12.253015528772972,16.826861867286947,15.55334563255514,13.674248226821465,12.940828075193707,15.357625732338132,12.84840787035494,12.51912489036883,14.215311185518484,13.18993782914443,13.78247075582971,17.106461031467624,16.56020788070311,12.439137266528945,15.853530960020926,16.953629478374904,15.069169057555111
arn:aws:rds:us-east-1:acct:db:db-1028,2026-04-14T00:00:00+00:00,25.215898281634882,36430.76328585585,693245944.0301694,837955337.0328779,686467.4763779592,27.0,benign,68.50490262955121,60.19494745172376,61.012576370299975,64.97578860594066,61.40409633657885,16.15417460122068,15.805718597860999,15.183594485439869,13.867680921515428,15.18903458052326,14.700304636268426,16.708992839443084,13.516037476106465,15.586859023066214,14.011077071198654,16.445393297205744,14.405225825668424,14.821979707116519,16.20203611271635,15.849077770647993,15.249466059051082,16.88149962321898,14.981247886190165,13.529846850684368
arn:aws:rds:us-east-1:acct:db:db-1064,2026-04-14T00:00:00+00:00,25.187498465321983,36875.0443459385,878572844.6712486,1057104847.6706586,911671.5630699036,28.0,benign,67.74651508374718,64.51480665156205,64.02132041723819,60.21150403550707,65.89130248247655,13.491954094873233,14.49482944312144,16.250295171510295,13.32930635307644,15.393866870470628,16.710940683004615,13.998107234344953,14.234662124935683,16.564790792195335,13.34449686048049,15.0159308300907,16.595350303375575,14.383871727629783,13.695442122115105,15.61734978556991,14.161388117161241,16.597888066662975,13.988415292194418,14.245628624383786
arn:aws:rds:us-east-1:acct:db:db-1065,2026-04-14T00:00:00+00:00,19.09036462458101,36914.64055992005,919995881.5739033,9131544911.157646,175164.84100281858,33.0,benign,16.810283430787845,17.11764715337219,47.24555843025171,18.6603861154104,17.131937425090484,18.878120759178003,17.757799015461718,17.754895276849304,19.845253513964586,16.561383012188635,16.981785831525954,19.08039534762297,18.102874900844604,16.520183272545022,18.785295514641785,17.024208484296473,17.697251462739192,18.038536051499126,19.37202763485763,17.296380121924436,18.18984462277817,18.55025501360645,16.389308226377967,18.377140372129563
arn:aws:rds:us-east-1:acct:db:db-1066,2026-04-14T00:00:00+00:00,18.7130105274906,40234.31135503485,940736440.0693136,9027149500.424042,197434.96986526012,37.0,benign,16.90270919523013,19.00847373972569,41.96353393273542,17.31890171991921,19.750516555409128,16.175287868300426,17.53071016928611,18.43038759317814,18.021698700916705,17.6896080911269,16.29322064430706,17.353334057212113,16.213053289703723,18.19573625814148,18.535980623085422,17.712508656856002,17.23780053783787,16.362458195427944,18.360606548347487,16.71164935566056,18.546063063556517,18.003370915263645,17.615548244907913,19.179094703638764
arn:aws:rds:us-east-1:acct:db:db-1159,2026-04-14T00:00:00+00:00,48.96344006372235,10473.885359103302,159267888.62820858,176764677.75317633,31338.90427557717,30.0,normal,38.17619203476076,35.702337685553566,34.17592162659738,33.5680566202695,33.962629904595396,35.62303454581653,38.58501834949478,41.90887397789218,45.160802967058466,49.14763142741591,52.86386702473599,56.765739076511835,59.621257962753425,61.57129542674762,64.04075881878639,63.54567896187771,63.24369322007531,61.92414717304703,60.153128473582726,56.34032451864134,53.18367579988147,49.14763142741591,45.422449833485025,41.2884146723402
arn:aws:rds:us-east-1:acct:db:db-1160,2026-04-14T00:00:00+00:00,46.69683082744053,9897.110205805553,143699767.0946776,173338566.9146524,28158.31429216955,29.0,normal,36.38622103908782,33.896516500889895,31.831206049025198,32.08940901574449,32.52600555025193,33.960354566898175,35.931650001938365,39.01075687885949,42.714692039844934,46.575245309380406,50.39041431980959,53.94845591324771,57.1457843057414,59.88365154607065,61.32274002430368,62.13999168676541,61.353862768135905,59.31683359921518,57.31319348552268,54.14037303418156,50.28029626644755,46.575245309380406,42.75833603329604,39.232704614534306
arn:aws:rds:us-east-1:acct:db:db-1161,2026-04-14T00:00:00+00:00,42.92327978740431,9451.329857358467,130398244.66373694,156872120.68114823,25461.627287869273,26.0,normal,32.038547803676906,29.550320143308884,28.633934961684904,27.582766657252677,27.723279313699702,30.43298909714521,32.62273147411597,35.28198000577975,39.17150384491548,42.895289961634965,46.7876487179867,50.48841365423838,53.429977147982754,55.44666947680739,57.76770169407202,58.43579173153082,58.07359268373904,55.99228491636764,53.533488138908325,50.51447213432703,46.73035035696307,42.895289961634965,38.843867245320205,35.28582377461081
arn:aws:rds:us-east-1:acct:db:db-1162,2026-04-14T00:00:00+00:00,51.43516107927228,10313.29371362369,180234532.42803407,223205498.50514206,34805.6177643655,29.0,normal,41.234746119767,37.83898185641128,36.736900838179174,35.879977531607935,37.47675186099036,38.86077980233559,40.88443907066972,44.03746798513875,47.57046336953824,51.35485428514901,55.11772727028856,59.154957363007824,62.16022206614142,64.02444631280352,65.98322754625723,66.46072807972112,65.90155735468711,64.14594211441931,62.31870087924021,59.17093254999131,55.09328668608458,51.35485428514901,47.55948051267731,44.12244016227909
arn:aws:rds:us-east-1:acct:db:db-staging-orphan-01,2026-04-14T00:00:00+00:00,1.9679685098243562,26214.4,284551605.2519047,354195761.95763534,58259.367627401734,1.0,anomaly,1.6018401528969208,2.3932636763167636,1.9295952210429177,1.9368561975980887,2.008170285740139,1.7706742079988884,1.6836655432574066,2.029147514300839,2.4180855578637193,2.27757873521943,2.4417405939619194,1.5567951705697944,2.4234358583444027,1.7322619755870283,1.1597237785365513,2.2259850932185596,2.097530630319509,1.7761477227463596,1.7525239953920837,1.7090368422233204,1.568947393968471,1.4025063964181959,2.042357330648975,1.2400738439907288
arn:aws:rds:us-east-1:acct:db:db-1215,2026-04-14T00:00:00+00:00,45.26272805738771,5091.31254001681,141510528.5648709,169567534.7136636,30033.298823416917,27.0,normal,34.53642719669538,32.301934309955776,30.62036976533397,29.882364765926724,30.023597552334827,32.736827937637806,35.002396343973324,37.44796842446484,41.42238171209017,45.17055001031445,49.00213584712123,52.99361665422161,56.307355912090415,58.19714877770278,59.089150369388925,60.84862581424695,60.19917912180074,58.62673159990015,55.3592222802159,52.95132770876428,48.954028500887034,45.17055001031445,41.481183463731355,37.98039929819201
arn:aws:rds:us-east-1:acct:db:db-1216,2026-04-14T00:00:00+00:00,46.62366055775346,5083.627422809623,146623201.79102814,167681186.30574873,27869.017079937264,29.0,normal,35.63693507031548,34.04255188194007,31.54086348710846,31.174824508527543,32.06567679757123,33.83005409881852,36.46504343349139,39.089412539281525,42.642232566283795,46.586760910945145,50.4673551305896,53.80456376531512,57.449679817966675,60.20327457385756,61.35858944846585,61.26664982752337,61.64204736814456,59.81512813363941,57.15446924976581,54.23002036354072,50.34510895752773,46.586760910945145,42.576251169789614,38.99359937472868
arn:aws:rds:us-east-1:acct:db:db-1217,2026-04-14T00:00:00+00:00,47.475515348572614,5237.683287928471,127780596.76057854,147917299.0183083,23211.23613721235,26.0,normal,37.09473111421179,33.99010578499046,33.22025495553216,33.03553949618538,32.476921801377614,34.1365107829805,36.75231127204667,39.835023451876815,43.46681770245272,47.370039953275004,51.39843740806113,54.9955969606134,58.102216217123576,59.87054391570002,61.726164668970185,63.06470653842111,62.5490728520082,60.42205319196821,58.476829986569435,55.070458044566635,51.38068791483015,47.370039953275004,43.62362484979752,39.98367954890896
arn:aws:rds:us-east-1:acct:db:db-1218,2026-04-14T00:00:00+00:00,45.85923691790616,5183.598686375398,129690990.47252285,161129186.76967096,27611.31617167077,28.0,normal,34.94209805504405,33.20249544994498,31.349472773840358,30.13457719994823,31.53944290288428,32.73574505336133,34.79200674166635,38.107846447333074,42.03109863944217,45.8368675466769,49.599984811271945,53.581244399254686,56.22345574464208,58.701507905075545,60.92233039305718,60.503613720061296,60.61352973240864,59.3677242030054,56.58060501006975,53.6290907218668,49.69709501114794,45.8368675466769,42.14506652397837,38.54791949708953
arn:aws:rds:us-east-1:acct:db:db-1219,2026-04-14T00:00:00+00:00,43.948791495715476,4900.016349069007,97632602.79473412,120993499.61599419,20256.566481644102,25.0,normal,32.87779202415038,31.042645931620953,29.36949801061297,28.80434019614021,29.926810089569813,31.032737487149316,33.53696642452544,36.232032837146,40.027756912387055,43.912303085582444,47.74855817769673,51.14454788936575,54.67236535811193,56.386013808698465,59.07011564667084,58.75345338452014,58.97472190997395,57.37753383184792,54.676753489483396,51.16360910816514,47.79638523260768,43.912303085582444,40.2212917409541,36.11046023460821
arn:aws:rds:us-east-1:acct:db:db-1025,2026-04-15T00:00:00+00:00,73.038465747272,42714.870762125705,898465890.0726703,1042797265.1785529,184993.22316526502,150.0,anomaly,62.10685489304349,60.39740985599836,57.96819041222133,57.68525600228914,58.117925334556574,59.670538121829324,62.84805420341901,65.79653206191715,69.38236045925123,73.12242954424289,77.06386540182899,80.39133900296369,84.02588776352746,85.9901218029573,87.50591904143297,87.66209982540684,87.17990687634719,86.53851454297485,83.98351940343602,80.82199486935053,76.88042827954726,73.12242954424289,69.20922302352923,65.45237766821441
arn:aws:rds:us-east-1:acct:db:db-1026,2026-04-15T00:00:00+00:00,13.70669597036105,33423.36,707386823.8396232,911337535.0928029,145319.21144467845,25.0,anomaly,12.066914208946729,13.0619993618165,15.028816047660008,17.783441794668118,17.083154513139895,12.808826728297557,15.219953944084144,12.462570971773921,14.584026804058212,15.980063502172754,13.95202504603469,12.237665039860687,13.849843677868947,13.147965995067619,13.499015129830898,12.81261277923377,13.103855214665085,17.038942238959898,15.176667885617395,16.232576071269484,13.711512995536207,13.507719978629646,14.541317414057819,15.751200918652168
arn:aws:rds:us-east-1:acct:db:db-1027,2026-04-15T00:00:00+00:00,15.640166298582537,33423.36,676356766.1168125,787972202.3119115,129071.54009083775,25.0,anomaly,16.677617179818483,17.86483325289088,14.525629330183818,16.384019074612226,13.908729968137116,17.846338912720242,13.527358468265398,13.949779558791162,16.721682816892454,13.678963818905238,12.315707111495284,15.10547594832131,15.241888366172795,12.497089038615451,15.47385531946101,17.350373830544875,15.578013985119961,12.145392015453343,13.828374196755208,17.742275352462975,17.69541109595138,15.102285385934337,13.188495665226972,16.86969911413579
arn:aws:rds:us-east-1:acct:db:db-1028,2026-04-15T00:00:00+00:00,24.979672099076172,31605.217287250478,641639727.7475396,758915125.4792016,628969.7205366131,21.0,benign,60.777520236096095,67.95306377549184,60.26219458654215,64.46904659997799,68.34922612412541,13.562550255791006,13.741191747628937,16.849736438948824,13.65885804507896,15.172856561384947,16.126050018109833,16.326340670783996,13.029457025160921,16.072051665451966,16.063486003109094,14.08770422336247,13.25021008197287,13.815162322434967,13.612334723967841,13.46938426863488,14.850886776025625,14.08771153276723,15.419633023026673,14.505473671953677
arn:aws:rds:us-east-1:acct:db:db-1064,2026-04-15T00:00:00+00:00,25.32987842644792,32070.23893420274,758126155.9025674,982679579.2384658,782250.724562793,21.0,benign,66.27255543611436,61.24757514928231,63.034309882003555,64.01033723408858,66.0951036656527,13.894123087892067,14.94171509882118,14.46722325599514,16.715778501777844,15.728281650692269,13.424129459564666,16.819888135355974,15.11987746183431,16.90400599203873,13.939848107253738,15.554944937744093,15.966967135204523,15.297147516320203,13.014676952217314,16.237821829334422,13.682349632475526,13.051775645746718,15.955299553595843,16.541346913743997
arn:aws:rds:us-east-1:acct:db:db-1065,2026-04-15T00:00:00+00:00,19.386023369671193,35592.18531468148,874474608.0087072,8880055530.815037,182935.0609371931,31.0,benign,18.262383266189627,18.432048255147976,49.73540034674881,16.24011527595176,19.80917303148321,19.7330390435937,18.665520221143026,17.49553261870627,16.553936818435467,16.601994285266045,18.49376581679103,18.562332041021907,17.868462360080276,16.25777130483999,18.543490677440747,16.508377327897474,19.281315505049793,17.418691503319636,19.863723106379886,19.14563187936359,16.484236761082006,17.681148658178543,17.747347866749486,19.8791229012484
arn:aws:rds:us-east-1:acct:db:db-1066,2026-04-15T00:00:00+00:00,18.97574070245732,36028.61972603584,878992570.6500804,8306877378.961027,163438.47441576887,33.0,benign,19.670381917439492,17.20717616518397,43.50414429641383,18.93458417369865,16.97113913298916,18.943489611910092,18.056937477554257,18.10246735317879,17.061390016274284,19.83945737659425,16.29839880411054,17.269752884575894,17.534854672770333,19.298566716064595,16.348552896841444,17.97086685679862,19.14602281327949,17.28126027247387,16.449738561706727,17.178889229902374,19.64442589305863,17.28710232955699,16.398475621469824,19.019701785129556
arn:aws:rds:us-east-1:acct:db:db-1159,2026-04-15T00:00:00+00:00,43.3543796581246,9311.31514643513,147481305.55335316,167111478.26195785,28185.864895667804,26.0,normal,32.93100361777855,30.63995061697127,28.779486968673353,27.82198671804268,29.1776856572749,30.931511063504395,33.02344376773688,35.933855204332566,39.3925973051659,43.29088151946754,47.132407289039215,50.77829266375852,53.67560276038236,56.50438461398406,57.47326192385228,58.11395666392201,57.48164882690467,56.13967023415717,54.25615401854852,51.074917983487474,47.176770470735924,43.29088151946754,39.52010849259114,35.96465189521138
arn:aws:rds:us-east-1:acct:db:db-1160,2026-04-15T00:00:00+00:00,41.539999712408125,9276.657896954881,139635280.79657343,168655461.0787902,27953.969861809073,26.0,normal,31.028593868054763,28.4890541674192,27.238805265215593,25.849575998003814,26.985848068983668,28.340359267398554,30.547045246610708,33.96609417775997,37.54615509450242,41.53916772734515,45.42292690887472,49.08259088579231,52.36450020757399,54.534643675760414,55.61308734166757,57.101836134085445,55.821016982998046,54.914504676543544,52.364781311298394,49.31641940512407,45.27400062191825,41.53916772734515,37.776239458338345,34.30357887918092
arn:aws:rds:us-east-1:acct:db:db-1161,2026-04-15T00:00:00+00:00,39.88476316455409,9322.511454249228,124853394.33056757,160435417.0932604,26046.66604070595,24.0,normal,29.420542407064204,26.37174466190355,25.455829158045674,25.28271046974894,25.63038060471549,27.375411662612656,29.471986944736827,32.07483206500196,36.18253116600922,39.899701886898626,43.79694119237835,47.5218428303283,50.852111077018584,52.41990713579726,54.05186210807066,54.5998820454718,54.0297772462854,53.24792258586311,50.063867068887085,47.418114990716546,43.73625062711305,39.899701886898626,35.94685221333766,32.48361191439454
arn:aws:rds:us-east-1:acct:db:db-1162,2026-04-15T00:00:00+00:00,36.89132234630494,8673.273391405235,163116970.53446424,192756946.86344448,32767.81712897693,23.0,normal,26.076264967515378,24.1937453004351,21.90530070898738,21.395422625455115,22.61353993730665,24.28924312742591,25.995225123826824,29.211510517755325,33.009032680066376,36.96539609703153,40.84887398416317,44.4225811771736,47.556251200045494,50.2195746122934,51.30604624141438,52.38331108954337,51.093197024537865,49.83471831429207,47.76344473640475,44.38142150537335,40.85735583477597,36.96539609703153,32.938269984812095,29.166613423651835
arn:aws:rds:us-east-1:acct:db:db-staging-orphan-01,2026-04-15T00:00:00+00:00,1.068065359295398,26214.4,279980892.8904062,322517558.6649166,58652.23518627008,0.0,anomaly,1.8179972966911577,2.0739153089340028,2.173587180052128,1.2806483785540195,2.0600743276885596,1.155547785185132,1.0339164147199327,1.0393331206624963,2.091403795069504,1.5708581354429902,1.4275487470670483,1.3731518443142385,2.1610821290974447,1.223731003848216,1.9673755880736612,1.2539072171242207,1.79717881324268,2.00163971302803,1.0335592122696837,1.1467348896089127,1.2511860952641958,1.4991674810946078,1.0778281097535287,1.583713860463413
arn:aws:rds:us-east-1:acct:db:db-1215,2026-04-15T00:00:00+00:00,40.64912056852814,4645.555116031278,131528757.67194521,156411669.04243946,28252.078543222895,24.0,normal,29.859720753974067,27.913632135942514,26.12633208059897,25.6256344977226,26.58815550017367,28.04629068075701,30.376490273031223,32.864879855469695,36.533605860729764,40.53449990606865,44.42459120471912,48.16177420751724,51.38353538167671,53.362068312084915,55.30591790534321,55.86897009436053,54.703033137705795,53.49424841698899,51.58733170022349,48.3238477430007,44.27037467498982,40.53449990606865,36.699194336797206,32.99026507873078
arn:aws:rds:us-east-1:acct:db:db-1216,2026-04-15T00:00:00+00:00,40.93244496603807,4508.511423445073,140001660.76592785,160002339.25244984,28072.26939854618,25.0,normal,30.31896623872685,28.243165429031734,26.686545877148173,25.290389708775322,26.683027757327153,28.01717232720671,30.534076411606023,33.43524331049353,36.89414747646573,40.89365937232795,44.757635280150524,48.63120574801948,51.894256416695725,54.14407084775981,55.6930341242705,55.96437527234334,54.750043121288506,53.7662544368494,51.615815874508144,48.128105364957044,44.78861506136385,40.89365937232795,36.955113262480424,33.40010109278974
arn:aws:rds:us-east-1:acct:db:db-1217,2026-04-15T00:00:00+00:00,39.975923719153485,4626.723391807635,116281398.42597087,133094520.4826056,22375.87198484502,26.0,normal,29.475624250733837,27.448174940909677,24.991638954012338,25.048189722828017,24.90257222633126,26.742911988953693,28.949542450733915,32.69336994269735,36.326415066956514,40.02830413665406,43.814959429560425,47.280336008088646,50.76247236635466,52.675161213651656,54.58733643743047,55.567324124491584,54.44581247950098,53.662029291168714,50.18166778727932,47.496186581082014,43.83501388803648,40.02830413665406,36.23577387086517,32.24304796470888
arn:aws:rds:us-east-1:acct:db:db-1218,2026-04-15T00:00:00+00:00,41.90988256952864,4624.289924759245,123720165.06549908,145645310.52581477,24193.02097593922,23.0,normal,31.36726071067874,29.52351662145347,27.524524134870394,26.876194624006626,26.91941396205737,29.27482159127001,31.095271404395138,34.54711723156922,37.89697511195252,41.90337190191414,45.88069457411474,49.23299367822662,52.282282760569935,54.494923967538774,55.83326416104085,57.326738077316165,57.00834985305424,55.03648577485631,52.57342961063139,49.03080096298464,45.904084856845515,41.90337190191414,38.148737391540045,34.25255680388646
arn:aws:rds:us-east-1:acct:db:db-1219,2026-04-15T00:00:00+00:00,35.2903132473951,4322.349879420079,96477385.01875669,110465625.02558888,18058.257035294177,22.0,normal,25.105211883801847,21.985577917300823,20.67493034856574,20.021565587238943,21.03863094524665,22.3278996354729,25.113766657193214,27.964134791837562,31.442580841539932,35.242958538867434,39.22800032418364,42.57802437855195,45.323562923030124,47.76471627320849,49.58558867231102,50.76431898720844,50.25943834997811,47.68405286890781,46.17245784922987,42.95327429590293,39.09626861484702,35.242958538867434,31.55112193379694,27.846476780393527
arn:aws:rds:us-east-1:acct:db:db-1025,2026-04-16T00:00:00+00:00,79.4079598364568,46536.94982999768,995738796.7508854,1175438083.6754396,191769.59952019967,156.0,anomaly,69.37918644202936,66.46116207508885,64.34324257475154,64.26829445145594,65.46143175414315,66.62407403516566,68.59261772069065,71.96875273163906,75.65330306964296,79.47216067135747,83.30712556105541,86.61367577577275,89.5763217326336,92.58642062917616,93.3780115915716,94.68985827164124,94.0123042921742,92.0861768944874,90.16883888373636,86.94474511113336,83.26003375170103,79.47216067135747,75.54087590744012,71.93026147511776
arn:aws:rds:us-east-1:acct:db:db-1026,2026-04-16T00:00:00+00:00,16.89702939103644,34406.399999999994,751398155.6910919,967795212.2759587,156260.75979690495,28.0,anomaly,13.994496850763657,14.455461351055735,15.687269880511117,15.599127413089743,17.66489925073688,14.651890328003034,15.922467419858805,16.860820029659514,13.121450315271774,17.272225097393935,15.17217933732302,15.829025634397146,13.127378299228377,12.296795505230993,13.193727796000058,15.147789121451645,16.1485668155602,13.66825220353739,17.69471560752808,17.576420665910476,12.732056898054454,15.465059503327002,13.968519574942302,15.94048950357504
arn:aws:rds:us-east-1:acct:db:db-1027,2026-04-16T00:00:00+00:00,16.271961314109156,34406.399999999994,656511673.2833654,820164339.6816937,139497.20361903604,28.0,anomaly,14.822554622587056,12.511831985721214,17.883212971119544,16.120753377581874,17.101700609874275,13.957384738456387,17.797965968284682,14.698506666702594,16.952221805548028,15.449268419606838,12.820812936236745,13.178274368421754,17.270646397591527,14.334212904929863,17.68165738638485,15.452011211313014,12.866049441292452,16.132515016744506,14.963453359055109,12.976202234641905,12.842226639805206,17.75433494921268,15.954862761948636,16.636094868754917
arn:aws:rds:us-east-1:acct:db:db-1028,2026-04-16T00:00:00+00:00,26.09510778452011,41853.12952709495,724976201.421333,878701327.6357912,697101.7963748582,29.0,benign,69.8269595197115,64.85977286486182,69.75396738669802,68.55078866891236,65.87459565952814,16.155098537690925,15.966701580055009,14.741308257900723,16.791705642097593,15.130307661944036,14.705385823072305,13.895574107126182,13.006178742331478,16.600705273184808,16.572334060083605,14.19679024762338,13.922481658824351,14.675312299042739,16.140495342870498,14.575519478144043,13.332184635416297,16.82257063014712,16.010159964702236,14.175688786513515
arn:aws:rds:us-east-1:acct:db:db-1064,2026-04-16T00:00:00+00:00,25.43601914243801,36829.84328433291,875515104.7899275,1076319560.8578625,827503.3743376116,25.0,benign,62.417974917644614,61.049750231304216,63.89154369158156,69.96576056376418,65.10581062907862,15.140610021502724,16.942489333492503,14.166476674660641,13.885716131210458,14.989187277681976,16.2661926378658,14.352323692914315,13.948276197572419,15.734649813968431,14.852816763015934,16.836960549394878,13.65630853981095,14.632477544661183,14.900694184444752,13.504794313678483,15.362825392812997,15.655792013828808,16.255285696065,16.94974260655683
arn:aws:rds:us-east-1:acct:db:db-1065,2026-04-16T00:00:00+00:00,19.31297593456819,35898.218400063546,945482811.0668006,8437392659.676869,186658.27634889953,35.0,benign,19.210804547843516,18.41129868944527,46.343842785413955,19.174415683399083,16.576711696441333,19.478914755207,17.07233191192278,19.576924913476276,16.5853278273442,17.226403812617022,19.50756626231421,16.352229995031202,19.48354024060685,17.971359123780008,19.731891889613664,16.81210474589671,19.68492343547907,19.91545645020889,16.31264626936924,18.96993776506892,16.153407501429356,18.153516195638414,18.27826097734353,16.52760495474609
arn:aws:rds:us-east-1:acct:db:db-1066,2026-04-16T00:00:00+00:00,18.634942806649363,38198.987482084856,905992828.0478836,8527529180.640937,181287.84086666763,36.0,benign,17.957413804407082,16.59578306387882,45.273118313235486,19.004802763756196,18.051943061071313,17.52053884920386,18.922247056887166,16.643728870871303,16.930423120335305,17.83746420957923,17.631352685894733,17.6601712970805,16.79784302490799,16.104468349542202,17.43984398088768,17.954961157756458,16.62057632500622,16.79256143907852,18.186952213898593,19.233864729553634,16.542028251536852,16.120929320161395,18.101836520349313,17.313774950704893
arn:aws:rds:us-east-1:acct:db:db-1159,2026-04-16T00:00:00+00:00,47.81900426558224,9829.489195968323,143647829.42913777,175432376.065999,30340.203630105752,29.0,normal,37.53228824790039,34.42448941689602,33.256223438477534,32.45494252132422,32.882936095357216,34.43429757243481,37.46700590711458,40.26811875271327,44.039239745416644,47.841406075664736,51.79051821085557,55.23443760369372,58.07664629606695,60.21699893388079,62.72393870082732,63.5785321719915,62.23001089594916,61.234885876510965,58.55076448358525,55.244935178687214,51.860282128135665,47.841406075664736,44.06779688067196,40.40400116415347
arn:aws:rds:us-east-1:acct:db:db-1160,2026-04-16T00:00:00+00:00,48.400078984732254,10299.700862683078,153182012.55464476,180179918.93865162,30642.74297231769,28.0,normal,38.212315950758075,35.153474882651366,34.24948983612955,33.99003699846295,34.47050743584221,35.62053399069789,37.354073844471834,41.1700819107755,44.593868854102716,48.32930611065737,52.26523093951168,55.46636412426747,58.80946722795407,61.37783302562706,63.480225434745485,62.73225929758176,62.90221376610887,60.71768861614625,59.33113723350758,55.616643208641605,52.380544027810615,48.32930611065737,44.39788314564818,40.65140966081671
arn:aws:rds:us-east-1:acct:db:db-1161,2026-04-16T00:00:00+00:00,48.35760261544058,10443.243089429958,146514904.44748974,165968308.28898683,27482.474684262597,30.0,normal,37.66596945454877,35.24756947111377,34.357675015661215,33.18750547935802,33.88539776270912,35.97707229865056,37.54070239474766,40.784049801664985,44.45374710987236,48.4596503551718,52.52952574010152,55.62438659406311,59.3666974296534,61.406900101996186,62.35223971271628,63.001907871555204,62.31825657952679,61.76399546806999,58.92926317062422,55.584827716257564,52.49834624316103,48.4596503551718,44.408972107894435,40.77815453628404
arn:aws:rds:us-east-1:acct:db:db-1162,2026-04-16T00:00:00+00:00,48.564391335363005,10358.155684455567,180757919.42535883,205934941.3215841,34340.35432998214,28.0,normal,38.10260202619358,35.83476187175463,33.8699231444809,33.03041068253237,34.306246744063905,36.17544824641448,38.12245231854821,40.880812158707315,44.669347625708355,48.66383261294197,52.700780190884295,56.34057921470743,59.15811072069689,61.4954392320788,62.84680437705456,63.11382250170273,62.80779957036873,61.68197580187288,58.76093600072447,56.22142028161177,52.48562068180434,48.66383261294197,44.66896568495018,40.94346774596752
arn:aws:rds:us-east-1:acct:db:db-staging-orphan-01,2026-04-16T00:00:00+00:00,2.2041274713342784,26214.4,259247636.4130162,313890088.3084118,53877.64049467765,0.0,anomaly,1.0886434504073488,1.6241364731691401,2.342433310549658,1.2486286455522755,1.7259253168211621,2.332976982035253,1.4019064253731415,2.299463167936242,1.6929031596217126,1.1251506617551283,1.7068363057508031,1.02763561711251,2.3987573543627914,2.010196878013542,2.4707561105952744,2.284306419202294,1.1239210462824358,1.9129383546126957,1.2491298859792803,1.990483447208192,2.2001042206545907,2.1983007943695014,2.3628577409805236,1.8528675602511508
arn:aws:rds:us-east-1:acct:db:db-1215,2026-04-16T00:00:00+00:00,44.44368101103449,5063.141022507857,137457179.4139004,177726501.64971295,28820.956353291054,27.0,normal,34.024884883792524,31.107598551781845,30.460039843092634,29.852099004081644,30.564944018481132,31.23900853934369,34.051723561387355,36.6013280748087,40.54247458787314,44.343394709744096,48.055246177012606,51.68917582494361,54.898963212884134,57.66477667722733,58.39767296274494,60.00446046376892,58.738533745372024,57.67298921618474,55.09631992597812,51.804266187227775,48.34554301755272,44.343394709744096,40.65357297878524,36.495933391014894
arn:aws:rds:us-east-1:acct:db:db-1216,2026-04-16T00:00:00+00:00,51.50311108087894,5328.408302697093,156944387.9920623,176293022.87373784,30989.351192173363,29.0,normal,40.57507110923985,38.99887000261025,37.51291105850091,36.31991180030937,37.06907822971466,38.777704672837,40.472207176031375,43.88918580813627,47.60069201319589,51.523130036318896,55.21751006589851,58.80337380855692,61.694479928432955,64.54873733372082,66.22365157243672,67.08551218671487,66.3709398786905,63.92881855971633,61.67823363051125,59.37599687874322,55.367077269463124,51.523130036318896,47.778239966835855,43.74020291815996
arn:aws:rds:us-east-1:acct:db:db-1217,2026-04-16T00:00:00+00:00,50.19050734434153,5495.128181781526,123026484.30570185,155826072.0180735,23977.240319649405,30.0,normal,39.32952023358246,37.70777632838855,35.731590129779164,34.98776589753787,35.94150403060741,36.66283661455984,39.28434694287863,42.97122296044438,46.36235747620363,50.24820920962419,54.09669574189976,57.398336401692866,60.55000168373134,63.23463904013778,64.61347899487507,65.74982864132267,64.53291622672398,63.529124298610476,60.6648652942525,57.696763527216646,53.9813978692633,50.24820920962419,46.49361497472879,42.5551745365111
arn:aws:rds:us-east-1:acct:db:db-1218,2026-04-16T00:00:00+00:00,51.582931826226606,5546.168600468207,132407904.11290957,155983829.39974272,26920.589993605558,30.0,normal,41.0165803075592,39.13945061093122,37.44401479725956,36.566931363672204,37.32955113765469,38.62040805967951,41.03721009735528,43.76931251930302,47.49048322841791,51.5219680962066,55.57388328414744,58.70657063515818,61.70498812042508,64.67376176433011,66.42117656089795,67.2026721379476,65.68665792935332,64.76506115169485,62.00718095217363,58.90474791277662,55.412994316555114,51.5219680962066,47.46568423881619,44.00710651091662
arn:aws:rds:us-east-1:acct:db:db-1219,2026-04-16T00:00:00+00:00,45.11467519593645,4921.273729399055,108122842.19355552,122284360.92676638,20135.186844477637,27.0,normal,34.98255975262138,32.32095587438568,30.131005947809644,30.33909453257286,30.48245872044921,31.603947118792977,34.25483133839905,37.53093998975406,41.3612611886989,45.15031922690507,48.96883849424605,52.5475013784847,55.31328924955818,58.14892967666157,60.258140914540945,59.93973579304871,59.13222036201365,58.257159097512144,55.995643080733075,52.910212770198655,48.85065109791891,45.15031922690507,41.30157302586257,37.82061684440166
arn:aws:rds:us-east-1:acct:db:db-1025,2026-04-17T00:00:00+00:00,79.48470679204014,46026.16115091153,953687924.092682,1094039075.4671643,197170.9789922935,156.0,anomaly,68.58366907672784,66.67613077347025,64.41040025579562,64.54426321791667,65.21983880753687,66.35893185571152,68.72855634401104,72.22842444163695,75.66696614877526,79.51094316263617,83.2063967204898,86.81400254734348,90.32292195809066,92.6282974960455,93.35987110222732,94.16970590008023,94.27829479693796,92.39041806693916,90.49071219184734,87.09409668977051,83.5029441279452,79.51094316263617,75.80000876330513,72.13622540108672
arn:aws:rds:us-east-1:acct:db:db-1026,2026-04-17T00:00:00+00:00,16.360656286117813,35389.44,755805307.4183122,901092278.4152912,142126.64438004838,25.0,anomaly,17.541078611059866,15.383658179607405,14.672611109672834,14.387934394956385,15.100900868303988,13.005885654995677,16.195503718689253,17.924262083446802,15.711719774023974,16.975788633508564,17.891176191318145,15.289516313830081,16.791057127788605,17.21080766388949,15.353709066105568,15.931763971463871,14.206522451757785,15.473081686963797,16.351414987484265,13.591928473172663,13.33439648906407,13.513838083873512,12.560424667071826,14.386314887179228
arn:aws:rds:us-east-1:acct:db:db-1027,2026-04-17T00:00:00+00:00,14.304068789071136,35389.44,674503292.6021615,813120744.1330701,135115.85555638868,28.0,anomaly,15.356506969337556,17.769674220164948,15.899400586543129,13.01679515340698,16.168296067945796,16.019259379922097,15.122433480281906,17.409107623223555,12.440793360564117,16.406290206949187,12.66317895696183,14.513822959454409,17.553291587231662,12.677408289549348,12.7982446459504,17.827019080514802,12.7773750844098,17.989370103622523,12.93270127112543,13.290341341811514,16.873244257181476,15.227755736882475,16.080205870211394,17.83459456654779
arn:aws:rds:us-east-1:acct:db:db-1028,2026-04-17T00:00:00+00:00,25.420198640589007,38449.720378703765,662732927.1813668,802149515.1501098,730041.4476007245,28.0,benign,62.216678623037346,64.5432723993683,68.4416908598201,66.62288459946006,63.66192750236405,14.173780802367508,15.941749387968166,16.579209200689878,14.886968654221093,15.466323596211797,15.551606692275572,15.925514167911683,13.4532631738575,14.882676074088002,16.095931189424924,15.046850954651596,13.48511128396052,14.194698714713596,14.368410466149857,15.298766157724613,15.381642651224299,14.348328956357259,14.987059496591852,14.530421769696604
arn:aws:rds:us-east-1:acct:db:db-1064,2026-04-17T00:00:00+00:00,25.219476136945584,35606.03115696906,863258304.7021599,998085612.0554737,848536.73883663,25.0,benign,63.721182983291385,61.92816397457578,63.69599231051938,64.5982978892757,66.89526777190147,15.609519153090279,14.449956892962831,13.406966007806432,14.921201452803922,14.53380924658921,16.983577289513153,14.096916801282152,16.729010628020063,13.234671923837187,16.987482986896943,15.526765137558364,14.80749232338689,13.15310124461286,14.751085860578929,14.349917626308336,13.911463908161238,16.806716614105497,13.325483671118494,16.843383588497435
arn:aws:rds:us-east-1:acct:db:db-1065,2026-04-17T00:00:00+00:00,19.171855831979254,35184.06393631908,901757148.1647834,9030679101.267206,177527.89210786074,33.0,benign,18.11945573899451,16.786822510164868,43.25684950813712,19.691502413070022,19.353138432475646,16.294971952486115,17.038423424652052,18.49566310978245,17.84378807408346,18.721567496257947,18.545943550001425,17.400421188408767,19.2591286651234,17.47476920365016,17.20319288097685,17.46875249070539,17.1835934123772,17.830026690945544,19.13210136794754,18.169962629082352,18.68665697961055,19.684401385222746,18.655629316469458,17.82777754687656
arn:aws:rds:us-east-1:acct:db:db-1066,2026-04-17T00:00:00+00:00,18.89054690618752,35679.42059017602,861894066.6315972,8323772621.417505,172564.2685959069,34.0,benign,17.958215167916816,16.691085630618076,41.027486146505865,19.5227109973894,19.03082552877883,18.162027718879617,19.815072402342505,18.82386491047572,17.046616710303436,16.46488700326465,19.599567199365225,17.891300792401346,18.960227382171563,18.400787120530005,16.328361036641677,17.980080756927705,17.655516260618498,17.803453621880525,16.792826982079113,16.173206897271694,17.320705203181227,17.84379846920015,16.714778751006403,19.365723058750355
arn:aws:rds:us-east-1:acct:db:db-1159,2026-04-17T00:00:00+00:00,42.58106906194396,9466.003472229331,144006349.74482766,176737420.74394694,27102.429038020036,24.0,normal,31.546855090077507,29.796954706805835,28.787336649932335,27.542093050089925,27.756802626587188,29.500421733464904,31.662004685337934,35.169947295134556,38.66874506040301,42.6006317395488,46.5663250627718,50.33840805100404,53.09016035774756,55.63604387736761,56.858345640004686,57.5550740146977,57.407460175081304,55.2892178751185,53.024458876885284,50.20027029226727,46.64842574257272,42.6006317395488,38.882341693415626,34.81670145079007
arn:aws:rds:us-east-1:acct:db:db-1160,2026-04-17T00:00:00+00:00,45.306521537924866,9806.529826395341,151540798.07873604,169560783.76551065,29925.237447166623,29.0,normal,34.90038401034783,32.880238115979,30.20798516667861,30.20655295101237,31.444954884926148,32.75558868434505,34.97207212819064,37.45144122307793,41.311466284664384,45.26333249244807,49.23002254660122,52.828524274689286,55.69754030666204,58.18984587227791,59.10786791292508,60.15693423229816,60.28967754457859,57.80150074432024,56.242348724463525,53.08734362267901,49.108801857579024,45.26333249244807,41.27823316859288,37.68052766841172
arn:aws:rds:us-east-1:acct:db:db-1161,2026-04-17T00:00:00+00:00,43.422626495263245,8959.265628151652,134347878.6444139,163692902.40089118,25005.065897680022,26.0,normal,33.21082463874668,30.16496339999449,28.943601452358543,28.338655669578973,28.309789728073277,30.01806239797655,32.43753118135406,35.66417553584873,39.51377370602507,43.521288395792055,47.49846128866274,50.84234219726847,54.61973326766151,56.19766098532699,58.41699360445665,58.8861206061267,58.055923658153645,55.922187421239336,53.85136396789097,51.068474196026,47.55755910924429,43.521288395792055,39.6532650755149,35.928996007205306
arn:aws:rds:us-east-1:acct:db:db-1162,2026-04-17T00:00:00+00:00,44.043951499741475,9745.416158481246,178622736.09887087,204111842.3105562,34929.40175454702,28.0,normal,33.75342684847028,30.59505545581674,29.548125775018466,28.90534905254992,29.834740246241882,31.51603596304797,33.89212299356272,36.22463500948307,40.16259275909573,43.9747805208488,47.90229317982554,51.687459702246684,54.6125313620806,56.41857736222539,58.92536179197012,59.545418504623235,58.78500341265476,56.76742347217772,54.24512436031277,51.52737502168541,47.8541018804806,43.9747805208488,40.06038517987236,36.342135618655774
arn:aws:rds:us-east-1:acct:db:db-staging-orphan-01,2026-04-17T00:00:00+00:00,2.106037107678246,26214.4,275498620.6286906,324746764.1764579,54738.09306369437,1.0,anomaly,2.274931780393131,2.45089258980295,1.0371511192835654,2.1325168097322384,1.9049665868116192,2.3136547355742434,1.321163125632125,1.6965355524864367,2.2111605609243403,2.3979497416652773,1.7189672502644264,1.5642558237139341,1.1060741857265481,1.4393412532872771,2.302483435095296,2.224891880077868,2.0153840509281693,2.1547431409624833,1.3278524510574363,1.8658803131883461,2.136524490769617,1.2294480147344586,1.5207649523105364,1.709323285042939
arn:aws:rds:us-east-1:acct:db:db-1215,2026-04-17T00:00:00+00:00,44.94507148247478,5082.9321344594355,149441209.81213093,165886283.201833,28961.315265561676,27.0,normal,34.55258028467677,32.33463758969915,30.552780477805097,30.405522110286487,30.26794762285528,31.349534815903358,34.72874004138132,37.4708484129485,41.13549396748358,44.87140789982155,48.710474700539194,52.454232837059536,54.9802249253429,57.96534943235864,59.09294437443669,59.45438024915287,59.84539940220178,58.422300731161954,55.920760092907855,52.414325889016716,48.93295267039332,44.87140789982155,40.79840269808913,37.14906645405157
arn:aws:rds:us-east-1:acct:db:db-1216,2026-04-17T00:00:00+00:00,48.027354764953095,5053.803362716712,138847591.44352898,173492024.16381603,28405.26819511472,29.0,normal,37.04760799692634,34.7829130557909,34.201290501490575,33.17051249824203,33.786630830599684,34.46362659365165,36.992979650513846,40.351058849436605,44.00667104325386,48.070916696369416,51.93104419101415,55.85965765409254,58.18932990163999,61.07292898501662,62.560035774914,62.52058835859116,63.267666645559395,60.673694370972036,58.87146498877571,55.729788188689334,52.02210829840366,48.070916696369416,44.115635379590536,40.897447208970874
arn:aws:rds:us-east-1:acct:db:db-1217,2026-04-17T00:00:00+00:00,44.21975335814175,5054.74511810527,120973219.38832974,143923682.6423736,23289.141853280336,27.0,normal,33.87098477544347,31.73186537996883,29.672746346110824,29.034100282085607,29.66997118853564,31.501995329301412,33.489186132613106,36.73650228955889,40.234910658960686,44.17606864055178,47.92392913648305,51.57674444697647,54.80187856026205,57.22805243660474,59.04552704253125,58.523068460578486,58.65478683560357,57.27963247649457,55.18466759464693,51.74535614119632,47.95009259504388,44.17606864055178,40.473214292524915,36.59273091277387
arn:aws:rds:us-east-1:acct:db:db-1218,2026-04-17T00:00:00+00:00,42.48255797957406,5021.156393888755,131625213.5067461,153708695.24980956,24273.310533100033,27.0,normal,32.24400760337819,30.069429433622336,27.930441816970973,27.874603720389356,28.349504369159238,29.239356913451598,31.458768430349835,34.70511542993242,38.526121623587656,42.50074593874662,46.254593497908736,49.970651512275374,53.25468508389899,54.84914747274615,56.50345517325998,57.95688930011599,56.76145835255991,55.34155236512261,53.46658525956637,49.707344461548395,46.21914269029806,42.50074593874662,38.68653926585863,35.210505856283525
arn:aws:rds:us-east-1:acct:db:db-1219,2026-04-17T00:00:00+00:00,41.52949070489275,4848.24988432124,102008304.24344617,118940949.73682167,19926.989546373887,26.0,normal,30.696451571617338,28.47667758580887,27.11953148712645,26.821956784115045,27.130603278019137,28.642796028779124,30.669343968928683,33.94851877973968,37.83785296634702,41.60206956119911,45.48363202683051,49.30736906093614,52.405840444203896,54.97119589613132,55.7875429519175,55.915927017180636,55.523901107621086,54.25821642829077,52.02914238994836,49.13909606082959,45.42540069353031,41.60206956119911,37.64112576685658,34.27151550026976
arn:aws:rds:us-east-1:acct:db:db-1025,2026-04-18T00:00:00+00:00,55.504801537026104,32522.96649514135,817534080.8694736,912572596.2694691,161869.49038447125,150.0,anomaly,47.796447017421414,45.91918361277723,44.777230085556866,44.22143287703812,44.43739368963455,45.4431384756039,47.17996544447071,49.623287146461514,52.63339638239411,55.493544686685325,58.41060453854688,61.28498830131032,63.28564243485893,65.58867374864128,66.26450797397476,67.07498400548666,66.04577172147923,65.35103519759387,63.76958274368689,61.162104231068454,58.53899036385627,55.493544686685325,52.48932654807112,49.83046097532282
arn:aws:rds:us-east-1:acct:db:db-1026,2026-04-18T00:00:00+00:00,13.770637089070286,36372.479999999996,667166523.0959934,800536142.0906266,131340.93566401408,19.0,anomaly,14.840366814870361,14.077953888837168,13.416168346501943,13.75504332790766,15.88597164977461,14.440899612930373,12.572216289392937,17.11797388587897,15.836850605076899,12.862891300910096,12.610692246608782,13.589549949092127,14.56817563977798,15.535938588730115,16.915168721760033,14.362296615800588,14.017344013663529,17.83494025591834,14.741147698422814,13.308759214765786,12.95157961267157,12.870448639804243,16.3745809805664,16.15402685943549
arn:aws:rds:us-east-1:acct:db:db-1027,2026-04-18T00:00:00+00:00,13.412111440149378,36372.479999999996,539601574.8812804,649472871.6178081,113175.30825468681,18.0,anomaly,13.920171132942167,15.639647451927702,17.190198133918877,16.000515937894487,15.3525831155116,12.36059666132797,12.461522147150442,14.202049692328622,16.68779340715952,14.316141731311442,16.082840387583392,15.280557451710997,14.200569252040296,15.23343764343092,14.73727438307117,14.003291280870256,13.112689643993638,15.344374005813403,17.172145964183635,12.828748016695648,16.872539626484716,14.567943191198871,16.532863335341343,13.667290180209376
arn:aws:rds:us-east-1:acct:db:db-1028,2026-04-18T00:00:00+00:00,24.946696364337807,26280.606702694004,588383398.7779325,707998018.6944638,576297.4840274794,19.0,benign,68.0529345335065,60.805006432765914,63.74253787396887,63.398922418141815,62.75476415461952,15.537777390796911,13.057394983407002,13.155366701248816,16.662992320053405,16.817974042159733,14.207317703277873,15.613426359025913,14.946834422872236,16.323989871539855,14.782201864494002,13.929467087177422,13.438904087375898,14.409702126841886,13.901739953422535,13.074373079476413,16.878003099621164,13.295794163995907,15.776317410574084,14.156970663743673
arn:aws:rds:us-east-1:acct:db:db-1064,2026-04-18T00:00:00+00:00,25.797830970363265,26699.095462163255,704817664.9633282,855607240.5093489,678087.4076621279,15.0,benign,63.64968440402565,65.68898047627027,66.18258974361397,64.11007829710337,69.01058017785823,15.908376327213455,15.156290693997784,16.503783595804933,16.233684157241292,14.23170207037685,13.403611020399723,15.08229046623459,16.567424821830645,14.574428234601868,13.143238138801747,14.663007448413248,16.47029203812101,16.880347986036195,16.710086061107017,15.133283419227784,14.497578541184634,14.11313573966492,14.36329749627448,16.870171933314726
arn:aws:rds:us-east-1:acct:db:db-1065,2026-04-18T00:00:00+00:00,19.1056900470236,27998.579914513837,730883675.6607193,7057774441.588613,157281.5383815569,25.0,benign,17.753993646920485,18.903497954269778,46.246563527480745,16.135778686059673,18.726927018449725,18.748927476515362,17.01836863725356,19.458656110579078,16.198343115195385,16.19326481970924,17.18859088515915,16.763734819677776,18.781967740454117,18.939017610379494,18.677425742379587,16.70972521795728,17.421497737771798,19.3976383262101,17.634325589275083,16.393453295173526,19.463736084389076,17.868436820130057,19.742217012497537,18.17047325467877
arn:aws:rds:us-east-1:acct:db:db-1066,2026-04-18T00:00:00+00:00,19.2106509625102,28125.408774032585,763323875.0950187,7107414777.462319,148276.55183551114,25.0,benign,16.925097480724432,19.992370989083025,48.332413769185024,18.070295040281835,19.87966127598793,16.616026100637665,18.78087665018295,18.8202131134357,19.537048890502255,17.72961317184796,18.03823574369874,16.05307218589317,16.26295760245072,18.062903911141714,18.785433961762788,19.74116882133017,16.076132450940637,18.168932820109767,16.339984645062994,17.796091249952656,18.14596919674669,17.529184979110195,18.234043923446556,17.137895126729287
arn:aws:rds:us-east-1:acct:db:db-1159,2026-04-18T00:00:00+00:00,21.7836698445084,6821.89559761815,116360359.65577906,142632499.88147438,23735.611669928283,16.0,normal,13.792779382728936,12.279063656937344,10.464837291930888,10.0671194688733,10.73654175681187,11.885429454081768,14.076519624936987,15.964456949465912,18.896208268205196,21.861252231822625,24.70671748845378,27.25121799390152,29.641082629915495,31.271109795930478,33.082165138130904,33.31604384477245,33.21591719472838,31.19411165711128,29.552554178214233,27.725460277093518,24.744561215738027,21.861252231822625,18.831256678453208,16.39041785814087
arn:aws:rds:us-east-1:acct:db:db-1160,2026-04-18T00:00:00+00:00,22.70442258337344,7438.221561144992,123163668.4939821,147122054.6354262,24961.825607998555,19.0,normal,15.00222683969295,12.628184678345333,11.782416628105516,11.797848753586198,11.304205413297547,13.417845593430338,14.727536722871069,16.80920617885138,19.718989127736773,22.680773705839382,25.64343356652985,28.328258772345595,31.001764306986054,32.801739039421335,33.39412452679625,34.00181255054545,33.75367041106804,31.968099513943812,30.73465350528668,28.06804858952492,25.689575188289822,22.680773705839382,19.827887663348683,17.143067019280206
arn:aws:rds:us-east-1:acct:db:db-1161,2026-04-18T00:00:00+00:00,24.588036053762945,7211.923746025436,116274045.71133071,137838690.81448194,24028.457799880187,18.0,normal,16.874041412441514,14.882385125295077,13.529874768175597,13.869181751608489,13.322160982423751,14.569557236077097,16.855248508924294,18.820730978425438,21.681427837101616,24.585806663663305,27.453318236181584,30.356345458685276,32.91691501510071,33.90069519236734,35.448515859384926,36.08075850209052,35.9606589487297,33.98065740358452,32.51853158197283,29.974172203320787,27.602515511308056,24.585806663663305,21.610851775880743,18.732707673904294
arn:aws:rds:us-east-1:acct:db:db-1162,2026-04-18T00:00:00+00:00,20.73554586845521,6466.37057519637,133107551.78856683,159990978.62103793,27751.126904008917,16.0,normal,12.852109471651918,11.118472759755013,10.186993869340055,9.52026066105321,9.397729378123021,10.558535379078414,12.755672266169261,15.284730227957109,17.91315502455252,20.744140206003998,23.5293608193441,26.551182395424853,28.866218722697326,30.44605435838447,32.10255354443353,31.84553829546322,31.10144963157564,30.396534862085964,28.493413845722895,26.492893283667062,23.65068820372579,20.744140206003998,17.815016406897474,15.286257023814143
arn:aws:rds:us-east-1:acct:db:db-staging-orphan-01,2026-04-18T00:00:00+00:00,2.072874094037364,26214.4,278942831.78613794,329375668.61407405,55633.989091898235,1.0,anomaly,1.1652679193577296,2.1535889215197974,1.4080952725888607,1.7847237575211454,1.8699028106998168,2.0556020461308675,1.5983272673843723,1.9504044204745985,1.3102740419660286,1.3775801815605733,2.3156071727006937,2.0057875815667288,2.42541881399155,1.5028522870901257,2.3456835822498325,1.568942832387021,2.02023199684534,2.213134798313664,2.223274165355213,1.2020649604557263,2.4135410555444827,1.0673149573369167,2.3684792803482644,1.933136935031092
arn:aws:rds:us-east-1:acct:db:db-1215,2026-04-18T00:00:00+00:00,23.914185236000822,3784.4204786410583,124876098.80771637,145902107.6457024,24021.11018472543,19.0,normal,15.800994286875062,13.837153361676553,13.26504111538191,12.980018788373584,12.876935968690953,13.870252596706498,16.110462875452832,18.56828459745388,21.07941714105699,23.920302656300958,26.792424647759372,29.324849037406445,32.060275634548724,33.859562687298876,34.744910952862845,35.514381408863315,34.65717538087851,33.52002022136949,31.66856683750251,29.424536646154998,26.841119965736144,23.920302656300958,21.11766118149295,18.185795017875417
arn:aws:rds:us-east-1:acct:db:db-1216,2026-04-18T00:00:00+00:00,20.594918904238266,3528.6558375013037,120635522.15981561,142056063.13751584,23029.062963291733,16.0,normal,12.37328170841147,10.784192816564875,9.748381139926225,9.872247641906304,10.017517830496375,10.402483228250853,12.49156876305877,15.100188300813025,17.612185067072364,20.593951882052306,23.508837394244466,26.024716828177894,28.86064597879533,30.442986116702897,31.021456047898386,31.778335462640232,31.2503035779226,30.701269561716426,28.41671884640199,26.23253976918139,23.6319973429513,20.593951882052306,17.74479827485181,15.073498239628815
arn:aws:rds:us-east-1:acct:db:db-1217,2026-04-18T00:00:00+00:00,26.134140631236928,3776.5132517335064,99262281.80313373,123619137.94282104,21893.32299261995,20.0,normal,18.084956163095097,16.360211347866557,15.44560297343742,14.835410138958697,15.184267718025973,16.78988887811171,18.30259075986743,20.43376888417695,23.335001851613434,26.118200689389873,29.141544697703182,31.784779538409538,33.80344469506527,35.46102357240249,37.282762764302916,37.26758761523839,36.5645448064625,36.12515219374377,34.02701687708037,31.986988195129552,29.131173934285975,26.118200689389873,23.25125748325187,20.38399868267736
arn:aws:rds:us-east-1:acct:db:db-1218,2026-04-18T00:00:00+00:00,24.6455725448944,3906.480994372116,104582779.91585745,128923680.20878378,22782.863323705442,19.0,normal,16.496566470447174,14.89224870790308,14.08266195913273,13.511101747598882,13.239856371183237,15.11272044587897,16.88201242285543,19.264634967614708,21.571125104705956,24.627805306947447,27.422951363203303,30.165655828999874,32.24374111411427,34.195811582528584,35.57639660068824,36.04453291599869,35.778365298509414,34.36012093197549,32.84483503009622,30.250037302916645,27.51017670062756,24.627805306947447,21.821654710411835,18.970922886180396
arn:aws:rds:us-east-1:acct:db:db-1219,2026-04-18T00:00:00+00:00,22.759917784857723,3358.1633219615787,83592763.84485124,95692949.75857298,16734.76110150302,17.0,normal,14.973169978089917,13.501293474764314,11.463073715690442,11.536992785325264,11.915742071574783,13.074775249954396,14.442990533720295,17.326583037663067,19.872440003379356,22.78888025991483,25.652529835455212,28.405737428881952,30.954391225612387,32.27970714816891,33.713849131340105,33.66919753731845,33.923221003029376,32.228159709666386,30.35923388533076,28.637801071147265,25.83254511936915,22.78888025991483,19.811943338155675,17.08488903311821
arn:aws:rds:us-east-1:acct:db:db-1025,2026-04-19T00:00:00+00:00,55.79094602977175,29447.60579007072,706820288.4456496,869579414.5367162,153137.11450806545,150.0,anomaly,48.205468654000725,46.01944280208895,45.15997579280884,44.73939685522753,44.61417433555989,45.64653480472103,48.10802448289361,50.18979628054244,53.017534303192036,55.79370837257832,58.813038523287176,61.550553846082146,63.398909447508416,65.09729388053788,66.7998829491913,66.64215078642007,67.19252769196116,65.45766239833307,63.82720477532524,61.41905964690762,58.61062257708381,55.79370837257832,52.7849304818238,50.101102653868686
arn:aws:rds:us-east-1:acct:db:db-1026,2026-04-19T00:00:00+00:00,14.52630232304432,37355.520000000004,530598527.7091048,672725336.6337267,107912.03748178387,11.0,anomaly,14.213640370800196,14.14596392082382,14.68274601419826,15.255525281465076,12.553819473034903,17.386073662909222,15.4514189763146,15.380085041145698,16.960224481385115,14.241629308756686,13.337832232280029,15.327568797163698,16.151058595895375,15.911249684318712,14.781166367525953,15.698329284567023,15.7420871070606,16.85745725888304,14.049543543970678,16.152509559037117,15.879438796995245,13.002774264366671,16.409522102904933,16.583242989333215
arn:aws:rds:us-east-1:acct:db:db-1027,2026-04-19T00:00:00+00:00,16.205042249888916,37355.520000000004,522518023.8528071,623105298.5777476,96196.13991046467,13.0,anomaly,16.771090043445362,17.793399591531305,17.46967901922912,14.721694811610682,16.59135789182879,15.348686846268423,12.834947492651304,17.20993288351429,15.75956522219762,16.16182965292065,12.603546832412002,12.063932249587712,12.250790635662455,12.848405964580524,15.386826374890404,12.122962046544309,15.662123945029428,16.963956549610288,13.50306185113183,15.56044520224956,16.38020364095421,13.262817432041375,17.81441338764708,13.297375708277157
arn:aws:rds:us-east-1:acct:db:db-1028,2026-04-19T00:00:00+00:00,24.993069071291444,20888.818458515343,511262335.5107827,587584401.2509377,529203.8247255884,12.0,benign,66.44575571745682,60.31678441711418,67.85070989221055,63.22622639132883,61.00120190335929,16.440864661858996,14.89660333685748,14.631254135874554,13.6212504287157,13.62218684088069,13.116301945209493,14.644312437770317,16.08306517527368,16.94673794092192,14.19868818611139,13.929688547333503,13.232164717224181,16.582730125110466,16.57912196195636,14.181867495402013,15.531793587101394,13.368074743205867,15.124259616016644,14.262013506700395
arn:aws:rds:us-east-1:acct:db:db-1064,2026-04-19T00:00:00+00:00,25.465782268777854,20117.46587984365,614535487.1188084,722265769.7099211,636375.0523038122,10.0,benign,65.00729658811922,67.1521355040949,69.67412618334396,68.95303235000364,61.75518301506083,13.238535887918136,14.470157113633743,13.60085869075412,13.191476197119847,16.747668690440772,13.139713115659347,13.714229185960779,15.497072471893738,14.27139161413364,16.769820404490176,13.058607154957816,16.81463664942545,13.308786343891086,13.636268713507668,14.5429907600709,16.17029293866486,15.664656693838394,14.319511277656456,16.480326906028935
arn:aws:rds:us-east-1:acct:db:db-1065,2026-04-19T00:00:00+00:00,18.956642347455315,21357.36088480746,647526253.8602707,6531808404.983453,130626.30025109574,21.0,benign,18.025534476830636,16.348116729557013,42.847940416938485,17.29566906621002,19.987218944998613,17.151249185835077,19.6977116419281,17.063969390615476,17.136301765494554,19.754719079676907,16.169442259455067,18.348672703405743,16.855951103418832,19.09945398137046,16.384865574436336,19.29023450027721,18.261305119440706,17.415021200754662,19.522591399652136,16.49161586849013,17.278387526573123,18.06512977042558,18.970894161528555,17.49742047161404
arn:aws:rds:us-east-1:acct:db:db-1066,2026-04-19T00:00:00+00:00,19.201224423184584,23100.065855534445,692885200.2540398,6327574484.735232,136379.18227293467,21.0,benign,17.262973224256864,16.478712324167496,49.957724283922325,17.939946370797546,16.862047649428934,18.960209333867898,17.556267299491388,16.169702787115817,19.09495572119642,16.885006850337483,16.047844496361833,18.198232300422163,18.58537678382536,18.155862539633326,17.995014515658838,16.930630665469625,19.225533554857105,18.22262506880555,19.094402107365333,17.702702292472384,17.124536244259577,19.968687339937556,19.9734696618185,16.436922740960696
arn:aws:rds:us-east-1:acct:db:db-1159,2026-04-19T00:00:00+00:00,15.019772732142403,5771.0660235807245,116452666.41156954,132682356.11339733,21491.910769136088,13.0,normal,7.3805863966624585,5.3341248970977215,4.441188743582818,4.185069298564355,4.472404825187101,4.8606564907096255,7.229005001964786,9.13763890788997,12.228845421654347,15.00125599526077,17.90072790044937,20.80695675896622,22.735837796239426,25.120374708666215,25.398150398898427,25.73502187681589,26.142661112153448,24.48002110427598,22.674656897373943,20.681154212394578,17.823742116020757,15.00125599526077,12.108904633864801,9.594304081463921
arn:aws:rds:us-east-1:acct:db:db-1160,2026-04-19T00:00:00+00:00,18.70581614280734,6510.6629451997,107786796.24962687,130502703.67790172,21942.29741758016,14.0,normal,10.480220381636167,8.879689571944787,7.841435610399493,7.408200651490345,7.828046508928731,8.957111045552642,10.433498429218794,13.018388487268878,15.901373313459601,18.764243113211975,21.70329799529334,24.140570165473292,26.479167707722233,28.685364747229865,29.200106386445697,29.776589122670572,30.116021495482062,28.056229345593756,26.916862193290726,24.597652379720046,21.807942308974845,18.764243113211975,15.950796188004823,13.232537165151507
arn:aws:rds:us-east-1:acct:db:db-1161,2026-04-19T00:00:00+00:00,18.03395323019624,6316.846354879894,100873402.98683417,127190895.42699443,21680.341564794526,15.0,normal,10.332867006959223,8.135549684476876,7.1106955317535565,7.324109471296456,6.7110209946748824,7.976484267677963,9.765868797799854,12.476369683692063,15.214856387082907,18.040956029550138,20.926344359477262,23.70671072251115,26.22255744581306,27.574468186148785,28.9670466090288,29.045463672338883,29.215069541229276,27.545049453651664,26.160887512092067,23.83716243858094,21.040891127359703,18.040956029550138,15.261384216058707,12.182108355905317
arn:aws:rds:us-east-1:acct:db:db-1162,2026-04-19T00:00:00+00:00,17.395498761264854,5504.618050275041,135269369.8806295,152067980.0798491,25325.51477935227,12.0,normal,9.22287614593847,7.837301937443857,6.665943651730037,6.610860144889615,6.7577565268365065,7.963520318572669,9.440023753922343,11.575286357837829,14.556387079056677,17.377672793278382,20.286904660150054,23.132983402421388,25.107192780189852,27.38839103996181,28.56989773776699,28.50785498079548,27.75344893508482,26.686006661947868,24.956047302915014,23.160984867462016,20.340721813087796,17.377672793278382,14.325807797844984,11.890426787943657
arn:aws:rds:us-east-1:acct:db:db-staging-orphan-01,2026-04-19T00:00:00+00:00,1.4237968614049747,26214.4,276743572.9586645,354023542.7969653,59944.03853390869,0.0,anomaly,1.9890267095765761,1.8624033537255362,1.833453076215913,1.4921167420474912,2.0383241125939784,2.2440643634882322,2.218757142753885,1.6225614899983578,1.2127930699454705,1.0502963110211454,2.171967303103555,2.451656915817548,2.309716142791531,1.6046962469940702,1.9053826761710662,2.4735361893828385,1.3538657602804824,1.132877202158467,1.1415451291469982,2.2791541566562565,1.4816709273301254,2.0533392414542466,2.141409775203547,1.4028194245300827
arn:aws:rds:us-east-1:acct:db:db-1215,2026-04-19T00:00:00+00:00,13.334759402398152,2844.149300184151,100432654.98976843,121202059.36035648,21234.378509134993,12.0,normal,6.4748379092448465,4.558628236502534,3.9766369234121477,3.8,3.8,4.367063336041337,6.547861374926966,8.459281818114112,10.593168738987647,13.297665536820524,15.898477819803116,18.303765889385833,20.616925362833946,22.009489863917505,23.1647296286508,23.019790758830947,22.593938210810496,22.11389473929401,20.11777834212472,18.376683774097113,15.841655750048954,13.297665536820524,10.647764266527847,8.156521840359769
arn:aws:rds:us-east-1:acct:db:db-1216,2026-04-19T00:00:00+00:00,18.915491046608892,2996.2521717348277,111192520.35303356,132715923.30358152,22398.903293492844,13.0,normal,11.09411292096252,8.883834955403849,7.811287208484473,7.650722001435308,8.479764931251747,9.652072239204692,10.925899824471596,13.561324230595083,16.008823092611234,18.909775978060836,21.765359329418,24.308434435736974,27.16165231641678,28.510636628647532,29.996407159695014,29.82112670268253,29.33082849014978,28.997966165110793,26.753665017352144,24.426386388356608,21.75425304472237,18.909775978060836,16.002536172679623,13.255139907103073
arn:aws:rds:us-east-1:acct:db:db-1217,2026-04-19T00:00:00+00:00,14.801133484368979,2949.701618072174,88962972.98164381,107949506.13458326,18512.055045661324,12.0,normal,6.640401486019046,4.712694888669034,4.390900113553127,3.909642168477898,3.947867881470332,5.512183726331323,6.697739741371685,9.079379472310691,11.909000303695958,14.888346367061615,17.901788312552835,20.290334578267796,22.640866736410885,24.258714695117874,25.714930181255774,26.05189105076658,25.333014686529733,24.397438749270904,22.91297944733172,20.3304158151152,17.670787914029994,14.888346367061615,11.868350810796773,9.279188131387123
arn:aws:rds:us-east-1:acct:db:db-1218,2026-04-19T00:00:00+00:00,19.82346172767566,3320.3804195707576,103015231.76799399,114900187.43247777,20263.956463550676,15.0,normal,11.665571651648298,9.638349430390672,8.630383696822026,8.83715462677323,9.161036893043134,10.466422773366897,12.116329215744278,14.475001602713803,16.891670176719007,19.854377987377838,22.665302148998975,25.465901505785794,27.934891268722996,29.12463437801792,30.52730189450334,30.77550186405763,31.02918744605507,29.611669943202337,27.619505490445096,25.72056148859695,22.625410922439485,19.854377987377838,17.03077135270964,14.041765718703514
arn:aws:rds:us-east-1:acct:db:db-1219,2026-04-19T00:00:00+00:00,18.972573897244313,3143.642783293672,80164195.31613478,91968445.02672163,14932.283664499653,14.0,normal,11.112721737123705,9.438664086092192,8.577908769522377,8.204244617375974,8.346912759527433,9.444851617327016,11.19956012232011,13.14066559127285,16.078002904855026,18.927035071308207,21.78983327338646,24.307756196430024,27.06277172156138,28.20024133673127,30.189069772430038,29.66588508700839,29.76772845511209,28.25310630538702,26.92482552758391,24.43772610985626,21.873022310225615,18.927035071308207,15.953021099719416,13.519183990398533
arn:aws:rds:us-east-1:acct:db:db-1025,2026-04-20T00:00:00+00:00,74.88956495703178,44093.084445262066,903717501.5602988,1138811174.0872917,177928.15513388615,150.0,anomaly,64.00664833349673,62.482728263185436,60.14150157712919,60.025957239294684,60.80131458842832,61.42287990866671,64.57745783111005,67.07497963079419,70.840724572928,74.90141184094222,78.76106232739858,82.10822945578732,85.31554119539412,87.52402637655504,89.58684356160435,90.51858951871264,88.77438270170472,87.48401562081393,85.79369264689339,82.71845167350813,78.87833103022663,74.90141184094222,70.95077471564994,67.75860251759632
arn:aws:rds:us-east-1:acct:db:db-1026,2026-04-20T00:00:00+00:00,16.741881704654578,38338.56,749493950.7180567,906415459.1413739,146410.5922833116,24.0,anomaly,16.959168474379346,15.890491340595618,17.414795378256578,16.47276993409215,12.604459153826827,17.50239815446882,13.3068517049079,13.4104532228904,16.432525770945176,12.655670127677253,13.74170340803538,12.444651682824926,16.783807107615665,15.374329768910865,12.667318292726193,16.82869399818525,17.4372240263831,14.81731643361446,16.2613090001049,16.06890490166601,13.20209567624373,14.534060763158987,17.731033383142996,12.635771395189387
arn:aws:rds:us-east-1:acct:db:db-1027,2026-04-20T00:00:00+00:00,14.074739180459765,38338.56,689472887.8539793,811520876.7439228,136235.25643922744,27.0,anomaly,16.045392700338738,17.57418271090302,15.968726224701456,13.47654320114098,15.166802975190187,16.367689224865998,16.72577468810001,17.38616645373572,16.69846933956528,13.37129402210421,15.871492178527246,17.32505565197879,16.66614165791188,12.307445846580922,14.822948586085069,15.097876055043425,16.959853356293998,16.704901514483247,14.206380403424266,15.265413206043494,13.365277858144324,12.261853589343874,14.556061113160474,16.05838325869272
arn:aws:rds:us-east-1:acct:db:db-1028,2026-04-20T00:00:00+00:00,25.532604154815704,33439.30072972941,671908382.5327004,785365915.2409956,659396.1323545838,24.0,benign,69.61016308994841,66.21086213113823,69.12503941795815,60.31445611573736,61.21948575344203,13.663193432102762,13.786689122618792,14.039587855912053,15.593515126836675,14.583884711308487,16.677128676819528,15.72630655534153,14.385890975657432,13.84583680027295,15.45245428509004,13.964316171318474,15.757315717059022,15.227032605613365,14.489650020072002,13.008180230046268,16.83620995817274,16.031466655377457,16.445304117456345,16.78853019027689
arn:aws:rds:us-east-1:acct:db:db-1064,2026-04-20T00:00:00+00:00,25.566990899057092,34447.79019258334,820895959.7431421,1002854496.7462602,803292.0093093789,24.0,benign,61.836552459244025,60.59407209767874,62.46675018015444,67.68901595537807,69.69030125412219,15.960762233573927,16.97355766161651,15.311166211152214,15.397914769139524,15.410817869535151,15.869962964857407,13.620738055354835,15.229299642342191,16.4144222346637,16.773670492979754,13.258624526881041,13.636702329861624,16.47480572132547,16.63220126410691,14.151192981120708,16.768342416984414,13.943899423612171,15.763945739063667,13.739063092621613
arn:aws:rds:us-east-1:acct:db:db-1065,2026-04-20T00:00:00+00:00,19.34319144119083,32246.095282075894,816352651.0764265,8539812027.182899,170245.75864242643,31.0,benign,16.276655670821356,16.799783316635505,48.95472405239262,16.448569527067487,19.21736878906605,19.446639364769904,17.96363175199074,18.23746759511047,18.26945877061639,17.903483435806056,16.56944975710507,18.398446359198868,19.39549233820411,17.013821864976855,18.650372437808453,17.06446720761625,18.651038246526262,19.945931799319585,16.475761447090353,16.723885178308958,17.178124038885112,19.897037822226714,19.336874792083208,19.418109024953573
arn:aws:rds:us-east-1:acct:db:db-1066,2026-04-20T00:00:00+00:00,19.259833573568503,35222.66409947823,865110271.9830616,8227400395.55543,167575.37313895408,33.0,benign,19.340819180998015,17.89438764965494,46.154669013492054,16.111655263926096,18.602261510859528,19.834964604201026,17.96493019307151,19.316424049454632,19.980634255209992,17.624316383896016,16.04309339461728,17.303320779748734,16.79235442423109,18.820165629922567,18.048244254886377,19.43856938561305,19.793298741194167,16.553793919536922,17.98155668490765,16.434730061046753,16.517260664646507,17.983435024506658,19.699081934108634,18.0020387619139
arn:aws:rds:us-east-1:acct:db:db-1159,2026-04-20T00:00:00+00:00,39.523801706763166,8665.456777122632,141600507.1832312,170567485.4135667,27424.797515607577,24.0,normal,29.279711018980926,26.283922802624026,24.63082878065528,24.217460590692475,24.64923197918506,26.64403857242121,29.314455803085885,32.12793015165957,35.84180020188234,39.534859350840776,43.325528812813204,47.00708595766131,49.639589597834764,52.9291904118946,53.571734129424634,54.697104592928945,54.39743564564136,52.85649222365968,49.95461105249967,47.15192582539138,43.45331524531643,39.534859350840776,35.776593158166946,31.75153570621486
arn:aws:rds:us-east-1:acct:db:db-1160,2026-04-20T00:00:00+00:00,40.83402280452636,8895.304860140888,135082039.63475838,175616039.5411707,28741.715912371037,25.0,normal,30.294440620380417,28.03270895045513,27.0058424312614,25.623914742371923,26.0336601265273,28.057217078953514,30.159548351921977,33.381916923452124,36.93359880969467,40.963974768365034,44.972760870197796,48.65251056645749,51.0614637498262,53.462775299523514,55.2546537565156,55.74202455905478,55.18526943977119,53.609867995529484,51.095339701880015,48.119470446376184,44.94395146974509,40.963974768365034,37.27267415074895,33.19298773125777
arn:aws:rds:us-east-1:acct:db:db-1161,2026-04-20T00:00:00+00:00,37.78245228614012,8818.24840391331,128871229.4457676,153210403.79781005,26155.44365661196,22.0,normal,27.121957765259946,24.671094984044984,23.892661728206498,23.15271697025309,23.922285066090776,24.821196676300914,27.589867705184908,30.52776430452213,33.754048436032406,37.710665016806736,41.65457526629373,45.37501780276522,47.96360121388,50.37774163260017,51.84864834784044,52.41321157381004,52.67012783712581,50.65116290911655,48.367632252580556,44.932835233458825,41.4830643242961,37.710665016806736,33.72188936882813,30.44442343525824
arn:aws:rds:us-east-1:acct:db:db-1162,2026-04-20T00:00:00+00:00,41.238915914644046,9339.940971815176,159270541.9321348,191982437.89964962,33934.63856432445,25.0,normal,30.439721737817578,28.671492335133486,26.801212326552747,26.503477635461593,26.29616568521763,28.119027603310943,30.483588851440707,34.0750038346116,37.34578337676034,41.335145164449585,45.30217446522031,48.812543687879405,51.71202501426339,53.889107282907744,55.133297123055506,56.827437753785105,55.480128213813224,54.33672991726391,51.73346070475443,48.942291471491245,45.03790752949896,41.335145164449585,37.583303911565416,33.537811160752696
arn:aws:rds:us-east-1:acct:db:db-staging-orphan-01,2026-04-20T00:00:00+00:00,2.186493649746221,26214.4,275891378.9055644,346811941.59766376,59036.94393770736,1.0,anomaly,1.5897876657300847,1.9301536768239218,2.246656515508116,1.6136304127683725,2.2441473566492927,2.082682928396211,2.0572682968218894,1.2466547888370485,1.453409207971264,1.2718675582977887,2.4189955502917186,2.247387317260783,1.4019031103251731,1.1578394083327712,1.8121384823292903,1.932656524675422,1.1483991009124208,1.781928095006395,1.112907976714237,1.9357037534733745,1.3141385629156335,2.273194611189372,1.1564558508333307,2.406494865486493
arn:aws:rds:us-east-1:acct:db:db-1215,2026-04-20T00:00:00+00:00,40.45743851933506,4695.110973892243,134820210.71474332,157414089.44386396,28001.702034129958,26.0,normal,30.105584845552446,27.23421796711086,26.143110857267644,24.96943212073954,26.414683089375913,27.369853419683164,30.137263320653453,32.765278924848744,36.488228467364806,40.37482148262058,44.34979441533838,48.24430361343706,50.80039777330807,53.78170569012073,54.375903246994675,55.937563407675874,54.997251002573414,53.038127266430315,51.32714909305076,48.10092321592192,44.33492455472642,40.37482148262058,36.531688098862276,32.78149710776369
arn:aws:rds:us-east-1:acct:db:db-1216,2026-04-20T00:00:00+00:00,37.93333401083814,4416.274422242,130445044.0884884,150085102.60318786,27479.894218341004,21.0,normal,27.695672995120105,24.675701601712507,23.199204422719596,23.18402826100656,23.92559299000045,24.510502338476535,27.445188452328885,30.094573155471295,34.07372715572466,37.89413589942589,41.74467764150549,45.3646499266339,47.972479432960505,51.04020388911833,51.9566671098624,53.48900658221181,53.031924660659506,50.7976469962249,48.59669493535099,45.69268078015354,41.91699598998952,37.89413589942589,34.08608424284047,30.117840901191485
arn:aws:rds:us-east-1:acct:db:db-1217,2026-04-20T00:00:00+00:00,45.638680712490476,5006.132874382846,122688375.26155707,138272697.92314568,23256.143417253024,27.0,normal,35.30343436834855,32.83004420532656,31.73836971626599,30.045408697379056,30.90062173495738,32.590132518305644,34.99496189030996,37.86612841567381,41.55633167732025,45.63086863327401,49.31958346260407,53.27220547294923,55.75674649445941,59.25747534098531,59.55531074153298,60.68985459380903,60.7384964142158,58.26213313552037,56.54142688914032,53.20795787652451,49.5182663305756,45.63086863327401,41.653629413856606,38.46808044316308
arn:aws:rds:us-east-1:acct:db:db-1218,2026-04-20T00:00:00+00:00,40.07690149315834,4450.395051987417,116451972.82014775,146503164.09740692,24773.459289022758,22.0,normal,29.917446538275374,26.571948208158023,25.475831147623207,24.539743214800065,25.9442336082141,26.787764042274755,29.3098018203092,32.77584997097064,36.285782133007395,40.07422793068371,43.96159285971527,47.748022517425085,50.30846529863483,53.15783731022867,54.38647227606274,55.29116361169789,55.14489013438747,53.00470108240969,50.97188703708211,47.217597598321994,43.7749688234019,40.07422793068371,36.22932458408642,32.89185615734585
arn:aws:rds:us-east-1:acct:db:db-1219,2026-04-20T00:00:00+00:00,40.900978000261794,4534.941176539954,101809462.43345672,121203973.80479401,19978.321130676755,25.0,normal,29.948311178258308,28.154617322334744,25.690472280554957,25.817238114433906,26.441703885196794,27.78245884214286,30.56143917187802,33.465129771345886,36.847101766789116,40.88368034245313,44.857181349251185,48.52635560843835,51.94600827881698,53.95353076536187,55.424460303527766,56.46183877223968,54.74695387188486,54.362016715557644,51.915496726171455,48.06274160356601,44.90926172336293,40.88368034245313,36.931350219733,33.05044305053037
arn:aws:rds:us-east-1:acct:db:db-1025,2026-04-21T00:00:00+00:00,73.63431295084837,42811.0415945453,855346608.0674639,1114289228.253297,175034.8776531513,150.0,anomaly,63.33383028562776,60.89955044914024,59.66650778253425,58.95030732461634,59.42696483458387,60.077659947105744,62.725550950944715,66.2196967619348,69.56053350988273,73.57212655744046,77.63861810909727,80.92703408878063,84.08861556001165,86.57453416377066,87.79138400260237,88.96861977528485,88.66800781433709,86.52820371128593,84.09816520654023,80.75463801273001,77.35329580851896,73.57212655744046,69.64638798294078,66.18115162320926
arn:aws:rds:us-east-1:acct:db:db-1026,2026-04-21T00:00:00+00:00,15.572610544968594,39321.6,763758232.5393,878102226.8461275,147671.06817458547,23.0,anomaly,12.773818130351023,15.792360490350955,16.800666741987122,14.29081794085075,14.157570231557008,13.18400338803858,12.99199160806576,12.808835647288937,14.017947937489204,17.56041021501183,16.864221920585848,14.390284115542578,17.466478176838493,17.30136456824317,12.5580107182502,13.913759486327997,16.092822795533355,15.538493717082867,13.987501332194949,14.337435082683445,16.026219033115567,14.353690653746485,12.76690078575701,15.27696396097137
arn:aws:rds:us-east-1:acct:db:db-1027,2026-04-21T00:00:00+00:00,16.37238463196787,39321.6,672526337.2506245,772304157.6143203,130472.74708768292,25.0,anomaly,16.815957827267106,14.5079295499106,17.48042079444726,13.655175764249137,13.588383092690599,13.59246078202381,13.055869065224167,12.366241550371727,12.311142289737893,14.64600577350652,14.139523532985686,14.79820444796885,15.691502770233729,14.103230446684247,13.242911800245574,14.261203985079893,15.445511730271278,16.192906357058636,16.16086268632943,16.679964826568845,15.693252130026913,12.85637164676456,12.95403652404124,16.705190770167725
arn:aws:rds:us-east-1:acct:db:db-1028,2026-04-21T00:00:00+00:00,25.374704232970146,31954.60631132417,610153410.3755637,724124984.0850992,611450.690392843,21.0,benign,68.62284040967593,62.08753252638278,67.79517718824232,64.27236610809554,66.19061475418256,15.479319401818255,15.477434286269267,14.005492561809394,13.35125607501835,15.246745867269883,13.12301120677602,15.731904643253024,14.249566679869378,14.808666030634127,13.416333117867426,14.112331518124765,16.240432457170158,16.238324835362935,15.317445995686999,14.262274372840357,16.74844563302832,15.144730830677712,13.705320170806127,13.365334920421775
arn:aws:rds:us-east-1:acct:db:db-1064,2026-04-21T00:00:00+00:00,24.87122403568363,33827.28604627883,866330820.2470602,984232033.5676718,817144.0930524125,24.0,benign,63.09650471799492,67.51504585334087,66.30161419358906,60.74336415925095,60.86455431460411,13.265319857706146,13.197963349054545,15.07954350769425,16.500646312563937,16.066101404266824,16.809949403002758,16.11277450123692,13.616677101748177,15.140484681078068,16.596219934631957,13.669336750861937,13.98861964411738,14.102727119317171,13.53886284257457,15.592150153323011,13.147165854804651,14.623538395464054,14.258511755500374,13.081701048680461
arn:aws:rds:us-east-1:acct:db:db-1065,2026-04-21T00:00:00+00:00,19.99962267619315,33541.13567185429,828918779.3895789,8362907194.225206,173999.93720708517,30.0,benign,17.868254728261036,18.906156872619835,48.338919391148785,19.894643279666774,18.56222620250167,19.466417633959654,19.960013994436924,19.262229112500183,18.43036276262018,19.833588431795885,18.218608962467474,16.807984973851877,17.84605184604316,18.339780295752302,17.02425683707618,18.216903433095432,17.246156181649773,19.83828787667522,19.55959238059168,19.239071081142257,18.901286346113558,19.842312771693223,19.109330163376473,19.278508669596043
arn:aws:rds:us-east-1:acct:db:db-1066,2026-04-21T00:00:00+00:00,19.04422301302364,34592.11816069834,798250577.7934965,7981466370.510575,172122.5974358648,30.0,benign,18.015516717205745,18.335873159860228,40.938672890093045,17.425584641133938,18.88589660131381,17.97217277839357,17.757387235709402,16.26185415593397,18.539018749185754,17.41318922558525,18.237658503270247,17.366200638183095,19.59114324886782,18.713116116395977,18.26818719814131,19.605446648680157,16.557218943266818,18.80070253130868,16.20742001569353,17.673119046888058,17.53823072817584,18.866608093846274,18.8366039573521,19.25453048808272
arn:aws:rds:us-east-1:acct:db:db-1159,2026-04-21T00:00:00+00:00,37.73325951751499,8633.540498490764,134738877.66372338,165699501.77686593,26248.36432050184,22.0,normal,26.827417683450875,24.824537122742985,22.66366256499447,23.354504339960517,23.640370813134677,25.223401793899374,27.002331137467753,30.43848235678081,33.910965684230575,37.76857639039872,41.53981821498928,44.899544369234036,48.27189888201305,50.33281733070419,52.017316232145696,52.55074489084114,51.596331914684015,51.2644150371673,48.544517363090435,45.03759448118773,41.72223875758685,37.76857639039872,33.937199548959825,30.460965120296795
arn:aws:rds:us-east-1:acct:db:db-1160,2026-04-21T00:00:00+00:00,41.99956442910409,9383.871296730327,133892634.05625977,166308554.38632318,28771.41385475771,24.0,normal,31.609016638609326,28.93234630431003,26.961031643503,26.923888445651613,27.38206999810606,28.774587537829113,31.2465228606536,34.44938444339012,38.09227102549753,42.085643185553366,45.88100517044641,49.374192683752156,52.8980416045206,54.89572099911849,56.761689103782764,57.41374725148899,56.544528695884004,54.75256539003099,53.09766493557289,49.49776363851371,45.820752202231,42.085643185553366,38.0826795065699,34.426789847929186
arn:aws:rds:us-east-1:acct:db:db-1161,2026-04-21T00:00:00+00:00,40.333189989676605,8698.905015389486,131023186.93992084,151071688.68015817,25924.985393247898,24.0,normal,29.934438629411204,27.543372529050536,26.234412430473284,24.94549433672423,25.51010858859828,26.79798233406875,29.554769313985616,32.599191882637506,36.63190613017405,40.34576659702276,44.12353148458062,47.73050634095988,50.7696995611238,53.78305815279,54.28865648276974,55.66933147094363,54.64300521615858,53.96283041207582,51.310987238574064,47.94518899176084,44.23772633662116,40.34576659702276,36.49572541219872,32.593103282512665
arn:aws:rds:us-east-1:acct:db:db-1162,2026-04-21T00:00:00+00:00,42.36543582608469,8852.246515918789,163267508.08485767,198530044.03075272,31917.034086102074,24.0,normal,31.806095376594463,29.637096081216313,27.256442713490827,28.119328040700715,27.776741431312885,29.026655526677374,31.475420639585124,34.81400319325451,38.631118136583304,42.39676601289363,46.20569345307313,49.52866879966745,53.155725506269434,55.87693445023733,56.38522624991376,57.318084031088574,56.27255590131782,55.61767823921155,53.462953322182976,50.0971723437404,46.30057232077587,42.39676601289363,38.52830054228321,34.68446150106838
arn:aws:rds:us-east-1:acct:db:db-staging-orphan-01,2026-04-21T00:00:00+00:00,1.8718426194867712,26214.4,270175707.29112756,313689433.7040389,50023.850396761525,1.0,anomaly,1.4280624052180007,2.1321283404582188,2.457574118916448,1.5086931879688132,1.8240545393479974,1.9739462439062971,1.067597362888165,2.0409118118504024,1.5190812616037666,1.7078312133199622,1.8130260765544737,1.8251711996165185,1.3004642653708314,1.9203927131321414,1.2856452186196656,2.0678751528435515,1.3098280163166682,1.7454191691763075,1.94789384859732,1.3701545589895396,2.4517673937475677,1.0724753321619742,1.8606721343646382,1.8522960382445737
arn:aws:rds:us-east-1:acct:db:db-1215,2026-04-21T00:00:00+00:00,36.620526037690944,4202.265392445583,133149321.0984478,157665716.21345964,26805.955163664654,22.0,normal,25.747750316633475,23.762287157382264,21.381946050438636,21.515171166878734,22.509035901620333,23.98045310400587,25.895207323098784,29.104469471613683,32.65878619154128,36.48085622947461,40.25686091211757,44.22591410790997,47.44162523714611,50.01383370956827,51.64705548612273,51.26404061318695,51.314655884113165,50.069521222717796,47.11579745920012,44.015316661626606,40.505997234384715,36.48085622947461,32.610681254978346,28.894505979348015
arn:aws:rds:us-east-1:acct:db:db-1216,2026-04-21T00:00:00+00:00,37.86117774074391,4193.77438471453,127195811.63403626,154001004.7900105,25142.175679116226,21.0,normal,27.78973618229057,24.403702265635864,22.773057349890358,23.38361661469466,23.02240097005277,25.13125962466986,27.15749913507673,30.668873035397432,33.86685102780357,37.875050883547594,41.59580765271126,45.33867506887865,48.69559552458212,50.94033416352775,51.72189034437968,52.759985936652036,52.20921968399025,50.89062765035509,48.9244336388544,45.03969312460301,41.83232796997295,37.875050883547594,34.08734736629882,30.685229680440717
arn:aws:rds:us-east-1:acct:db:db-1217,2026-04-21T00:00:00+00:00,36.48430324093237,4179.9401243446,110084626.93609487,135297947.24474326,21832.961372970512,21.0,normal,25.727526546738307,23.380115682857813,22.730687700902017,22.124486997626697,22.340153374896527,23.739459455972778,25.428339094750946,29.27075281188613,32.84036397675581,36.53111543138088,40.24290983195507,44.136531584278,46.63249204689389,49.24868128250142,51.10620203006486,51.15450371903275,50.55985289538257,48.9925229349787,46.61133597174152,43.79420927413741,40.438287879810055,36.53111543138088,32.65741446378108,29.404217362670657
arn:aws:rds:us-east-1:acct:db:db-1218,2026-04-21T00:00:00+00:00,35.28041796286592,4216.5667020718865,122820557.81856348,144774294.15485895,24308.575623437064,23.0,normal,24.238545937339765,22.603329865665007,20.25936008289546,20.145264652805253,20.94196873464139,22.24110937408869,25.116724493340726,27.785292884635105,31.461992522021948,35.313256422325516,39.26220196683869,42.86428209528389,46.368980732891316,48.79744478546798,49.63889990787828,49.58258832570818,49.59903407353576,48.84615790002809,45.571508051975,42.952416281595994,39.05645865026125,35.313256422325516,31.299806331776697,27.47015061345661
arn:aws:rds:us-east-1:acct:db:db-1219,2026-04-21T00:00:00+00:00,40.85653807078901,4603.27811804129,99987624.77036664,119990622.02411512,19282.77767984588,23.0,normal,30.63741124425489,27.80973159878099,26.769747585386657,25.85794187481376,26.16695439406874,27.743535820374486,30.726374095888335,33.64466753658465,36.926541415199324,40.80981564611712,44.670711516610965,48.51220343974355,51.07310366167671,53.77338029227603,55.901403760811085,55.89427518943123,54.757640996772054,53.505426912338166,51.40219326210216,48.30971885571931,44.57326448086952,40.80981564611712,36.95520653663493,33.325847936364475
arn:aws:rds:us-east-1:acct:db:db-1025,2026-04-22T00:00:00+00:00,88.52134465114048,52819.1065119133,1105953019.9086485,1252848236.6766455,212977.71768693448,192.0,anomaly,77.89378685744902,74.92469272055612,74.35893652907721,73.10070674584816,74.5621255928207,75.82947063031676,78.24866008884368,80.90605560710267,84.717754791675,88.44296619686452,92.27482357333831,96.18580165119188,98.0,98.0,98.0,98.0,98.0,98.0,98.0,95.60521740458039,92.44214368064073,88.44296619686452,84.73904650620548,81.15640838096897
arn:aws:rds:us-east-1:acct:db:db-1026,2026-04-22T00:00:00+00:00,14.601450696119354,40304.64,868782221.9267045,967262551.2093139,170362.80416394884,32.0,anomaly,13.136766678228614,12.78504475737947,14.763142755981278,16.446014555899048,17.69142145650963,13.678674519112237,14.321385329027992,17.450557000678167,14.867085121047655,14.562988018443242,14.48418207054877,12.885470073620816,12.750249898103561,17.780651380202606,12.124887611973016,13.279040838481242,15.407381630850768,17.27964534160403,13.658603016190936,17.39336542306997,15.32282373584341,17.183984318540293,17.70330618861429,14.142445834799934
arn:aws:rds:us-east-1:acct:db:db-1027,2026-04-22T00:00:00+00:00,13.136920995300743,40304.64,724892352.0793675,891803908.0792168,149787.45032142755,34.0,anomaly,13.839822225627241,16.91473617640606,17.93537300433043,16.725160836754696,14.627655204120366,15.689094478508318,14.944203526143887,13.333372347385891,14.057695298680931,16.858186799194694,15.60737931739165,13.897122966474322,17.317496923514156,17.686138866944294,14.097013629559266,13.909006642197129,13.47130688026986,17.55749318575493,13.764780034027618,16.785705194307003,12.108857125083755,16.191094806324408,13.127039620876019,16.64362367459333
arn:aws:rds:us-east-1:acct:db:db-1028,2026-04-22T00:00:00+00:00,25.015434290856735,42906.54816455233,743343376.8338243,855975859.6872375,714016.452229379,32.0,benign,62.15536252533026,64.36936489996965,68.1733112123683,67.07664963164417,60.58670655439776,16.49218836382954,15.189889622259207,13.479945288481462,15.040568615597778,14.388414079392309,13.34017783437078,13.03938935846049,16.656164647587467,16.343421199129377,13.553912172936798,14.485041856637675,15.435397313947927,13.93579371978606,15.547615293314305,13.076734776174856,14.583602123620949,13.080460823914393,14.12067082305101,16.219640244359105
arn:aws:rds:us-east-1:acct:db:db-1064,2026-04-22T00:00:00+00:00,25.63094773098024,41948.823278277465,915206835.7295268,1120600141.9041815,951421.1589875927,30.0,benign,62.934999797291866,65.65470280235621,64.1459866902635,67.59402954339261,65.72789105339412,16.491296443964586,16.28315524846042,13.762032109524185,13.868719807254006,16.40410474466477,16.32488502881239,13.62771820026252,13.50130383687929,13.788622801968433,15.120253294887831,16.769936027087734,16.966100909956698,16.80166057698955,15.299278705597466,13.691154593894812,15.92668275556349,14.525656575548275,14.575550900599069,15.35702309491192
arn:aws:rds:us-east-1:acct:db:db-1065,2026-04-22T00:00:00+00:00,18.982214658316686,44180.8337562411,1033186738.3646073,10261149989.169525,218018.33666115976,41.0,benign,16.789613995374317,19.491360438787908,40.41576813371875,17.62825509652386,19.69604730731641,16.646736457849308,18.074040141926904,16.525694851820926,16.220924524556885,17.946072926491013,19.457812117045346,18.95045149142988,16.70791155221278,19.668771506532167,17.913923296918,18.973771467793576,16.64367241228493,16.306644447446843,19.051105462453233,17.268941134664537,19.976603301467186,19.20148124509171,18.975060882999145,17.04248760689483
arn:aws:rds:us-east-1:acct:db:db-1066,2026-04-22T00:00:00+00:00,18.86355261446904,43049.29233801827,1007106897.7255309,9012017186.427433,199678.3709583045,39.0,benign,19.713200151324074,18.243901772612276,40.34620895723183,17.844041236770124,16.592751276716672,19.38690759744096,17.759008192286238,17.63445588267785,16.942488492126987,17.086171428612577,17.336509883215758,19.535065755096852,17.778615025077308,16.77765543986429,16.037281035673708,18.9387018308606,16.32480113197708,17.107796428862937,17.88751790101227,17.535125368893862,18.718251435645698,19.132300914393394,19.77895820651265,18.28754740237087
arn:aws:rds:us-east-1:acct:db:db-1159,2026-04-22T00:00:00+00:00,53.792648694534385,11400.754481795786,154170630.01446584,201238673.47723296,33792.74448477077,32.0,normal,42.794269123734225,41.05396907964098,39.425165877020966,38.774010262967856,38.766810775710276,41.27770277293425,43.13985523812679,46.46959270385089,49.85926569251122,53.84222602808124,57.863598483946255,61.538371079468305,64.29671010446671,66.40229098187889,68.02919615697219,69.24427110390137,68.6135775883674,66.18691782997168,64.185109141217,61.49131219489249,57.71667808916032,53.84222602808124,49.94942362576445,46.26101870615839
arn:aws:rds:us-east-1:acct:db:db-1160,2026-04-22T00:00:00+00:00,51.333677677361656,10957.898777275897,163604580.46589607,179779984.6486856,31819.223245728015,31.0,normal,40.917711983683596,37.71369068507649,36.5770569184368,36.79117586114594,37.248385825690356,38.38113417122636,40.99472938735702,43.97930040505326,47.4498501998898,51.27379708591395,55.02666998093841,58.9160335979518,61.7367767619037,63.669140537076736,65.65935653718716,66.59341663701406,65.84122196355636,64.60845809070983,61.80086253255783,59.13425127956463,55.12670649536258,51.27379708591395,47.27173619940611,44.023004034063185
arn:aws:rds:us-east-1:acct:db:db-1161,2026-04-22T00:00:00+00:00,56.16331867190531,11353.983667707374,150589910.76857322,191562938.38364136,29343.837912093764,32.0,normal,45.87378437176477,43.320863222491305,41.55388914506748,41.13694886164156,42.364101769212105,43.149303647289145,45.12358247409304,48.7435216144623,52.39338709142572,56.21752099199047,60.03977725313446,63.50474768619676,66.64977835044358,68.95170315370194,70.09402169952854,70.72831610609816,70.68201576042348,69.43057045708045,66.52645540947401,64.04196527372396,60.275390443058065,56.21752099199047,52.339057537898924,48.561424813536796
arn:aws:rds:us-east-1:acct:db:db-1162,2026-04-22T00:00:00+00:00,53.622163473138194,11050.499986680183,184943264.80154917,228448883.4796081,36547.99923919076,32.0,normal,42.71266548630481,40.16855769409564,39.25928798877938,38.595784026289955,39.12299525113499,40.44805956861691,42.75893234358043,45.98689062712734,49.687291747946524,53.65156543165522,57.406446970110814,61.29337464686011,64.58286498299883,66.2570448507267,68.70707458815085,68.62113796632535,67.65043561240856,66.99552843277435,64.60317887635175,60.784287843871795,57.59542258852679,53.65156543165522,49.916643738603085,46.47488666042129
arn:aws:rds:us-east-1:acct:db:db-staging-orphan-01,2026-04-22T00:00:00+00:00,1.4805895346948232,26214.4,295158575.9653904,337907853.86432505,56307.503006296945,0.0,anomaly,1.9133983529815968,1.0494735334562635,1.5366685277120995,1.8242987005783642,1.4854657577987376,2.426398031730205,1.796830176847125,2.013831736005885,2.1004614666234245,1.3058515696220367,1.5271821484528876,2.156371619822438,2.1386765752016323,1.5589159807298303,1.1639207049532496,1.3095197501664717,1.8478612076031353,1.4117148772459962,1.9031129516670593,2.2881041267766786,1.4490795416960798,1.82374785869218,1.62113666757794,1.7696346234172633
arn:aws:rds:us-east-1:acct:db:db-1215,2026-04-22T00:00:00+00:00,48.77122427983249,5312.842555217087,150116241.52198842,175050823.77186522,30166.23430526654,31.0,normal,37.997914170854706,35.45127585455454,34.52286544341151,33.56867320218536,33.74688613799367,35.219813089232545,37.90611219357243,41.51853998819304,44.8861499809867,48.83659180479371,52.6786806428079,56.66103397238087,59.55721853492881,61.26414271231223,63.618105704263634,64.28121913368031,62.937501756407755,61.633277858528494,59.82652940530608,56.7084193681396,52.73042722539339,48.83659180479371,45.10204312733488,41.01936960392386
arn:aws:rds:us-east-1:acct:db:db-1216,2026-04-22T00:00:00+00:00,54.32269971636395,5782.4396456969735,152003162.53097147,186617419.78492653,31154.621845313504,33.0,normal,43.18945851658116,41.752662023606014,40.07694795508962,39.48489013574698,40.32929631442268,41.443050440149186,43.660294788296994,46.996468603541295,50.53301964680971,54.26115862982288,58.12761648609897,61.90897050086126,64.43260833925017,66.68643140254873,69.42626860077506,69.54679773713818,68.58413265706349,67.13912105308655,65.14374172500014,62.09568083285285,58.073699820376824,54.26115862982288,50.187847172499104,46.40347118129405
arn:aws:rds:us-east-1:acct:db:db-1217,2026-04-22T00:00:00+00:00,56.79530665481664,6101.741231369167,138097865.05541173,157698583.61170772,27440.12954702825,35.0,normal,46.493523828110206,43.88463423326599,41.858103808793786,42.066619980601544,41.88804878926606,44.31278666012047,46.035898640090565,49.34120176429072,53.05450618465301,56.86332722468307,60.793815452145914,64.44432885054067,67.68759277915001,69.62891651729433,71.03347681983718,71.9572380342039,70.75314352275026,70.09502489687657,67.24910420446102,64.08666772812319,60.79308158581211,56.86332722468307,52.83294705040472,49.070043935441035
arn:aws:rds:us-east-1:acct:db:db-1218,2026-04-22T00:00:00+00:00,56.83605525948761,6154.644201184748,142893190.75280398,171261322.16991997,30038.81342764173,34.0,normal,46.6435778881336,43.274481440720486,42.79761078571881,41.2920172582162,42.025526637280855,44.171089738217056,46.70139552614249,49.176661418384185,52.8439611820362,56.79568377347896,60.76151688404837,64.13610475424281,67.71209440685784,69.76129075885281,71.1907801590772,72.00145433030129,71.74586743958412,69.71029778228171,67.58141688526774,64.32086809230968,60.63803436904833,56.79568377347896,52.76157246882326,49.22633847519954
arn:aws:rds:us-east-1:acct:db:db-1219,2026-04-22T00:00:00+00:00,47.94790276727212,5359.898766269327,108197983.24740824,133120248.23347156,21447.349850297127,30.0,normal,37.85611092709107,35.41561714831253,33.06860134633783,32.71407734900184,32.81556917160225,34.835550437248074,36.87026475267252,40.411087074918576,43.977500637925374,47.969270234127606,51.95481278908497,55.62243719934479,58.695356854539455,60.4325828515405,62.93502481067512,63.170993566801336,63.0740623821602,60.44608890886023,58.278953246204566,55.66135271955062,51.8780394446224,47.969270234127606,44.08167044210459,40.61537188567675
arn:aws:rds:us-east-1:acct:db:db-1025,2026-04-23T00:00:00+00:00,81.43795761701813,49087.173193035014,972080414.7950782,1179290690.24983,194450.73399786014,162.0,anomaly,70.59144193017488,68.89725600117741,67.5412206484682,65.77347155268316,66.56250171962195,68.65581756386177,70.66157077621534,74.17190329551929,77.48900984340752,81.41203713145151,85.23590315489568,89.11133966490017,91.55765296538728,93.84370943221342,96.38369457543006,96.14841588755333,96.47943128439475,94.75329233366783,92.37997683331201,88.60857259525969,85.44655831936585,81.41203713145151,77.35242850392878,74.04173966409385
arn:aws:rds:us-east-1:acct:db:db-1026,2026-04-23T00:00:00+00:00,14.014076837549862,41287.67999999999,750439763.8195853,916470637.2528894,144756.57052147674,25.0,anomaly,16.03324639739102,14.569780771582352,17.449215580797,14.02668061080194,16.294895125393477,15.75815686351468,15.302229882518123,14.97634037700866,16.198097114195463,13.860976348855056,15.859731275452596,15.709373494561778,13.442035938021956,12.241491956646952,12.989714628245542,17.451074984402485,12.390625063927018,17.18976503674304,14.788588574118387,14.487404829024948,14.228400900261343,12.420578004413306,16.426192853032475,16.810173354761144
arn:aws:rds:us-east-1:acct:db:db-1027,2026-04-23T00:00:00+00:00,15.268454648569284,41287.67999999999,704100607.6600739,808337832.008808,135040.82015824193,27.0,anomaly,13.737452193753885,17.403971848423794,15.203431893509315,13.896217510072944,12.699207614411879,16.057168111480077,15.151998260455098,14.879244850328222,15.470382980374012,13.705653136889874,16.014905596656753,13.937168286978158,12.77663906156073,16.063460224621537,12.781925250915698,15.56029816495342,12.055741155135104,16.77766057246485,14.780942964933192,14.587703329571468,13.565209817519179,16.07481975044555,13.155125677716478,13.521634460440918
arn:aws:rds:us-east-1:acct:db:db-1028,2026-04-23T00:00:00+00:00,25.159037812313198,39778.458604534164,746898256.535621,818958398.0538781,715150.1233900094,31.0,benign,61.77550205161746,66.89023511481764,65.15575695042574,63.68742738727883,67.33265713310551,14.924179532871932,16.721267951856117,13.68271318470808,14.908363014261642,13.882419104520823,14.133801572616814,14.228022404526046,15.98116832122295,15.451146475464327,14.45012107095681,14.923006753920394,13.652354775887437,14.12774270589182,16.489551858383976,15.900873758597967,13.268678627834667,13.61182273408864,14.535853477171697,14.10224153348948
arn:aws:rds:us-east-1:acct:db:db-1064,2026-04-23T00:00:00+00:00,25.19363588658013,37937.307125386695,923053107.9995134,1058527785.92382,859432.2118284466,27.0,benign,68.94709933385046,67.23407411133672,60.89886736274724,66.83934852005778,62.713627295655556,13.482168907001771,15.116430688120184,13.743679901918062,13.014218798848272,14.223356162267633,14.244112427517848,15.283594096395365,14.54764974887766,14.053744532832484,14.435551027363372,13.053943396400237,13.736347555790818,16.513031976523962,14.474437073741283,16.475562762324962,15.701336461121699,16.469007636694535,13.5797994814186,15.866272019116636
arn:aws:rds:us-east-1:acct:db:db-1065,2026-04-23T00:00:00+00:00,18.9628397970763,35464.115541876214,876264076.826388,8429964390.415308,183632.45967549112,33.0,benign,19.06445389336674,17.38543726055098,41.12224636710129,17.568251529541218,17.43464699324263,18.89739026347588,18.219181912636753,18.998345006152356,18.954895154811837,16.203447527812166,17.420235606132884,19.02866989603501,18.652258456290383,18.986565553130426,18.506916694001095,19.9119986626812,17.842245373094254,19.732620922759057,16.909320235232418,16.313846866138643,16.629022081058427,16.476686358265866,16.641656397162887,18.207816119156828
arn:aws:rds:us-east-1:acct:db:db-1066,2026-04-23T00:00:00+00:00,18.8533034456109,37667.32756481902,917111462.5274603,8499855773.582426,171912.11840287986,35.0,benign,19.67590581631277,16.01114380260515,41.85508748020984,16.483397307784028,19.938342737878354,17.488670894328468,19.099552598911636,16.018226157449206,18.21034563587406,19.063613032627767,17.2075096494744,17.55580885781412,18.832225943901058,17.306788772126126,17.08494265488688,17.3807904329583,18.64317984188526,16.667975521023276,16.83990612728683,17.932941396929284,17.294887210667802,17.917313835365164,19.88238955965811,18.088337426703703
arn:aws:rds:us-east-1:acct:db:db-1159,2026-04-23T00:00:00+00:00,44.1820588055316,9190.907332270452,151322061.85856688,178582903.96831676,27639.603230064116,26.0,normal,33.90517239774556,31.15339956678426,29.87417725104673,29.311669563725665,29.988849087906733,30.9586282570341,33.92929164474152,36.4831508988924,40.08591526293381,44.08095093624403,47.87990830452453,51.20632341302562,54.73679166698973,57.63950523519558,58.86193457332984,59.7773185991367,58.473697351109834,56.72444576608863,54.460959162224306,51.737139287819225,47.844970516682785,44.08095093624403,40.389771165820505,36.7844904875122
arn:aws:rds:us-east-1:acct:db:db-1160,2026-04-23T00:00:00+00:00,49.879111187447236,10319.394474591547,158362003.8186737,179229952.4347134,31784.28085287897,29.0,normal,39.67269594164319,36.237206064438666,35.958459949646944,35.29249685988984,34.98632136974988,36.26144103543062,39.33782121480398,42.6801508210688,46.13332223953697,49.82230168213479,53.89014009173939,57.19538245777718,60.63200670668843,62.71174324777185,64.638250447896,64.81994715461553,64.06557909261217,63.37374569960429,59.993437379451166,57.65983589211261,53.8923059865319,49.82230168213479,45.75035316893394,42.271422312520876
arn:aws:rds:us-east-1:acct:db:db-1161,2026-04-23T00:00:00+00:00,50.63543202476281,10278.297830163354,137491072.24089777,178150060.59816238,27013.032144081735,28.0,normal,39.66981438531153,37.027564011581916,36.67861414187577,35.944816583817875,36.60458375361331,37.734941145580784,40.454844834593914,42.71372344622405,46.58105629150209,50.549159172199445,54.25288293061222,57.913170188022434,60.90355043900761,64.02869389241042,65.44994386429805,66.26261933242515,64.53265093960343,63.13748076909977,61.665078614832595,58.36644321431864,54.39769547789666,50.549159172199445,46.53934641493785,43.292535578342566
arn:aws:rds:us-east-1:acct:db:db-1162,2026-04-23T00:00:00+00:00,53.732144702856246,10596.542802140153,188970576.17994192,222057215.12596434,37497.127991488276,31.0,normal,43.3838689717933,40.91606948711469,39.51088955250914,38.45084797932569,39.29352949848006,41.0224863088725,42.66146064549117,45.83892536650236,49.73779153469525,53.644832134730464,57.641657196815125,60.93424708814883,64.43881184023431,66.60254256455642,68.39622554895364,69.11329355119854,68.67871688006774,66.9928190364528,64.09950171793352,61.42672872260863,57.434731208855226,53.644832134730464,49.839601935385325,45.867061963094876
arn:aws:rds:us-east-1:acct:db:db-staging-orphan-01,2026-04-23T00:00:00+00:00,2.2477211097821272,26214.4,291094560.5746458,348744129.5638262,56398.21698785719,1.0,anomaly,1.811194859836773,2.4484022384153374,1.4097027567190497,1.3278379553830568,1.0590246004479817,1.475335542708711,1.873387399103184,1.7103844338109746,1.642985110714908,2.0475892017401227,1.7572353300187298,1.8123653533015196,1.5911899314812652,2.317292820703378,1.9424901896543543,1.5278549819708127,2.039154833512341,1.7129749259357967,1.42245947206799,2.09012683469059,1.022872764059626,1.447813099141919,1.0621064530578803,1.9397754413291963
arn:aws:rds:us-east-1:acct:db:db-1215,2026-04-23T00:00:00+00:00,45.71663255254922,4884.473914811774,147474763.07947925,175400327.06035984,29567.87715154814,28.0,normal,34.763693512583515,32.36068928701691,31.5708645295421,31.155327236497182,31.44932613293456,32.96305141177771,35.10455104707192,38.1162821744555,41.705217233015915,45.725256180498235,49.57126327882385,53.30236716300328,56.195892825442286,58.59003989428738,60.48233214589147,60.273836008905526,59.6832571440192,58.89713134439418,56.156340929628925,53.446750430949,49.60810082653441,45.725256180498235,41.95851339322299,38.39384095018693
arn:aws:rds:us-east-1:acct:db:db-1216,2026-04-23T00:00:00+00:00,47.29327444347327,5117.073951655136,145620128.4724193,171557124.89907566,28911.568601174025,27.0,normal,36.435483231446256,34.54245746383223,32.492338908055814,31.66914982174026,33.541288003055335,34.16188755670399,36.602754053285,39.573300672416096,43.574268007040864,47.34188228334326,51.35698234026784,55.02575410432087,57.94705831891079,59.89985083700207,61.8286256440006,61.852644727042396,62.03962084072557,60.831323693203885,57.81472388883439,54.9076272649832,51.11121900544765,47.34188228334326,43.298588045955405,39.84787564840152
arn:aws:rds:us-east-1:acct:db:db-1217,2026-04-23T00:00:00+00:00,51.4988617151259,5580.567670424943,131433627.60266946,160250589.86168784,26943.80298423686,29.0,normal,40.64039975141289,38.66120662670657,36.68985039349409,37.196746465022876,36.94401743355186,38.12919385823794,40.43797316464469,43.998581211638005,47.783088747414105,51.52195554751941,55.28758761875005,58.71323343839379,62.479795686367794,64.01693867265261,65.56635832456922,66.46200064815142,66.36477298131774,64.47778368611206,62.26333100786897,59.2339174444384,55.4991502983515,51.52195554751941,47.73768701790264,44.34515559098352
arn:aws:rds:us-east-1:acct:db:db-1218,2026-04-23T00:00:00+00:00,47.19755539501795,5326.364973447418,134363900.97445858,155825708.8954213,25416.146561151065,28.0,normal,36.53900017370078,34.51641528419523,32.91470993271606,32.79300086287202,32.212195128701296,33.76508625101764,36.72166101373875,39.8028684999448,43.18526614575276,47.24687584259713,51.05209763235681,54.51065280957162,57.66297233055531,60.61019052697532,61.876406519613646,61.54684351681658,61.2154741566643,59.595486891814375,58.17305265354579,55.00655644084067,51.198088726098575,47.24687584259713,43.26187502440164,40.087677273342685
arn:aws:rds:us-east-1:acct:db:db-1219,2026-04-23T00:00:00+00:00,48.778172910778224,5273.761029316743,104118721.34006926,131867601.34904449,22117.6431424635,29.0,normal,37.64242489946907,36.34223349982852,34.64403396790998,34.16783688695542,33.80216698324838,36.10484800194523,37.993355537504364,41.052869505043645,44.718686365097554,48.7195711911558,52.59045973385291,55.854582880490355,58.79847706477034,61.4312407540561,63.53300527733493,64.4013663526102,63.7503193258891,61.87502190435712,59.74750119954703,56.536874851216865,52.72571389315652,48.7195711911558,44.64398843476583,40.8800001573163
arn:aws:rds:us-east-1:acct:db:db-1025,2026-04-24T00:00:00+00:00,81.80144182460374,49185.56948555593,989637453.0435249,1198193217.5641067,201658.6641733551,174.0,anomaly,71.58734066494594,68.24581685538305,66.59061671263603,66.38845725551799,67.47244578279597,68.58238421842807,71.31059772070881,74.41946742967392,78.05280430580234,81.78384925730771,85.60349571080056,89.59425181239747,92.58526955465871,94.68024891327445,96.30380693352762,96.8330777474389,96.96874233910825,94.8980521779597,92.03885796901133,89.60472895660212,85.70402508434802,81.78384925730771,77.77421231856128,74.42820481229387
arn:aws:rds:us-east-1:acct:db:db-1026,2026-04-24T00:00:00+00:00,15.9027903964327,42270.72,770621644.4775119,942306744.9287864,152838.69893368357,27.0,anomaly,13.251160411006193,13.498974498862005,14.147546738394237,17.280530263492857,15.379211993310332,17.829492257314993,16.511923489098713,16.84277970105851,16.153804973650644,15.456957185302159,13.493558981861641,16.64671383115494,14.625271751183245,15.924978203530426,12.949712180784767,16.476997929043662,12.433782203682963,16.987219586956332,17.101832653705365,14.109631597586512,15.989751021468269,13.226723867297602,13.317967776000234,12.879194317118174
arn:aws:rds:us-east-1:acct:db:db-1027,2026-04-24T00:00:00+00:00,15.490387998747535,42270.72,696111770.055176,831311906.194308,148809.3762912789,30.0,anomaly,15.894007369711446,14.442794915772492,12.837122929487698,14.676093677480448,17.19337664113458,15.094408233066849,12.63311770317204,15.956972628703,16.659792798224792,16.79768956794426,16.419014041679866,15.208584853468192,15.53214641048687,13.381406525866696,14.483699336777617,16.386321820514254,13.977892202732892,12.672929546627648,13.188116595710751,17.5358078827599,14.675884569112918,17.25692981882086,16.245645976199853,17.094157497189816
arn:aws:rds:us-east-1:acct:db:db-1028,2026-04-24T00:00:00+00:00,25.5060887477953,40539.65037319257,687128579.1560155,909032603.0844601,699414.1583267855,31.0,benign,61.98155975778434,63.878310121971005,63.87796701548521,68.1198278878918,61.863633676019816,16.250334527546272,15.21227638457717,16.909947371509066,13.176151605279005,15.80933376620391,14.724705752410497,15.517099142802978,13.477985935955449,15.688488331097426,15.61950213638102,14.47766552015906,16.991070460128118,14.353090073462543,14.33841998814545,16.31016306695208,14.388761578859468,16.982339650361013,16.604830827581697,15.592665368522741
arn:aws:rds:us-east-1:acct:db:db-1064,2026-04-24T00:00:00+00:00,24.87634287386175,41872.81517975467,934113623.964092,1074251119.1788213,960305.9663095594,29.0,benign,60.93025077946089,64.42908647124719,68.22116221409333,64.95909552064411,62.61822592014843,14.764249149744176,15.308280117074705,15.53908776849694,14.509375379876198,13.286895612190124,14.285334036412321,14.881276171424455,15.527670734533922,13.236774319151763,13.163514075047688,13.026107462189437,15.82926084766006,13.347481476043228,15.210003339338186,14.754891151996542,13.649508299662203,14.82997353698834,14.414007033902845,16.31071755535496
arn:aws:rds:us-east-1:acct:db:db-1065,2026-04-24T00:00:00+00:00,18.90733175583129,40116.3446509422,959819621.0450401,9489632804.89527,193144.12354020125,38.0,benign,17.672811785167934,19.670521186657965,43.89356837477113,18.701520487216246,17.162920172318987,16.007354916134815,16.329276523086808,18.388141253371238,17.989834881206185,19.18440153666711,18.88814945620989,16.493137610283014,19.75120088601821,16.433497503096,18.327036278330702,19.134658753692037,16.5031318008056,19.020842192997442,17.30713958495594,16.41098468755218,16.832447983302263,19.109741556961716,17.497627948211004,17.066014780936563
arn:aws:rds:us-east-1:acct:db:db-1066,2026-04-24T00:00:00+00:00,19.406798810280083,38663.32267420959,883133987.5804505,8736779059.95405,179301.3448857417,38.0,benign,16.970655572780956,19.577145007520414,40.013680710650924,19.81883860902927,19.041293234454553,19.901119653957235,17.969380788500015,18.202824971399437,16.3957978268366,19.647706291821212,17.18971294716757,19.776657583945813,18.29725559894818,16.744371612083242,19.124549193458975,19.51371428276997,18.860191145913397,16.914014228871093,19.833196039342486,17.772070268192707,19.509584081228542,18.69228748549838,18.667798097598,17.329326214753042
arn:aws:rds:us-east-1:acct:db:db-1159,2026-04-24T00:00:00+00:00,50.42889628931456,10772.96643153011,149492004.01013902,178893328.48025334,29467.129302029687,31.0,normal,39.7760340721844,36.95367792894476,35.32065978743059,36.1311357527977,36.133507977814766,37.986393860027825,39.881926225981026,43.05114565398951,46.43588562103482,50.38764011655052,54.45126323977999,58.15531280745023,61.021940140964105,63.886909904593985,64.33716580023021,64.84551992532857,65.25546118808721,62.92165205118283,61.06536713152101,57.81134607757987,54.36947965981781,50.38764011655052,46.54843574702999,43.17801015667691
arn:aws:rds:us-east-1:acct:db:db-1160,2026-04-24T00:00:00+00:00,48.73851252841584,10058.803503064059,148850641.59565395,185279615.0688106,29229.151750490968,29.0,normal,37.98203475166084,35.987251257252225,34.94385523877217,33.365039974291754,34.12036705184277,35.774671711970555,38.02436510555764,41.11522505286936,44.98632497543726,48.716876279295015,52.65160773333883,56.17615421702654,59.144563305439796,61.40172149404996,63.66691226570402,63.460907976799405,63.84169732142275,61.31493362135754,59.654311391182084,56.34261949634519,52.51396376042186,48.716876279295015,44.701688886920046,41.12033153372749
arn:aws:rds:us-east-1:acct:db:db-1161,2026-04-24T00:00:00+00:00,49.443653148322085,10374.955846263781,146630556.1073093,169553610.83536977,27591.591016897622,30.0,normal,38.355952474443164,36.92816375091053,35.26838682801071,34.04060399107623,35.302820224225954,36.534468651727416,39.1318935111812,41.99213472115267,45.62502037329916,49.40140092853353,53.3000183024564,57.07034541902249,59.63112376684939,62.16638667135782,63.83596772992722,64.2743957223799,63.972875185398685,62.195598124182474,60.23798156438781,57.227187835142495,53.367066392834516,49.40140092853353,45.431931598425685,41.954550864271035
arn:aws:rds:us-east-1:acct:db:db-1162,2026-04-24T00:00:00+00:00,52.40447333668711,11068.50450822051,187244532.9218858,218064736.54881498,38395.23467821258,32.0,normal,41.91211715858925,39.98182076425146,37.91864634191171,38.034109760171866,37.76164452453448,39.60400019574964,42.14157254646069,44.582543312341144,48.41939678631661,52.38200885437647,56.24703920942001,59.68001302364073,62.49486319467894,65.55465512602396,66.65617976359036,67.03323633559124,66.44267482381927,65.52983386917325,63.44755519947913,59.827849895271285,56.13934133744492,52.38200885437647,48.55544599320789,44.97880321006981
arn:aws:rds:us-east-1:acct:db:db-staging-orphan-01,2026-04-24T00:00:00+00:00,1.779447983896532,26214.4,271253629.5046043,323878886.8902723,54182.40340650973,1.0,anomaly,1.1522446834433047,1.8097495554495961,1.3129015420377148,1.2605833663326833,1.5434855286382234,1.6232555186763875,2.456351523795451,1.6038476640717447,1.6475693081467409,1.9450892216070548,2.0079434640920537,1.619498557397469,2.079106734452971,1.6071848557135255,1.8584269747807973,1.5832527269244236,2.1108693838331094,2.1574783678628657,1.4092291750045927,1.0222864495104096,1.7526538888145728,1.4788407249993183,1.9597605117531673,1.344271874219579
arn:aws:rds:us-east-1:acct:db:db-1215,2026-04-24T00:00:00+00:00,46.84105443234254,5059.857064826944,150132778.47628635,177225760.47277972,29688.193601255003,28.0,normal,36.262712911930635,34.29939453301408,32.06074902322205,31.593455745441464,32.815632546458076,34.30914827503051,36.37671781304755,39.16884825268812,43.19714378404283,46.907651098401374,50.820326487108076,54.0418809935456,57.22494757043884,59.61772590261581,61.663837814575956,61.83290971297734,60.68428122129592,59.385393689782454,57.569986568510984,54.10748076908685,50.800444467987205,46.907651098401374,42.88190114461743,39.655084952000415
arn:aws:rds:us-east-1:acct:db:db-1216,2026-04-24T00:00:00+00:00,48.235900014203274,5279.809839479427,152602001.05276808,179826023.51430666,30367.04516455947,31.0,normal,37.813056032461795,34.75705410611533,34.13906810566585,33.70529085811444,33.12292241841179,34.79452896127049,37.41176875083962,40.681562838599014,44.278718031574556,48.234980038097675,52.105380655287426,55.902115797119734,58.81214458845513,61.391268583414934,63.34338469506664,63.17376414942036,62.9707352091513,61.53170293840354,58.39015008920798,55.515073181945,52.14764243327006,48.234980038097675,44.51105655909847,40.69325128179001
arn:aws:rds:us-east-1:acct:db:db-1217,2026-04-24T00:00:00+00:00,51.03252926676764,5487.240129567061,133951580.68212433,147540483.96939063,26591.784137055605,31.0,normal,40.462929057081126,38.092921778914636,36.219509347306825,36.349720696277444,36.320362607439456,37.91605541903232,40.56860856559789,43.61768909433318,47.0785047882592,50.93973307684805,54.874626540426526,58.710681174788775,61.623651298914126,64.2683054613723,65.71452827305296,66.35947618020526,65.31938045459111,64.15709489999598,61.42496817251524,58.4705246130443,54.980690499843085,50.93973307684805,47.16549185466869,43.20551547106694
arn:aws:rds:us-east-1:acct:db:db-1218,2026-04-24T00:00:00+00:00,46.95217567206886,5238.772037118227,134642478.1751994,165165230.5593914,26561.15258890552,29.0,normal,36.59249665052591,34.33925976041515,33.067195109696044,31.356275213499472,32.611433761781456,33.4907758477348,36.27728808698392,39.16695749530515,43.28619929006616,47.036887316198346,51.09763539385973,54.71595029996721,57.61141181270552,59.78092149559515,61.23637976343678,61.385380509310586,61.05944940801252,60.40629553002366,57.513892295577634,54.538989219885714,50.743049203236204,47.036887316198346,42.98464032790003,39.51656502173711
arn:aws:rds:us-east-1:acct:db:db-1219,2026-04-24T00:00:00+00:00,47.496092080557766,5453.53684680412,112263771.21425064,137888137.90194276,21159.79711807158,29.0,normal,36.7759777931951,34.745779905186566,32.56516922478918,33.10945437556567,33.28502898716935,34.98478097510739,36.9591274245932,40.03007005963398,43.43862382720239,47.44774207162177,51.48305885434993,54.947208517554394,58.02968075723277,59.84557469709873,62.43157777229026,61.952267522101224,61.221600347085406,60.79229646542563,58.34472203825573,55.19361749473622,51.36049993365653,47.44774207162177,43.52282647484266,39.99178234307045
arn:aws:rds:us-east-1:acct:db:db-1025,2026-04-25T00:00:00+00:00,58.15396398948128,32768.315938161686,804637365.3004986,999654876.224927,154103.5534347439,150.0,anomaly,50.53280102674876,48.388414658480706,47.42258320905782,46.637011203536865,47.002294316728104,47.96476532154601,50.05369892912788,52.48865008951755,55.40089337497851,58.18596344587816,61.00294453736065,64.04469262419936,66.0810240387322,67.8509025101805,69.18795500642499,69.5662287628931,69.3210180376154,68.05643474237638,65.76419386096472,63.88411180730591,61.067244912847855,58.18596344587816,55.130007788430305,52.475338096740614
arn:aws:rds:us-east-1:acct:db:db-1026,2026-04-25T00:00:00+00:00,16.47162694998585,43253.759999999995,623426677.0011494,734060645.5428435,122827.12341846174,15.0,anomaly,16.298478830696432,12.145097675531089,16.443744137852327,17.893147501988338,16.473071105965936,17.1221259416072,14.133820161842504,15.935822814823407,16.128493365553624,13.17075910641415,15.77289020811953,14.938417097487221,13.060308100294472,15.859582581282359,14.605806080699356,13.181375616236469,17.505002017576203,13.457836545933763,17.870219615666684,15.849253670809258,16.762217198598435,15.278788539108698,12.643333401673473,15.889302791178615
arn:aws:rds:us-east-1:acct:db:db-1027,2026-04-25T00:00:00+00:00,14.564890672052783,43253.759999999995,543701095.2632029,695538506.842087,108201.59953454154,18.0,anomaly,14.78193067080176,17.056411582552137,12.258384397640077,17.804398414538152,13.853906078032376,17.84669944328102,16.017158925023214,16.26640653746216,14.452825879677654,16.322871106755628,15.222356922469872,13.273915103848095,16.526820761496403,14.049522709005034,12.901479438896859,12.655263926239407,16.227453702988644,14.503774249528103,16.71506067891801,14.67264798817627,16.595058942052194,12.188815529672551,12.889614508942584,14.806194720714688
arn:aws:rds:us-east-1:acct:db:db-1028,2026-04-25T00:00:00+00:00,25.238513885839115,24159.45211085222,569350682.5384456,634117729.2129132,547733.7611823338,14.0,benign,64.18643328492115,61.74455397868982,69.0358155518604,64.08590824434133,68.60214603793646,13.56198293768139,13.096823795825102,16.946477207090265,13.427152707016809,15.300020349463571,13.171448718839754,13.90886315829604,15.902955176628797,13.822372537901181,13.276697601425687,16.622911061976133,14.167675319033943,15.014584093178607,13.650998705551592,15.342777876973072,15.461098998416881,13.56368807976411,16.754309299399093,15.076638537927566
arn:aws:rds:us-east-1:acct:db:db-1064,2026-04-25T00:00:00+00:00,25.754499714781968,25487.34393901343,712961095.6925933,875830888.7742093,711136.1006817583,17.0,benign,65.05364438836702,65.88810354128482,63.78743969641589,66.17978938414477,64.70134146151615,15.700558491683505,16.087526725233097,16.707059011165704,14.981419792111152,13.294628343307183,15.796657529881557,16.44901859240049,13.172960353734307,16.893183786854255,14.062838313336014,16.06413736595055,14.494271448754208,15.87154754241449,15.318505488875893,15.588007849946035,15.711086631041377,16.168162391115775,13.775570644674549,16.360534380558356
arn:aws:rds:us-east-1:acct:db:db-1065,2026-04-25T00:00:00+00:00,19.099522520229172,27851.31116395485,756849377.5546228,7163253690.739151,157581.73483673405,25.0,benign,16.486313219096953,18.905887333295986,44.77286713652247,16.875013031809722,17.47502898258301,16.80560927972691,16.808291276347557,19.192470973781067,16.246817729640448,16.31583699774442,18.38846348123489,19.34608119876251,19.947266243437703,16.533337048723023,16.87512172426631,19.837286385765722,17.79628348241007,19.81695875493164,17.953702033433142,18.574227552887034,19.034660705972694,18.035826298387164,17.59351589968092,18.77167371505869
arn:aws:rds:us-east-1:acct:db:db-1066,2026-04-25T00:00:00+00:00,18.967244851323816,26587.144713175807,749317101.3017238,6901859395.910306,152218.46865314932,25.0,benign,18.499002691732723,17.99664097836314,42.000113856081214,16.17040353007532,18.099683689830695,18.942731812792314,18.613918149323393,17.15093958026375,16.15603436387254,17.44932406444802,19.09779124702678,18.16644283317742,17.41445136250896,18.330218062568104,18.136467404295207,19.451330048194983,18.39619315703374,19.32319584703219,17.701791536853356,16.873975494686253,17.654664510973763,16.37396546841291,19.82707454821447,17.387522194010355
arn:aws:rds:us-east-1:acct:db:db-1159,2026-04-25T00:00:00+00:00,22.601965414495837,6844.723299064627,122439754.19034015,138690834.29952428,23875.871915364994,17.0,normal,14.584010793231158,13.052079040207484,11.752991046731939,11.279746051490765,12.098871444006829,12.990329625330816,14.350640543740017,17.091592949676542,19.562785896681994,22.577497387625026,25.62286224497576,27.979093411947414,30.17047465947208,32.51493761675431,33.64722648276594,34.161628771134644,33.39714274455351,31.89373266573917,30.34007674164607,28.447245309733947,25.584073655852773,22.577497387625026,19.737458476432014,17.033175000544862
arn:aws:rds:us-east-1:acct:db:db-1160,2026-04-25T00:00:00+00:00,21.034015393769565,6484.20439085337,117669779.15281673,138615100.96321648,22521.456818843013,15.0,normal,12.811985471520975,11.600793660982532,10.211376829582864,10.07879929186576,10.723040831963116,11.7618401319925,12.986146737260558,15.488996804288995,18.028651333693126,21.051354929323267,24.03262242408868,26.682326997955556,28.848859154324856,30.77898089982188,32.13510979851549,32.005593802033545,31.776902642353654,30.354162699011816,28.66668559264853,26.491701559815283,23.933905050106468,21.051354929323267,18.038861434384984,15.276316443611858
arn:aws:rds:us-east-1:acct:db:db-1161,2026-04-25T00:00:00+00:00,23.627801699943625,7285.157826372823,107811896.25650275,137433927.66641697,21602.02014026584,16.0,normal,15.911926010791676,13.862792872478314,12.444663343064969,12.8282811029478,12.459170482418813,13.505311881917045,15.455830016875238,18.008169154321997,20.594504722669665,23.62178689024044,26.44816940934162,29.421078159451625,31.63400314921298,33.4638838267162,34.993642455962636,35.32300808668015,33.96851581354846,33.81229150507588,31.655399301916198,28.969133386418243,26.396667879802013,23.62178689024044,20.61109769012609,18.056126766428566
arn:aws:rds:us-east-1:acct:db:db-1162,2026-04-25T00:00:00+00:00,18.258658924976835,6183.893602458596,128933633.77649428,152128393.1673031,27310.96667165542,14.0,normal,10.360597030833684,9.035307865721798,7.033442625228055,6.49202192062403,7.1099956655689365,8.453738181073904,10.456245480110674,12.891418835826823,15.351077309349565,18.297198366302723,21.081163512860492,24.086749939568357,26.076062434631083,27.661531630463443,29.65605962908201,29.844343901731477,29.350916120042072,27.680334559248255,26.3237346436818,23.65079142033336,21.118751415886663,18.297198366302723,15.319164536886676,12.57996880808544
arn:aws:rds:us-east-1:acct:db:db-staging-orphan-01,2026-04-25T00:00:00+00:00,2.4670473117789573,26214.4,282182344.5841693,344887643.731666,58278.43416623199,1.0,anomaly,2.365970480150118,2.1393860341038073,1.8248021103574734,2.183893801124243,2.238002714903944,1.1478916585463117,1.2912259113323197,1.1978999824180492,2.005604343240892,1.0644502610547113,1.1468105362837968,1.96357879578091,1.642851882456278,2.0613496811153196,1.854601522110467,1.9919665856756084,2.0368211087627373,1.3360228562589742,2.4852737639455356,1.6721510382788856,2.2709874589285555,2.464173639814408,2.124108629592311,1.4486862619744736
arn:aws:rds:us-east-1:acct:db:db-1215,2026-04-25T00:00:00+00:00,22.192790775534604,3623.102998502892,118841545.63375852,139756379.89457697,22627.060013317285,17.0,normal,14.489767478635954,12.692198069083783,11.019353156631926,11.00827790440648,11.393793830365034,12.289194120809714,14.12441851670431,16.625655385091083,19.15797291501821,22.112683800315125,24.985675593364604,27.943785742445097,30.256439496601384,32.02084935600345,33.410466890531104,33.75103349979218,32.44541842328941,32.18240883530144,30.005569501899384,27.586498421938312,25.08009284213765,22.112683800315125,19.245246274598326,16.6874947575514
arn:aws:rds:us-east-1:acct:db:db-1216,2026-04-25T00:00:00+00:00,18.8879985913176,3435.266249462054,111153986.53493905,143495014.30376568,21705.571528238885,15.0,normal,10.809228011481808,8.850805838528334,8.053036609382008,7.603227898196895,7.5108695250826605,9.285119389500347,11.159324798880789,13.053514863163882,15.885213863868971,18.91033184252899,21.842077080376388,24.294391929201677,27.02348315574716,28.50741396204756,30.264061607354655,29.598223721427843,29.828737535265027,29.139484038599605,27.15920791250901,24.37786530839089,21.9581909451085,18.91033184252899,15.857181558680013,13.430642953770391
arn:aws:rds:us-east-1:acct:db:db-1217,2026-04-25T00:00:00+00:00,18.849536606055555,3223.03656519511,98116048.36789238,111957444.26254217,19437.18327408617,14.0,normal,10.981217155239342,8.779006318674146,7.771997804176419,7.530397782963865,7.741436274649885,8.848604538201563,11.241949061226924,13.044159476043939,15.899810936322282,18.834013718341208,21.704066683211625,24.241667929370443,26.958337506805478,28.855933772555215,29.881701463884223,29.70787934601421,30.236406696133592,29.05010647569558,27.050591148344303,24.282081714937853,21.659080740127838,18.834013718341208,15.900755940024217,13.353662344047896
arn:aws:rds:us-east-1:acct:db:db-1218,2026-04-25T00:00:00+00:00,22.2253566473412,3637.3930879021664,109366913.5304595,132915420.98280707,20872.003521606588,18.0,normal,14.135640471707761,12.91268646479266,11.644278171489411,10.83069039757924,11.763775889581538,12.374587171421721,13.944425473525271,16.652974114914212,19.38787842849943,22.1769971479465,25.202960652169935,27.946312745004693,30.2267914391418,31.676975729952783,32.86963277972862,33.55045227886096,32.883766119517574,32.002722161095136,30.059747089170198,28.046877660084206,25.105856043599832,22.1769971479465,19.384867982485627,16.45066597597322
arn:aws:rds:us-east-1:acct:db:db-1219,2026-04-25T00:00:00+00:00,19.235788666840946,3331.504593025717,81324008.99386474,95894558.022638,16988.305188604125,14.0,normal,11.489518538465413,9.24816722830475,8.426672013808645,8.119388233052028,8.232915949150792,9.569175620757653,11.523249096970858,13.378570794156381,16.224269553579166,19.266861748975575,22.321023624696124,24.96991614111024,27.261461434505932,29.33776984047922,30.150133134822568,30.194759590929873,30.104990040487355,28.52284312963379,27.05660343923197,24.74957587074884,22.182666591937117,19.266861748975575,16.365276050954417,13.696258588448439
arn:aws:rds:us-east-1:acct:db:db-1025,2026-04-26T00:00:00+00:00,59.66315659020836,36604.663812823295,843067106.5907326,956180934.8193067,163943.83791944123,150.0,anomaly,51.74140784379102,49.56232640478861,48.72371601037555,47.94532443956369,48.32569460505961,50.414332635842136,51.9921354581393,53.98313870369485,56.73402226814208,59.685957742728185,62.625846472389576,65.12978868219903,67.95176932092919,69.167895249409,70.50112934363993,71.14211447104154,70.74091628546729,69.26579988829701,67.85646198337594,65.33999456722763,62.526958826766815,59.685957742728185,56.7367968075584,54.136272411845994
arn:aws:rds:us-east-1:acct:db:db-1026,2026-04-26T00:00:00+00:00,16.346870642697336,44236.8,626301882.2717988,750423341.9839189,126718.05311237727,20.0,anomaly,12.629852326680304,16.021451788272685,15.975626341288926,14.190842267198883,16.888427022233568,13.529126775371878,17.844585585234714,15.521452400524748,12.871903696554288,16.122106546471805,12.122323149801975,15.772691351410824,12.44965047454015,16.63936356529278,17.564516846239503,16.188539454459118,14.150525111147857,14.212209212035058,13.483563742420209,15.757272875888795,15.319054335280168,14.266886890048925,16.733273040248655,15.902029433423971
arn:aws:rds:us-east-1:acct:db:db-1027,2026-04-26T00:00:00+00:00,14.99159107144245,44236.8,591301623.8879985,710066450.3017724,119392.82561488175,20.0,anomaly,13.54076856773507,16.07275081356041,12.807714715483314,14.494399454635342,12.532530915781894,15.975910059420126,15.548690500083927,15.51540855847832,17.839522992772764,13.350866431125787,14.954423538210976,14.112043746207597,15.103276107628648,16.5288003230469,16.762744835716283,13.42452389074252,17.33212728779932,14.316338942465432,15.44736658198866,14.602364720779596,16.70286047007346,14.343777109397816,17.54431408937321,15.662798959026725
arn:aws:rds:us-east-1:acct:db:db-1028,2026-04-26T00:00:00+00:00,25.235254565041874,30269.466336222034,630488913.0977695,732235546.1252799,637517.1987985065,20.0,benign,60.65028068137878,69.65278899084099,66.90058702229281,60.60678910026307,68.3517482185382,14.43486449302207,14.937505654160251,16.387315019865955,16.141937573003297,15.058821706161066,13.702239053064092,14.58315615191729,13.389568156396209,13.631912813781945,15.268277794475319,14.649766628374024,13.046920325631985,16.57410695139457,16.49440162257363,16.538308364327712,13.249893919650239,13.10336515848899,14.066118291887985,14.22543586951455
arn:aws:rds:us-east-1:acct:db:db-1064,2026-04-26T00:00:00+00:00,25.095942668324486,30851.855916767738,796634045.1987193,901084550.1475079,801342.9415788803,20.0,benign,62.672437676076214,68.37458624872353,62.94599310649158,65.91754207653254,60.54365310515074,13.747759366199524,13.397158296726712,16.85710952173697,15.962225047912256,16.372028110461542,16.380817777499875,16.85832389077264,15.531715229461176,13.935869127143865,13.024325003829691,16.603576396096614,15.550064367012308,13.119277869636495,13.91106505796914,15.539207955008042,13.201310650207027,13.624344132298285,13.762686388525143,14.469547638315829
arn:aws:rds:us-east-1:acct:db:db-1065,2026-04-26T00:00:00+00:00,19.424117476908346,27708.566741996987,828029231.6108254,7590626836.924381,150820.82934426362,26.0,benign,18.748516905532526,16.301843181396762,49.80829183698699,17.635425056546254,16.516976791653107,17.59752968483266,18.591284232052615,16.582460109736918,18.72419269979229,16.238751792160265,16.236372488786735,17.734364357445905,19.16817669635767,16.58763763687585,18.564119911638056,17.254718006019303,19.784118574032952,19.52292021290695,19.667665897550993,18.62460166782963,19.93148412425452,17.34000707146064,19.321204623391303,19.696155886559428
arn:aws:rds:us-east-1:acct:db:db-1066,2026-04-26T00:00:00+00:00,19.176520767002216,31178.165350495005,791840572.3488785,7852204332.9954405,162580.9167988791,30.0,benign,16.28821529315416,18.706149833566585,43.977145194701805,18.09629577160486,18.127997871130134,18.495946556516973,19.503809415231906,18.768323763932127,19.56571167328048,17.337174474023527,18.22050911653936,19.227909811468425,18.84029542063582,17.065852465931734,16.593186590663684,19.810005390339338,16.988580948781642,19.593352254930736,17.038673138017103,16.452150973609506,19.648020604176928,18.19493994145152,17.08835703483314,16.60789486953174
arn:aws:rds:us-east-1:acct:db:db-1159,2026-04-26T00:00:00+00:00,24.116736898983962,7057.5189455938435,120740697.33632322,157044315.3200688,24289.778647836378,20.0,normal,15.857839797984226,14.781985029208878,12.830366865486642,12.924346895411503,13.397490427087499,14.712722789661592,16.14953861909511,18.480627450031285,21.14230964777813,24.070364423543616,27.03726270715216,29.80645153541736,31.74017304251031,34.04987517951434,34.932752096276666,35.79200956937396,35.248551944400894,33.745864674669285,32.08653999549123,29.73467385608719,26.9061748426792,24.070364423543616,21.095003701120554,18.208396062089875
arn:aws:rds:us-east-1:acct:db:db-1160,2026-04-26T00:00:00+00:00,26.707263679583555,8146.353421408964,131399573.67747205,154019086.0465255,26705.244240083324,22.0,normal,19.05748603551576,17.057548085856176,15.808013575829172,15.923577451571337,15.35269405605521,17.28370893167138,18.95469507766313,21.030646989217377,23.811705989597368,26.74239931102861,29.575447275674723,32.36216514621376,34.30138721180819,36.53560263948422,37.98468840298178,37.99358115397209,37.12376919005016,36.2083390305828,34.34275866508703,32.22552974162059,29.63770412187213,26.74239931102861,23.746438210359074,21.172042705264694
arn:aws:rds:us-east-1:acct:db:db-1161,2026-04-26T00:00:00+00:00,27.365416625026455,8237.81567579573,127094653.69230191,146258542.32894757,24675.980507069948,22.0,normal,19.683525026101265,17.642440769715797,16.289222300252057,16.288419054426278,16.216115362849894,18.052085867465273,19.037174802252625,21.8664763929696,24.401188671438643,27.309218899587986,30.077851341214423,33.043757776694,35.4654104285358,36.56683804596676,38.280579791569764,38.20665038410773,38.55034719493316,37.194562899255,35.5606657800114,33.12682592666391,30.26702561709156,27.309218899587986,24.448179651012993,21.88621811693087
arn:aws:rds:us-east-1:acct:db:db-1162,2026-04-26T00:00:00+00:00,25.49759066103409,7608.198694952079,141570393.8844263,178521346.9877836,29273.1088743794,19.0,normal,17.362840294778525,15.858850396192315,14.813558939025537,13.863447069380163,14.84278227628218,15.55693923543096,17.281438055878397,19.76644827465289,22.609424281630673,25.53521491144255,28.431129741290505,31.21616493566831,33.71487324328657,35.261077413478645,36.60376918265262,36.963144448280744,36.78198803370398,34.82013357997271,33.198591377261245,31.318869915848705,28.362853578676248,25.53521491144255,22.53658536438291,19.706836404178215
arn:aws:rds:us-east-1:acct:db:db-staging-orphan-01,2026-04-26T00:00:00+00:00,1.1717295719476437,26214.4,279743418.48432124,319655025.6959111,52177.91030915909,1.0,anomaly,1.05731701464387,1.9022700573595264,1.7595418190226821,1.205364142081021,1.5331013039828343,2.119982134219655,2.410025004246718,2.0899335162100257,2.0445067983344964,2.3853217436567142,1.4445534962192297,1.7413140656154384,1.1202498642214285,1.798368434386931,1.9951034934193328,1.269772253511899,2.148845741110343,2.2919127056915114,2.245384049923195,1.7873757723266412,1.4361687942519903,1.6432216821679633,2.1615368192669138,1.7635634672743397
arn:aws:rds:us-east-1:acct:db:db-1215,2026-04-26T00:00:00+00:00,28.447721498937984,4259.544794352355,129176245.48210098,154657105.50118148,25307.655549577106,21.0,normal,20.21313395714989,19.201945767751504,17.126846720956614,17.507861285559283,17.100031778009516,18.44152763899316,20.35874660383834,22.991095842937796,25.635870204984677,28.475346829757783,31.498562405290862,33.93741798058361,36.76734574070733,38.565694133502,39.06670896122879,39.45476811030165,39.75847488137229,38.121351930768945,36.26821866158712,33.94190317273329,31.404246900971334,28.475346829757783,25.55959612901456,22.87327350675348
arn:aws:rds:us-east-1:acct:db:db-1216,2026-04-26T00:00:00+00:00,24.678857963827525,4021.674127511797,124470948.76008889,151783970.3228719,24594.117011321414,20.0,normal,17.061230252035216,14.519034449723877,14.037780417339984,13.92767428170093,13.766866430633504,14.427070100763816,16.964845181280054,19.070561779948584,21.570140293026828,24.623580764728146,27.57839496071758,30.471972355352733,32.83160776346158,34.40249247902613,34.9479555317335,36.29981217673437,35.63748165330298,34.481074722134856,32.548071885925346,30.234967176900497,27.435783171504923,24.623580764728146,21.809041992861463,19.02157054629553
arn:aws:rds:us-east-1:acct:db:db-1217,2026-04-26T00:00:00+00:00,28.25343015723478,4124.599319827321,111010041.19186158,128234165.92446229,21831.814133391967,21.0,normal,20.14334106163784,18.48817956999835,17.250250409380524,17.27970444810603,17.609208690391707,18.46363225877233,20.52134632167204,22.543766755601037,25.38564623833467,28.22101330204731,31.178501583466883,33.891041332801066,36.22071271609644,38.36363729450762,38.79314343807935,39.4436237459201,38.59226583756033,38.29133962891493,36.431032290853615,33.87122062783049,31.207345950505037,28.22101330204731,25.33632864137859,22.335028327731045
arn:aws:rds:us-east-1:acct:db:db-1218,2026-04-26T00:00:00+00:00,29.573938798319297,4251.167655441085,122052242.84849638,143678162.95922282,22322.703718997534,22.0,normal,21.286648164972483,19.74618989730015,18.434230206757952,18.433476025035567,19.265899372646214,20.130065487204092,21.707174720613832,23.84663627194351,26.790429024121476,29.602737795166068,32.58327635456202,35.004073566711284,37.21454418169359,39.112394211225606,40.29132280575575,40.366100195429155,41.00979619973152,39.47065199495452,37.84701952162047,35.174545828895916,32.526231072130265,29.602737795166068,26.60415212318239,23.72419834284325
arn:aws:rds:us-east-1:acct:db:db-1219,2026-04-26T00:00:00+00:00,22.897388195276886,3608.104481534775,88181101.51964547,106055134.33797891,17926.22426299427,17.0,normal,15.226194579637873,13.001470934600444,11.732551972091805,12.019645604550536,11.69228387653396,13.354633235472903,14.651793712313598,17.418965557807457,20.06493258451014,22.916433286807145,25.811743270296393,28.392163221686527,31.08893926933894,32.782418547025856,33.49654096194992,34.23187803668887,33.508796318388804,32.77756436074777,30.89653988821623,28.474053982358715,25.947673518585493,22.916433286807145,20.05126958733536,17.082397092893356
arn:aws:rds:us-east-1:acct:db:db-1025,2026-04-27T00:00:00+00:00,80.80523217960433,46048.29240368375,1018337604.8000937,1226953639.7473369,195759.13315770417,156.0,anomaly,70.65881050206792,68.07849183559911,66.52297443658298,66.258981709947,65.60775566405478,68.3337376164678,70.27257170314942,73.24600064876563,76.73141267134372,80.80106105579895,84.69065675472876,88.6659892329834,91.31717950835342,93.64876274702911,95.8239113605664,95.17193185226564,94.9322408892483,93.88831284600866,91.18941363444983,88.13277504544772,84.55403462329876,80.80106105579895,76.73853739990871,73.25896751663902
arn:aws:rds:us-east-1:acct:db:db-1026,2026-04-27T00:00:00+00:00,13.264681282694589,45219.84,768663825.2298166,953257398.9656421,163023.6535887838,30.0,anomaly,13.835097475383062,17.42065660196008,16.96988445459129,12.64225618350798,13.35882553085287,12.488927087299068,16.016474908956276,14.219810060386376,12.667070982402038,17.23130841539789,16.49731167007516,17.697122717820477,15.5442842069382,12.691826581464397,14.586490597487913,13.804183670547456,14.163222155253848,13.217560500180221,14.702151946403063,13.936657981445702,16.571867114088082,16.512333977793308,15.308587373443585,17.15524174168234
arn:aws:rds:us-east-1:acct:db:db-1027,2026-04-27T00:00:00+00:00,15.586642208998366,45219.84,677565496.6717805,863839425.0726011,137448.0659520673,29.0,anomaly,13.023516279189842,16.056512651986342,16.403925343111066,15.38955678841667,12.917463879342549,15.007805409688,16.43303797629505,12.153262387951793,13.119016322053792,17.17922346085955,17.937959993094942,16.157035813871904,12.603214777428931,17.53051775571133,17.774931371339946,15.595712815142177,12.948158248028129,15.159759071094204,17.7173053582486,16.630832563964766,15.36655605873207,12.236033696096202,17.23909810090785,13.368563863823073
arn:aws:rds:us-east-1:acct:db:db-1028,2026-04-27T00:00:00+00:00,25.22454122413139,38934.15136233045,674873569.8885351,835978004.2159802,732152.4671374582,27.0,benign,65.92709485634035,65.04725648308377,61.52144825332951,61.05823015573304,67.23761012769897,16.22428006943187,15.159160963951386,15.24947057985473,16.08087589718628,15.200602019755092,14.76967302499759,14.346583639065964,16.652555026482926,14.440813995961452,15.219342479721876,14.740456151007717,16.445495179718915,14.006049034618968,13.272719819301038,15.762454174061936,13.779649841948483,13.019699993550667,16.600779338231774,13.626688274118948
arn:aws:rds:us-east-1:acct:db:db-1064,2026-04-27T00:00:00+00:00,25.87805812604121,38570.9185786539,868863443.1449263,1082288279.3227754,879706.0160017775,28.0,benign,67.49984592803928,67.04885163919889,63.34077195379802,67.14077604347706,64.40475902651126,16.04999084496167,14.332366890052093,16.265056188475754,13.650438158010532,16.12789434230513,14.940871918584454,13.959922994613198,15.892843759438769,16.817985859359336,16.466921221946702,14.109850641627657,15.553103317066604,15.25466236590286,14.065903782810205,15.665683084207492,15.435878045831407,16.98083761355703,14.488105135348851,15.580074269864898
arn:aws:rds:us-east-1:acct:db:db-1065,2026-04-27T00:00:00+00:00,18.86199401473432,34904.04847619901,949005293.3911072,8556249479.816356,182511.57966487115,34.0,benign,18.05231773664047,16.033424451217737,44.32130590516789,17.739225620896907,16.318330525618364,19.165367930281235,19.600218992395916,16.067452240078346,18.321909834512855,17.724943339888377,17.22289601273107,17.76968823000756,19.649712808014144,16.25464128623272,17.73332992930116,16.992764053300224,16.693985132803654,17.962807916446938,19.309767523011327,19.102207668981638,18.936015154901174,19.1536702908097,16.267125514698208,16.294748255686176
arn:aws:rds:us-east-1:acct:db:db-1066,2026-04-27T00:00:00+00:00,19.23743677688789,38617.44638084166,908184085.620091,8663908765.861364,185257.8560659061,38.0,benign,16.324452705731062,18.626417908051383,44.88037108222295,16.299310218633845,18.257678141609528,16.664610867742418,18.944783420787125,16.598550794386725,18.92136890228219,18.34139228238185,18.63670211672182,17.13743673617968,18.339026062132962,19.7746615633396,16.971694266007106,19.05952634882938,19.758381202346357,16.007233376047793,18.735152737193445,18.285501000005446,19.443965356274994,17.166974789552228,19.756372596560663,18.76691817028878
arn:aws:rds:us-east-1:acct:db:db-1159,2026-04-27T00:00:00+00:00,43.89249151431812,9363.846654027468,144456517.61150518,177904269.92541167,27513.079072219112,27.0,normal,33.479425427426065,30.392154145100303,29.246761824156543,29.013603689202323,29.20240190978821,30.679157299323652,32.95142079025091,36.32854474075833,39.958637996988344,43.933923767392464,47.85094388442361,51.73360625202396,54.599437924257586,56.7371761354254,58.766817929391244,59.37127055642236,58.53352468701998,56.78205659945375,54.61721810846505,51.11477183496731,47.86306137687864,43.933923767392464,40.143569214840554,36.186386482285855
arn:aws:rds:us-east-1:acct:db:db-1160,2026-04-27T00:00:00+00:00,48.14090147280124,10260.759613712866,155123420.08631504,171469031.57024267,29118.874479554535,29.0,normal,37.26047245991906,35.305234825760145,33.93883344882946,33.636860498836576,34.07973106994834,35.795794246095994,37.493158123527216,40.9480003664072,44.12397317308258,48.16267533078628,52.057166356585576,55.47215279368175,58.492203017648016,60.90998647483343,62.03083821698426,62.56500747360174,62.32274274276765,61.28727376267649,58.92302251596422,55.656736136028826,52.20344336026412,48.16267533078628,44.221030666047604,40.332622956166894
arn:aws:rds:us-east-1:acct:db:db-1161,2026-04-27T00:00:00+00:00,44.92956759234916,9465.782506887683,128876893.78418306,165096892.8016773,26970.400943996705,26.0,normal,34.538341683567054,31.45415725891064,30.597738537484965,29.56994710979403,30.759686090418477,31.3500964482,34.66329767708978,37.05396989744223,41.140151230054585,44.91993864272452,48.97853486956215,52.09087255288905,55.54325964087959,57.49655348653135,59.55841283513142,60.195996908395806,60.09651859100339,57.62710793398252,56.00906060519578,52.48726890931312,48.651453430999275,44.91993864272452,41.151607205853715,37.4557120282319
arn:aws:rds:us-east-1:acct:db:db-1162,2026-04-27T00:00:00+00:00,47.33026317371839,10119.164021183075,174331855.82592064,219798271.15294293,36748.01494554791,29.0,normal,37.13818023134893,34.895930877970024,32.92395930696505,32.45719045645538,32.52747267567043,34.87839384103465,36.73441377633581,40.03293594628202,43.29719305360172,47.2432836307662,50.976953109371586,55.08478629255041,57.68154402564658,60.851656192002324,61.187382260793036,61.78008734078866,61.8310642551004,59.71096822230218,58.17679987095076,55.06390827988216,51.25959629815505,47.2432836307662,43.28722951434967,39.66210308015235
arn:aws:rds:us-east-1:acct:db:db-staging-orphan-01,2026-04-27T00:00:00+00:00,1.6514236658311734,26214.4,293547529.69638747,351031529.80660975,59894.05950918293,1.0,anomaly,1.6984330949388968,1.6406662732669606,2.307814722095281,1.542793519899623,2.307529711121274,1.5499606665171743,1.5703142064001736,1.8585168256061233,1.7670722189675114,2.3075700674032156,2.17943511560355,1.4690033987126678,2.3509912612685566,1.9734685526484634,1.2147736912667075,2.39179957866751,1.166226151500044,1.166649365354583,2.402567458575246,1.0138389096928568,2.0702022112920666,1.169115060144312,1.9214906293816625,2.0620117520292283
arn:aws:rds:us-east-1:acct:db:db-1215,2026-04-27T00:00:00+00:00,43.478576755997054,4816.573633735928,144420086.1709921,168106653.10540602,28534.862382270338,26.0,normal,33.12097398880783,30.034068144277946,28.841189581078908,29.023557830131253,29.470794372826226,30.536227702615726,33.15113530106273,36.044654301543524,39.757152816969985,43.479725569966355,47.48259906495713,50.92902852172966,53.71758130648526,56.277574654140196,57.3979198523341,58.47422522116272,58.18603655228056,56.149355320457275,53.77646587403237,50.9278628983778,47.29729236249872,43.479725569966355,39.588568850323846,36.3421264859029
arn:aws:rds:us-east-1:acct:db:db-1216,2026-04-27T00:00:00+00:00,49.73459863449418,5407.666667906872,142048061.35467106,177527155.62057555,30887.198117599928,29.0,normal,39.65585216317519,37.176355101107795,34.99910322733634,34.20061378196485,34.62697347808462,37.28813846833036,39.36906401998972,42.53641481587504,45.82875505692637,49.73712628738752,53.440149315450945,56.92508204463158,60.441828825917,62.2454126385956,63.98455351322458,64.97911629312846,64.53574521661461,63.029282667627974,60.063797281973045,57.22773290212098,53.640399533901245,49.73712628738752,45.90740472299169,42.05433958411735
arn:aws:rds:us-east-1:acct:db:db-1217,2026-04-27T00:00:00+00:00,45.77794694966992,5097.819433994956,128300419.18077748,143862237.22774196,23768.48356947841,27.0,normal,34.95736172229157,32.536680544376395,30.841061060789475,31.109228069792813,30.611889392694426,32.57636150252584,35.30630535923368,38.63135990352111,42.049498710412585,45.78833143150553,49.69985219728141,53.23150289297419,56.5942176252496,58.37786793588545,60.097727226741554,61.32482045527957,60.00321981982186,59.1794859356975,56.69230772703702,53.37592277323646,49.77339355924116,45.78833143150553,42.070627364630404,38.05337215035303
arn:aws:rds:us-east-1:acct:db:db-1218,2026-04-27T00:00:00+00:00,50.48591066721893,5627.521414117196,138990309.85223207,160568577.85552266,27493.417758132455,31.0,normal,40.45082267739265,37.91550718286105,35.374670290321475,35.2700627372923,36.35854025703479,37.47384971329189,39.77421827021944,42.713678001772216,46.64892670285398,50.541953989573436,54.4515080862925,58.02281282387401,60.73288939652468,63.20914194389374,65.17232266115121,65.61400117773199,65.67155157943556,62.98968382594675,61.15698081303785,57.704861922110894,54.37408325979976,50.541953989573436,46.58852609574117,42.9093086155277
arn:aws:rds:us-east-1:acct:db:db-1219,2026-04-27T00:00:00+00:00,44.846004258408776,5091.942157413563,102622627.39701387,126005274.71654122,21637.56465882802,27.0,normal,34.8168195505657,31.488376427260985,30.09595828665076,29.821967657041153,30.571263352633174,32.54216972639587,34.77537359180326,37.6558682553846,41.18850932498726,44.905999735629976,48.77904049458138,52.03751743198523,55.86758524210281,57.26011699174552,58.715818141174864,59.16890599220946,59.40915332779662,57.967152203404495,54.990350467661315,52.39320996370455,48.740166766911905,44.905999735629976,40.879695980778564,37.327083553771345
arn:aws:rds:us-east-1:acct:db:db-1025,2026-04-28T00:00:00+00:00,90.79808928035396,54006.226631967176,1035113474.2587272,1334906362.3027527,221514.14486557484,192.0,anomaly,79.87079227730776,78.1802965718897,76.67489687070119,76.17115143889603,76.50852339398939,77.84144196057932,80.06813571111842,83.0689709690048,86.88994299852025,90.81078426473796,94.56906140229918,98.0,98.0,98.0,98.0,98.0,98.0,98.0,98.0,97.95537726916865,94.64718956574781,90.81078426473796,86.87313676049311,83.43172447738522
arn:aws:rds:us-east-1:acct:db:db-1026,2026-04-28T00:00:00+00:00,14.14883675349159,46202.88,902245880.0378429,1025826570.0911342,177297.81623278925,33.0,anomaly,14.68042355172921,12.277609611991338,14.69496825899876,17.732597822347493,17.975315247117727,12.575081218058763,13.19599180606728,14.228602455322363,14.67085771468787,12.364680640861826,16.67609890913328,17.49744501835811,13.055511743829713,17.61912231143362,16.468554617327815,13.021460653725404,12.367553252753716,13.032775886897399,13.872972932561751,17.12136028101506,16.777547638848816,12.071695693547651,17.43152519765628,15.864693329509345
arn:aws:rds:us-east-1:acct:db:db-1027,2026-04-28T00:00:00+00:00,15.21764516370515,46202.88,705798564.5711557,836823049.1847646,140707.80892568303,33.0,anomaly,17.121640821126995,13.550276682313873,15.517886163309276,12.637196633371735,12.494636640823517,16.928096814817657,12.0616134172859,13.242572696408233,12.871089791794615,16.35791366566126,17.66219662472542,17.076402834422673,12.998995079563876,13.079938747673472,14.339974960825018,14.14404575883544,14.511229983903696,17.283966495867567,16.912079561819745,13.716399824892616,17.855755370178784,16.848043125287994,13.25411356490722,12.8685409898547
arn:aws:rds:us-east-1:acct:db:db-1028,2026-04-28T00:00:00+00:00,25.20639374417259,42498.050092310245,774671723.048232,933408520.8372164,769202.7124128356,31.0,benign,69.35715179528708,65.19522612762384,64.87784866263699,64.43017992319696,64.46721091330332,15.551132714635918,15.581871882130114,13.162979554358596,13.783382729577614,14.275692063698362,14.525561761425273,16.223587035719028,13.527863977883026,15.405042468180245,14.395200412941929,15.528513988820738,16.05765933752217,14.322029392886547,14.777967676917642,14.680577624246649,13.291417225782522,13.07636126500905,13.049912424891556,15.409078901467048
arn:aws:rds:us-east-1:acct:db:db-1064,2026-04-28T00:00:00+00:00,25.05435353470244,40900.49355822,950280046.6902149,1111308730.365428,920168.6518065493,30.0,benign,65.01019602620936,64.22667858606131,67.00132437336873,67.52121245590544,63.14453889762801,15.499134614627772,14.522801512304882,13.702665113341366,15.327444069104734,13.929355076354257,13.92059131351948,14.952151525285139,13.389199392058213,15.4357154450319,14.709533923663049,15.347208773790717,13.552096359333623,16.367002919431158,13.341089837486745,15.233028475404982,13.861471167632764,13.18435057853124,14.156846724683641,13.968847672100054
arn:aws:rds:us-east-1:acct:db:db-1065,2026-04-28T00:00:00+00:00,19.246689450858597,40704.46821673428,974166912.4790492,9627549711.194092,198415.75217894145,39.0,benign,19.644084777077182,17.026347651463677,42.319643723890906,17.99201409797083,17.772031920481663,19.92891377943767,18.533216684395978,17.04061379400589,17.251344251840955,17.63388305605107,16.1176716008461,19.860719203002525,16.3574673636154,18.27558307571735,19.865343471216462,18.884062469853337,18.08866195581424,19.771806938945545,19.47289640560152,16.088500269143516,17.3214419359771,19.38766569435926,17.586756159091316,19.699876540806876
arn:aws:rds:us-east-1:acct:db:db-1066,2026-04-28T00:00:00+00:00,19.073130030112257,45055.12877704478,952096173.9249655,9127172286.801634,195412.63674999814,40.0,benign,16.302146837803402,19.061089855852714,44.53072635395662,19.274403258356198,19.067174706432194,19.62406668659916,18.24448485405268,16.334401179282274,18.898351659309228,16.559100010315497,19.08429026503492,16.03618205955898,17.517352851345702,18.77573835568416,19.150329658612257,18.399127987352976,19.089686021527633,16.199789356636973,17.896281995078265,18.319473276673662,17.002717435315407,18.816882461381883,16.180706064366554,17.390617532164814
arn:aws:rds:us-east-1:acct:db:db-1159,2026-04-28T00:00:00+00:00,52.97717064171146,10911.880198233106,163534076.4310154,194000821.49763757,33413.03729717765,32.0,normal,42.06312659639862,40.23577228192803,39.19616456584152,37.942450662949184,38.57244243727298,39.73675670979472,42.05490794137717,45.83681305835506,49.249367071088415,53.06924841150833,57.08215270863102,60.208132796542856,63.50303929707064,65.71772886741849,66.91446904140818,67.67285636137285,67.11392921903071,66.15237466266133,63.98506975050363,60.572474106089004,56.92248549195812,53.06924841150833,49.13246160665712,45.44862334370883
arn:aws:rds:us-east-1:acct:db:db-1160,2026-04-28T00:00:00+00:00,54.59418739712404,11199.416649829374,164180264.7282181,187563886.8365456,32200.059547475383,31.0,normal,43.64400722339957,41.93208110217298,40.5020023551093,39.630987788923775,40.537974034613875,42.04612984974545,43.76578353829162,46.76039941776509,50.66995873877762,54.59413773481722,58.55975298914,62.27696585390041,64.92861082962642,66.97251588841138,69.50208576441123,69.51050091853119,68.90867416204313,67.00833699876178,65.08232927902347,62.020671444000634,58.540692003471136,54.59413773481722,50.853772699707,47.4179891815155
arn:aws:rds:us-east-1:acct:db:db-1161,2026-04-28T00:00:00+00:00,51.068151941075556,10275.61876626927,142960816.66653016,173541009.17628026,29192.805543587165,31.0,normal,40.37025673469311,37.57925709633724,36.60739060957256,36.24887107251125,36.88014454421451,38.49114949635754,40.65756756044194,43.460864829550445,47.13583040946276,50.97162646234485,54.86639954428968,58.143304957901385,61.14352011390969,63.40885819506529,66.0828387492709,66.47512341601843,65.8801748851199,64.31321605281335,61.69258397192305,58.55944273104526,54.98810664568844,50.97162646234485,46.94253933642945,43.764952708507415
arn:aws:rds:us-east-1:acct:db:db-1162,2026-04-28T00:00:00+00:00,56.499241204841866,11138.461923159046,184282066.68682185,223167024.33139598,36353.15693614497,35.0,normal,45.91121977701036,43.6945395574651,42.086628227405626,41.44271318629515,41.44502857666585,43.52707900227382,45.624490108558746,49.20211473353196,52.63926321837499,56.53561353642241,60.48783149588087,64.27305958354066,66.78583710854822,69.28925034456344,71.67021675971066,71.0465150017453,71.4640904080945,69.41235133829343,66.63345962097188,64.03775852538243,60.54614775772886,56.53561353642241,52.465379810430356,49.22558770088783
arn:aws:rds:us-east-1:acct:db:db-staging-orphan-01,2026-04-28T00:00:00+00:00,2.4130175825173135,26214.4,253433923.29953882,310641288.4510328,53933.709723584565,0.0,anomaly,1.030992931701303,1.790700453152061,2.3757162725956715,1.2602289403157847,1.834543719900143,1.2456643142665984,1.546796674242165,2.138365801780945,1.9165201647857075,1.4622831149065072,1.3456544087567819,1.1257439322533107,1.1497788426254203,1.3348509781096518,2.3955316711067693,1.3064600290557784,2.4208752723613607,1.283075408642698,1.5103679726572454,1.0888546698763943,2.015658820375177,1.7731799720342831,2.1021214301263016,1.1798296535759736
arn:aws:rds:us-east-1:acct:db:db-1215,2026-04-28T00:00:00+00:00,53.32424893805485,5897.917077272791,157298126.67071846,191530132.88802212,31505.602684591926,33.0,normal,42.701582067420276,40.33907170564574,39.284881741933845,37.95063349528955,38.64981546310508,40.274802451611066,43.09528591218549,45.60500068060226,49.658484035446556,53.37234239146396,57.196364222339454,60.66875496984369,63.63444531705571,66.45528319652345,67.19207351177536,67.9982759885094,68.10723261930255,66.77978797647573,63.80846336494453,60.61627764296635,57.38243184554398,53.37234239146396,49.41647081292115,46.221870708947165
arn:aws:rds:us-east-1:acct:db:db-1216,2026-04-28T00:00:00+00:00,57.137040762277195,5952.078509848835,160886561.43887904,187597944.84956115,32071.008849822672,34.0,normal,46.788931303532074,44.38154504966081,42.9805045129138,41.82205982461161,42.30662122698242,43.64878084243865,46.64096803392191,49.78483077151357,53.302934249348496,57.13446056329812,60.97595987378191,64.54265424270784,67.74927072241698,69.77704686463173,71.45237036788589,72.52138840494212,71.7659605610452,70.66895216677081,67.5406447152158,64.629024610649,60.97690014839922,57.13446056329812,53.18565098811728,49.57705768656918
arn:aws:rds:us-east-1:acct:db:db-1217,2026-04-28T00:00:00+00:00,58.711620912309,6294.1124727369715,136834027.7552128,165282434.18789846,26475.138858846178,36.0,normal,47.807339794530655,45.88778940392591,43.76070786437602,44.00881393013823,44.3715927430004,45.13995773590146,48.01146476625816,51.13210426712209,55.04592962422668,58.742650776689025,62.61720094633173,66.18679397977691,69.6464838719072,72.20860728480791,72.53564070838581,73.7397720285152,73.17047716539228,71.76337752613777,69.23272660428049,66.14993577388888,62.76016047365236,58.742650776689025,55.03267361286722,51.384050236614875
arn:aws:rds:us-east-1:acct:db:db-1218,2026-04-28T00:00:00+00:00,53.84052385538077,5570.929438982181,139044342.43279934,156835336.34072042,27564.2273951718,32.0,normal,43.256532030226296,40.27241142165714,39.18804913186839,38.79590873095695,39.88939656656109,40.371191822749225,43.5399811915319,46.54232320806618,49.76104732532237,53.826191449864396,57.72405196233541,61.06576553286345,64.80257406728421,67.05490983449064,68.54217540598081,68.59695524215006,68.4808444056027,67.34519495605237,64.3880574098248,61.08690669113574,57.750616522622025,53.826191449864396,50.084013138049094,45.98128303207887
arn:aws:rds:us-east-1:acct:db:db-1219,2026-04-28T00:00:00+00:00,50.1098479549972,5407.665516906132,112210938.81811199,131714658.01013212,22939.174564481946,30.0,normal,39.31884542989581,37.77524178915721,35.46717428797125,35.323899741316026,34.91462578900959,37.73774621927054,39.383056365454024,42.61202318746904,46.17470602508085,50.122255466786825,54.057572559203216,57.8219308812725,61.1592360210723,63.036575243884876,64.69677010049438,64.73131022697805,64.01804235098002,63.65973385618862,60.310694539723514,57.47799915780629,53.9646749671313,50.122255466786825,46.32266395381979,42.427317293179975
arn:aws:rds:us-east-1:acct:db:db-1025,2026-04-29T00:00:00+00:00,86.06524565892332,51686.57802178281,1101700681.001348,1312755579.171282,204912.85472037792,186.0,anomaly,75.54684485184617,72.6593774255033,71.12120211956918,70.38631011548387,72.05129104451069,73.6720530398882,75.11794344824739,78.6654220236994,82.21620493336576,86.06406873599599,89.95386041461117,93.41473274115702,96.21899460684659,98.0,98.0,98.0,98.0,98.0,96.209031244284,93.28614617894175,90.08579378197192,86.06406873599599,82.31501949106341,78.40089238756696
arn:aws:rds:us-east-1:acct:db:db-1026,2026-04-29T00:00:00+00:00,13.983307436070378,47185.92,767412564.6700553,998531934.9870526,168661.5124055086,30.0,anomaly,13.825232451271848,13.479520876666276,14.99283011946805,17.834432178243002,12.750198955548116,13.343034704394778,14.528405872957153,12.823573127357776,13.205427841965706,16.453058719065005,17.54475475823139,15.597106010251284,13.797427415109276,16.97718973394119,12.76344647421735,14.066088024887057,13.671345547213255,13.233606892345081,15.603838236944224,15.247139889449446,17.340608920324033,13.451118921296898,12.432471614840853,12.358067837454826
arn:aws:rds:us-east-1:acct:db:db-1027,2026-04-29T00:00:00+00:00,14.551858604279102,47185.92,768298713.0291151,856640245.9439785,146995.09995789544,32.0,anomaly,17.19718380960395,16.68206492107999,16.73459382102981,15.677399950740178,16.663536461571496,14.687478033063506,16.776393305567513,13.696488472023944,12.86986354186376,14.09847609569892,15.69778416484646,17.640423710971724,14.69861314638514,14.226443695636625,13.962371006168137,17.510123975743962,15.187799840507626,12.06955891222495,17.700016468772613,16.267990753740172,14.198521316920917,12.370310003502087,13.435783842528721,15.770883496679133
arn:aws:rds:us-east-1:acct:db:db-1028,2026-04-29T00:00:00+00:00,25.601626622128094,39391.39153400416,705578871.8233252,864241028.5074944,682729.0671991191,31.0,benign,62.54581820506973,67.76149569992351,69.76167029164728,63.871383797890104,62.2256185908511,13.197740952373602,16.35970993638828,16.03159199446378,14.454794770921037,14.448157084704285,14.965172394760646,14.815883414185745,16.163976207214283,16.666730475984565,15.627286293239383,14.411699929573613,16.05525535318335,15.138243600049396,14.826194235000566,16.067020293959246,15.42955330732537,13.745279079997783,13.580873914901261,16.287889107466412
arn:aws:rds:us-east-1:acct:db:db-1064,2026-04-29T00:00:00+00:00,25.18719251693189,44781.55072496415,966468841.4960026,1208330874.2276144,950965.1508826156,35.0,benign,62.96181237837824,61.172576505575144,64.07236475207357,62.84672881430142,69.10294006722025,13.63918893226756,16.55052441395816,13.047372156049162,16.79147275829897,13.3349399070984,14.853867868416653,16.516992195798302,15.516874219065617,13.274188549849079,15.288393703160308,14.82286223863869,15.102492087402478,13.105424672598442,16.352118586907384,13.507369142665137,16.550487722081378,15.141936561845522,16.62564027751299,14.314051895202606
arn:aws:rds:us-east-1:acct:db:db-1065,2026-04-29T00:00:00+00:00,19.418496572587518,42664.41211597417,1087992442.102311,10000826850.237444,199518.99411990275,41.0,benign,17.28989189645343,19.840196257535034,45.225277679521795,17.469718423745345,19.401022875606806,16.862262148603968,19.905065082722057,18.66331954442692,18.99617038969064,17.78853142688238,16.432821726923617,19.61651657275918,17.950821091865592,17.754014092316737,17.599678834671515,17.97043321184466,18.663664020533446,19.306057990767506,17.04304930457808,16.547200901614993,17.19277324510696,19.818175958724446,19.222739001147083,19.48451606405826
arn:aws:rds:us-east-1:acct:db:db-1066,2026-04-29T00:00:00+00:00,19.024121972994887,44391.19657976538,1011386146.236172,10131555722.126375,196932.98912446195,42.0,benign,16.361439996285167,18.59440587882971,42.258873926689034,17.376087552401753,17.25614432959277,17.65546315664935,16.281283197593698,17.061753570631623,16.55176004666684,19.483742711644844,19.996971589155336,18.432069002410216,19.25364583400856,19.309565928750363,17.895254344240364,17.519681116414105,19.356637372414305,19.192721266022378,17.477562398906702,16.36278927671864,19.008454407620718,18.48749343270299,17.10660776484811,18.29851925067974
arn:aws:rds:us-east-1:acct:db:db-1159,2026-04-29T00:00:00+00:00,50.94522917521848,10983.623631124115,159064399.41996866,184937960.82014608,31891.4612560104,30.0,normal,39.984814521904795,37.469895882195374,37.23830622989749,35.88047063277492,36.02232084082571,37.579686250836026,40.49331267314279,43.51747666848086,47.25566993815439,51.08358066036664,55.059252227259165,58.76192994740402,61.314193453525355,63.44461116446211,65.11647931234654,65.55719899899586,65.1027207627773,64.67681982901996,61.334080575153855,58.8747877807381,55.03223933530957,51.08358066036664,47.04750357087586,43.75456828843005
arn:aws:rds:us-east-1:acct:db:db-1160,2026-04-29T00:00:00+00:00,50.77842805965599,11031.695599134555,163177869.26461947,183676984.39041272,32732.85088154137,30.0,normal,40.52132027088215,37.15444034298194,36.83568650238933,35.05942909414264,36.643982371497614,37.92316549310927,40.50049891698737,43.203050192453546,46.74366687330237,50.729537361226406,54.56589297812852,57.95803664053885,60.96424116699386,64.20280145858614,65.79638485609874,65.44256311267887,65.69699766602471,63.843119423014,61.383774405801816,58.246845026423294,54.669688198042834,50.729537361226406,46.79795876513348,43.06965495407948
arn:aws:rds:us-east-1:acct:db:db-1161,2026-04-29T00:00:00+00:00,54.44893276631539,11332.185942815777,147782481.12670925,183887216.26711416,31044.20407247745,34.0,normal,44.244253700437255,41.582136067186376,40.19395660092904,39.24145966724912,39.696232190369685,41.94947548746908,44.03733135922556,47.191303506366296,50.456830774353,54.37049953519036,58.416162030186946,61.81279418067813,65.44992735442749,67.51443944910473,69.3871980267924,68.72158380310469,68.30849121232967,66.77836856316358,65.30244683453019,62.12379377706712,58.1289345169169,54.37049953519036,50.59014621803649,46.90612200126497
arn:aws:rds:us-east-1:acct:db:db-1162,2026-04-29T00:00:00+00:00,50.58758466577763,10753.444320489369,191944968.07893842,216273446.8909147,36232.49203527913,30.0,normal,39.648393130586825,37.57674156279347,35.98445409888774,35.65858687068874,36.1928555312582,38.08811467498161,39.769846302686496,42.75377880031551,46.55421122001503,50.55661183696553,54.5750185376209,58.145761670119015,61.59846779581633,63.5983804874949,64.55009692917744,65.99915395737057,65.69286051376449,63.21751371367303,60.972864521377126,58.15867928539766,54.63206739442254,50.55661183696553,46.69604182991399,42.92491947637049
arn:aws:rds:us-east-1:acct:db:db-staging-orphan-01,2026-04-29T00:00:00+00:00,1.6646907399086066,26214.4,293900313.4645336,352067940.4009668,54327.042422588594,0.0,anomaly,2.279337817501972,1.154891221242944,1.2524147715846758,2.22023045064416,1.0985448859278262,1.7726523463508193,1.3769240493761163,1.0507065540628355,1.085347842032235,2.2620548737868065,1.582278983244735,2.035114832724113,2.3470178047751853,1.793643049815373,1.2694518210025783,2.184122216472653,2.0969966919135623,1.820430009330852,2.4118086109219816,1.4177089032915853,2.279112352544212,2.2800828040129257,2.095106803552251,1.9703673800914356
arn:aws:rds:us-east-1:acct:db:db-1215,2026-04-29T00:00:00+00:00,56.23373329164375,5901.5513927511765,157766342.60954165,192803569.39079404,32879.54096037874,33.0,normal,45.6885769254354,43.29699884337224,41.653102807570924,41.879014806264635,41.793466582443955,43.34005475988948,45.72113936374984,48.90103051439124,52.25966889130915,56.181157077745496,60.23235719140499,63.98678902919372,66.28661080716554,68.70006481581092,70.36634528045936,71.5248545659067,70.85627742399596,68.83481705736789,66.74283646159064,63.653131067717226,60.17712546394647,56.181157077745496,52.44412968395546,48.90889250101715
arn:aws:rds:us-east-1:acct:db:db-1216,2026-04-29T00:00:00+00:00,56.072579880853624,6109.174564184663,159238444.44781953,201326128.0000959,32816.86546629373,34.0,normal,45.891764386980306,42.57030381798183,42.287249694617685,41.07790750030627,41.46077212338203,43.14329514604906,45.43085913600107,48.53036166577432,52.25000927031445,56.119334822963765,60.07762787757246,63.44374954396099,66.38830942781101,68.59032211469471,70.56535062767173,70.62344091661558,70.58056079708757,69.73330565744219,66.61996810211633,63.35011491943672,60.08219770573542,56.119334822963765,52.14603325266365,48.65974381034408
arn:aws:rds:us-east-1:acct:db:db-1217,2026-04-29T00:00:00+00:00,55.08962381747097,5863.409945443356,140722671.50375712,166646638.29774788,27375.017635372187,34.0,normal,44.20831018430367,42.38256261632838,40.07168610480557,39.919119399624066,41.27821030481677,41.83663250711502,43.944929867018324,47.549420545423494,51.23401707364207,55.05905387421702,58.878273491479156,62.817397368334156,65.42814728067916,68.32642577262615,69.5564282304605,70.43529968978001,69.86267430366273,68.34815213474108,66.07934843994904,62.65138081931319,58.90331214041812,55.05905387421702,51.008224626186156,47.31291097016249
arn:aws:rds:us-east-1:acct:db:db-1218,2026-04-29T00:00:00+00:00,51.35771704560138,5616.837390430413,143298559.82174605,174447302.69280145,27998.411568880154,31.0,normal,40.58237416442909,38.46998387459938,36.47479324617824,35.85916470014404,36.774794785719116,38.7171374310511,40.38761802462443,43.681699656832976,47.350657979204726,51.33583309020947,55.282378399043836,59.202914366213605,61.92943211700144,64.54053832778597,66.00824760063159,66.03449827633823,65.83848127794292,64.51319959733473,62.46446555406437,58.982365085035546,55.2098326160132,51.33583309020947,47.52915887094725,44.07980696287844
arn:aws:rds:us-east-1:acct:db:db-1219,2026-04-29T00:00:00+00:00,49.92682703380732,5153.310264050302,113309819.08005221,130733816.44730778,21244.24877295862,28.0,normal,39.263008641342005,36.46552323518261,35.956542314347345,34.84863585972355,34.931556263154015,37.0581362566041,39.13601314234886,42.55915340632793,45.99773490708106,49.88297798373952,53.791753199230726,57.646157945342715,60.66118777380322,62.982232987021774,64.54769747441904,64.54443886523165,64.73757485584828,63.34009218954571,60.577348179054106,57.07612064246851,53.7864457922033,49.88297798373952,46.11818348512263,42.45235542849353
arn:aws:rds:us-east-1:acct:db:db-1025,2026-04-30T00:00:00+00:00,86.30292866566793,50589.05727500103,1086276344.960411,1234107332.3840685,212533.14424590586,186.0,anomaly,75.84775797767338,73.20100704874417,72.13831587571352,71.32413647438983,71.79872268343499,73.27111326180656,75.14191586623389,78.43044700182708,82.19947129825812,86.24128958890373,90.27280044786238,93.99224657043325,97.0147089395823,98.0,98.0,98.0,98.0,98.0,97.19293375814999,93.70309140826728,90.05230276467361,86.24128958890373,82.30530056733082,78.65185051907764
arn:aws:rds:us-east-1:acct:db:db-1026,2026-04-30T00:00:00+00:00,15.442862478156414,48168.96,835969473.4004457,1000485423.3745015,174792.52339346785,32.0,anomaly,15.382411219510121,13.971009526895124,14.498469389424857,15.807933816447683,17.550901507615176,16.262859929992896,14.0733631908337,14.736900028732402,17.493212436303384,12.846790979262552,17.357325440131824,13.645309326035411,17.69595989353605,13.869197801395602,17.40041308249129,13.41359151732226,12.649876829505974,12.15418970381415,15.285057146448892,16.857349733684398,16.605329845944826,13.055783623768722,15.928057396674975,16.32412838569417
arn:aws:rds:us-east-1:acct:db:db-1027,2026-04-30T00:00:00+00:00,15.972390176165133,48168.96,751602350.1316333,932044491.8443191,161867.42424364176,35.0,anomaly,15.294423254104876,14.166506883218721,14.486538476759582,17.94731935385898,12.450339920070613,14.683473932033197,12.884663939353146,16.34959944520598,16.59417376519172,14.681935217606872,16.78588492006963,13.450539818353631,16.275087941365058,17.38312080602479,17.64144857745296,17.205978347490777,15.804150566292373,13.273847905860043,13.985988515806572,13.73719527349797,16.47386156673224,14.028124197114122,13.90043400322249,12.35870561409254
arn:aws:rds:us-east-1:acct:db:db-1028,2026-04-30T00:00:00+00:00,25.826420253800617,45825.022497268765,727119565.7977649,948225816.5854497,792241.1944668251,33.0,benign,67.09098229746637,64.73417265405297,65.65181191491119,69.45456192748213,63.85324107919128,16.29569215003011,15.302502415506208,14.030870695258386,15.448070879093049,14.799710359548682,16.548042940249466,16.280733512411143,14.746279133814305,15.452859405142874,16.94585555468201,15.178341249290616,14.56063879711703,16.207727711391968,14.136090281073006,14.17044891267878,14.587656029150557,15.180469355429661,15.295425653575325,13.881901182667686
arn:aws:rds:us-east-1:acct:db:db-1064,2026-04-30T00:00:00+00:00,24.761411198051174,40702.41211906256,946076556.042072,1131178181.1257946,961779.3631133365,32.0,benign,61.823723808979246,63.332904236548934,66.27680584548715,67.10267401233071,60.035792176215736,14.246660942401531,14.509893475773916,14.22181371742191,16.178843770420844,14.79970646269506,15.807266991077192,13.315577420461219,14.353716636160875,13.768218750457818,14.774499820104802,14.88919240370188,16.19813459367419,14.908022769563894,14.344765846182696,13.749404217755503,13.330174387906965,13.20012596694967,13.66535415312372,15.44059634783267
arn:aws:rds:us-east-1:acct:db:db-1065,2026-04-30T00:00:00+00:00,19.32446297016111,41698.047467506585,1029054849.4227942,9660571474.566109,208632.6489767889,40.0,benign,18.099650729565326,16.578191218388685,45.23278892478936,18.54334551139751,18.804500969292675,17.32207896450426,19.15815553811934,17.888262093281444,18.012915570216425,18.979214805015186,16.339910364429464,19.49724482083229,17.0276104809379,19.67966395699917,18.563129643545608,17.93374699677244,17.234365912035706,16.39277232931979,16.992888918325043,18.925219055275722,18.017981825550205,19.80738701431313,19.210870189680435,19.545215451279574
arn:aws:rds:us-east-1:acct:db:db-1066,2026-04-30T00:00:00+00:00,19.623424627153256,45092.91305905019,1025236345.7977018,9217201875.367807,195318.793240263,43.0,benign,16.85200979568372,17.755384234437464,46.727990456139864,19.332319806959966,18.007208849784575,19.945747525200453,17.756519627145174,18.042831171886387,19.31123156262499,18.107485662813797,19.20769742271708,18.641834164416885,19.434087639154768,17.405264511340462,18.350467850866288,16.53167678284301,18.845617138822575,18.334158206302615,18.515937208075695,18.981675277825797,18.075899432778453,19.23270119350447,19.40210464229689,18.16434088805673
arn:aws:rds:us-east-1:acct:db:db-1159,2026-04-30T00:00:00+00:00,56.804095963156676,11341.03647551267,165124559.3370984,194641524.6402255,31905.124626471057,33.0,normal,45.84082714750537,43.32744422758087,42.71636499115492,42.283629220919906,41.9968099052623,44.427191369392496,46.38980256694881,49.00478492915955,52.90847183218379,56.78898932832858,60.52563955153287,64.43089280569016,67.49650059619944,69.73997443079371,70.58189186060893,72.40772337895554,70.80211445587658,69.77703899308717,67.29491345599722,64.58834325632687,60.77233250065018,56.78898932832858,53.059594670797786,49.34803831247858
arn:aws:rds:us-east-1:acct:db:db-1160,2026-04-30T00:00:00+00:00,51.5329444323917,10712.86513945208,153437673.20630857,195717567.94117516,31420.721197353254,31.0,normal,41.151766023406104,38.60558249632481,36.61971312208216,36.84175383796581,37.244614888075226,38.971450018259404,41.19234885085689,44.169492241133774,47.68429073862036,51.550250931827804,55.35014859061599,58.956710248211216,62.125015355312584,64.58231005695544,65.48137973773798,66.13660300107162,65.90181074859929,64.34641205036996,62.570358742021234,58.77382412163893,55.4253223879933,51.550250931827804,47.5644706416543,43.99478661483886
arn:aws:rds:us-east-1:acct:db:db-1161,2026-04-30T00:00:00+00:00,51.635244012284765,10959.219701966898,144794121.14638922,175303983.98121053,29456.111447205345,33.0,normal,41.12395085157696,38.95450059725852,37.69218466096045,35.945158054500126,36.57040866410341,38.633697711436895,41.16135730556791,43.77798558375339,47.74735129142698,51.58823117294467,55.41794231080251,59.147027177388466,62.522380775362485,64.85130766183813,66.32054381347321,66.85244036106451,66.0602561831758,64.59653424943392,62.52487361018216,58.875597276417125,55.50584742365059,51.58823117294467,47.799602107270594,43.98844627830111
arn:aws:rds:us-east-1:acct:db:db-1162,2026-04-30T00:00:00+00:00,54.750012851334695,11525.884657100856,183805683.05688775,232692418.24077296,37814.08780072231,33.0,normal,44.04522747066645,41.1621858343593,40.044536720858446,39.47348882014511,40.87326802699395,41.61073437901902,44.61579160441023,47.012451926819004,50.95338784507509,54.765493014687934,58.64926260808877,62.119150776491175,65.48205771372069,67.91257314036183,69.10738743108364,69.99667198104747,68.88724639574771,67.81067525540631,65.57272792922672,62.51253087678055,58.52777667674645,54.765493014687934,50.91525516892592,47.18493382068295
arn:aws:rds:us-east-1:acct:db:db-staging-orphan-01,2026-04-30T00:00:00+00:00,1.0193402791551536,26214.4,298639539.2650549,329704863.8605512,59793.782224880044,1.0,anomaly,1.7190647220284436,1.0935787879292647,1.5185678134312635,2.497182230440697,1.3503113012373036,1.0968469715412172,1.9531655191429365,1.0956773270137097,1.6086455036788452,2.111971480357515,1.4775564102046779,2.0441223105176505,1.6831490762355026,1.0259668323584108,1.2323779041292269,1.9592585988684676,1.6721225416416217,1.4824605590791078,2.1905887052851916,1.9183900046638074,1.5301433707077745,1.5459731974621842,1.0128054635792638,2.003342091610297
arn:aws:rds:us-east-1:acct:db:db-1215,2026-04-30T00:00:00+00:00,59.61638354065579,6237.680014265146,154690850.59673947,195005080.79142365,31703.189637534913,36.0,normal,48.988856213917906,46.168993106785784,44.63655388753271,44.44067459978147,44.719105513382836,46.83281254626065,48.73503587979729,52.00079363367671,55.731195265425676,59.792852028889484,63.83049939897211,67.3754416660721,70.05758529883623,73.32364935797082,73.7976128035754,74.24501671973633,74.17569508424295,72.8671289062639,70.10917837231578,67.15325603660686,63.484313818852165,59.792852028889484,55.90139974838492,52.63270305956952
arn:aws:rds:us-east-1:acct:db:db-1216,2026-04-30T00:00:00+00:00,54.68991671653392,5740.1967168573265,163406148.51728213,188749608.71883506,33431.65681562404,32.0,normal,43.98823757457342,41.862796181023995,40.01562079003292,40.347472298803844,39.85025579833497,41.745797096775206,43.68549994149259,46.84661515137085,51.02354859995076,54.72109690388922,58.56873853695923,62.10529323057895,65.83115056215975,68.03133865621011,69.14060779749369,69.03721668897633,68.94091527168789,68.24282921187077,64.80912582043727,62.1806017900269,58.56821098274288,54.72109690388922,50.835967070349376,47.45796833718433
arn:aws:rds:us-east-1:acct:db:db-1217,2026-04-30T00:00:00+00:00,59.369055565478305,6176.5808494984685,131122663.54186237,157073373.60814115,27985.131206347778,35.0,normal,49.09061955303449,45.722330872848985,44.72806108560836,44.7915110801134,45.42910789548717,46.669602685892286,48.8176163279562,51.564617763514164,55.262580507829014,59.294567233101624,63.191365062786254,67.05872292365578,69.87279956457832,72.41867250276877,74.34177534184687,75.02735105038778,73.34834858437657,72.53907113502663,69.46594180930042,66.55777966901044,63.22292649167519,59.294567233101624,55.38732758136031,51.76006961621874
arn:aws:rds:us-east-1:acct:db:db-1218,2026-04-30T00:00:00+00:00,54.22104812090928,5731.852785474068,142295818.49749878,162477207.81567237,27641.925907331446,33.0,normal,43.99964287016483,40.79746062244479,40.12532416488799,38.94677339885599,39.281974318158596,41.1745563629331,43.57499928952524,46.598134944848276,50.32095786943425,54.324221776079774,58.24368567922972,62.02707107524094,64.6154501081131,66.9743567797428,68.57105579897076,69.43006184128775,68.63547319321846,67.5735920158766,64.60713873280501,61.468018188728045,58.123461693882554,54.324221776079774,50.47150544882311,47.09601695249105
arn:aws:rds:us-east-1:acct:db:db-1219,2026-04-30T00:00:00+00:00,48.82123506754264,5339.277836557816,108110621.44086201,134237644.22043124,22878.589341518018,29.0,normal,37.89058402329152,35.92137097267294,34.58872376682436,33.90671438816227,33.86522487624783,36.23075213335269,38.39258682506172,41.444620947998985,44.65537991325401,48.72013221149365,52.600221497211955,56.07666865156204,59.50981671852913,61.836031112890296,63.908413664193304,64.1366954737361,63.56962886219131,61.4884144513566,59.82587536577042,56.006225553416996,52.56407164819218,48.72013221149365,44.664518057043274,41.18683829507615
arn:aws:rds:us-east-1:acct:db:db-1025,2026-05-01T00:00:00+00:00,80.49245383199903,46760.855555564645,951706993.4144791,1096807443.8503747,188122.33162993807,156.0,anomaly,69.65478454269885,67.99844828749724,66.50305906170556,65.4096058002953,65.99235109313949,67.65619819396947,69.78890689712725,72.65958193043323,76.66743496637076,80.52342497741373,84.25572162589467,88.24212506810346,90.64510567728304,92.88921061215046,95.3664581021417,95.52381791901023,94.79999186760276,93.55278524798123,90.97445988082313,87.85732982407168,84.42597153500296,80.52342497741373,76.66410261237277,73.24459126747425
arn:aws:rds:us-east-1:acct:db:db-1026,2026-05-01T00:00:00+00:00,16.160306808350303,49152.0,798984652.7066405,949821695.5889264,151984.85678863272,29.0,anomaly,15.624409169083272,13.349539381429604,12.470791845138493,13.40583674127226,17.179199546188897,14.166394332507238,15.713153408861839,15.747520329388266,12.359971181578892,14.526002696457812,17.249991866984097,16.835286409247736,12.75513198614588,14.171692524093427,14.197822098408363,16.978154702189784,13.855952510438865,14.862822134995469,15.653661991432132,13.662030498310843,12.982014265345317,16.009264643591802,16.276935455869854,12.954217813705235
arn:aws:rds:us-east-1:acct:db:db-1027,2026-05-01T00:00:00+00:00,15.92222667578617,49152.0,728334048.9286757,803943594.3469963,141925.18803423748,31.0,anomaly,14.626058336737819,16.754286290796696,15.59019898950347,14.819455248629016,13.113911349206766,14.784062927588991,17.01768981856076,15.799458118052438,12.503120384067774,15.439783934860404,14.419413321596913,14.961933683898566,16.76688351764356,16.884236685458568,12.793879632083996,17.548333490138212,15.343166545218242,12.072752440685452,15.596859518806934,17.651236649130002,16.208314696008777,13.368314682909492,14.481153330021634,17.135119546214586
arn:aws:rds:us-east-1:acct:db:db-1028,2026-05-01T00:00:00+00:00,25.07030686173887,40185.10843266841,688927374.4443631,879424220.5305418,685761.7495111891,27.0,benign,62.2504690056814,67.19086713474377,65.80426423437476,61.88114152870979,64.81657482635556,16.98630419799016,14.293452865224584,15.774064780468567,14.633106137716686,14.387456045001443,13.60721678931771,15.72023779970693,15.039931155052617,16.558172255040283,14.138779741523825,15.297663609198466,13.63016048763269,14.035492599699964,13.162645647013743,15.155857067877392,14.334008824825297,13.63643930020316,15.152109906622531,14.200948741751567
arn:aws:rds:us-east-1:acct:db:db-1064,2026-05-01T00:00:00+00:00,25.449471433440237,37404.08259964983,897752311.5549603,1047377949.5592622,908579.242449749,27.0,benign,66.0917917840599,61.72734424701382,61.23609136236472,68.080977316011,69.23689910534377,13.22031763675222,14.746209009564554,16.08519370908303,15.832993812212349,13.868030808031104,14.329807164150116,13.469414519829154,16.173067163022825,16.858284042339278,16.698768661277768,14.722396010138793,13.484736625200583,16.01201366843792,16.02540485615905,16.044679490327585,14.499281563825033,13.51556248619055,13.06801837351191,15.760030987718697
arn:aws:rds:us-east-1:acct:db:db-1065,2026-05-01T00:00:00+00:00,18.73342274263886,36427.87196464648,914464186.9005215,8883434898.530367,177867.7975109427,33.0,benign,17.4493579115983,17.46910542825415,45.616483256045775,17.916754032006533,19.182942393330546,16.127132666443693,17.987044991958424,19.653994392946178,19.401431468794478,16.56711590741765,17.71717135695697,16.182032233792196,16.77251440836854,16.241953233494282,16.64221498370871,19.40025419612852,17.252885979778597,19.019586359166418,16.50591338725143,16.251435440234843,17.58164420592134,16.3256264901648,16.754459041513023,19.58309205805723
arn:aws:rds:us-east-1:acct:db:db-1066,2026-05-01T00:00:00+00:00,18.507331450744356,35539.08995073219,917697900.1807021,8586239919.779216,175527.61409770645,35.0,benign,18.112561347020645,18.379328702795455,42.070100832152825,18.849391303906962,19.333763245468067,16.54226205410556,16.79388598675998,16.726685247978704,16.24050104829587,16.439337367218826,19.10707341640579,19.89156551939629,17.875562375943854,16.23065756219377,18.29187960962765,16.213407317535644,16.211947603713707,17.217058319058133,16.05827087153915,16.3541087578868,17.887169751804635,17.245406138333774,18.76129685427671,17.342733584445707
arn:aws:rds:us-east-1:acct:db:db-1159,2026-05-01T00:00:00+00:00,43.64538476493356,9329.930325758005,142503912.84330088,177061218.9040629,29249.516196198638,25.0,normal,32.82968549276738,30.311090924295442,28.627619315274096,28.458655644344073,29.524822524539534,30.456691305277552,33.18745697249476,36.457762136996806,39.79844108660448,43.686534287106205,47.478815529457144,51.067456272946885,54.0231821180172,57.22552064669556,57.65242818790875,59.143174976770666,58.18503673192796,56.43269534308385,54.175024704990314,51.32988492253974,47.472215945208674,43.686534287106205,39.90094351397399,36.377561488078236
arn:aws:rds:us-east-1:acct:db:db-1160,2026-05-01T00:00:00+00:00,48.238703796434486,10291.49787756782,149082392.16790223,174750391.9821895,30837.1148019182,27.0,normal,38.20550214343477,34.74279411052781,34.03041092553313,32.65218820363259,33.67957529144446,34.92158988143417,37.65200502034018,41.07558492332493,44.37218319417179,48.30694428507547,52.3122688937418,55.625309731493054,59.24918371535137,60.75382740392864,62.286973799821205,62.89465866249466,62.951588960468925,61.44887413091879,59.150018058069556,55.610989857683485,52.10461413333845,48.30694428507547,44.54101857874527,40.853842924377595
arn:aws:rds:us-east-1:acct:db:db-1161,2026-05-01T00:00:00+00:00,45.475555495707034,9708.254465913105,131192723.76644194,169332334.67473322,26762.956093392382,28.0,normal,34.34784083291631,32.86190154564155,31.23450754939476,29.74988011580972,31.47430099747586,32.253017668845764,34.8537810435039,37.60636506440625,41.40895700967039,45.3484515400454,49.26357841776639,52.8662279756329,56.398569254493616,58.21844995537036,60.55618028421946,61.074227110214785,59.61927048930528,58.7092753761217,56.4502002597274,52.938153014736656,49.183264324506766,45.3484515400454,41.65777013240458,37.99071039471364
arn:aws:rds:us-east-1:acct:db:db-1162,2026-05-01T00:00:00+00:00,51.16994925555669,10554.100955129972,170965830.93663767,211606454.14824566,34965.13991411627,29.0,normal,40.87819419684972,38.47469803769494,36.081706596858744,35.50718350549694,37.229084478797496,38.573338047262006,40.68907241649167,43.795660741951515,47.189284875740974,51.09337766311926,55.12499711819487,58.9541269173372,61.741113300305464,64.66994696910896,65.2942778990635,66.10681317816105,65.57716411628425,63.72528156095368,62.164004295618604,58.41615568467771,54.853246954635416,51.09337766311926,47.075302912452685,43.7713730031848
arn:aws:rds:us-east-1:acct:db:db-staging-orphan-01,2026-05-01T00:00:00+00:00,1.2378965937483168,26214.4,282856142.4442543,314125540.2059765,53331.545466375865,1.0,anomaly,2.429687019320129,1.7794802138570922,1.9775696506087916,1.3444330797924795,2.1102464203889455,2.1736207063675668,1.5389946225079192,2.477684639081288,1.397859578264276,1.2565180337915014,2.153361990780748,1.9284999749724845,2.323600627106378,1.7101057361921856,1.4585776602183134,1.214189229375559,2.0611801374056404,2.0875113959237286,2.256340386186471,2.0582928661155964,2.0489713496408517,1.9492348548192935,1.091618912931196,1.7058131791982463
arn:aws:rds:us-east-1:acct:db:db-1215,2026-05-01T00:00:00+00:00,41.63231393885507,4797.928419054441,146986588.59032992,167235319.1419028,27953.263969310236,25.0,normal,31.32761939754584,28.444023620584648,27.02628042348237,26.613996116023895,27.397839496714482,28.313211755062504,30.808488118362334,33.91362315052653,37.85359841456854,41.7824379398485,45.699475952551495,49.24877467493583,52.749840420283206,54.609901237207225,56.14865594125562,56.09950663172,56.08500850964255,54.19346849534786,52.091466372343696,49.22762738214223,45.48118886344534,41.7824379398485,38.07417912360954,34.20288455546886
arn:aws:rds:us-east-1:acct:db:db-1216,2026-05-01T00:00:00+00:00,50.44794991666695,5425.884660778321,147786491.52308145,180932306.05555803,30709.979462378535,29.0,normal,39.807888501632306,37.98807012636312,35.276948879181845,35.64880562883211,36.242135045671475,37.24495308904179,39.43122952820378,42.77729768513933,46.37381300112308,50.44964684962266,54.50069829494093,57.61056984309999,61.5319693183806,63.83312663163086,64.29079230929455,65.68316630214102,64.5816572607852,63.924433778168314,61.08524643120161,58.03969995340705,54.50181557560028,50.44964684962266,46.60587710449448,42.87131001242787
arn:aws:rds:us-east-1:acct:db:db-1217,2026-05-01T00:00:00+00:00,51.56855731769383,5571.161854015693,125430118.53537305,157642460.9156586,24411.81052208041,31.0,normal,40.657287399020895,38.067455497971046,37.289110426123855,36.51792241470016,36.59269457210866,38.96878854310756,40.59791048669078,44.10041106441183,47.737076812165306,51.68388721979635,55.45174598602451,59.14988380673162,61.867974009899406,64.46865465719064,65.68733802386217,66.81318954000194,65.8403458800186,65.23493500760908,61.997552624693974,59.40497773673025,55.63086769507978,51.68388721979635,47.84652250860121,44.35495649231628
arn:aws:rds:us-east-1:acct:db:db-1218,2026-05-01T00:00:00+00:00,46.521277557361145,5124.502930101845,126830571.99297786,151418887.1995742,27088.956504146678,26.0,normal,35.577719742684785,32.974601192610294,32.060195629167644,32.06816962202422,32.559816044739044,33.70115642294016,35.92137975937755,38.98596111848042,42.57027933422238,46.47087673792789,50.24393542142348,54.185279564327246,57.22540332312995,59.94688793275553,60.8355860249836,61.42916607153668,61.42755741941492,59.28499722216957,56.997799218592604,53.62906315010764,50.19938111231774,46.47087673792789,42.77832468609267,38.96624788771365
arn:aws:rds:us-east-1:acct:db:db-1219,2026-05-01T00:00:00+00:00,40.84850551736829,4672.548902235906,96333078.65991092,116833851.80520195,19301.778200365952,26.0,normal,29.964644835762456,27.418083567727745,25.902366558062084,25.62644994332046,26.784557182102063,28.126726927970893,30.693508592129206,33.6595613210603,36.945018899643806,40.82246008023722,44.69566099651283,48.54500095827047,51.77416304609638,53.27813783818082,55.38220104423024,56.447910624361505,54.96168404131376,53.609955467809534,51.219212887185925,48.487450107229584,44.85062458064552,40.82246008023722,36.90668143021892,33.439611406529906
arn:aws:rds:us-east-1:acct:db:db-1025,2026-05-02T00:00:00+00:00,62.31320577042404,38309.307873397156,814512973.363866,1017609754.9295735,169776.6941719932,150.0,anomaly,54.14582559886651,52.39577529810351,51.4294978594218,50.98095685779949,51.227714413316065,52.668166149920296,54.71996644523095,56.658519101847176,59.32421990613422,62.35903630115365,65.34820598949545,67.7484168323443,70.49821199302372,71.93816497710893,73.37826277832423,73.52572893896348,73.18315103643418,71.88491769486464,70.1744443628987,67.81086178249038,65.39155801868957,62.35903630115365,59.436813991995976,56.92948586059602
arn:aws:rds:us-east-1:acct:db:db-1026,2026-05-02T00:00:00+00:00,13.28308894115112,50135.03999999999,621596510.8715141,748987634.7810799,132358.3440834798,18.0,anomaly,13.066324936228973,17.932236418149753,12.108653505771482,13.120777417171524,13.500697599722669,17.709115864225904,16.952592481136747,16.215695957761543,13.377748248726206,16.85662559383649,13.93496530568275,13.765901570478553,13.24170485698073,12.537854374235996,16.29433092261791,12.165287460826395,12.876890602793669,17.24326415293325,17.223997110133922,16.823824035394843,17.278735711588222,17.322532653980804,17.67236769546918,17.704566521586106
arn:aws:rds:us-east-1:acct:db:db-1027,2026-05-02T00:00:00+00:00,16.278367047974594,50135.03999999999,589804316.129057,660938950.4102598,113471.22789841636,19.0,anomaly,17.04846177701889,16.467342749128406,15.27831316392584,12.021078024333928,14.863688465868314,15.257343801032706,14.037193850767597,12.871502236264721,16.209332976709824,13.334680691338072,17.26053282151393,14.41006849662751,13.83841656770112,15.32249364663745,13.403314016794035,17.026156714290167,12.88638000551406,16.8239400060299,17.977273896965407,12.26073438796355,16.467506112584477,14.65348961243086,16.023662658829316,17.351435619982453
arn:aws:rds:us-east-1:acct:db:db-1028,2026-05-02T00:00:00+00:00,25.876044727697145,25814.903361179662,541252508.1453307,667765648.4813063,556805.0824262312,17.0,benign,68.89603698706989,67.38629164560164,67.8253323599085,63.294345696681226,67.17521668615538,16.80698118049813,14.221409652207987,15.692203097205388,13.25771803488864,16.11685649745055,14.970026901090607,14.266162862540709,16.406421575096825,16.94330372340312,14.702821101485132,14.74615954192115,13.450378795646673,14.585535816404844,14.714232206880363,13.805790857056667,15.75483827094049,16.248079801006746,15.513515163175494,14.245415010415309
arn:aws:rds:us-east-1:acct:db:db-1064,2026-05-02T00:00:00+00:00,25.165289872025806,25735.968964865213,683490807.9949739,862065356.4642795,743514.5252016836,17.0,benign,66.11439536267615,64.6315820536893,64.62141645292895,60.022078348556384,67.27364985311081,13.996687355303209,13.66506262028986,14.58795752016852,16.561401073094217,13.190925937477601,16.294014115252995,14.387991875415953,15.330164149353195,15.64860459681369,15.27840754345089,15.69314468840128,13.301015258419069,13.252496088738152,15.080963742243826,14.161430674165462,15.637246781161762,15.458879609368154,15.761941839157387,14.015499389382416
arn:aws:rds:us-east-1:acct:db:db-1065,2026-05-02T00:00:00+00:00,18.90184554117383,28658.212394884056,775859680.792973,7886239959.438016,151690.41984812974,26.0,benign,16.89135018665725,17.444151711978172,41.20328145633775,18.769325334935523,16.558550552829725,17.558339860916924,16.128730803169532,17.572329139697025,19.660981534415097,16.005363284656784,17.923830416700483,16.46297546189328,17.179320298210037,18.851031472223397,19.732727934099323,16.968355581734702,18.76040725894387,18.509118145464083,18.312856274275823,19.832924793389026,18.731335876982545,18.84183981055507,18.15281415210235,17.59235164600419
arn:aws:rds:us-east-1:acct:db:db-1066,2026-05-02T00:00:00+00:00,19.308321528102166,29278.369432490224,777119027.4196545,7300776681.635558,147389.87031336818,27.0,benign,18.014567839542682,18.76451184234077,49.52174632371794,18.048723937411488,19.97723692610652,16.969811705647917,18.933019723810414,18.54541861027817,17.369607237278363,17.161185452120748,17.504284043914804,17.711707440669233,18.647471151425055,18.713988330813415,18.408012113874282,18.103669045642018,17.18480770733106,17.91093697087666,17.114563639163205,19.94797027489776,17.445439318004794,17.470182078723674,16.853309002835683,17.077545958025343
arn:aws:rds:us-east-1:acct:db:db-1159,2026-05-02T00:00:00+00:00,22.457713671407994,6913.13045738234,118796737.25515437,145905001.49107084,24761.74805338366,17.0,normal,14.741682512345314,12.482749463976457,12.06809438015922,11.552391575278186,11.256609941686701,12.371518363452836,14.230184966250274,17.08477355698293,19.72151283202226,22.54335918187544,25.475396673588538,28.18758244865972,30.775516078243623,31.884144362098997,33.321968801227754,33.251056829636724,33.14989191735906,31.990514339758004,30.237687375120085,28.13372040156462,25.388188634157835,22.54335918187544,19.518727472207587,17.074496824264287
arn:aws:rds:us-east-1:acct:db:db-1160,2026-05-02T00:00:00+00:00,22.735894698447566,7265.287019734624,121027201.96588302,147095965.40743852,22940.0621809901,17.0,normal,15.07664014595952,12.56533625329222,12.351785027043263,11.58856990694764,12.094554869411567,13.442465593295953,14.465955391158833,16.979057597655665,19.786049837917094,22.78235696126329,25.71392919352539,28.22954495902368,30.867620484673704,32.191281974870364,33.31914374883426,34.10581000262721,33.4584709901507,32.317707216554346,30.418203450523826,28.367819245453052,25.56022141813253,22.78235696126329,19.97735635783901,17.21923517532517
arn:aws:rds:us-east-1:acct:db:db-1161,2026-05-02T00:00:00+00:00,27.146242173098745,7673.001963319405,125225779.74534352,140251909.53046042,23311.612469602627,22.0,normal,19.08621710705214,17.070285217899112,16.07089896387167,16.35194326953083,16.204254093734853,17.42409884591095,19.2815958843155,21.73950579458458,24.209672630131056,27.09250922721807,30.020395607534784,32.68699716532135,34.70650777574418,37.17702141473959,38.245816346445295,38.40790049803037,38.031379379046854,36.883788733361655,35.38803492088444,32.86342563030264,29.886442657649287,27.09250922721807,24.13015478843797,21.458456975404566
arn:aws:rds:us-east-1:acct:db:db-1162,2026-05-02T00:00:00+00:00,23.920835418393207,7642.843835541342,143621031.2281646,184483077.41550013,30199.466664996864,20.0,normal,15.88595683315895,14.362233623208748,12.797001633294641,12.337403489896715,13.369281352853003,14.4328623578997,15.948912826161184,18.430849482936075,21.095208307170214,23.888381549975048,26.72489719582869,29.666088079488404,31.484333162964003,33.30005342124738,34.98797118965412,35.32512408363459,34.89266281210539,34.07588522907018,31.708723030933676,29.65414261109838,26.727500635859045,23.888381549975048,20.91362491751869,18.20257066550508
arn:aws:rds:us-east-1:acct:db:db-staging-orphan-01,2026-05-02T00:00:00+00:00,1.4346705516067906,26214.4,299421393.7820181,342050944.5990952,58155.82263923304,1.0,anomaly,1.301950239489599,1.5099114568805927,1.1727992035960684,2.1523249715763377,1.7439452111088733,2.3500592633609187,1.5264686686500766,1.0031104417730068,1.9371914648646165,1.146610563787143,1.1181026798203626,1.395470194788966,1.268567412915751,2.1534885641391286,2.453842646375503,2.130141665546029,1.1380648466987777,1.4362494927152936,1.1746295477264692,1.4225637007801295,1.2499794400122046,1.6528836660549993,1.2969649737215754,2.398422153728373
arn:aws:rds:us-east-1:acct:db:db-1215,2026-05-02T00:00:00+00:00,26.760033590684174,3872.797689548309,125358065.69523214,154115049.48426005,24254.07062351076,20.0,normal,19.07776118851671,16.880325450031506,15.834137820069756,15.151603174663121,16.2320311152082,16.82265571601573,18.71403478176512,20.878519414387693,23.804251918335254,26.68305387348378,29.588059998909877,32.382105592267,34.58768788275838,36.64582387646839,38.06639077221271,38.28960400860894,37.5270278333479,36.77931894181235,34.57863721280625,32.53485696456871,29.639754955102212,26.68305387348378,23.84936280188507,21.010747009711817
arn:aws:rds:us-east-1:acct:db:db-1216,2026-05-02T00:00:00+00:00,25.89209312654583,3746.480858714058,120972141.9699427,144944601.55315605,24747.427819214845,18.0,normal,18.24065242328951,15.838869345139544,14.684747433877126,14.456231442807294,15.021297982786805,16.580528423072003,17.82452540113182,20.109797484358918,22.890962757247273,25.853299809693215,28.781295819691255,31.419038756399,33.744343845882206,36.07699725762455,36.939254261741254,36.80927877907263,36.636142846066946,35.904517495129035,34.04515377175127,31.637921553901226,28.825231222458473,25.853299809693215,22.88676765539088,20.350079458894502
arn:aws:rds:us-east-1:acct:db:db-1217,2026-05-02T00:00:00+00:00,21.728169542079854,3714.4570252841886,100708750.68476006,118376582.0700159,20602.55678030891,18.0,normal,13.660075314129008,12.155123287668664,11.178261778900048,10.102795763355953,10.403485804383495,11.722272829131498,13.662164060829728,16.151404773518934,18.967314611472858,21.765604129315296,24.759631883686747,27.32801372299065,29.448733310603966,31.902860363147443,32.09993381501283,33.516095312178436,32.23340637299192,31.750113053927183,29.820860668096522,27.29281942047287,24.773472535896897,21.765604129315296,18.87289442069884,16.143127648191456
arn:aws:rds:us-east-1:acct:db:db-1218,2026-05-02T00:00:00+00:00,26.484405162227482,4012.6541764229714,109037736.75534779,140826982.11615145,21607.485409605957,19.0,normal,18.227100096759795,17.068743586773532,15.391514744624457,15.197993022519023,15.14918937381543,16.941585703830498,18.764090726785145,20.936771030430698,23.51549296250051,26.44702894110021,29.451616394622945,32.198761977241226,34.684677245023856,36.00278284423502,37.35054962953342,37.487691486550425,37.75965745276385,36.65744206008279,34.14203788839971,31.95189396414183,29.44358042995455,26.44702894110021,23.39110337805888,21.017390012611493
arn:aws:rds:us-east-1:acct:db:db-1219,2026-05-02T00:00:00+00:00,23.752957000565686,3464.5929257515622,80959023.91150212,99487101.00828218,17670.500090332807,18.0,normal,15.697156466208128,13.877265067849077,13.368152344540817,12.659013412964697,12.405173352282985,13.79529540053504,15.767813352934066,18.33067087950665,20.90356371731427,23.75555374663796,26.758879448584377,29.32150431295715,31.722705703820782,33.80301157553723,34.482726460650404,34.71111056586594,35.12449289125357,33.53125199680408,31.420676886860566,29.124970748347796,26.577557452418315,23.75555374663796,20.83581178860141,18.34105669446324
arn:aws:rds:us-east-1:acct:db:db-1025,2026-05-03T00:00:00+00:00,60.476275509880594,37281.794181849844,860012140.389175,938557306.4501207,167042.367338336,150.0,anomaly,52.389570451662124,50.651387001708144,49.595947553902455,49.813903431737586,49.886444168465644,50.55399313841288,52.73762141729086,54.996194829967294,57.67712183084794,60.5238625896898,63.50499634254664,66.21063616269693,68.10681659188876,69.96829690406928,71.78385798987736,71.57792485612761,71.11747101906104,69.796970035244,68.17413409734016,65.96947085229561,63.52572114442114,60.5238625896898,57.5196922900918,54.82471494809947
arn:aws:rds:us-east-1:acct:db:db-1026,2026-05-03T00:00:00+00:00,15.713756831091832,51118.08,644097153.6739748,826960166.3752629,129924.78527664121,19.0,anomaly,17.28748784615975,17.00943446323842,12.19323869234602,16.47754963373209,14.473000297767815,16.109950910526816,13.54719567861467,14.757796608009723,12.382077946806861,12.911415601192052,13.94551546319921,16.321244482779225,16.267025033591445,15.017677687016768,13.516259980008831,12.913423004414195,13.64809240858423,17.411626329651753,16.429006999951426,12.112025103393517,16.032782511711776,12.78750584093873,16.054246057931945,15.544039529914814
arn:aws:rds:us-east-1:acct:db:db-1027,2026-05-03T00:00:00+00:00,15.719343748630713,51118.08,609391221.3508333,679259115.3110591,120668.80181675004,21.0,anomaly,15.163437825804415,13.770337410615571,15.368530685794166,13.638616747927902,12.67594815004936,12.207779622562663,13.94962340053009,12.583300283879547,14.611970832427959,12.593699681046202,12.826321572791716,15.461644475929935,14.50761072847138,13.66982941026414,17.70969420126372,17.435469894242782,13.722858206768858,17.994367706865315,17.719935835848496,15.66959967794256,17.305398741066504,15.680659938647231,14.869542157005633,16.30631437582339
arn:aws:rds:us-east-1:acct:db:db-1028,2026-05-03T00:00:00+00:00,24.916635424970266,27918.666461538804,554185139.8110024,704662603.2382102,557328.4691848558,17.0,benign,64.31763976909075,65.85017965089014,65.81250672333229,68.54896577757535,61.55872523461467,15.920639569818729,13.373246044458863,13.06281503065092,14.22226882006279,13.778605169742416,16.01631210287464,14.5002252926275,13.786351896836237,13.77075019100927,14.964194492859326,15.557903039849394,13.004569476099515,13.09537674046781,13.468820883646185,16.959756338017474,16.2487119008946,13.316511886788874,13.44326528430571,13.420908882772903
arn:aws:rds:us-east-1:acct:db:db-1064,2026-05-03T00:00:00+00:00,25.88658461499287,30363.610444060083,781939752.5371201,945041972.9111028,769545.3398715495,19.0,benign,69.65736011834291,64.4548537445003,64.75859971470679,66.6172742021324,69.83236541582752,15.690220067671072,13.906429035641313,13.665050932659756,16.896526770859957,16.545336348590418,14.48514486173588,15.526505611723113,14.810577804574754,14.515677158203015,14.162382909194429,15.470178619883251,16.188791166969818,13.50030247991944,16.826305006997078,16.59971958941553,15.638698771058891,13.701271223960909,13.350120126002926,14.478339079257395
arn:aws:rds:us-east-1:acct:db:db-1065,2026-05-03T00:00:00+00:00,19.256742948174047,29544.539971860006,768151631.2554072,7629277717.846307,168897.80786512292,27.0,benign,19.01988695459215,16.724621156651065,40.47749603622664,17.655636995244947,18.443194518084304,17.38310084883271,18.485171744747444,19.04721854971526,17.178180079797,19.801657278954757,19.46937075811594,18.369673278342585,17.660340619377994,18.527302979522123,19.752526572859573,17.007203067154496,18.385930170655065,18.11555348853543,19.275382405287278,16.696470551423314,19.913882193812974,18.80637428220643,18.527348186626213,17.43830803941142
arn:aws:rds:us-east-1:acct:db:db-1066,2026-05-03T00:00:00+00:00,19.419575369427264,30444.00575181647,817492960.827864,7537440608.759776,150583.6634896764,28.0,benign,19.03400049587234,19.47005599949245,46.76577316497645,18.842855191711106,19.030447607193878,17.262349711050454,18.119783121404538,17.426470900157934,16.827935844384843,17.716776668600208,16.71568799352238,17.43602892256308,19.85578076771199,18.622672872350478,18.28514770934903,16.47337939765086,19.480499365733788,18.175108071484388,19.483748041404127,19.98435428258391,16.14117313976341,17.678817917161354,18.49808938225725,18.74287229787412
arn:aws:rds:us-east-1:acct:db:db-1159,2026-05-03T00:00:00+00:00,22.451527618842302,6625.82309722588,126881558.59777313,138507550.94720748,23213.402443282423,15.0,normal,14.369036826572204,12.312250309497836,11.363197553524646,11.544010117375471,11.489737323447494,12.94157691974218,14.151011088044383,17.047370291030553,19.668144128689615,22.481593218576293,25.525727323427674,27.871371933319427,30.681459809478618,31.802896472090424,32.87098853937778,33.4349077932349,33.71834597148697,32.18105061948556,30.4242354664795,28.316280360430675,25.46374525900386,22.481593218576293,19.685616314238715,17.010515995084134
arn:aws:rds:us-east-1:acct:db:db-1160,2026-05-03T00:00:00+00:00,24.908280504115464,7490.318400329,126050491.27916375,142238463.4789958,23868.494943104764,18.0,normal,16.779782240000603,15.586509610098249,13.713939713655462,13.715366537529134,14.147118808923135,15.298716555849296,17.22373828822999,19.46341846694964,21.868414413359833,24.893907759941616,27.84522105006528,30.463655207894195,32.99465665455912,34.754618698111216,35.54643225055867,36.24282131911134,36.27766631577775,34.34367969663576,32.55744720879457,30.312213394467566,27.721908628368524,24.893907759941616,22.08932382478775,19.064267695160847
arn:aws:rds:us-east-1:acct:db:db-1161,2026-05-03T00:00:00+00:00,26.859919115812513,7434.533759226857,122177796.22643563,140043058.31290707,22849.61079154724,19.0,normal,19.241610822637064,16.839012469424926,16.24071935521872,16.01415743451432,16.41457920768237,17.00464952856841,18.664577666958465,21.140544305944733,23.805782582888266,26.810534961863468,29.599134034661805,32.61509754899594,34.641680134023474,36.42377153474208,37.36899529219369,38.303673544449175,37.80355184993939,36.87977930917476,34.80410167587385,32.473921062711824,29.754932499322138,26.810534961863468,23.809593552698875,21.173123443149155
arn:aws:rds:us-east-1:acct:db:db-1162,2026-05-03T00:00:00+00:00,22.04611602675459,6880.038546234817,144171500.71452096,165906921.9657382,27400.213227028737,19.0,normal,13.957034322518778,12.206796805997662,11.201161865018863,10.86594206827576,11.130204054461553,12.644502140156929,14.213019989527039,16.16938838286695,18.974351882662074,21.997631148679158,24.784323830540394,27.402559678019266,30.337690533163855,32.04511917066844,32.65298672667044,33.798870946186724,32.72738185557244,31.88055466726837,29.89344584656156,27.710564947709464,24.922888348601667,21.997631148679158,19.005707352383194,16.58702692992039
arn:aws:rds:us-east-1:acct:db:db-staging-orphan-01,2026-05-03T00:00:00+00:00,1.9613780908790737,26214.4,284028965.6974857,346080335.4496064,55123.574344773035,1.0,anomaly,1.2304687913235939,2.161054323052131,1.654362539054281,1.0172767528481006,1.1585704231205547,2.351689501569118,1.3973054648465384,2.2565637658157436,1.349022533308453,1.527363478177885,1.7763935119284167,1.4996470689324768,1.6451098422518278,1.0589970385132474,1.5000560259645916,2.3682217717218883,2.3257220658789595,2.0038618545439624,1.6586246495680994,1.0341508748807793,2.148099319615195,1.1938247140926463,1.5278546960728587,2.3936354990769724
arn:aws:rds:us-east-1:acct:db:db-1215,2026-05-03T00:00:00+00:00,25.54659870827942,4008.125034593665,121132089.60115622,150530010.0149048,25919.6564350617,20.0,normal,17.52975433835673,15.647548330603943,14.904217935196586,13.78506820127012,15.162827715682496,16.1345883526555,17.314215168376947,19.69858567138783,22.776922323092293,25.557399011554853,28.372594867061146,31.23525216618554,33.6081046311491,34.814158283730464,36.5640558447119,37.002837050792365,36.23315415005888,35.34919991918596,33.592669205107086,31.11792081909541,28.597504708205413,25.557399011554853,22.78745379248393,19.774937501206793
arn:aws:rds:us-east-1:acct:db:db-1216,2026-05-03T00:00:00+00:00,22.817225387551115,3505.276312403978,124036588.56923407,142887234.99823618,23374.10432863886,19.0,normal,14.832233823491789,12.613579202291225,12.397795434536555,11.952801974818904,11.715296437124287,13.330971301360858,14.431393730427974,17.234488040952943,19.895263412833998,22.724924382414933,25.774351786968438,28.323553448989642,30.92034676530548,32.26912772656052,33.331387552620654,34.45448534465713,34.025040000587495,32.53894228633415,30.933843791000477,28.518404531767068,25.611856841428775,22.724924382414933,19.701700599514247,17.356696502824317
arn:aws:rds:us-east-1:acct:db:db-1217,2026-05-03T00:00:00+00:00,25.63968383910233,3709.496309989155,102788531.63450004,121389533.34294285,20632.0965124884,20.0,normal,17.808061761095196,15.565541118085672,14.427875247555846,14.856890406236174,15.309973352050335,15.801146527308674,17.42885490177349,20.268569405133114,22.82455413090227,25.67605422311473,28.616570356048303,31.312657085325046,33.43436854913428,35.258529049070376,36.32804387018156,36.625571317539425,36.56839990195304,35.587405273510626,33.54571882119375,31.201256045292872,28.51266072773648,25.67605422311473,22.8056241331355,19.912031711964374
arn:aws:rds:us-east-1:acct:db:db-1218,2026-05-03T00:00:00+00:00,26.59029783742904,4014.034403218789,112383005.47874358,140481625.69919035,21472.49217339102,21.0,normal,18.242636618012067,16.979116495117967,15.838987342370022,15.681318443104301,15.976240993979143,16.921591745108348,18.442480217042142,20.884136142588517,23.691421295442428,26.557254645834597,29.436675417976133,31.951051065539602,34.60648025156221,35.937108932188245,37.00769276613864,38.19380213640216,37.965700668498734,36.54571748039971,34.63832037511403,32.23816882262808,29.369797004441835,26.557254645834597,23.773511975910967,20.730682617062484
arn:aws:rds:us-east-1:acct:db:db-1219,2026-05-03T00:00:00+00:00,23.770564130757755,3653.7448940163367,83009624.20380887,105581058.50337407,17477.563058554602,17.0,normal,16.011125620034097,14.129817522582453,12.535095787089741,12.110134574396643,12.98140089913618,14.458180473320223,15.524814017241074,17.989988715721044,20.966120260386514,23.851630835387923,26.629463808761226,29.48747667381129,31.525483306956914,33.5262824562721,35.067229658717906,34.69838821958635,34.591309016676675,33.74355039982419,31.691076681662505,29.22423665895467,26.658931350668414,23.851630835387923,21.034840106124005,18.205331259486027
arn:aws:rds:us-east-1:acct:db:db-1025,2026-05-04T00:00:00+00:00,79.68568407335934,46284.13904121706,990507038.888528,1154608327.864681,190115.0324041139,168.0,anomaly,68.83709797942808,66.23893778237917,64.74310416859491,64.62068959986621,64.68254922882502,66.32261754334351,68.63907286595739,72.48751146234912,76.03052820700327,79.77593768181731,83.80065957940258,87.43016349579102,90.38245510523791,92.18737166018187,94.93732369538162,94.23884918461681,94.13299484533754,93.15867674815418,90.36038467335462,87.48632022654527,83.7442056625666,79.77593768181731,75.9433988898657,72.49962979280701
arn:aws:rds:us-east-1:acct:db:db-1026,2026-05-04T00:00:00+00:00,13.499784270814516,52101.119999999995,797655077.7443628,907994597.3515134,148076.50560975066,27.0,anomaly,14.343728514137656,17.440373060687254,12.282295190815118,17.63076252049096,14.672391991197248,17.789744112915685,16.269609795012112,12.155680168356941,16.479470251077124,13.743878870836987,15.49244270612957,13.253364198131406,17.99669551263137,12.361316058388503,16.783773445013484,17.279557238689833,13.749257748194388,14.393799048062762,14.137489952702719,13.897875445057648,12.96046005028365,16.189959165585766,13.54480697694166,15.971625459091559
arn:aws:rds:us-east-1:acct:db:db-1027,2026-05-04T00:00:00+00:00,14.98909033875321,52101.119999999995,732310865.6125772,904126168.7926154,141023.64576574715,31.0,anomaly,13.187962214844024,15.508096062706695,15.13633566760787,13.815329964204707,15.897107868221887,12.949143013143281,12.264195496831567,16.324327057828125,16.52086503981972,16.823873690957072,15.009645554722228,16.834000818646125,17.349226976298105,15.639970645766653,14.908400978982584,13.350221689745096,12.668493149459035,17.84278920357847,13.91385544402051,17.16957904306092,12.596216710284638,17.14690535256099,13.589307634388629,14.321488995139863
arn:aws:rds:us-east-1:acct:db:db-1028,2026-05-04T00:00:00+00:00,25.342782836864462,37260.675678200256,704992617.8378807,793108876.6558805,707302.1373804985,27.0,benign,67.128667652462,60.01959760919921,62.67318244944189,60.59881991822573,66.78300656096128,16.245418280328842,16.482117614096843,16.70634730110598,13.892986650349913,14.50588252067594,15.20735097221884,14.961908128743588,14.662308334881947,15.740254009266046,13.830921787379825,16.495200673949505,16.649523021977938,16.511145381726177,13.322215039283892,15.220769534472144,16.98777692682178,13.121624510860507,13.925627642444493,16.5541355638728
arn:aws:rds:us-east-1:acct:db:db-1064,2026-05-04T00:00:00+00:00,25.81401859945345,40997.95885073717,935111918.9606985,1125725595.9720294,905694.0392475458,30.0,benign,66.83843090726386,62.061084144910566,65.09330230668364,68.12841192791535,66.245838817192,16.04364190662787,13.492389816302381,14.54340058612768,15.333359354642903,16.67787107839041,14.471900457422054,13.959783216217332,16.609810776358806,16.291665393187767,15.787091412867959,15.372084753019347,15.832272674980853,16.259789453883933,14.470940401919517,13.387920191385572,14.750444269794132,15.422103144178074,16.64612199026063,15.816787405350157
arn:aws:rds:us-east-1:acct:db:db-1065,2026-05-04T00:00:00+00:00,18.718643721337973,35940.00161778514,931151677.5842011,9178193255.812521,189158.0951458779,33.0,benign,16.877182844197222,19.943799679262824,46.41461732974015,16.798982861853915,16.777050349130725,17.39654055613933,19.014711609968586,19.36238671924363,16.389980690437845,17.791694231551727,16.165224022052147,16.60953555688786,16.516658165011542,19.713937952867308,18.920104794217497,18.427527293010282,16.259913575131083,17.372980355640653,16.176656395273795,16.407056218707215,16.262130773090618,17.054345147239427,19.594820185397857,16.99961200605803
arn:aws:rds:us-east-1:acct:db:db-1066,2026-05-04T00:00:00+00:00,18.649560511395347,39454.19513530738,892273612.0875988,8801768003.27162,181240.96905391998,36.0,benign,16.489411799149963,17.18378948412797,43.01399350786805,16.782526042818624,16.177725720031763,17.914190552588696,19.468861471717425,16.682315212065113,17.581656262207602,18.86204480035938,16.414959440172566,18.976367105838282,16.140159192724724,17.437839534636932,16.963602937076967,19.137965199422485,18.40957046959565,17.922739579369015,18.955175170694062,16.995607796387958,17.26409449794111,18.058953311717943,17.886204040098285,16.869699144877718
arn:aws:rds:us-east-1:acct:db:db-1159,2026-05-04T00:00:00+00:00,46.12271122978812,10114.669388105782,152186422.6389044,173780496.4602323,28837.94625287488,28.0,normal,35.65257258312875,32.927108066008024,31.13761652318516,31.8613595453045,31.25111944349097,32.81726251169533,35.45113728230468,38.84851099729514,42.186968384028624,46.22687575628163,50.12552165918039,53.71283784099543,56.348225863755744,59.1392992282541,60.971233566337595,61.31763456958875,60.30039762767582,58.87337338062237,56.31729354791117,54.05368717415656,50.01935966892374,46.22687575628163,42.19533466199474,38.9834638765141
arn:aws:rds:us-east-1:acct:db:db-1160,2026-05-04T00:00:00+00:00,46.97772061822888,9762.75003935159,141496842.3755459,170707528.12500322,30383.132253362455,26.0,normal,36.02849837163966,33.632922687787655,32.39160385854577,31.801046802561594,32.95502507380718,33.630094770384936,36.231057341931546,39.83311184599585,43.16979296559398,47.03786162923955,51.010203047527256,54.71849724045652,57.2406459361778,60.40694997399041,61.82853124927538,62.3914598233839,60.93180089588388,60.409666081581186,57.174404071766304,54.30496174767806,50.79026497029697,47.03786162923955,43.03151317246148,39.47751965028669
arn:aws:rds:us-east-1:acct:db:db-1161,2026-05-04T00:00:00+00:00,49.505832577830816,10531.711207775461,148969854.44356915,172909164.4702982,27606.996757203222,29.0,normal,38.8186146982481,36.16207699780638,34.96495107169371,34.6152518427453,34.56045551162262,36.60293109077171,38.78728618735387,41.92688466939012,45.864887531612965,49.66998126471895,53.437320297938285,57.10245593716024,59.98823585215366,62.134527052379006,63.857115119992734,64.23506986503736,64.18308199110359,62.978269779918215,59.96668359549315,57.38157303372983,53.51182835666065,49.66998126471895,45.88778587570329,41.83273297998687
arn:aws:rds:us-east-1:acct:db:db-1162,2026-05-04T00:00:00+00:00,51.3815704159559,10103.727398139688,182863753.0222013,209919324.08949438,35010.90327517518,30.0,normal,40.36784773477809,38.21218242109655,37.458001365301975,36.08660773915568,37.35470355737832,38.25799615728923,40.431479457339705,43.64666277195768,47.619323583852506,51.37918504536373,55.22697700677071,58.762212673743946,61.575134936812006,64.17394506625925,66.11860079010923,65.72086763083084,66.36570095045903,64.5538754004025,62.37796492076342,59.174479914154205,55.427887449704215,51.37918504536373,47.58915196603717,43.89771639801775
arn:aws:rds:us-east-1:acct:db:db-staging-orphan-01,2026-05-04T00:00:00+00:00,2.4126791789983786,26214.4,280898869.9696583,324777265.3011681,57377.47986781236,0.0,anomaly,2.043596189836992,2.000953956716981,1.666567107154004,1.5308978393141064,1.3632517562846376,1.0522922115591267,1.0536207873160808,1.7053243043577622,1.2823002699477155,1.4372717842399407,1.7126583818499608,1.7902476749794416,1.6432746717973552,2.4719975307098636,2.169711533861979,1.5400288681274739,1.9880272814439492,1.1102343706603346,2.1586080181334046,1.937287859758699,2.0486493726055532,2.311633819637707,2.2677071435846665,2.212487009393435
arn:aws:rds:us-east-1:acct:db:db-1215,2026-05-04T00:00:00+00:00,45.432037655684034,4858.685055129029,142084107.595322,163921369.96537164,27831.053612542415,28.0,normal,35.17987855932866,32.09032483888174,30.591702727475127,30.558714201426977,30.622260836511185,32.12666324777766,34.437454685789895,37.79773567862896,41.67262524904155,45.55719672528294,49.354082140703156,53.36193000433711,55.78274890121156,59.10321626240564,60.12840830621238,59.98756325514199,59.72949134289869,58.43964816890699,56.588570930244074,52.81191475258746,49.35589144128407,45.55719672528294,41.77257170790733,37.76111304714866
arn:aws:rds:us-east-1:acct:db:db-1216,2026-05-04T00:00:00+00:00,47.47802311935597,5159.839842183975,146642802.6630024,184604463.7603872,30669.544447527267,28.0,normal,36.51768924765416,34.738734303380575,33.10234244498843,32.73265683654976,32.532745719843945,34.69630908549642,36.54337357616897,39.81143899091321,43.62926978011974,47.550558558531804,51.456705793795265,54.744202929221835,58.60440415669726,60.90271333836855,61.610763440954806,62.46958039030083,61.336571552847225,60.425887319292954,57.79713681625505,55.28838987316069,51.55295524767157,47.550558558531804,43.56811122623207,40.30945567756639
arn:aws:rds:us-east-1:acct:db:db-1217,2026-05-04T00:00:00+00:00,49.81886320573534,5408.481470635485,127874167.58186495,149481892.48306575,26019.067564697485,30.0,normal,38.85958475077476,37.373314767690225,34.87738885801593,34.48956956688892,35.86506328785132,37.21597711639937,39.17111421625275,42.32036407672088,45.87866218098901,49.85028518079245,53.80521914181921,57.052585763627256,60.22346324137328,62.29042464472613,63.65084245087825,64.4694913571634,64.82265275769876,63.16240247111645,60.97546563289942,57.49423304294593,53.577789670211054,49.85028518079245,46.14117838295969,42.235359197061285
arn:aws:rds:us-east-1:acct:db:db-1218,2026-05-04T00:00:00+00:00,50.35861073643506,5253.929084831586,130023846.95665044,157691670.0967593,27155.218682602237,30.0,normal,39.66256235337156,37.58949540339778,35.97701138511455,35.66960405602393,35.731725824012386,37.717821776702145,39.8766515349071,43.209467306010744,46.661220841666356,50.395104773643865,54.151669546121965,58.17604652847392,61.05449132124361,62.92059275839201,64.18898725005096,65.27150476039188,64.19665401865726,63.18590170784815,61.39570523497171,57.52058101461519,54.33751903079669,50.395104773643865,46.58211089188226,42.73912358250172
arn:aws:rds:us-east-1:acct:db:db-1219,2026-05-04T00:00:00+00:00,48.00606022390853,5364.7163260587195,102166732.90661666,123430239.08721754,20631.315403903653,28.0,normal,37.09282269452318,35.44309297919992,33.86769656313864,33.462134646344296,33.15617680524164,35.01107612533865,37.329156584104524,40.20843694442886,44.06297017731873,48.02137314254267,52.09084472924231,55.65193324801782,58.79850983957219,61.42356362211913,62.31841219694552,62.736385833766896,62.36565547450602,60.41119813920302,58.999457338491105,55.51621003568877,51.8805037199169,48.02137314254267,44.070078309294786,40.20638308231634
arn:aws:rds:us-east-1:acct:db:db-1025,2026-05-05T00:00:00+00:00,76.95590172132104,44294.814059469754,979062046.9748482,1118950230.6963832,179209.49044369528,156.0,anomaly,66.41445114372058,64.49407821044521,62.643864022992105,62.57027019207115,62.988083859857056,63.326085280051814,66.71009212937714,69.52050051554846,73.16266228896498,76.85103086664121,80.59193387411241,84.06735656512532,87.80678760299884,89.47561915976499,91.78324047912895,92.48306638936015,90.93919623477356,89.28249017154545,87.70446902820271,84.23116100352613,80.87542718956026,76.85103086664121,72.85884848577277,69.30989575152245
arn:aws:rds:us-east-1:acct:db:db-1026,2026-05-05T00:00:00+00:00,15.177771417240102,53084.16,714474369.7798374,891679726.1283048,147832.8488739488,25.0,anomaly,12.643089845831707,14.041800475291584,13.316885763228308,16.39764815299928,15.824966793970287,13.420494500400695,13.973219169559389,14.34027487336338,13.817306901205162,17.290264725801517,12.972058261266696,17.4110583418447,13.22827194244113,16.84140782409782,14.159894480241142,16.427730288711615,13.18517360584265,14.880467555440864,15.735585738310917,13.542725622354679,15.18469641629642,12.188488588318442,16.1851638746814,12.289379034510864
arn:aws:rds:us-east-1:acct:db:db-1027,2026-05-05T00:00:00+00:00,13.401471954639456,53084.16,670171547.4757237,757373391.2051597,130290.15628396989,26.0,anomaly,15.21097892594127,14.162231939677774,13.902122631186309,16.36769344104311,15.293947288182896,13.635300008481412,17.613218557597094,14.940058716824684,15.30411317863172,14.059369997241815,13.12508253342754,13.548677095297975,14.3595943632833,16.31456319659413,16.235211375400475,16.95123831398653,13.121634307996842,14.656154055446072,17.91201291881922,15.77579228018465,15.598450285657766,16.29660293214487,13.437661251890995,12.75265123589241
arn:aws:rds:us-east-1:acct:db:db-1028,2026-05-05T00:00:00+00:00,25.180640473096517,39770.23259176045,670031362.2130092,860468034.7786064,673032.1087437582,29.0,benign,68.48331363628346,60.072739454071936,61.29409534406085,65.91439078247582,60.65199414213377,15.679969822389808,15.447331251273173,14.680577391488846,14.168611089162589,13.199292665349095,16.447548757900943,16.006193535706974,15.447607234253821,14.782714997877807,16.235655784112755,15.258765371686675,15.95436414646957,16.95690558393272,14.948429839117535,14.021021516589645,14.139452365142365,15.278447547951142,15.871060124589262,13.394888970295833
arn:aws:rds:us-east-1:acct:db:db-1064,2026-05-05T00:00:00+00:00,25.38297099601735,38364.957527083716,906183643.0303123,1052710015.3764678,934423.1163810359,29.0,benign,67.84853846945573,68.65440048859084,63.53596016015396,61.79390906076048,62.756192742869324,13.963193742009318,13.287104217425782,14.008756815912669,15.354214282863033,14.97672521587706,13.952066207294783,16.489752222803347,14.88138001094608,14.855090466039938,16.726217211519135,13.30545751227296,15.733026344762154,16.288098678926506,14.827041290853757,15.323176174949174,15.982096754778528,16.560665773492982,14.582660079599048,13.50557998025985
arn:aws:rds:us-east-1:acct:db:db-1065,2026-05-05T00:00:00+00:00,19.619178053044422,34828.83761278964,868605836.143584,8633303503.592966,180222.04558167054,34.0,benign,17.107887392294636,18.22374117923378,46.5111969463311,19.645137950389266,17.31499546402817,18.941174824184937,18.658592306513235,18.541111604890002,19.48334076054238,19.605150259081196,19.345845512804257,18.045436401263885,19.881023856763516,19.79384055105774,17.899104673678853,18.43002981582609,16.409134623668404,17.170654760107112,17.060214683210884,19.884335480349407,17.651624820012156,19.252567056077737,19.857278384432036,16.14685396632532
arn:aws:rds:us-east-1:acct:db:db-1066,2026-05-05T00:00:00+00:00,19.127283551627535,36343.870140493054,904090904.8022692,8590736831.175737,170755.80023500716,34.0,benign,18.71048741741572,19.584193738519662,46.690499785162814,16.57956007461396,16.43547665699575,16.03289343341914,19.489945627774,18.473111647869388,18.991165325407284,17.96864141156499,17.053409429398734,19.08050644568082,17.978593241344516,17.741684346971326,16.43267761437311,17.99925953473203,19.742766549876347,18.33069921202424,16.772423718694718,19.245966987441623,16.761496884903565,16.71007889882631,17.19476862630336,19.054498629747407
arn:aws:rds:us-east-1:acct:db:db-1159,2026-05-05T00:00:00+00:00,43.411095735361904,9409.50758211721,141904044.28875747,177617982.34555736,29205.15215164545,27.0,normal,32.329554805839656,29.89515700283959,28.729946445548475,28.371513784138816,29.270702467746045,30.924964329674566,32.684571303647026,35.530108107314625,39.41950990831117,43.37932696283857,47.217766913853346,50.70604638795665,54.35949695064244,55.9834968965377,57.42146270334869,59.03956348825497,58.503506580098474,56.97025203107533,53.76709573227167,51.22460795780198,47.28164520955079,43.37932696283857,39.42896523022253,36.047709486334
arn:aws:rds:us-east-1:acct:db:db-1160,2026-05-05T00:00:00+00:00,45.8773784287172,9946.89714477886,149808433.96358815,168983337.66595748,30899.96248178385,28.0,normal,35.387927173505794,32.40750377263398,31.74507871714276,30.854879193738665,31.455138425816198,33.106827225708614,35.592147493396865,38.00935744511164,41.84545588415267,45.820888517216886,49.54775668929552,53.01258479825229,56.76315531412392,58.98017781416597,60.758518092748055,61.14945740270199,59.816289344184426,58.888081442386266,56.64682532924255,53.64956485539736,49.55767003370064,45.820888517216886,42.08750176153113,38.15340704584166
arn:aws:rds:us-east-1:acct:db:db-1161,2026-05-05T00:00:00+00:00,41.436678165603354,9047.062802172923,126231662.1052339,153061526.2165206,24856.776878706616,24.0,normal,30.761685586240915,27.972262147685562,27.201306057704457,26.88945732653289,26.835805874031486,28.651600117900706,30.53532111694934,33.670208532219505,37.70399104687481,41.46512345836455,45.178180940263644,49.28511574573121,52.47637384757285,54.77143804752406,55.73957089929327,55.987952776144795,55.248770309816464,54.89066539635896,51.6728991494778,48.812721134527784,45.35471442837823,41.46512345836455,37.74800559733566,34.16198297918692
arn:aws:rds:us-east-1:acct:db:db-1162,2026-05-05T00:00:00+00:00,46.551193031763894,9736.2591384563,169056951.93249997,210937313.78097716,32699.9013912705,26.0,normal,35.72602554990694,33.61672493628918,31.52703972847148,31.554319263109335,31.90374307514204,33.3405274768158,36.23423087194318,39.050519236029906,42.525818580454256,46.58545900183316,50.60511984492779,53.88795181299562,56.93153132642294,60.18139969988396,60.70669725075382,61.78786531886809,61.08781569999994,60.12250995857657,56.76478580023596,54.07129613586755,50.657930388266244,46.58545900183316,42.54430993070208,39.22955287300449
arn:aws:rds:us-east-1:acct:db:db-staging-orphan-01,2026-05-05T00:00:00+00:00,1.6112080481561064,26214.4,275554655.3810051,335501381.39655966,55772.67045629703,0.0,anomaly,1.2819643062782096,2.2771710810640453,1.725474608735142,2.3270324705139815,2.0075225924125233,2.0082577613111106,1.3555816364678426,1.8307983732921382,1.7687435993166325,1.400943125133934,2.4333026817062895,1.8878028835579888,1.6509139803104904,2.2666641453559917,1.9751108625225542,1.2367053989318053,1.57613048573225,1.6938472727727003,1.8090835595514712,1.3145914078515546,1.0495784890602113,2.013455391945091,1.6153192267177132,2.257641542017202
arn:aws:rds:us-east-1:acct:db:db-1215,2026-05-05T00:00:00+00:00,39.35172113536075,4778.503095293798,138477720.2454444,156782987.28526157,27565.06206760094,23.0,normal,28.313207190539334,26.83857993523502,25.280065821946994,24.363876096953984,24.538783625719738,25.897712322113453,28.665402017139343,31.77176328087362,35.47727004372642,39.30157965969968,43.21894805561458,46.78403130789333,49.50105866232374,52.51859041047321,53.58433473400726,54.616212347402104,54.361630281511175,52.899746296981164,49.71631086426155,46.87313974775949,43.151892826414866,39.30157965969968,35.43805705585599,32.02753500451216
arn:aws:rds:us-east-1:acct:db:db-1216,2026-05-05T00:00:00+00:00,47.2419406004267,5173.281924512843,138327045.88843426,176027035.07793772,30312.32702516446,28.0,normal,37.07114393956884,34.736863250977514,33.36662688467689,32.89456095922227,32.81135007798653,33.84319211251826,36.84361984690791,39.35446261046992,43.296552884425964,47.21332041133084,50.903357982294736,54.452928968969616,57.64902889177168,59.84371057363294,61.405191342305855,62.29383921774093,61.88601551930479,59.575556912028794,57.83970141965381,54.9150715097669,50.91239262985236,47.21332041133084,43.424949884341224,40.05981616916144
arn:aws:rds:us-east-1:acct:db:db-1217,2026-05-05T00:00:00+00:00,44.07115880194941,4870.66467331197,112826358.17541116,139857526.615849,23842.375895142453,26.0,normal,33.10525586382316,31.429014884443497,30.19290225735895,28.995076856674103,29.97744650222302,30.776605178919347,33.29754176947307,36.486236062240216,40.080775163098224,44.059561788727905,48.052493356790784,51.39980556691233,54.41037202223928,56.47337357965809,59.05994755535278,58.46434543912263,59.01365213365053,57.52285381896946,55.04573281493624,51.52208602284069,47.78344635089134,44.059561788727905,40.246015695570975,36.25370877414134
arn:aws:rds:us-east-1:acct:db:db-1218,2026-05-05T00:00:00+00:00,47.37977635832946,5228.809190473292,132515112.4269697,158487900.3000617,26021.148604367107,28.0,normal,36.46484599098939,34.72256336170371,32.90455007597226,31.911259909309084,32.42665601049995,34.74350743839877,37.21313935886549,39.780928779212225,43.439352723658246,47.393298838548674,51.161874213874476,54.577748880605334,58.458553045771616,60.30060191613763,61.78024176440218,62.01369973566611,62.405221082841855,60.248657371552774,57.97082056070335,55.13892025276343,51.128873103934204,47.393298838548674,43.66953939885384,39.86647994709359
arn:aws:rds:us-east-1:acct:db:db-1219,2026-05-05T00:00:00+00:00,42.29766681010271,5042.251090811569,102351444.85496503,126423841.31439777,20208.61357961208,25.0,normal,31.708476378778403,29.494354816280428,28.240049312954348,27.481969642059788,28.27402637219391,29.428843983338176,31.300601372916454,34.664091286670924,38.359938461089385,42.42722960304359,46.30654113432901,50.0098298596827,52.74367126524071,55.41563134028104,56.44700378773742,57.01635538337195,56.24421447154674,55.05500473077338,53.12684263583817,49.56041287536957,46.12165272408283,42.42722960304359,38.525750191671015,34.76428221017159
arn:aws:rds:us-east-1:acct:db:db-1025,2026-05-06T00:00:00+00:00,77.93926921860815,46001.37637746232,1011175545.8995757,1142538766.2731276,200545.00496014813,156.0,anomaly,66.89699765013,64.62411898263225,63.866369051922504,62.455631858458055,63.64600586581469,64.88681722509254,67.7066025394879,70.64704928306426,74.19478365470549,77.94396067691123,81.7639130561841,85.6126353300896,88.09806802513378,90.97451488736323,92.33253514935626,93.29922256590443,92.73763337796646,91.08495821982456,88.54061498604707,85.52251302494142,81.64831211033807,77.94396067691123,74.0291921998207,70.08605084849572
arn:aws:rds:us-east-1:acct:db:db-1026,2026-05-06T00:00:00+00:00,15.486980636567132,54067.2,802176196.1307869,938860040.4089179,154429.10022400253,26.0,anomaly,14.439870704153924,13.83706652568396,15.678943768357215,16.99111493056803,17.902321955501325,12.208868311182192,17.714140621441615,17.10680066703456,12.346992999354855,13.726023468268703,17.87511151692067,17.620438063309162,13.823701725523614,15.176580329411102,16.88511669053898,12.419536486275431,15.675316515716254,13.985898877554131,15.922988692420043,12.7955442463326,12.00337618455672,13.874479692693846,12.034011042711763,15.526353466720064
arn:aws:rds:us-east-1:acct:db:db-1027,2026-05-06T00:00:00+00:00,15.072157227495813,54067.2,721854435.252768,839745181.0238925,150992.44306312656,31.0,anomaly,15.620658291252449,15.39583983595783,17.213246620954244,13.63720631029157,17.35118217113407,13.319955110979226,15.088132347515698,14.591503097879768,14.463602151854591,14.554930828267763,16.27244773357777,15.076903221416535,15.530983364815805,13.342719424455826,12.236387780522648,13.919540548786514,17.68130334203834,12.721777293640422,14.47633640905622,12.333199702944214,16.03644082718724,16.9693425468327,12.370735744764165,15.255039227109426
arn:aws:rds:us-east-1:acct:db:db-1028,2026-05-06T00:00:00+00:00,24.988787385739055,39011.19976197541,682925462.214645,811815998.9233658,704607.1147597446,27.0,benign,61.32631569466768,68.03611223098875,66.20386925126655,62.22880446976941,64.0701796848005,14.092259406743374,14.055370899966235,13.83168254196703,13.330596158439583,16.52927756093941,15.855070787044239,13.90167739724676,13.882622086704105,16.315039336569072,13.02174787169489,14.549089981546572,16.182866853757492,13.415371106122391,13.915868406896827,13.201308651613191,16.201173903605433,15.791774960092988,15.489012104639876,14.303805910654908
arn:aws:rds:us-east-1:acct:db:db-1064,2026-05-06T00:00:00+00:00,25.62713490928772,38121.30981836137,888293969.8015771,1060027410.9572695,927568.0049820731,29.0,benign,65.1533365274644,67.34295297945027,68.63189816057667,69.1366541249337,62.17030964595151,13.314592647461717,16.359953152390425,14.66254865832427,13.219159793018548,13.507736303498417,13.503397994377092,14.605413314776682,14.569591030382584,15.11861744651318,14.45837158387943,15.305489078398853,14.856194455862983,16.917631176716398,15.558228775652255,14.172340378235074,16.268268257387657,15.004827355356374,16.40902736846578,14.804697613831014
arn:aws:rds:us-east-1:acct:db:db-1065,2026-05-06T00:00:00+00:00,18.971951692482047,38643.297350085675,949385652.2303923,9315583657.211796,199328.3870358205,38.0,benign,19.6849242277616,19.91849303762079,41.12469277327521,16.492175313644967,16.672276934364156,16.83933989344429,16.73682318217167,16.28576914276746,19.501700083426854,19.946365751787106,19.415344325987625,19.295024422068348,16.58027799717293,18.35622524927299,18.679462175767952,17.967800205032706,19.428868168363955,18.377760474351824,16.25846703643846,19.950349694880785,16.18658365575172,16.22766314386776,17.18015276962494,18.22030096072305
arn:aws:rds:us-east-1:acct:db:db-1066,2026-05-06T00:00:00+00:00,18.93566547755587,41655.26766672265,907725101.6466256,8628924282.369232,190819.88454031598,39.0,benign,18.358433515514754,18.768313702093778,45.13107342151023,16.778504280808303,19.463748370633173,18.200479425677237,18.781019015970195,18.745125220630584,18.185822506276736,16.751375767775887,16.067967384891908,19.945038917555358,16.294721290578117,16.05254110367895,16.040818102662442,17.98347895310349,19.77141523729251,16.6032922853856,16.578604231417287,17.510334356871333,16.725770260649597,17.89823302079172,18.290281857386002,19.529579232185643
arn:aws:rds:us-east-1:acct:db:db-1159,2026-05-06T00:00:00+00:00,53.76649466663509,10830.420341122215,153770784.66892934,181883367.09706694,29821.886793914473,32.0,normal,43.41415725212673,41.21517888824536,39.41398016094617,38.86166578435619,39.453921927048114,40.22385501958386,43.301696322223144,46.33504084507102,49.81476525572127,53.822794412158636,57.553666687469,61.22467478310045,64.18610037753,67.15550745378108,68.51241715669354,68.34458831931522,68.37509243378129,66.31285219586957,64.28809410710323,60.996855437373185,57.68468368606409,53.822794412158636,50.08374158358604,45.99774749793644
arn:aws:rds:us-east-1:acct:db:db-1160,2026-05-06T00:00:00+00:00,51.6956331712122,10208.900847192366,147189005.33691987,175123406.21214217,31062.734118174045,30.0,normal,41.32334901124703,38.18955052519077,36.723904092328645,37.050045471893156,37.12669050092906,39.268470839547845,40.94569230414113,44.5155794909148,48.01764836419683,51.71470090425788,55.58679267703353,59.02515309479655,62.50610109576161,64.57624568433292,65.75737309900421,66.8894417352272,65.682055452277,64.78260944469912,62.05942935917804,59.13858117241601,55.78417080471728,51.71470090425788,47.735853077066004,44.58105700367835
arn:aws:rds:us-east-1:acct:db:db-1161,2026-05-06T00:00:00+00:00,51.13139962371562,10479.552127667053,152112307.59590474,165755347.65290818,27975.672394798694,29.0,normal,40.514737461006035,37.93079174510795,37.06712248796055,36.12851915982445,36.67144134230954,37.46001747650788,40.24719147034431,43.77760700846872,47.142420691911695,51.08955863074872,54.95909539968215,58.459031188889,62.00300454870279,64.45373750236944,65.52371979355817,66.38210944026028,65.25765224099518,64.47859110698705,62.065046058667015,58.72068918310971,54.880460946415305,51.08955863074872,47.35836847811833,43.49311897648182
arn:aws:rds:us-east-1:acct:db:db-1162,2026-05-06T00:00:00+00:00,52.12947531715746,10511.614835308546,176388830.7904037,208341621.65774295,34956.686669184724,31.0,normal,41.15417053720516,39.36468656921376,37.46135652378913,36.44469246434464,37.277843085031456,39.72881040538465,41.16899105273562,44.28043327083267,48.3082562735714,52.138658258379195,56.12385531395274,59.82951816099479,63.19395137936199,64.9932835458633,66.45046500988934,66.80152851057636,67.27351842832257,65.31296248489905,62.849959385156474,59.7789801967767,55.90546289998425,52.138658258379195,48.281966314685036,44.84539928244948
arn:aws:rds:us-east-1:acct:db:db-staging-orphan-01,2026-05-06T00:00:00+00:00,2.4990314426270905,26214.4,301389916.69195825,348149676.327821,55879.342885484926,1.0,anomaly,2.09962922995753,1.883076025952881,1.2797125177989128,2.4646135735630823,1.3371680826907777,1.3348705109123025,1.298084506707933,1.0784240061832315,2.222583360860955,1.5029754313811863,2.4756094023458006,1.955250286023805,1.975845935701409,2.360937316045182,1.5887196554838885,2.165881153702695,2.1179529577367604,2.440286782620031,1.9778472916577536,1.5377230955257493,1.482048067672366,1.9255889846746945,1.3147130359251729,2.318123297002754
arn:aws:rds:us-east-1:acct:db:db-1215,2026-05-06T00:00:00+00:00,46.37615125070819,5205.784482626593,145230697.5815544,183968086.7119582,28531.294383636672,28.0,normal,36.096170866491356,33.61053502459032,31.380289977226663,30.916471783718936,32.24055196848284,33.23915597364319,35.6431776495725,38.92358905548166,42.66569337171157,46.416664474547304,50.20181502699295,53.75483750693055,57.03482679318986,59.090980354181404,61.50565285003015,61.23520368806751,60.38305991852576,59.455919311645474,57.54671312550199,53.601550444968666,50.26412147068935,46.416664474547304,42.56102209037359,38.84296281588573
arn:aws:rds:us-east-1:acct:db:db-1216,2026-05-06T00:00:00+00:00,47.657321021471056,5459.742839694369,155080245.96275347,172488709.34083688,29454.968186255286,28.0,normal,37.427872410043335,34.28263757696545,33.21236923324415,32.60413281494747,32.55078617751564,34.49927722079932,36.662416380514564,40.20667798228764,43.969152429019516,47.69270389763808,51.38516561531926,55.46820834627901,57.80359604349394,60.129320454916694,62.88649147280786,63.16083303551092,62.80836106678578,60.329637890578226,58.59230273854087,55.05681524676742,51.47986728913394,47.69270389763808,43.91195874395447,39.96241655060366
arn:aws:rds:us-east-1:acct:db:db-1217,2026-05-06T00:00:00+00:00,52.06058121115764,5667.117907067421,129104304.00346532,165696623.51372257,27244.710376455358,33.0,normal,41.214376726315656,38.688212750666565,37.4611181147019,37.58995940588524,36.9227261745365,38.80177865854721,41.1514390004645,44.70035209018906,48.33131232163925,52.0991534602598,56.08770853921845,59.62847370372252,62.63419552989057,65.24000504901487,66.40536019251932,67.79383914854705,66.4588358051314,64.56712593315346,62.99704871463881,59.96659634864321,56.009866215788854,52.0991534602598,48.24116170674868,44.36415001730063
arn:aws:rds:us-east-1:acct:db:db-1218,2026-05-06T00:00:00+00:00,50.725568194679624,5335.857222628684,133957462.80325812,156970534.60637963,27751.00013481956,29.0,normal,39.893030549155526,37.92712727510214,36.41988646779023,35.50344667932764,35.91675065722853,38.26357944374754,39.76498036281964,43.4791060688146,46.856276397291815,50.80225707200833,54.644218915487656,57.963131068518415,61.5716190902398,63.81600070185499,64.57461724710464,65.57742363745612,65.65853753144964,63.48063086380909,61.372351733143056,58.07611717245664,54.84633565605679,50.80225707200833,46.77310662254611,43.43084838689365
arn:aws:rds:us-east-1:acct:db:db-1219,2026-05-06T00:00:00+00:00,45.16897764094201,4911.577380349706,103025840.07460627,127228691.43922281,21294.941134697485,26.0,normal,34.960735781924484,32.51075066340573,31.29497320092392,29.563333448005793,31.186649383077462,32.51393712398647,34.0422302792942,37.695054860172526,41.38577438613692,45.16983627905603,49.12165497531644,52.73190749143661,55.39924352100916,57.86459120189888,59.57936860355429,60.30176049436287,59.81477955547481,57.89133649021287,55.80866982672677,52.642816020330166,48.866497653312905,45.16983627905603,41.10258032723514,37.43714553669774
arn:aws:rds:us-east-1:acct:db:db-1025,2026-05-07T00:00:00+00:00,74.88241108300377,43259.924180989314,893738876.4459279,1078101574.6786659,195052.2219748004,150.0,anomaly,64.6947018423565,61.20557680507071,59.6548338620983,60.554151951919806,59.760246493830664,61.48757764996148,64.76433456710484,67.48718306457724,70.99721499675147,74.84089892969342,78.90113221372789,82.66820815006008,85.6375516247552,88.45407839708665,89.10125910481119,90.13263540306457,89.37864999029827,87.71744363862214,85.56596264282558,82.0014933169058,78.65665254258323,74.84089892969342,71.0337958019052,67.64138407238673
arn:aws:rds:us-east-1:acct:db:db-1026,2026-05-07T00:00:00+00:00,16.02698500808797,55050.240000000005,770052067.4370785,895411179.9656196,157231.52238098142,26.0,anomaly,17.44004457720166,15.404685924690597,13.128461665644526,12.180359440879398,15.244523689365696,13.516586687860096,17.70823160935392,13.495650986140971,14.459830430725994,14.553276674482962,12.164453562115535,16.86079150670667,14.266189155342005,15.060097986279699,17.22477431326965,12.9896518727031,15.057087811916233,12.92934129205107,17.496113554562605,17.248977092301146,15.708750930743786,16.86395449385177,13.088657630899048,16.378798978910396
arn:aws:rds:us-east-1:acct:db:db-1027,2026-05-07T00:00:00+00:00,14.83750226702792,55050.240000000005,629031885.6346776,806587126.4604508,128756.95383378264,25.0,anomaly,14.38192893471745,13.762850475775695,13.261670062041329,14.7281784345222,16.62820453358604,12.768943924822562,13.137268960174179,14.869512328187843,14.275843460901172,15.599767257924423,15.106813105889135,12.020615258692015,16.56248035770684,12.851702388310109,12.625458347341448,12.795052267259809,17.275807838263656,15.601012986944488,15.33434289979148,15.31629897646853,14.000157005071614,16.25747826457978,15.054720311229135,15.557161337424198
arn:aws:rds:us-east-1:acct:db:db-1028,2026-05-07T00:00:00+00:00,25.81993642880353,34054.936833018735,666988903.737535,780024753.2745409,620517.1334472393,23.0,benign,63.79118339053195,69.53996059366483,66.57868791882126,61.48307379890013,66.84051404196352,15.863371153920776,13.206471927316139,15.765476456141968,16.015990623913417,13.738912326190729,16.243032542515085,16.079680352416887,15.295355796255178,14.355333846354549,14.011973043010725,14.220299823046322,15.857044639873305,14.117251716477014,16.690573452096213,15.52018014753357,15.848370253841512,16.44609702570153,16.770471721998174,15.399167698799916
arn:aws:rds:us-east-1:acct:db:db-1064,2026-05-07T00:00:00+00:00,25.546583553930656,37367.210757127985,900503757.5006666,1037243163.1609292,848894.7531962617,26.0,benign,64.05005357006287,66.67786409468137,68.94164745350963,62.93276627291057,69.57065878916629,14.082500582767512,14.634870454964588,14.554848861794694,13.382713179129196,15.45055705149038,13.41510541360562,13.652218128960506,16.21149537476405,14.36305382217635,14.76888191235765,13.470662102989138,14.723299757154068,14.866784600706188,16.53470426228139,15.511898081154014,16.345063477422332,14.789811865250343,16.871673821099737,13.314872363937218
arn:aws:rds:us-east-1:acct:db:db-1065,2026-05-07T00:00:00+00:00,18.790158702118685,35782.04676016633,881646174.7035292,8976657757.257328,170358.4345098201,34.0,benign,18.350277709440423,17.90835712635778,45.783042417490165,17.78145086116499,16.847882852884663,17.436193615212463,16.295548112332035,18.985658867039113,18.65127331043624,17.82974283532076,16.691840589302867,17.272360779226286,16.30017241098221,18.781700367532352,16.110922510527836,19.08332786624183,17.02189552257378,16.562010043766005,16.37198523494321,17.76747508815715,18.12750809259254,19.860356769399825,18.902959614787548,16.23986625313638
arn:aws:rds:us-east-1:acct:db:db-1066,2026-05-07T00:00:00+00:00,19.01742057013253,37491.64324116347,885885197.629815,8724632409.008158,173364.35900895405,37.0,benign,18.842077639814757,17.143656250297003,49.24295441668636,18.299161926473428,16.059997127723516,16.361146852423346,18.87261395958511,17.24028093058599,16.760928721768952,16.782250031504766,17.0615622604867,16.968537845435097,17.500775573520503,18.199788384445007,19.03036856604171,17.79772985672186,17.361504545053116,19.428134392813874,16.692550240975937,19.005291472302154,17.10664868294075,18.05412085422619,18.45439209844864,18.151621052905895
arn:aws:rds:us-east-1:acct:db:db-1159,2026-05-07T00:00:00+00:00,39.476106105917935,8447.489467475341,132560000.00992602,173609166.6174572,26552.28987810005,24.0,normal,28.79539790139411,27.02158912742408,24.61096681333418,24.130539916522928,25.57102505584926,26.740330019936728,29.265437326029257,32.137924237360835,35.58189800890461,39.37234496637466,43.20394766240576,46.84617262796328,50.48895920972013,51.81594381026923,54.573400958509076,54.13126324344929,53.4348754167447,52.40088755731012,50.27570406499156,46.888317754858754,43.08626669901155,39.37234496637466,35.5503018203572,32.130707376934566
arn:aws:rds:us-east-1:acct:db:db-1160,2026-05-07T00:00:00+00:00,43.735352995596585,9854.135578926436,144615401.5883886,167095125.96543398,30426.864537604823,27.0,normal,33.043900208776186,30.211138304245598,29.314828643776227,28.958676570694536,28.70133143471883,30.348527271714378,32.93452087293423,35.96751800803812,40.0671023926434,43.84115545970451,47.547394191282145,51.01906050794009,54.34709786589344,56.7529496889405,57.908360585370026,58.808101735370315,58.6921320184359,57.47924001470343,54.722596120606816,51.3679320572878,47.674123384588974,43.84115545970451,40.08251589053633,36.01711320641181
arn:aws:rds:us-east-1:acct:db:db-1161,2026-05-07T00:00:00+00:00,39.925440931195574,9103.242518942589,133038797.34701137,157237996.40542772,25428.01758558043,25.0,normal,29.62143262933852,27.550893571750656,25.227365651196152,25.34961212141703,24.984459230358446,26.300142697495296,29.561550364311763,32.42703285393663,36.115329328567164,39.89877347332227,43.81672112483392,47.30756728391317,50.581176973937296,52.40035422095326,55.00905923672505,54.26258027881055,54.90984159794133,52.59411075788651,50.8052279009796,47.31866472975285,43.76589741169041,39.89877347332227,36.04301342206695,32.46100201418677
arn:aws:rds:us-east-1:acct:db:db-1162,2026-05-07T00:00:00+00:00,42.053479613505424,9186.96416674767,160489393.52463907,194359912.95029196,33847.34070576287,24.0,normal,31.65479323679113,28.728083456160483,28.220935207682217,26.420950010370525,27.296320883467452,28.950705588051825,31.088699338783314,34.80918110315349,38.1150104941175,42.11828290247561,45.809146541317475,49.38951052439289,52.53206783493432,54.61284991784633,57.08844151905483,57.199314221530805,57.226259208969736,55.23263425118167,52.622102955471675,49.25513002360334,46.083490262401845,42.11828290247561,38.213257741199435,34.4980605986966
arn:aws:rds:us-east-1:acct:db:db-staging-orphan-01,2026-05-07T00:00:00+00:00,1.4555642245721796,26214.4,259744355.56171358,319780413.5230159,54064.96966987186,0.0,anomaly,2.234709984856602,1.917490598427089,2.4295319962349557,1.067963191470521,2.27841290822191,1.0051628449206864,2.034177564893454,1.2319583296663716,2.4675075070337,1.8663640201317553,1.6595880728909558,1.503542538960429,2.3727638015733423,1.3799956617077933,1.938404063778429,1.3759924822794567,2.083142552652965,2.0520466162319524,1.4977812640772767,1.6984908647385293,1.9810732568173681,2.169627773262961,1.6266444727825435,1.5603822754400434
arn:aws:rds:us-east-1:acct:db:db-1215,2026-05-07T00:00:00+00:00,39.84890192283271,4745.9743483594075,131636899.32463448,159127264.4311002,28775.879400066548,24.0,normal,29.088759249,27.332030229528222,25.65031956175192,24.784971945473814,26.011775954138486,27.02024898455764,29.287242704275414,32.178023776527894,36.140260306452944,39.83566985480783,43.854520588656655,47.48803500838481,50.22571972993638,52.67362046387476,54.47158594024258,54.70231023676145,53.65725026139053,52.32626136660506,50.747036890271225,47.6722873278794,43.56263202237231,39.83566985480783,35.77511622165982,32.05229766862801
arn:aws:rds:us-east-1:acct:db:db-1216,2026-05-07T00:00:00+00:00,43.9592312576035,4939.45928980023,140524385.50353962,173365289.32195386,27299.368670501495,25.0,normal,33.900554786633606,31.347704487429134,29.27267706153236,29.721066243242838,28.85629288282795,30.73573156133181,33.863296508328546,36.714354702752416,40.17742727522871,43.980220008096936,48.00245271457826,51.52091925784889,54.390326846612936,56.51879274318384,58.66136511698287,59.035000701421595,58.04755518667213,56.476873633779256,54.19369894895504,51.10522454827074,48.04668322048602,43.980220008096936,40.11834299311886,36.35476874507227
arn:aws:rds:us-east-1:acct:db:db-1217,2026-05-07T00:00:00+00:00,42.0913921984966,4738.590669074432,115869771.1968713,137851735.30342507,22485.666380668226,25.0,normal,31.508558920768685,29.560299877324848,27.865212775216264,27.287638296150536,27.34897228602277,28.5087454604035,31.321836870748193,34.834391465844924,38.13392229382114,42.14719016782473,45.89435180345245,49.7892076774921,52.446657597461694,54.91882578005655,56.690281824915246,56.79681542402616,55.94051972523578,55.492864415033864,52.52336473644938,49.642409877843384,46.18150741875046,42.14719016782473,38.408084048129126,34.80456385312171
arn:aws:rds:us-east-1:acct:db:db-1218,2026-05-07T00:00:00+00:00,48.4455041352219,5077.940224200145,133627606.55219267,156955484.42809278,26618.17184331478,28.0,normal,37.98027933206693,35.60812880710314,33.58944316271177,33.65162076802193,34.21843230330861,35.497627122238896,37.30049352327333,41.2097104720891,44.55733694677113,48.42936046499675,52.481053844952825,56.30195777179798,58.576960248451314,61.712803923862424,62.643520666357894,62.90891515724061,62.89741629342574,61.91140672313066,58.951025842468916,55.65356845742408,52.26853918447564,48.42936046499675,44.65677973540373,41.256358028755514
arn:aws:rds:us-east-1:acct:db:db-1219,2026-05-07T00:00:00+00:00,42.11819285720762,4760.6552326249475,103235236.26870583,120221394.00411786,20070.66469381317,25.0,normal,31.357688876577726,29.535930101288436,27.995579957936542,26.798537768911196,27.491503479773698,28.586518276551168,31.363711954261266,34.33063290794864,38.39660918188256,42.17937941801502,45.9011101937595,49.657291126660816,52.60318253563909,55.202913620687724,56.23930091667647,56.45541501811569,56.144310679447536,55.68967478024328,53.21484290440547,50.0379886284901,46.156138557449815,42.17937941801502,38.29502979462102,35.02395847562507
arn:aws:rds:us-east-1:acct:db:db-1025,2026-05-08T00:00:00+00:00,75.48191315540429,42857.37008368937,861046083.3115225,1088019387.8574426,186046.13931034924,150.0,anomaly,64.62647967083663,62.415207868311924,61.60859774571707,60.62779890295598,61.03478642738549,61.969745030675824,65.27055951730787,67.85592662142456,71.44663964828828,75.49182529575208,79.43427393780331,83.04748511435835,86.57852603077279,88.26239806231612,89.73277005310611,90.82805347634545,89.64676304630689,88.81536574724205,86.14737638187046,82.79026579337079,79.26019879580483,75.49182529575208,71.45135858598238,67.73168868001545
arn:aws:rds:us-east-1:acct:db:db-1026,2026-05-08T00:00:00+00:00,13.87181711716558,56033.28,787072146.87292,947460203.576612,148779.98845464672,27.0,anomaly,15.847600131322634,17.32330518155227,13.453950080146521,15.179737745315368,14.816072042669175,17.849334850589788,14.384675239363464,17.22412640852207,14.474105639867094,17.262111468987424,16.185598039696806,12.851953570348599,15.655766267211476,14.277657526365687,13.807966176976016,12.124281261315094,13.492198872114436,14.166020299770036,12.029515529192384,17.17368328617404,14.526835641771498,15.225507908083229,15.533093847181945,14.255790646040998
arn:aws:rds:us-east-1:acct:db:db-1027,2026-05-08T00:00:00+00:00,13.962053912841926,56033.28,654717150.3818125,816210686.8867404,133408.51292011017,28.0,anomaly,12.628124030481729,15.10853596061012,16.23905045506891,15.370788159668976,14.57956807858176,14.693792561070186,12.009656723685152,14.79309742060785,16.708240315273947,16.01688014961771,17.37097669190024,17.43321435246606,17.5555934199961,13.249662657999652,14.649523328693476,16.53719980806443,15.211749701891682,13.805149453167692,13.498975705157862,17.696554026454937,12.746499943950651,13.877322852070016,17.06660181139194,17.410988492906945
arn:aws:rds:us-east-1:acct:db:db-1028,2026-05-08T00:00:00+00:00,25.576604590758848,35792.51411785408,694950539.360285,786546603.4928899,699937.8227075341,26.0,benign,68.66660257178599,62.03875949973565,64.81368051427714,67.78487794144607,65.26779182429608,14.650046774641456,16.478332800235112,13.57460272916806,14.739940061052929,14.538920616078817,16.399691200214647,14.358691387275943,16.20392938231784,16.40089958571695,13.364260485667437,14.15498278718578,14.897067604823494,14.974760364753898,15.300692611542033,14.10617105597587,14.94930998340122,13.056295217024196,16.487411354366124,16.630791825229654
arn:aws:rds:us-east-1:acct:db:db-1064,2026-05-08T00:00:00+00:00,26.093491864748,34267.73903835158,819206769.7196761,1046595846.9880662,854845.5466062838,25.0,benign,69.89972431131645,67.02280893083498,66.74166055895381,68.15218057328504,65.07775989688231,14.569191786556488,14.715220536906763,16.44969590706669,15.188630273721419,14.650364500012445,13.078741945164545,14.911292891022141,16.902278055308976,16.257923207807043,16.899333801890467,15.055799156805692,15.977368428680762,13.104396111450924,16.58296911056196,15.334312759648398,16.217779511805247,13.839631296166305,16.04199634700067,13.572744855102505
arn:aws:rds:us-east-1:acct:db:db-1065,2026-05-08T00:00:00+00:00,19.06982976913853,34077.41620287135,865703460.8960731,8129663749.93421,172538.26701548137,33.0,benign,19.676410235782388,16.990949184350512,43.46770335943128,17.096708619401703,17.49249979568195,19.9906380740874,18.762451772571254,19.360081121644573,18.54406052076265,17.608514817410207,17.473687147546503,17.94894604036309,16.148713501682852,17.6248231400918,16.965046367630755,18.864979341294543,19.98205502941078,16.76101272891467,19.282869361331215,17.747734606140618,16.47085064313455,18.63127521767006,18.29113546339243,16.49276836959693
arn:aws:rds:us-east-1:acct:db:db-1066,2026-05-08T00:00:00+00:00,19.39304016131259,36021.0553296545,847400839.6457748,7999704195.115479,180675.62250207062,33.0,benign,17.50059980970679,18.253028775943385,48.604673552731356,19.319673959078063,17.667522291733185,18.018798162063632,19.716111873907654,18.483960472365055,18.56885474057663,19.5366520868563,17.99964691830981,17.618801652057403,16.947186527687336,17.567342641571685,18.70000019608141,19.031955535077266,19.042715531822974,18.987725011246926,17.661171371488823,16.334331981038172,17.816820986527354,16.46246021776864,18.36282616728188,17.230103408580458
arn:aws:rds:us-east-1:acct:db:db-1159,2026-05-08T00:00:00+00:00,39.59204726877494,8490.107673904851,137167306.65560225,170841929.74305856,26472.743279083064,25.0,normal,29.49400742582035,26.66031817319932,25.01324565899563,24.191521942980685,25.65149411372616,27.27363804644041,28.86751360950997,32.343508737055615,35.843513663345355,39.6629253652123,43.45769884113068,47.24748284210944,49.94191182153397,52.31624846085363,53.58803557218005,53.939083927782434,53.86758927326089,52.36948611293941,50.28671920058567,47.320645070868494,43.417600352249856,39.6629253652123,35.779991574564896,32.012029299041046
arn:aws:rds:us-east-1:acct:db:db-1160,2026-05-08T00:00:00+00:00,41.5414141690513,8934.052579990077,140457310.96989363,167622986.42209074,28192.766527869477,25.0,normal,31.053239580001996,28.513389899208335,27.47196444616604,26.872444660334963,26.83017642598888,28.168098306334375,30.99645499012285,34.18221042716299,37.54068369364345,41.53235815879984,45.4039275661914,49.253112835293386,51.90033931146477,54.5830921096148,55.64475405607563,56.085292185780645,55.4884597411004,55.120311244594646,52.37966285289214,49.26782682604825,45.4595960670863,41.53235815879984,37.516602587276175,34.19758392724901
arn:aws:rds:us-east-1:acct:db:db-1161,2026-05-08T00:00:00+00:00,45.3880658051048,9280.050407458624,138075980.64701962,157498321.15790904,26060.384661962325,26.0,normal,34.70926767372273,32.107079234153204,30.73848580574662,30.383974210947844,30.78029555911127,32.37695283524934,34.75343432988067,37.86466431767235,41.640802875326166,45.43092027399126,49.18718251945603,52.7461760675823,56.33111595690267,58.20294185243393,59.9441934337282,60.430303015567155,60.229578293804686,58.63255024037015,55.87932365498243,52.64061364540367,49.381707128358215,45.43092027399126,41.455609789265644,38.03548633486751
arn:aws:rds:us-east-1:acct:db:db-1162,2026-05-08T00:00:00+00:00,38.40169120776245,8500.706481070614,161421995.82247478,190400109.8587233,32879.72488266403,22.0,normal,27.92336746408278,25.741002474052497,24.443041210821672,23.831814744149572,24.443915712299567,24.67423520443005,27.941599906174062,30.70485401893987,34.20102422451354,38.25691213736843,42.15710503907987,45.64730219633444,48.83759763994827,51.87274633579889,52.309089331506065,53.753534300541595,53.169399695550936,51.59582683358308,49.2680668995456,45.438905663669104,42.302437603488755,38.25691213736843,34.40365895669617,30.466239256355582
arn:aws:rds:us-east-1:acct:db:db-staging-orphan-01,2026-05-08T00:00:00+00:00,2.1362446055200413,26214.4,288906422.9808589,338802671.68920535,59026.285460367,0.0,anomaly,1.9453143259968686,1.5870198942093294,2.273300147100462,2.22677941894518,1.6871593614477711,2.4951029166075,2.147143262599073,1.175189971572943,1.9718720498612063,1.0567644362463067,2.131441216147345,1.9095137586099227,1.9458050807422855,1.347967137904831,2.1846377991777075,1.8047149950184578,2.4247461730765147,1.0731264666534324,1.757767022102037,2.221312883798452,1.6743746086221818,2.305284269032043,1.3172942132276808,2.2431756063114223
arn:aws:rds:us-east-1:acct:db:db-1215,2026-05-08T00:00:00+00:00,39.94643293438894,4538.21490690319,136891021.73680198,158978621.5872894,26186.663186488648,24.0,normal,29.68277388356327,27.195941179974213,26.01362812803928,25.043959650494173,25.184065987264752,26.98600990247447,29.384959203816003,32.212652184459756,35.87503828042303,39.90950286230118,43.63910769452172,47.6263709225239,50.40958769208019,52.8995025829678,54.15600417222015,54.94433827091441,54.45768191871562,52.32723517768403,51.002403608605434,47.341747340988704,43.96865377015101,39.90950286230118,35.89413375068599,32.64958939816433
arn:aws:rds:us-east-1:acct:db:db-1216,2026-05-08T00:00:00+00:00,43.53214582824947,4772.049053868919,143584240.64171854,166999426.33774465,28373.718955438108,26.0,normal,32.7977217800849,31.077670242515797,28.64391444535953,28.974550641836423,28.40032785476832,30.819148375497452,32.50315009614062,36.22605011631168,39.622413904769395,43.504166031933934,47.33706142695565,51.259738680348406,54.312402405809365,57.11309855925422,57.963900351670794,57.7772652533778,58.342868606113946,56.92048967753418,53.78711024120779,51.20515373256979,47.249637056660376,43.504166031933934,39.528124906313906,35.901369459019115
arn:aws:rds:us-east-1:acct:db:db-1217,2026-05-08T00:00:00+00:00,41.714681562818384,4527.031796880693,112847404.30605514,139404314.72154865,22966.068084508643,25.0,normal,31.30207106901001,28.18935242691029,27.79649491591002,26.334183654521887,27.92789462600754,28.515071384907984,31.26075165091836,33.8756908355105,37.855776210698416,41.70566956936962,45.543845535420715,49.279093940636976,52.28912979870629,54.856894595825494,55.64386661506491,57.0409980872121,56.38599798359242,54.80053817305249,52.50853041380027,49.04845423916079,45.450191147448386,41.70566956936962,37.718476032232935,34.11771503235329
arn:aws:rds:us-east-1:acct:db:db-1218,2026-05-08T00:00:00+00:00,46.3302460627325,5038.297452900335,134176735.365196,157774257.48658213,25836.684708966804,27.0,normal,35.75075900443469,33.212455038650525,31.499858868911023,30.87358268584266,31.844198371510604,33.0262228262208,35.48535324219421,38.87501996895765,42.668625503283714,46.46040418044545,50.158423214056924,53.59036253379098,56.66931759196633,59.59631954781885,60.80114716711393,61.17662639911799,61.62138086026006,59.448405395038165,56.74887371957951,54.084722131749345,50.20340373383831,46.46040418044545,42.65540637326731,39.01463296708553
arn:aws:rds:us-east-1:acct:db:db-1219,2026-05-08T00:00:00+00:00,39.93469089881554,4621.243339380966,96064178.28707135,113539799.50715888,20168.613244051674,25.0,normal,28.9737447456493,27.26047117951354,24.851809373091978,25.38323953307301,25.077004060771444,26.955199986298748,29.100208937861915,32.559249119349126,36.24387816990443,39.98266061787411,43.88997493492737,47.55095908323632,50.3092237205459,52.708167592234574,55.00720030594935,55.37229581794202,54.44392145698598,52.395151078726144,50.660937879706964,47.44146711123579,43.88776794258979,39.98266061787411,36.142877539580674,32.25251076665044
arn:aws:rds:us-east-1:acct:db:db-1025,2026-05-09T00:00:00+00:00,47.948845922565816,25543.34809438371,652214290.0022498,829256509.9011201,129299.94848768951,150.0,anomaly,41.07200220040467,39.19191616908913,38.5,38.5,38.5,39.31531125758138,41.08541382348525,42.89275276850027,45.403232898576015,47.892991021669154,50.494574151888266,53.014904314860175,55.23328843421598,56.13029170744721,57.51471147690103,57.36490985432587,57.67949442490071,56.769411918614075,54.760258272928425,52.9878713800947,50.484044207213316,47.892991021669154,45.22140993952221,42.87052089769262
arn:aws:rds:us-east-1:acct:db:db-1026,2026-05-09T00:00:00+00:00,14.714225301083031,57016.31999999999,520500315.92412335,648585029.7333466,110501.8899982944,11.0,anomaly,14.298113887484474,13.961457828191008,15.114073148580527,17.929410347032345,16.52971112713344,13.522877748570734,14.12682660608458,15.78641269298292,16.5587331923693,13.794097587271338,17.332390475481535,15.250421199580407,14.616851324679198,13.120574635227182,16.608887566407365,15.589273770993167,15.483110387752589,12.758264205550638,15.46125877259993,12.797437416106387,14.246235341288699,17.777286083827263,17.539173993491485,14.679030744192152
arn:aws:rds:us-east-1:acct:db:db-1027,2026-05-09T00:00:00+00:00,15.540513698779012,57016.31999999999,506548715.2141139,576883399.5397886,93434.59291983623,12.0,anomaly,16.769646531080838,13.898324942528804,16.973030597974116,13.676761039412437,16.174310616634482,14.07795473201794,14.094659091062564,14.411661093388371,12.823019734962205,12.333866831232438,12.201378400835154,15.051421689998882,16.12675425154301,14.498765845519738,13.508342883852656,15.205489441442635,13.902905745307576,16.06697383143916,12.77357490658853,14.971042374707826,15.816360498318367,13.485246993823539,12.833117504364104,17.292683120882742
arn:aws:rds:us-east-1:acct:db:db-1028,2026-05-09T00:00:00+00:00,25.452165325257173,21144.220493787474,527537360.89560485,592135936.8348111,488046.97648276563,11.0,benign,60.26744146205522,68.95656894848646,61.02649137861923,60.357432130266524,69.10055590454425,16.14648350262748,13.755128925954395,15.964666085463925,14.905214989528265,13.6021970953313,14.809084292572377,14.580550353167974,16.387759207998446,15.313325883769824,16.977475054767158,16.13529656912313,15.373514690275215,13.228453549688044,16.490140049137015,16.33052624131043,15.759422464899158,15.021446096564874,15.16417130886238,15.198621621159145
arn:aws:rds:us-east-1:acct:db:db-1064,2026-05-09T00:00:00+00:00,25.526017911498254,21826.116999048252,623818220.0316889,777012011.5427748,633996.8524864571,12.0,benign,67.36724189419783,61.01474836483402,68.20425125873624,65.94021959322737,67.97277678982972,14.756194835661464,14.684857721305848,14.474992842481317,14.40382015960725,13.971756907232527,16.978589020434452,13.533139401630692,16.16757953627639,13.042630989221529,14.140034518140096,14.387713179079155,16.07001039326185,15.803886661853566,15.703664998311513,15.659075982199228,15.136121874938894,16.364720208660774,13.793700170832388,13.052702574003996
arn:aws:rds:us-east-1:acct:db:db-1065,2026-05-09T00:00:00+00:00,18.97874168584492,21709.212225025363,676379281.1644019,6366868854.192568,138433.78745897548,20.0,benign,17.03451402600338,19.650514763995538,41.32983058332718,18.043621682640413,17.758307326245593,17.911627085049986,18.483234121366323,18.64376463815842,18.641593693394285,19.104799289106865,19.049172353216328,19.91358361931528,19.357066368067475,18.713632863259708,16.391574728321086,17.88587456485191,17.83967070510112,17.52721705808707,16.969764558304217,16.36063315085151,16.205094067698177,16.181408056903656,17.825372690056547,18.667928466955956
arn:aws:rds:us-east-1:acct:db:db-1066,2026-05-09T00:00:00+00:00,18.81324555706527,19791.492893809314,623289058.53902,5942085725.613697,125406.51522877121,18.0,benign,16.383149264297405,16.079300930264726,42.03115814534692,16.084532914863892,18.49523979313329,19.94927494185299,16.955375166179184,19.977759107221846,19.258570103183658,16.868301123137353,18.30977458617082,17.87116778714718,16.42211558441553,17.46362562951377,16.50148853845322,19.865168491991366,18.337887867025245,16.351319671551995,17.593278436363242,18.457820394691858,18.501547759609203,18.60657381199611,18.609509268714213,16.543954052441396
arn:aws:rds:us-east-1:acct:db:db-1159,2026-05-09T00:00:00+00:00,13.869329206556337,5219.142996761573,105672379.02311622,131203826.13077359,21855.98221880471,12.0,normal,6.162170415950306,5.015120536198115,3.8,3.8,3.8,4.487575811857168,6.341011475686735,8.775356905947532,11.17696959389946,13.814539854421998,16.522319120715252,19.072563893379563,20.89836566320978,22.66758697690856,24.306673607435055,24.846372061895607,23.524182814569283,23.332420359191335,21.425557566794897,19.09192032525851,16.463114711722465,13.814539854421998,11.143752319251238,8.581787088637238
arn:aws:rds:us-east-1:acct:db:db-1160,2026-05-09T00:00:00+00:00,13.263477942281307,5153.9194529092465,103016287.22635196,125955885.14139593,19985.711902826482,11.0,normal,5.977171941504755,4.068697471545134,3.65,3.65,3.8639767330788635,4.908538195584455,6.364630721007526,8.094699391992876,10.74204399903889,13.24504554369386,15.919558221282795,18.29975570325719,20.054825903169466,22.227458211258472,22.67483558074663,22.981821046946813,23.00877022174213,21.927418129003122,20.321485046158596,18.307545995338216,15.846794470082413,13.24504554369386,10.762684748696673,8.180667795928608
arn:aws:rds:us-east-1:acct:db:db-1161,2026-05-09T00:00:00+00:00,15.984675562631532,6039.78427095802,99790023.03522547,126039668.5290158,20463.660666781445,13.0,normal,7.845722648804334,6.25453692040474,5.573775034035305,4.854262177959029,4.644473759377211,6.228636096788429,7.985365699471987,10.276302602717305,13.005413860036759,15.981225621825235,18.883982947902542,21.460702779839732,24.089212408901158,25.36177273934694,26.366587231207458,27.46760827167289,27.06874624722617,26.19095556487634,23.891091662173594,21.67203638959263,18.979815016341202,15.981225621825235,13.137376004997387,10.431386195833113
arn:aws:rds:us-east-1:acct:db:db-1162,2026-05-09T00:00:00+00:00,14.358451764882878,4966.414142189535,121035546.2176976,146266696.5657395,24984.68034287842,10.0,normal,6.219838507623734,5.029699124665284,3.6872174527259127,3.5,3.5,4.170222392012501,6.033115323265211,8.794405346747268,11.340434148210797,14.348300521485491,17.32163206260394,20.124278743046403,22.08864360768333,23.674060470198956,25.247561781847565,25.392523517286126,25.57062697994835,24.10755142761439,22.57651432964704,20.132438420664805,17.403636570902744,14.348300521485491,11.50489555617445,8.486945551349258
arn:aws:rds:us-east-1:acct:db:db-staging-orphan-01,2026-05-09T00:00:00+00:00,1.903366729254648,26214.4,293950283.20951366,348782377.2850855,58737.796025337986,0.0,anomaly,2.4724623809817823,1.0942634896049879,1.9521278039052117,2.2023560509003097,1.8777342482508688,1.6266934266523791,1.3359315225575537,2.003670228058928,1.4231699147726724,2.1818058687015194,1.3270112522921138,1.775287840263751,1.51936885177285,1.638565344630471,1.5972551557480834,1.155460251145743,1.4705077244774993,2.396935975360008,2.2170649366820125,1.6595949621598007,1.0382647276416097,2.3198125457135528,1.1475507446236806,1.8873220090605431
arn:aws:rds:us-east-1:acct:db:db-1215,2026-05-09T00:00:00+00:00,16.75060359450441,2866.8539520037284,104004649.34209098,125637027.30879708,20601.41852258327,12.0,normal,8.507103485313745,7.284034549032015,5.959171356510862,5.78369805658376,5.476377517567675,7.056652556542633,8.925000758646465,11.327828566488751,13.90116539401463,16.680056212947818,19.596078601229774,22.410563841590093,24.686667823924232,26.448025533190037,27.379729972336865,28.20509705696114,27.468994150217245,26.889711136409257,24.31869064480382,22.30912259391991,19.72862790453858,16.680056212947818,13.750668039411671,11.241364302977011
arn:aws:rds:us-east-1:acct:db:db-1216,2026-05-09T00:00:00+00:00,14.459164836869967,2733.6973030707754,106933295.93552825,118174732.84580134,20220.845759398027,10.0,normal,6.637580068568573,4.427807970153788,4.125995045703316,3.5,3.5,5.124430320986637,6.273748057809547,8.686849117580786,11.523127654656413,14.480207897039577,17.468916503912972,20.34131651048658,22.13294589301192,23.821920419841437,25.036923258106455,25.69016359155426,24.805858384895508,24.058646343948716,22.512074995434574,20.146471185075477,17.50012900943345,14.480207897039577,11.696314509894663,9.04832144974497
arn:aws:rds:us-east-1:acct:db:db-1217,2026-05-09T00:00:00+00:00,15.477973082238815,2952.430538602205,87279309.52535129,110141535.15938392,18286.45510813415,13.0,normal,7.1721028256965935,5.503551692488367,4.77895317028767,3.95,5.172653800306579,5.281736071359941,7.164849297461619,10.119038829427854,12.667607518557139,15.501029363905662,18.464510497666886,21.172053847853245,23.340128490329338,25.089490266855336,26.43843208484019,27.117419045303503,25.88533235295768,25.192644579266545,23.796009401717736,20.887511051452993,18.552464420427146,15.501029363905662,12.657924077396213,10.064881924267638
arn:aws:rds:us-east-1:acct:db:db-1218,2026-05-09T00:00:00+00:00,13.694967784506378,2558.7595148075516,94653159.84357613,106837394.68545425,17402.877245329793,12.0,normal,6.285559490788216,4.305229825196932,4.058740799313069,3.8,3.9790490929877427,5.007135575886552,6.415874890305733,8.397021671036825,10.94843040184194,13.66844587628178,16.29902874368264,18.68771132339305,21.188146225319745,22.92126096076912,23.363235117967204,23.892966781035156,23.207005426047548,22.863008239566536,21.058630010820064,18.99939751776237,16.249298802416263,13.66844587628178,11.07068141761333,8.344922761839452
arn:aws:rds:us-east-1:acct:db:db-1219,2026-05-09T00:00:00+00:00,12.765287338269255,2816.6156893727375,75071242.83121195,85931602.46461767,14609.647436750456,10.0,normal,5.6813004331043,4.360329278765686,3.5,3.5,3.763601219018819,3.967436601632566,5.956277744691903,7.850547411455374,10.134749930281759,12.700351173447558,15.225352485381654,17.769440067767636,19.84466321543728,21.07173314653902,22.40726872311859,22.198364734270932,22.234801287361705,21.128446701179833,19.730843989295543,17.687350813457613,15.192371036300324,12.700351173447558,10.100869524364679,7.660445428141861
arn:aws:rds:us-east-1:acct:db:db-1025,2026-05-10T00:00:00+00:00,60.85354571187987,35120.01575326616,838877592.3096296,993986481.098599,165425.7617391023,150.0,anomaly,53.195152630753185,51.51305127358707,50.29034270980701,49.438830094099,50.102386992947544,51.23217370271905,53.13953395999806,55.44495012518507,57.85708893920271,60.80630198798938,63.76266937254839,66.15081372426005,68.4232180793836,70.63777432086576,71.23308260408498,71.77831071651633,71.72496668785644,71.02488190808893,68.5577947985811,66.43596759712845,63.74442595135166,60.80630198798938,57.801531851721734,55.3835450684519
arn:aws:rds:us-east-1:acct:db:db-1026,2026-05-10T00:00:00+00:00,13.70890482486718,57999.36,674268039.5661739,845813267.9748315,135386.03126347694,22.0,anomaly,13.083740578548266,17.871131382789443,13.395502837990078,13.259878651204005,17.63784128143788,13.265171823452928,14.720708695846255,17.55163086678252,12.33554561080058,17.850958731296345,17.71128023901623,17.195816706554247,14.163761856429776,15.563908543270275,16.462153519495196,17.302047142830144,13.414308647126573,12.205727829809009,12.986966769456638,17.905584239709523,12.70903304779717,14.337124685206065,12.862913268574827,14.953405977166831
arn:aws:rds:us-east-1:acct:db:db-1027,2026-05-10T00:00:00+00:00,14.618332589652173,57999.36,622349686.6907817,756344213.7678182,126444.52287514131,21.0,anomaly,12.957861905289871,15.00720260793765,17.039775388195324,16.004133049143604,15.681678920844249,17.70093883354052,17.17106731688021,16.19635406273293,12.572292475313208,12.877378667042578,15.439281502011376,16.32795109744528,14.42614588635896,15.802791532338286,15.553505965674532,14.544667882736414,12.720944677649541,12.27933069492777,12.526303639787054,13.599530263367424,15.684879837991645,12.41361486135654,14.865367171938157,14.533019084520015
arn:aws:rds:us-east-1:acct:db:db-1028,2026-05-10T00:00:00+00:00,25.108226269125765,30997.558363598848,619492445.4745451,714417270.3584232,598960.8732784067,21.0,benign,60.72397357068896,67.9030387918162,68.86104715456126,63.40591502347412,61.12644496708315,14.79007393641637,13.326516967919273,15.604367018350525,14.236379229754409,15.439055719446783,13.602477333346508,15.569600826077169,13.100328723973494,15.246395651058405,16.784631644975146,14.512324123987046,13.33767716571388,14.456379557204322,13.136882965674673,16.22635177757342,13.443238616342313,16.7105503087009,14.65849731352564,16.395282071354416
arn:aws:rds:us-east-1:acct:db:db-1064,2026-05-10T00:00:00+00:00,25.477504922799017,27699.929414370486,747431265.6006476,933420198.2321637,781247.4766331166,20.0,benign,68.87201485038119,65.13265788538573,60.68246565178698,62.73964200248518,67.8803963493102,15.85413529919649,13.725520958582436,14.557605238223461,15.862818068389874,14.331890174330692,16.481112354147484,14.541810880860993,13.23112749241701,16.133989294320404,15.391786775616776,14.103669315006645,15.565325016017567,15.68646374895692,16.46508062336474,15.043623651426177,13.92715503312991,13.508356727823402,16.507758694192358,15.23371206182388
arn:aws:rds:us-east-1:acct:db:db-1065,2026-05-10T00:00:00+00:00,19.623538149212916,31644.622290703977,814191347.8979145,7762566513.275243,161607.52029104935,31.0,benign,17.89547556344699,19.25076502006623,48.165710748283566,18.085501485276172,19.271319755991833,19.665595742898212,18.792472907627644,19.704891014692038,18.459326283735876,17.256251199949254,16.16653640588605,19.785796532234784,18.755187815639946,18.88873253133388,16.260195872813977,19.356874939161923,19.634911542125856,18.191462195431853,19.024608597828514,19.38270796589176,18.2763448646562,18.29719537745961,16.09566202247241,16.30138919620543
arn:aws:rds:us-east-1:acct:db:db-1066,2026-05-10T00:00:00+00:00,19.07825999254415,31851.066169490405,822695872.555864,8072823567.368519,166623.80243786622,30.0,benign,17.440818771550497,18.411028914691467,48.4962492977453,19.77855074462504,18.772676929756113,16.697606302935267,17.837461719231214,17.91772909461052,19.341757860408507,17.36116659863861,16.89056956356746,18.18890132292068,17.452868959895596,18.868272429518026,16.36231689613212,19.71158132347407,16.0664256114463,16.257019107792303,17.9382634083595,18.979014088018488,19.186574877870463,17.01170387478638,16.15713583973711,16.75254628334857
arn:aws:rds:us-east-1:acct:db:db-1159,2026-05-10T00:00:00+00:00,25.13029798521637,7680.847897904421,125183197.19092351,158880789.93718672,24398.95716277912,20.0,normal,17.463884114577137,15.156779727482121,14.142724757897017,14.37458191996448,14.267314996571614,15.553296663651675,17.116238756481522,19.50106753279195,22.284409657805494,25.08253165017376,28.055927798206593,30.714531687276626,32.85403940602227,34.58960800005683,36.122437865017865,36.09233893978032,35.99374126396924,34.951236891814695,33.41132431531736,30.694395270246126,27.956702915488258,25.08253165017376,22.28317514578157,19.38233071864463
arn:aws:rds:us-east-1:acct:db:db-1160,2026-05-10T00:00:00+00:00,30.353594370799023,8593.800710727823,133389348.4840223,160321361.68358484,27094.716007229363,22.0,normal,22.501149667277478,20.36575248591897,19.791806829539027,18.80891256821229,19.338121919130483,20.20904585775892,22.096675428503733,24.738442673380167,27.519592455439625,30.42015313463732,33.465226881170295,36.040938705415314,38.01934568266125,40.20633216630375,41.258558954131324,41.72713190838807,41.035634463364985,40.06823613689366,38.6457364506434,36.1009853318119,33.26473457773251,30.42015313463732,27.47868357609391,24.964913910130885
arn:aws:rds:us-east-1:acct:db:db-1161,2026-05-10T00:00:00+00:00,28.854880037577754,8294.886446069178,128809823.48979883,149204041.5484022,23661.468773749108,23.0,normal,21.15009440653088,19.314206278091707,17.490003543720817,17.64673871804092,18.383853402127148,18.85281837937895,21.13584633378108,23.18009532762957,26.036105959543804,28.809551427924962,31.823271610855315,34.66168028471893,36.825073035230446,38.2342601443889,39.5677323077596,40.43078735429992,39.76746879094759,38.13836829617193,37.07918068411881,34.29205156755165,31.81081740559703,28.809551427924962,25.83223489641369,23.24532931911747
arn:aws:rds:us-east-1:acct:db:db-1162,2026-05-10T00:00:00+00:00,25.90683182014804,7823.350333828935,147238064.93922102,175100793.80452523,29778.259486755025,21.0,normal,18.217870113710443,16.47836680765062,14.96402557701944,14.737534364757503,15.205906210928545,16.198993421436782,17.83496112826418,20.351282463748056,22.98548679043469,25.878215159448434,28.654022267644255,31.386087828645515,33.941780940822994,35.734041033673165,36.762452823948514,37.10320060643452,36.39079828035419,35.64974455755894,33.887022522448724,31.45643299657147,28.904810851383893,25.878215159448434,23.070056941288236,20.092654835931445
arn:aws:rds:us-east-1:acct:db:db-staging-orphan-01,2026-05-10T00:00:00+00:00,1.895318293118664,26214.4,292014052.43076986,331385119.7974303,59894.95789964792,0.0,anomaly,1.448406992252235,2.270885411898556,2.0847819594090886,1.7937153269836845,1.4367286856626071,2.256888344864776,1.720693943359776,2.1216555553363445,2.1633833180981124,2.197142517378229,1.570457777806376,1.8339550837742968,2.018953656065661,1.226112752930422,1.7447359742833366,2.1506142744676313,1.963958989754303,1.7468534240388227,1.0666634816186282,1.5526487826868367,1.9259643540581783,1.9460092233092487,2.3031690486173226,1.9617098192325364
arn:aws:rds:us-east-1:acct:db:db-1215,2026-05-10T00:00:00+00:00,25.89302331181861,4080.0571644683932,120419194.61898366,148987170.72003636,25716.868269030772,22.0,normal,17.67026143172068,16.333491098857202,15.493801090587851,14.078083876465413,14.561028166975401,16.431752061515294,18.253585721701363,20.41941254210935,22.941541511616595,25.87208244872418,28.689385600320318,31.587343118566306,33.88395552635256,35.45120812735422,37.253059406840904,36.74064750752516,36.96148581708421,36.058174772911165,33.56621393875394,31.374897056379698,28.6989697883355,25.87208244872418,22.824236846801814,20.415859577423273
arn:aws:rds:us-east-1:acct:db:db-1216,2026-05-10T00:00:00+00:00,29.147446700324092,4376.8494962443165,131808920.4216849,164460070.90126762,27459.96545408721,23.0,normal,21.333430685398934,19.096710146202675,18.595153494545702,17.60096527023339,18.22299789476184,19.030202656319855,21.45724709250217,23.644775091923986,26.406992958298044,29.174338899095535,32.071524468390116,34.69094806292367,37.42643150073537,38.78499265544501,40.07666724017909,39.90241700650926,40.20276267164467,39.0663310506741,36.8258791407676,34.77543901144908,32.11000245005084,29.174338899095535,26.345540953397975,23.522631507233807
arn:aws:rds:us-east-1:acct:db:db-1217,2026-05-10T00:00:00+00:00,31.1214158020682,4376.623049698388,110109164.75110541,135681521.2002939,21807.236242250514,23.0,normal,22.815747840840356,21.77436172929629,20.25706055158981,19.869781531908075,19.964505702063374,21.240130438292336,23.18408636139028,25.661298945594826,28.25624685799956,31.074866575497875,33.85219658204542,36.61378044152062,39.16345856125011,40.797730196210765,41.77405960063674,42.87057461999294,42.2850495318187,40.5627540963621,39.32643029795365,36.978136922767035,33.96517874295285,31.074866575497875,28.276852237309793,25.27482430884545
arn:aws:rds:us-east-1:acct:db:db-1218,2026-05-10T00:00:00+00:00,27.25893274265635,3920.617052183047,113701068.06584646,129749465.97123127,21948.374834003826,19.0,normal,19.079767688698947,17.517393865111416,16.86149037857674,16.458606211056075,16.761389173389986,17.345520778532148,19.11902663734598,21.462016975797276,24.196369722094047,27.245378812622953,30.080285288568497,32.744086896220864,34.841481066267036,36.594576745209686,37.76022310032514,38.766167889575385,38.41365386577901,37.01758965192673,35.31653573651423,33.07644231682926,30.264571884023198,27.245378812622953,24.320815072071778,21.725617254593054
arn:aws:rds:us-east-1:acct:db:db-1219,2026-05-10T00:00:00+00:00,26.216742106001902,3955.172246811495,87928049.21958567,108987041.76206018,18634.126683808903,20.0,normal,18.370007473678147,16.41346483132409,15.180298458418871,15.259295633652265,15.23787586451171,16.656915945091832,18.24484871215065,20.585259437307503,23.16911818307812,26.194619684539376,29.193437909112593,31.80651307273421,34.47868759183988,36.07105032461641,36.548181122311775,37.4647733297302,37.546725802923724,35.682713744756526,33.76108099527029,31.829109037130706,29.245957020302498,26.194619684539376,23.3827009628288,20.684555722196095
arn:aws:rds:us-east-1:acct:db:db-1025,2026-05-11T00:00:00+00:00,86.28561495709201,51647.4798861468,1024563553.2850167,1242069038.9873593,209971.71367687368,192.0,anomaly,75.64137916610412,73.84284813413308,72.35645540426977,71.14934331432319,71.57805109304994,72.81078583935542,75.18404251056478,79.0339412499044,82.33105400816558,86.23162263406226,90.22648169180019,93.41252185697246,96.85350740998547,98.0,98.0,98.0,98.0,98.0,96.97532608883084,94.01628901518993,90.12491810463317,86.23162263406226,82.3052612519274,78.81844287327381
arn:aws:rds:us-east-1:acct:db:db-1026,2026-05-11T00:00:00+00:00,16.989187584758863,58982.399999999994,866638875.8018157,987677202.522231,173073.23607553836,32.0,anomaly,16.568282725137653,12.490332954426943,14.361878168238379,16.44687511919565,15.841784255155762,17.07696260270662,16.121020215476708,16.517281785632374,16.065405948340654,12.288765935837668,15.930078136905543,14.967433400829172,12.09737140320646,12.000136322563472,16.802455164430853,16.255045098988013,13.105591046513121,12.704967136738073,14.064182316499569,15.084655167349684,17.872968540922628,13.878355605656443,12.703116978959475,17.56915466979363
arn:aws:rds:us-east-1:acct:db:db-1027,2026-05-11T00:00:00+00:00,15.750719685794593,58982.399999999994,759697708.9836568,893880073.9288266,142347.65301046768,33.0,anomaly,15.420633150113275,14.086147490749065,16.85274762676741,15.67238467145944,17.267940940137695,13.379395733765282,15.507265581160482,15.849535439517755,14.935779893938959,17.26603121670467,13.285974392105524,16.03800547168207,15.946771447942618,14.2783486179841,17.337602533602205,17.096342588629454,16.34911493684686,14.263551102132846,17.38735802631753,17.12288144357312,16.059433424697268,15.876701242445792,14.06804696510842,15.41415217088096
arn:aws:rds:us-east-1:acct:db:db-1028,2026-05-11T00:00:00+00:00,25.34982304567575,41357.17075395946,691657563.2445391,885808711.8318558,717227.5046405443,31.0,benign,67.75577980439634,63.904719311339605,60.96938094751123,64.24287277991652,66.90475701620284,13.33641976684389,14.837617838558337,14.738725479754423,13.619047053783827,15.620314133548664,14.4165955300541,15.601554042871118,14.428260551936692,16.374508698060794,14.684710676594026,15.130659660963115,13.694172441490236,16.292675550161512,15.474293101535824,16.537180786443543,13.703233031626748,15.361514080766412,16.675599978032878,14.091160833825345
arn:aws:rds:us-east-1:acct:db:db-1064,2026-05-11T00:00:00+00:00,25.254713039278148,42260.186383043685,943828123.3562944,1140523034.7663882,947670.9091718474,32.0,benign,63.202473115950504,64.07632743213956,63.426388156548434,65.1898511829514,64.28517202058131,15.124937720075398,16.947489960161505,16.403597651579076,15.394238170113061,15.565731042671546,14.587718768860679,14.65858802555514,14.298279970741955,15.131733384666434,13.060603984482503,14.38812220629481,14.661792110081326,15.137682673884939,15.434849308102912,14.786833497377968,16.985123386900494,15.573916103530507,13.997095695883612,13.794567373540435
arn:aws:rds:us-east-1:acct:db:db-1065,2026-05-11T00:00:00+00:00,18.920998496594265,38878.38319468505,974094392.1315434,9646780847.764368,196165.89891444825,37.0,benign,18.258256409625133,17.794767372048092,46.18132442142394,16.811158082930575,17.605019214218085,16.077001204458046,18.353599255317295,17.340286410945893,17.166230851410432,19.67480022172949,16.468733184741897,19.34600446875763,16.17021015272852,19.831532318879642,17.71734747449321,16.169803498254034,18.966458732784723,17.86546288585361,18.708976643601336,16.68292237254308,16.04863556052613,18.366935991085313,16.768674971116972,19.729822218789334
arn:aws:rds:us-east-1:acct:db:db-1066,2026-05-11T00:00:00+00:00,19.002089263214902,41127.17372032514,924599403.1805016,9634331390.477083,191678.2679694017,41.0,benign,16.801055663811198,16.97408191882836,46.71066250514554,18.387661095626754,19.215270927737834,19.40985310998837,17.06005857018287,16.151199941688333,17.042364147601518,17.116096187342944,19.94713698629869,18.345550601695592,17.896692600550985,19.664198192291103,16.70507156195376,17.330339603870826,18.116725883413963,17.630555315096608,17.809230399868,16.453195836603445,19.03703778409632,16.298078093196267,17.242057087714002,18.705968302554382
arn:aws:rds:us-east-1:acct:db:db-1159,2026-05-11T00:00:00+00:00,50.237530643845005,10083.57685718208,153340034.3429447,190721222.90614024,31038.6551689105,29.0,normal,39.54966980008813,36.689257718271364,35.85006840011243,34.989550900092176,35.236528446831244,37.20429043076627,39.45803236608762,43.077526287847455,46.553423228355086,50.328082451092804,54.33947454608428,57.681174527075875,60.69401236189811,62.85659928659348,64.8906534072835,65.34008860794707,64.98606608360998,63.94857577249942,60.466992565213374,57.586854548622306,54.0762958231917,50.328082451092804,46.618248313386026,42.951187128237514
arn:aws:rds:us-east-1:acct:db:db-1160,2026-05-11T00:00:00+00:00,50.03956909052058,10549.878129641005,156145576.1498773,194157656.47343877,30331.759799089556,30.0,normal,39.48997357153929,37.287615728587085,34.820086126662375,34.54476950061224,35.75655471198504,37.55625737374488,39.582962075511155,42.238556942011016,46.31905641648082,50.02958792231369,54.03093645045649,57.45184478391923,61.08176385545264,62.84264951539031,64.88016058966676,65.041769117543,64.30173145035286,62.68456131042817,60.421647179227016,57.619839055276955,54.057118963398366,50.02958792231369,46.20354646804687,42.677081141573794
arn:aws:rds:us-east-1:acct:db:db-1161,2026-05-11T00:00:00+00:00,51.42705091617407,10350.938407115706,147537932.71905553,179208155.37013027,29756.241309237015,31.0,normal,40.8349235301197,37.86874643949668,37.33082103167883,35.849277176338965,37.6705005320778,38.99784966682442,40.41437012271414,43.68112876492865,47.725375452412145,51.44215793922997,55.17928931049207,58.78119120052684,62.03235769829535,64.08185128372051,66.53693086308556,66.80406802920349,65.80586427413007,63.996751858383924,62.0229445345252,59.218006536288584,55.14238402251441,51.44215793922997,47.51968124884694,43.87059253311342
arn:aws:rds:us-east-1:acct:db:db-1162,2026-05-11T00:00:00+00:00,48.39570048504364,10120.722576116059,184119837.2421883,217498804.47515082,34774.87651676876,30.0,normal,37.81146790543697,35.07745273311184,34.17664599414237,32.66031389881336,33.611685262013566,35.74766868713675,38.15098010192953,41.11736154807704,44.56098559015228,48.39672993883049,52.14893183894104,56.197674425282955,58.47950450375211,60.7934688521873,62.909144593042775,64.00844735254125,63.2768345490081,61.6761884505714,58.8208063967722,55.56700791839514,52.165296040618905,48.39672993883049,44.57060048620204,41.17488463525745
arn:aws:rds:us-east-1:acct:db:db-staging-orphan-01,2026-05-11T00:00:00+00:00,1.9624260476821032,26214.4,278029390.2081319,340625057.3293132,59449.94506640347,0.0,anomaly,2.034834429060014,1.7604423686708528,1.3734411979593646,1.4980554548576426,1.195659439077336,2.054170584149049,1.5259361285904265,1.4327289171590898,1.8405237278491033,1.8198725571399472,2.0777975370150115,1.354731367311096,1.2482053705105531,2.2142475981504743,1.8039999663434707,1.5246557555303017,1.643946674298971,1.6420526306066063,1.9711467005544883,2.1011351405786494,2.400580188705389,1.5642943827895213,1.8506301681074628,1.376137837073625
arn:aws:rds:us-east-1:acct:db:db-1215,2026-05-11T00:00:00+00:00,52.31680974088972,5687.043620745635,151968809.96020797,184583226.07809064,29969.19478183042,32.0,normal,41.85610410488253,39.774276635182005,38.36586931893525,36.72493332946098,37.736999170761145,39.130859591385345,41.36846066633469,45.14225301761711,48.61191358605551,52.31211417650709,56.04467964475627,60.00498495576239,63.037194861833385,65.85941176128601,66.66613621886495,67.0490525883224,66.79882889289274,65.9060080390676,62.43707174387226,59.64967438567998,56.05812955796321,52.31211417650709,48.30954397786126,44.44681937956201
arn:aws:rds:us-east-1:acct:db:db-1216,2026-05-11T00:00:00+00:00,47.07740521423723,5244.694221103664,153485782.5382502,182232569.4483254,29720.17620637763,28.0,normal,36.76385981590165,34.10801868218917,32.740982166512374,31.628228671713416,32.00901284019569,34.407680711309645,36.400308308633925,39.5534660380285,43.32574837711154,47.20827800788027,50.9269440814038,54.71453147262434,57.68136875869961,59.86525052057405,61.02729549891541,62.444639320638245,62.17212808871429,60.03577307577693,57.483779227086316,54.536154807433306,50.90339711256183,47.20827800788027,43.15583353265225,39.55676801725671
arn:aws:rds:us-east-1:acct:db:db-1217,2026-05-11T00:00:00+00:00,51.69375155521118,5809.524866910432,130886433.79861955,166156816.72910953,27217.174931025274,31.0,normal,41.477863597716826,38.523193919485315,36.84808781970568,36.25408415236971,36.72857012783417,38.6183672427912,41.215034562921026,44.06744412404618,47.873756123024826,51.739131797040606,55.67692928857047,59.41173634470397,62.08175980251181,64.93020681116461,65.50839128492629,67.35103413616942,66.20189986237673,64.53617998041268,62.675478019637936,59.53860140665847,55.80622394492465,51.739131797040606,47.893377573398894,43.95355360563632
arn:aws:rds:us-east-1:acct:db:db-1218,2026-05-11T00:00:00+00:00,51.13677691406523,5591.853542998505,137913389.65205953,162947853.66267434,27031.157710054245,30.0,normal,40.05265969591951,38.37316590443678,36.23496709508814,36.79411210750547,36.05161101876447,37.54829955569857,41.02277099891603,43.541509416629125,47.08511645837497,51.1278760913474,55.112504453247666,58.72317739507622,62.117639716307785,64.00411853325433,65.00935611162302,66.81680531484707,65.7035980955694,64.25370071902277,62.07830723354418,58.95452908284767,54.876847367924995,51.1278760913474,47.086652315993064,43.58544516427956
arn:aws:rds:us-east-1:acct:db:db-1219,2026-05-11T00:00:00+00:00,51.33057718507084,5660.860677318708,117218550.8106639,135387715.0471506,23084.586797083688,31.0,normal,40.290214445236835,38.387968795486145,37.08612106424151,36.66581243883295,36.59264497845448,38.73708400941278,40.74258617409478,44.20677426393175,47.317424896731715,51.36573181211571,55.30775823788883,58.75263254957571,61.57546381705327,63.99287605268857,66.54290455965003,65.90218062475152,65.19536196485916,64.17589734603318,62.43357083609321,59.020754550846355,55.09817399776062,51.36573181211571,47.60940492706801,43.5687782867772
arn:aws:rds:us-east-1:acct:db:db-1025,2026-05-12T00:00:00+00:00,80.66123709871431,45566.747339504946,952280311.7988337,1201481873.5291033,194534.63156611857,168.0,anomaly,70.45359731195404,67.61985966477104,65.817813770976,65.9813825125586,66.04086686956833,68.10426595830818,69.87104415306888,72.91212909207289,76.75390881125242,80.76835104614946,84.51536412849586,87.94016857923891,90.91820875772362,93.37743061414933,94.97541510450475,96.30992483214534,94.77349009308733,93.59241124922187,90.86509298376059,88.44618917487671,84.69595040965955,80.76835104614946,77.03383563449592,73.33463857095437
arn:aws:rds:us-east-1:acct:db:db-1026,2026-05-12T00:00:00+00:00,15.525476337298718,59965.44,725575388.0120544,883030138.3086803,154513.5372500032,26.0,anomaly,16.019470089040404,15.749388302174825,12.061719565380349,15.633406169789048,13.698257723624465,13.530653506935094,12.1466148894477,12.454878665588613,14.17284142391544,12.732638489357782,16.397735847683656,13.942026202782536,16.93681330401808,13.175074345183804,17.183182531934907,16.42655202854159,15.788927465731811,13.502891324601878,17.328892260809027,12.225982571490514,15.142883605564366,12.474871402727933,12.612222131883147,17.20649799094127
arn:aws:rds:us-east-1:acct:db:db-1027,2026-05-12T00:00:00+00:00,14.066292488694494,59965.44,679366637.6220177,777443730.7891508,132293.57622431862,26.0,anomaly,15.15300350284723,14.775163210311927,13.453626216624635,17.576488613524067,15.107129778437468,13.23464768966515,16.194375924340733,16.358686029002207,15.500394712556714,15.197010455408005,15.900525668565347,15.295701764802603,12.877221823491896,14.216687247006279,16.027278871860425,12.112338790568483,14.647060242711312,12.111151958100034,17.18072175171242,14.061305386975096,13.666377823642813,16.126324891262144,12.35271886920605,17.936253679440192
arn:aws:rds:us-east-1:acct:db:db-1028,2026-05-12T00:00:00+00:00,24.93117013813622,35969.48724070525,649342509.7847353,799287881.5271295,666466.5363850641,25.0,benign,63.22079636101007,69.29988111314182,61.537468152398546,60.26975322254259,61.968516463655725,13.277340160631777,14.619762326927113,16.87902433045797,14.0726126029836,16.562893321471357,14.647858783129559,13.939983886895481,16.49170565782649,14.43816333624309,14.511118256854989,14.702285488766641,13.501382747210464,14.709195501073022,16.619021519221402,14.387186218704585,16.473782715619656,13.329524496245266,14.83050302432196,14.058323627936081
arn:aws:rds:us-east-1:acct:db:db-1064,2026-05-12T00:00:00+00:00,25.001206866284665,36370.25244279365,893068169.0514811,986673880.7047335,846744.4554177173,26.0,benign,67.07249455436492,69.61663173164412,60.40368856825985,66.52558547925871,60.49973527540071,16.772055141994066,13.55802259777058,13.25876365694796,14.08465293364906,15.51081468893591,13.067885563776699,14.001674550978546,14.453796674616305,16.94720778450141,14.774413945085511,14.413528323921614,15.310344953872953,14.835939162691586,15.236732343621728,15.429409805227541,14.084564326197437,13.382217562540129,13.091038938302784,13.697766227271893
arn:aws:rds:us-east-1:acct:db:db-1065,2026-05-12T00:00:00+00:00,18.94539563791525,35681.683843307736,860215269.9389359,8953993059.107998,171428.17826888556,33.0,benign,17.624532404141355,19.106340389842114,41.984861854644095,19.882134626372828,17.266389669936338,17.685912080680858,16.798209623727665,18.33083355361697,16.726462127976312,17.11139105749382,17.968566760120353,19.329506708027303,19.744486676422262,16.036850972465384,17.11602745827633,18.34331059687093,18.523165167202592,18.405830450550027,17.907218089493398,17.699688050335766,17.751572917759013,17.750875885553903,17.99903964777919,17.59628854067723
arn:aws:rds:us-east-1:acct:db:db-1066,2026-05-12T00:00:00+00:00,18.94126068027414,38502.52630950274,914406983.7254571,9063302508.254429,180287.20577569143,37.0,benign,17.009122491539756,16.686340443487005,43.04916476845693,18.970247608613345,18.419997991047836,17.03201759440926,18.40864340984079,16.073295450065125,18.904648570086465,19.402240182353726,17.054399192058067,16.378131658955112,17.482195565651338,17.799423032132687,19.218767942667387,16.1949128451078,19.13502720490159,18.46252849196928,18.228904507972047,18.228140595301635,16.991061445682963,19.889388166568608,19.203559046079246,16.368098121631405
arn:aws:rds:us-east-1:acct:db:db-1159,2026-05-12T00:00:00+00:00,44.41836301768389,9485.511830801546,153613061.50895107,172331446.37228495,28479.194275926984,27.0,normal,34.0677532773175,31.63022874518913,29.589728729988764,28.863420533563417,29.339243267605852,31.77910942364413,33.79546872390466,36.73903732711078,40.507656686240296,44.441350764352165,48.387264631297455,51.650347220341864,55.56414563024246,57.74035592612467,59.5450376621573,59.1693800878123,58.59898658475579,57.697884603840386,54.85077838918723,51.888264151036616,48.25198891835348,44.441350764352165,40.57117875892202,36.93075161707288
arn:aws:rds:us-east-1:acct:db:db-1160,2026-05-12T00:00:00+00:00,44.111210283709,9443.820214658275,139424618.68015325,171041701.00388202,28898.7704820672,26.0,normal,33.297171579046406,31.118210401128188,29.93795612422329,29.61097667602105,29.909879979113626,31.051738733846392,33.17869495545395,36.35773785186374,40.30485212510715,44.13240481966953,47.91087631212496,51.70999162907531,54.906398098270586,57.651250243756465,58.142269491512316,59.52388826588805,58.26650178366862,57.21060487000562,54.295125075878225,51.71089212420019,47.8658074377818,44.13240481966953,40.0971674474281,36.34624596428295
arn:aws:rds:us-east-1:acct:db:db-1161,2026-05-12T00:00:00+00:00,47.42940464468165,9941.184198532694,142659494.21049815,157865598.2026108,26790.035468093352,28.0,normal,36.40810087450384,34.264118949421814,33.38925574176812,32.71830210010433,33.371930420916314,33.935137842714816,37.049044069886264,39.723180875582074,43.54096603680488,47.382486591030954,51.12573030228979,54.52999522871084,58.019330052016386,60.75850562980724,62.22125851112398,62.28440285112998,61.66469326836476,60.60108709494922,57.880320457482,55.2156914642716,51.107426567690865,47.382486591030954,43.59714806698981,40.135111883768836
arn:aws:rds:us-east-1:acct:db:db-1162,2026-05-12T00:00:00+00:00,42.90632023622455,9174.473795492006,171246651.96923253,197233527.6716447,34155.978008267964,26.0,normal,32.45658985693245,29.491582334301285,28.33292461021106,27.889990498972303,29.03809773502065,29.66212485858226,32.319503059296096,35.177777912657696,39.02445376244047,42.95726297557474,46.846171704544496,50.27350213950199,53.629734629805085,55.593652505130756,57.88376150263481,57.224442150223474,57.56522265403792,55.56136380260636,54.073712950741815,50.43330013008043,46.83720707120009,42.95726297557474,39.09445015037966,35.42759369893867
arn:aws:rds:us-east-1:acct:db:db-staging-orphan-01,2026-05-12T00:00:00+00:00,1.1227778712581562,26214.4,287953615.8524987,323877450.2930124,56211.15666402665,1.0,anomaly,1.2747308049453085,2.121157581598916,2.418185687335318,2.0693319542986446,2.12799006463122,2.481606585839109,2.1470279288399965,1.4915908494175074,2.05173798504914,1.1212321372396332,2.2510462767851918,1.9987965274250528,2.086537702156644,1.4765469559920634,1.6860878403912354,1.9978222335579356,2.4567132310235453,2.17603324773394,2.253793455600353,1.0301458355532516,1.328719112493799,1.558808508432043,1.8824484415729854,1.6784936721482064
arn:aws:rds:us-east-1:acct:db:db-1215,2026-05-12T00:00:00+00:00,46.38829922789535,5118.6975514703845,144612591.31766808,180893046.54826656,29942.361773661552,27.0,normal,35.62948671224712,33.40175712043508,32.178471936235105,31.346185522214533,31.681256439848273,33.54592486336148,36.181030454216476,38.89097850209183,42.453247382804285,46.427763168054405,50.16045414787953,53.940160387758894,56.58080843120774,59.57397640375744,60.27349613177368,61.10597623848557,61.56704542331285,59.70909616893708,57.14750753542606,53.6750722472384,50.20407865705142,46.427763168054405,42.53824297620956,38.679401450887255
arn:aws:rds:us-east-1:acct:db:db-1216,2026-05-12T00:00:00+00:00,46.59024795826767,4968.463107313808,149234916.1926334,168668820.2092611,27723.97946778129,28.0,normal,35.893878047940426,33.647344681084995,32.861698768801254,31.21684339543545,31.5069809119166,33.56455709339004,35.82649899351989,38.84181072468363,42.90359168443878,46.642449022490794,50.6353841176012,54.029761868688574,57.37295779682228,59.89898869974797,61.55383604289456,61.95949519067635,60.78056110522696,59.55770242915933,56.894190087330756,53.77173206193002,50.43839180660206,46.642449022490794,42.58371500329062,39.14113244226062
arn:aws:rds:us-east-1:acct:db:db-1217,2026-05-12T00:00:00+00:00,47.42397762678291,5242.078039495027,123720745.32065338,146540258.3705392,24881.875742538097,30.0,normal,37.19320322631564,34.986614995014016,33.46175352382148,31.90660627275235,32.56241260496562,33.889719331916766,36.65133502900899,39.788234579815594,43.699430226058006,47.388757660157424,51.365725689841135,55.116533631574534,57.973662722020386,59.968206126532976,61.571129852858675,62.9300560115296,62.44605295089215,60.302200139805535,57.74159426911983,55.21654183246998,51.442121072280656,47.388757660157424,43.5510663994646,39.63374723441625
arn:aws:rds:us-east-1:acct:db:db-1218,2026-05-12T00:00:00+00:00,46.52282497088136,5182.470337751155,132072816.3131727,159066762.0627113,26620.222736082906,27.0,normal,35.980407543913564,32.973834792129566,31.55102822350997,32.22261129402597,32.66871340557077,32.912944865058655,35.931062865469514,39.13538484199275,42.667037329645154,46.50740278185118,50.56448755811072,53.98767963636509,57.57983320148708,59.00286798019242,61.48943096407815,61.6880662726246,60.57608862603626,59.22505532379454,57.239696884199944,53.928163991235074,50.39775476664408,46.50740278185118,42.79000888587413,39.020834485492244
arn:aws:rds:us-east-1:acct:db:db-1219,2026-05-12T00:00:00+00:00,42.33608103739228,4911.689558575389,100146480.4406847,129133933.55000922,20863.905898626,25.0,normal,32.23026012371807,29.036732037463253,27.731211134216533,26.772406824868074,27.503813931938712,29.524171941691144,32.16932329868174,34.738774444899796,38.59150007297839,42.39047913993218,46.397856593060965,49.639661001904145,53.476768570175416,55.187015762062444,56.47482608422639,57.73554924850188,56.99379387345501,55.002895084469166,53.00394196355274,49.75679136771867,46.081399181480556,42.39047913993218,38.46932908425502,34.76696499223217
arn:aws:rds:us-east-1:acct:db:db-1025,2026-05-13T00:00:00+00:00,76.669364642658,44844.19167606182,942973685.1181377,1130483788.703532,192892.6269288796,150.0,anomaly,66.40525744363369,63.286743609714314,62.42215247118626,61.250520841488296,62.805306161250485,63.5094669546966,66.33689243831233,69.03213709243335,72.8464228266547,76.73606375192969,80.68390470120295,84.06260841610512,87.43689717155921,89.56056761324723,90.98600402469032,91.46578827137927,90.99415343289323,89.55826164248876,87.57264221394735,84.03217704718529,80.53322558273076,76.73606375192969,72.78057609426763,69.0309178688657
arn:aws:rds:us-east-1:acct:db:db-1026,2026-05-13T00:00:00+00:00,13.800799971557579,60948.479999999996,757097332.6285803,961569358.035394,159466.88087453356,29.0,anomaly,17.852462481704173,15.413284945186366,15.248176003785925,17.707603544510068,17.989706897539612,12.65974129618875,15.948177139674865,17.031060994054158,14.408571176861162,15.49109832894302,16.41304737774818,15.032793573700992,13.05901333384649,15.120645035126937,14.847378595523985,16.360240336049813,17.97396631968119,13.09031375326851,14.537396146722319,13.292477374664147,14.036199390059307,17.672312159901853,16.786938696976087,13.880869971378159
arn:aws:rds:us-east-1:acct:db:db-1027,2026-05-13T00:00:00+00:00,15.101570707016606,60948.479999999996,654412829.0478274,790610965.7867845,132216.8892270667,26.0,anomaly,17.71441373028998,12.107112573394762,14.548711976496882,13.277924228211306,15.134375983276358,13.099918835291357,14.349403003848845,13.932876369717809,14.331467127386272,13.604102366627037,15.294499687043302,14.137253968828377,15.487105157729522,13.597145846563787,12.871078303829073,15.348140458641742,13.459577964181676,13.841758748176943,12.81581039090165,17.08919553502958,14.235379642600542,13.778240938880922,16.56073978859867,16.356498893320946
arn:aws:rds:us-east-1:acct:db:db-1028,2026-05-13T00:00:00+00:00,25.3828364055162,35285.437193655824,686680099.7067492,840323117.471647,697509.3499853673,25.0,benign,61.763148993937186,68.44067943063786,60.861209566311686,67.19608655936621,64.47263470161676,14.174619656321756,14.538305265635344,15.163379028708794,16.304015685534694,13.693372211825018,15.197548469405607,13.503422264674214,16.78174041736696,14.254268685138996,15.89104135207018,16.329560737247846,13.595019504653491,15.511768618942046,13.243165353921112,16.70851733929277,15.506401330870432,14.057832218082618,15.924650364969771,16.075685975857468
arn:aws:rds:us-east-1:acct:db:db-1064,2026-05-13T00:00:00+00:00,24.987473480312044,36238.827960758055,894473205.5075264,1089186360.673517,860020.6295175406,25.0,benign,65.14296930743981,68.95656513062808,64.1836799474743,65.30235111120363,60.64262490740565,15.647218788502638,14.52618691794125,13.290014995648106,13.638787211778878,14.155148879892572,14.303956883646036,13.701942878523745,15.755434317354556,13.337528333252692,14.039453136303951,16.93919524062722,15.039987224680674,13.2052524711692,15.204183545913182,13.975064958456016,14.269260983248335,16.244140292106525,13.972881230268118,14.225534834023863
arn:aws:rds:us-east-1:acct:db:db-1065,2026-05-13T00:00:00+00:00,19.08106101436654,35247.949505005396,897584146.479399,8653608526.795738,188693.61281519226,34.0,benign,18.16883370933089,18.39064438205921,45.152525278524486,19.370568003452696,18.07478981530958,18.04092646900485,17.007752208274617,19.14989690572854,17.723984317431224,19.547635584247498,16.984912498976108,19.8201377186161,19.627833263976395,17.88870067638978,17.49028599261707,19.52695852797719,16.234294212899606,16.824434045907243,17.1509508269026,18.04435586984228,16.004415052434734,16.962361882750006,17.015200705065435,17.74306639707879
arn:aws:rds:us-east-1:acct:db:db-1066,2026-05-13T00:00:00+00:00,19.119570569102095,35632.97743217768,890788177.7306614,8392441780.505491,178867.32030438606,35.0,benign,19.199388347122387,17.179173606012892,45.18497132771217,16.66817178425407,17.353236696974427,18.705228178591206,16.536325661550254,17.276638869904247,17.54415678376797,19.83173551293507,16.34697932622924,19.721733075624652,18.01089890462137,18.08063810094461,16.94285128548828,18.928089247641562,16.988763423624516,18.342231401640312,18.450843439388745,19.47796916424453,17.661358721404934,18.874879827260997,16.12403441937708,19.43939655213475
arn:aws:rds:us-east-1:acct:db:db-1159,2026-05-13T00:00:00+00:00,46.54742195858506,10274.23343155698,143132122.34518886,186592453.66954866,29759.65399899352,29.0,normal,35.90696243195293,34.07440565523325,31.895169260260012,31.68113575169108,32.08640194255717,33.7513947548886,36.33719858132785,39.19439189981486,42.54394533207417,46.431303669388164,50.17417461367752,54.26101944861941,57.48837409472151,59.32079282699679,61.39928945699377,61.947009762208424,60.59917156357967,59.05645238959171,57.04981594307518,54.12438833323376,50.34120147240639,46.431303669388164,42.37061680822168,38.67220734413947
arn:aws:rds:us-east-1:acct:db:db-1160,2026-05-13T00:00:00+00:00,44.488486053974896,9885.557511080791,139072144.3459043,171637411.02311337,27690.540936253532,26.0,normal,33.52882676926307,31.175945915707327,30.540521036915088,29.207032435906356,30.54716211976556,30.929739576690032,33.342502982441296,36.700305555689,40.68952297126275,44.4353247910621,48.333402798691324,52.17171270456476,55.38081906942283,57.30093401057708,59.272403787664295,60.13081921667895,58.96979265445893,57.43274279332383,55.5532594263792,51.65295872819879,48.16818368510918,44.4353247910621,40.69340724808354,37.13102022648023
arn:aws:rds:us-east-1:acct:db:db-1161,2026-05-13T00:00:00+00:00,44.764612710218934,9236.5130009031,127038853.85450456,156914179.38049352,26012.960183157375,27.0,normal,34.041886255607395,31.57362004600095,30.003591624667433,29.09029721202526,30.507202732764934,31.3510372022041,34.70576094298546,37.22848316113165,40.75531137535522,44.78976902091828,48.8594592994144,52.651203992591604,55.80478673783522,57.41509820376473,58.60346496889451,59.471373538065606,59.65597105907013,58.410020092925144,55.3040964784056,52.19032267095369,48.83939094738668,44.78976902091828,40.800390677159456,37.50839778420865
arn:aws:rds:us-east-1:acct:db:db-1162,2026-05-13T00:00:00+00:00,48.65871437175237,9861.330650208134,181212811.50812903,205618875.92978525,36410.364023561095,29.0,normal,37.688120714274554,36.25666181725214,33.7358202117542,33.55715051969473,34.002786683220904,36.11989989909893,37.97590999967649,40.92104910730277,44.884942461236136,48.61610497176752,52.44739597852689,56.14472333332953,58.79305900877082,61.73680316124106,63.579280206951715,64.09151744890026,62.95769787279382,61.53696530540131,59.41228675696989,56.170606960023754,52.413203829242285,48.61610497176752,44.68574819778357,41.465305505076095
arn:aws:rds:us-east-1:acct:db:db-staging-orphan-01,2026-05-13T00:00:00+00:00,1.6103404609193672,26214.4,295364291.698901,352142386.7433885,56776.79785070471,0.0,anomaly,1.2148999306426957,1.9161446610749957,1.6521358738311147,2.283071295548324,1.4726509356984994,1.739969991013261,1.8777494246003101,1.2430043905452157,1.3767055144394085,1.2210805885113596,2.1337258951529314,1.1760525149157368,1.269953321861566,2.2108438634598397,1.010512285950596,1.3826381979352171,1.187466087516194,1.3450773233161992,1.2106765682436087,2.4335243747044872,2.1192433505376873,2.040941480803907,1.4808893660425024,2.275680231333942
arn:aws:rds:us-east-1:acct:db:db-1215,2026-05-13T00:00:00+00:00,42.68736901550613,4660.390690799568,130857181.90540993,157922708.37184,28227.890206309497,25.0,normal,31.782692564611857,29.953055217154592,28.420522370158764,28.25014436283177,28.71521550670525,29.72086931832161,31.79890991865373,34.992887711578476,38.851618838772026,42.57245765128073,46.33197496771402,50.09621851034549,53.574379904058596,55.60317880349213,56.69581423608566,57.978514676057266,56.65127974649623,55.891970597999524,53.61513453206993,50.440847544364516,46.5916827235087,42.57245765128073,38.61966699535116,34.775362023254424
arn:aws:rds:us-east-1:acct:db:db-1216,2026-05-13T00:00:00+00:00,47.563953864341165,5305.245344160306,151576919.49828097,183639188.4549767,28582.63551298718,28.0,normal,36.80494435767318,33.92625181918278,33.69519020410227,32.33515801949686,33.50650851766406,34.43210843484791,36.93937608109845,39.87055707002047,43.48204550345286,47.54594597871882,51.41218552068185,55.280318782028,58.56802643384435,60.81145499381476,62.66767215605343,62.21417171640563,61.61648072601961,60.14042015785718,58.6073872610059,55.04141232603623,51.341216756007555,47.54594597871882,43.68710308356826,40.063010865888785
arn:aws:rds:us-east-1:acct:db:db-1217,2026-05-13T00:00:00+00:00,44.20314576770826,5133.126430426453,127612745.0371904,141527522.5222083,23641.389540258464,27.0,normal,34.17563702733306,30.671424426419474,30.16171823773999,28.962318939332217,29.170920190264983,31.016942146928546,33.69709966829681,36.61598719226136,40.24383270074896,44.30585521386458,48.200706130888,51.53421943372521,54.44551857126165,57.34248080511534,58.502107069544714,59.56559108555866,59.30887944195971,56.71966925920597,54.64299843740673,51.872006101402604,48.36985828744386,44.30585521386458,40.25951598540354,36.78435685902775
arn:aws:rds:us-east-1:acct:db:db-1218,2026-05-13T00:00:00+00:00,44.714012291377784,4832.342492808353,126013003.77446713,147076434.66916052,24770.753938128317,26.0,normal,33.88541902224293,32.1270537909926,30.806252496756443,30.279915277221154,30.58706502939863,31.115570859608848,33.607703902706476,37.150769040842725,40.87480340141308,44.71695634119329,48.50015009717115,52.58485484332535,55.06975132136525,57.25498614801368,59.9210529326445,59.742686695753825,59.34672825461956,57.19885595393823,55.075370353255465,52.29997359455834,48.4325770934257,44.71695634119329,40.758811455806615,37.08203074561983
arn:aws:rds:us-east-1:acct:db:db-1219,2026-05-13T00:00:00+00:00,46.776335143897164,4956.797963696973,99987838.47764604,122121026.41202423,21736.828964553104,26.0,normal,36.075381793546875,33.30829888045077,32.031853327856524,32.3605613981137,32.44167080763843,33.971220785770996,36.15747237880533,38.95613393667426,42.67837263744836,46.75158227251932,50.73563697179294,54.614961912142455,57.456026655429625,60.1046894068839,60.55150460122591,61.707163301149556,61.247250097451285,60.23326235076649,57.76077626910945,54.355171594722805,50.53190844707756,46.75158227251932,42.85486238276078,38.99469897167534
arn:aws:rds:us-east-1:acct:db:db-1025,2026-05-14T00:00:00+00:00,80.4524084325266,46491.55031782574,1002669810.415155,1136947735.827946,193961.22875712893,162.0,anomaly,69.46039516259081,67.55230577569347,66.50141247827341,65.58559741373267,66.01005314615989,68.04269111591819,69.46651466788498,72.82924018045685,76.69311843371517,80.47112414534439,84.40270328216987,87.82279413328465,91.37062158240255,92.92834728759246,94.36725019652744,95.98924912076697,94.61954674249047,93.44969989559624,90.65659664643093,87.92897975495092,84.43206083946613,80.47112414534439,76.5878061215913,73.21857011225428
arn:aws:rds:us-east-1:acct:db:db-1026,2026-05-14T00:00:00+00:00,13.495792385419733,61931.520000000004,820559686.5364715,923904347.3633476,156817.31269427546,27.0,anomaly,12.137145594031505,17.46724256555634,13.145423951789132,14.64518608468007,17.578455425592402,13.502676472354207,12.001745318181538,17.37932900018776,16.144645565988995,16.640031779774503,17.253464025782133,14.937430103102503,17.251613642057983,13.16060395740509,17.28042635715684,12.689048855727384,15.098883586515608,15.78175640293179,16.06981124546966,17.46684774572694,16.697813448411942,12.898369396417689,12.412161357326184,14.935316223466245
arn:aws:rds:us-east-1:acct:db:db-1027,2026-05-14T00:00:00+00:00,13.597976135422421,61931.520000000004,661518871.1699251,762394990.3603978,130142.06893745369,26.0,anomaly,16.79985061583139,13.616789858779436,14.79354542960936,14.429838402848729,12.086930621197888,13.708149215313956,17.357199749356237,15.332183786893012,15.70926785996085,12.191342752489442,13.684583666380094,14.756447320389992,12.738595237779663,13.554539151238238,12.372017909660874,15.972879561011531,13.012027046386049,16.76519526215777,15.782278810028918,16.72552049752887,17.52695184968414,16.224760103127032,14.453376975577354,12.15645285355297
arn:aws:rds:us-east-1:acct:db:db-1028,2026-05-14T00:00:00+00:00,25.07909506937236,39873.75642007495,730880453.2160424,843299501.9875965,675838.8122193202,28.0,benign,66.1882073160303,65.92922025547477,60.171108151800155,60.3883313739858,66.26886324027295,14.053821375539371,14.955111275253417,16.514257941756075,14.044960912892757,13.862421062896681,15.663866873983638,15.872075883637674,13.060801509134777,16.138810768115807,13.224156101242617,14.792079688114445,15.267582419645137,14.151097852531858,15.658990975934081,16.97918874098028,13.47800041428451,15.893863768409515,14.26472233019148,15.076741432828547
arn:aws:rds:us-east-1:acct:db:db-1064,2026-05-14T00:00:00+00:00,25.65061618591353,39550.33361987008,909301385.8988937,1084264339.860994,934407.7506411558,29.0,benign,68.2737497020944,61.08669962182937,69.51339691662038,63.39398751728994,63.65724679286056,16.60633290521161,13.678110592396262,15.02426558699612,15.542217113995957,16.406866983811124,13.788483553187751,13.956028937521062,14.5541854533592,14.282791429364293,13.780175144392508,15.439660773671013,14.14411108743941,14.49560142818712,16.32138052183668,16.12632710794878,15.428094921877195,16.997071273889663,16.99719536913635,16.120807727007975
arn:aws:rds:us-east-1:acct:db:db-1065,2026-05-14T00:00:00+00:00,19.376813828385504,35576.79680437697,898052288.3931382,8616158411.370256,192217.73383985396,34.0,benign,19.786620407758058,18.8421796771411,40.889080935253716,19.83132489310999,17.27620072607189,17.277687109712126,16.95666082609831,19.02136006039671,19.52990790234483,19.11055027097445,17.765891420426172,16.982719776025885,18.626023105149606,19.807860692617766,19.523247921444742,17.440172012576202,19.559452137054272,19.38773926572741,17.847115242650887,17.08176106672028,16.963430722174113,17.0484870982396,18.884292886914285,19.603765724669717
arn:aws:rds:us-east-1:acct:db:db-1066,2026-05-14T00:00:00+00:00,19.32141365948888,39136.94979715001,924886298.1695207,8990174687.711271,175315.58674528275,36.0,benign,16.05805284116996,19.126197501973053,42.991317212194765,18.87165584986654,19.52241003920379,19.284324952224956,17.727276454968013,19.434583341547317,19.133913743712128,18.039954335931544,19.562499614419238,16.8891342826259,17.87621451654956,18.443728408809164,18.21077499367312,16.367528122539497,17.751201340934742,19.5606265947913,19.536616430556744,19.147939115020773,16.01266843384522,17.990657991158287,19.007249562001086,17.167402148016407
arn:aws:rds:us-east-1:acct:db:db-1159,2026-05-14T00:00:00+00:00,46.344848325207444,9834.894853804526,152865123.9175837,168173843.97837615,29337.032742173167,27.0,normal,35.91961013508236,33.590419685939665,31.614007895395527,31.00684679435032,31.46253192321075,33.29677058061189,36.154317987645754,39.18421174271768,42.3928826537032,46.343402416693685,50.370808763644476,53.94620781751085,56.81357640927863,59.386042469204114,61.15866405387234,62.02693206542163,60.11471992371786,58.966853903438704,56.56891759824034,54.15806506407143,50.08463342818594,46.343402416693685,42.649358949628294,38.72317512671953
arn:aws:rds:us-east-1:acct:db:db-1160,2026-05-14T00:00:00+00:00,48.71992906998921,9921.896339467357,153201462.3476565,182348611.04613423,29107.6442039076,29.0,normal,37.508475918888514,35.852766134282774,34.83301967934133,33.74704337771881,34.76509528227543,35.24207624773573,38.39339480625549,40.9366824465428,44.853933656238354,48.64412821006518,52.570797479680245,56.17084804347163,59.44622538270929,61.991884095086,63.20241646680701,63.674521418035695,63.49532006211978,61.48655016424606,58.98833235651208,56.3863661011994,52.59999935056416,48.64412821006518,44.79575338815383,41.04853940174609
arn:aws:rds:us-east-1:acct:db:db-1161,2026-05-14T00:00:00+00:00,45.666450459288185,9573.151624743561,131018588.95258428,160024932.5311017,25821.09220801346,26.0,normal,35.54576493423208,32.738859852975196,31.15913865791768,30.038793995698473,30.85398431200997,32.9421049695544,35.16122338412069,37.887359498059446,41.68005354868085,45.70687220528134,49.669696818050824,53.136355949356364,56.06694845575928,59.10748539708163,60.643107332409826,60.265181904252174,59.7536847644639,58.8587399640088,56.47404449363163,53.177866897442684,49.500193321682595,45.70687220528134,41.75597234447047,38.16450581649464
arn:aws:rds:us-east-1:acct:db:db-1162,2026-05-14T00:00:00+00:00,42.802952871514,9292.363123553578,173165777.906022,189392093.65003493,34622.332178748526,26.0,normal,31.699027263433038,29.888633606755306,27.8856874892712,27.770425950490363,28.705835455391117,30.201703164512587,32.4939554736741,35.007654756727085,39.060957170401196,42.758791449254495,46.483301913335865,49.88839686146617,53.841179566780646,55.666125604875,56.655320384545085,58.30595782464844,56.96092929191795,56.38614192925208,53.781542397640756,50.60589140308308,46.46448040135497,42.758791449254495,39.03938568351723,34.96075242475381
arn:aws:rds:us-east-1:acct:db:db-staging-orphan-01,2026-05-14T00:00:00+00:00,1.9247822305412354,26214.4,293430534.0052421,366099802.0192462,56458.26165434741,1.0,anomaly,1.7020795897792542,1.6704222988527528,1.730648408079487,2.1628308480302323,1.3399794904937758,1.4421199538673029,1.35893422898623,1.632409225755174,1.7134083088764824,1.8818437754990485,1.379755749585427,1.8965259170793822,2.092761474840489,1.0896431759802807,2.480703055970679,2.133201277768606,2.281916543109404,2.315273431898615,1.7997071764165016,1.3965817947629153,1.343429272247489,2.392438521385907,1.3405811967956789,1.2438894602631594
arn:aws:rds:us-east-1:acct:db:db-1215,2026-05-14T00:00:00+00:00,46.33282628738632,5252.544964857569,147177572.84932417,169285362.75722024,27790.597483607376,27.0,normal,36.05326855149804,33.922428079980435,31.613502865364392,31.004127357610066,31.479440744779563,33.10853628713017,35.59700034896308,38.75252320616747,42.73986569778372,46.45418712614374,50.33239578566917,53.62370035682892,57.25359486591743,58.879921670975804,60.55611592509398,61.87354548403503,60.569177914086815,59.193997215451,56.882725172769426,54.03995258941971,50.40420368034571,46.45418712614374,42.557960910689246,38.641471934424985
arn:aws:rds:us-east-1:acct:db:db-1216,2026-05-14T00:00:00+00:00,41.57615687927711,4777.418015742045,142665328.75334564,171435489.3473696,27290.98669689388,24.0,normal,31.382903840302596,28.03137665385627,27.22463170867536,26.211895112297228,26.94821655289835,29.067795819816297,30.783281092043758,34.20546636695437,37.75961779667954,41.590470187389535,45.33257289421344,49.279781488191695,52.602807246419566,54.820789272154514,55.722775371808645,56.44162444192708,56.71151840601089,54.10655718543639,52.08615110909373,48.89252645653851,45.296770221896836,41.590470187389535,37.87083543019742,33.86693026045894
arn:aws:rds:us-east-1:acct:db:db-1217,2026-05-14T00:00:00+00:00,47.14845688479273,5158.782414727847,121631381.58200318,142247585.03049186,23611.99811456627,28.0,normal,36.41070090226441,34.44446985751128,31.900882172695948,32.49993133940286,32.229823064813466,34.17422765118095,36.93172831721203,39.78119144538252,43.066433355959155,47.055561264381346,51.129956130335884,54.81211248610383,58.12762167690624,59.42655821951729,61.62536799735759,62.72191711452636,61.832819852379956,59.932761351378375,58.07835244534785,54.59345832741852,50.78118711416978,47.055561264381346,43.348329218541664,39.6020126658567
arn:aws:rds:us-east-1:acct:db:db-1218,2026-05-14T00:00:00+00:00,43.87190200152858,5033.335906839339,125472009.01063973,156852430.26840696,24697.56312843021,26.0,normal,33.78945572857769,31.212572803449728,29.934856135895593,29.417324742236687,28.883371591335155,30.50231666009472,32.74812613326898,36.574728134607405,39.87024933783464,43.878178379151876,47.580693339822204,51.077888502575,54.286132382819865,57.074153372011565,57.96783652950124,58.64000597133598,58.85893081475408,57.050656484738155,54.05948651067509,51.649222785835626,47.58427101866972,43.878178379151876,39.93142214797628,36.47559015036683
arn:aws:rds:us-east-1:acct:db:db-1219,2026-05-14T00:00:00+00:00,40.03952222662899,4612.834381491087,98297720.7710646,121036869.84795912,20623.041483531066,24.0,normal,29.585224511886864,27.335380216065495,25.340552104034423,24.349636591381,26.174952270531833,26.636788823716834,29.365305918397546,32.57884075359044,36.25535411412345,40.03750926670319,44.06522003295539,47.5037706907864,51.0487838085777,53.105347283006545,54.85205995962638,54.34246261572996,54.168688186576006,52.82011413371635,50.81480307730114,47.91071959440113,43.80224424354572,40.03750926670319,35.98086307039166,32.83640290534722
arn:aws:rds:us-east-1:acct:db:db-1025,2026-05-15T00:00:00+00:00,83.57839860125932,47417.40722320286,1036464165.9772068,1209379350.6609235,190016.63000925776,174.0,anomaly,73.11162128921399,70.61204773979358,69.73435680069365,68.51546484626934,68.32984099004436,69.91806932858694,72.99850306170751,76.21769041156449,79.70747047035687,83.5167250635636,87.23937832879616,91.11540407807117,94.21043018301859,96.66523676025854,98.0,98.0,98.0,96.44236809577538,94.00648535210863,91.1251234122798,87.21067482737263,83.5167250635636,79.76453033284099,76.04273388778688
arn:aws:rds:us-east-1:acct:db:db-1026,2026-05-15T00:00:00+00:00,14.629155847672385,62259.2,764737400.7437568,968295188.1291378,164809.0879217665,30.0,anomaly,15.168521410144306,17.764184771291845,12.628880931993084,13.779884340322003,16.763052236302084,13.014763578416819,12.609236969979857,17.045115442272365,17.31141352634272,13.744185311093254,14.90523554552481,15.615946720840572,15.97527091949898,17.692690720897577,15.24180241764336,13.207023212839374,15.870762567109903,15.550692445936164,12.902446758556653,12.846756551651868,14.430591827092588,12.622591736484083,12.28567536967722,14.74577407890845
arn:aws:rds:us-east-1:acct:db:db-1027,2026-05-15T00:00:00+00:00,16.069172844377228,62259.2,719720735.7429911,867009165.2381568,146109.44094163037,34.0,anomaly,17.539816289249202,16.253823726730502,17.09174792343346,14.32476439880903,15.535330892067535,12.17119669337093,14.818102259769262,17.59787612712131,14.239386740971355,14.8529726304582,12.4517457318729,16.59247726080963,13.421699442203458,12.429398453104483,12.245565147050332,14.827093626661785,16.06045494801687,17.753623801313342,16.122221734832678,16.347245123556505,16.197853114545868,14.150966139475099,12.136297303356567,17.94761351493137
arn:aws:rds:us-east-1:acct:db:db-1028,2026-05-15T00:00:00+00:00,25.741891047531805,40152.823991496414,696197701.0933952,819891801.0570296,689606.124561109,31.0,benign,68.3149125671101,67.81611844174815,63.29845049015008,66.0472693310661,60.84731091183448,15.991718804100485,15.620055638832662,16.14060923193491,13.346555499422983,16.80871088891791,14.971378943300328,16.659047519954328,16.022057305755357,14.543416145251566,16.202837397974825,16.87073240237631,13.38211213365809,15.318612077375656,15.89446672017329,16.95663723290185,13.343514212611398,15.706527079555324,14.112116344986717,13.59021781977039
arn:aws:rds:us-east-1:acct:db:db-1064,2026-05-15T00:00:00+00:00,25.888204171470424,39822.091687252105,928953777.3557813,1082088067.8216674,892073.8879308782,30.0,benign,64.33056388362073,68.33842714483036,67.95970590736418,62.02613898513057,65.93845500058833,16.276351614678287,15.472794913212937,16.551082902828533,15.247878492029345,16.252019457537735,13.238456370042424,16.659383236966125,15.595369278423053,16.63160440447385,14.45615183241173,13.359541778710616,15.65301032944256,15.85378794586356,13.027938037844095,15.617113007178817,16.10731713242659,15.280917708353886,14.640474264714904,16.802416486617027
arn:aws:rds:us-east-1:acct:db:db-1065,2026-05-15T00:00:00+00:00,19.19403304124077,39514.8784552391,983441429.2303312,9161645644.607147,205647.44060444014,38.0,benign,16.801066244098855,18.704731238361422,44.72119346951781,16.301200516798293,19.711184443605465,19.956821010721455,19.690061363614607,19.82972001951715,16.97609599384087,17.333427162658097,18.3515733007734,16.251661168390235,19.228878795607077,19.170999358674415,17.52254017232323,17.030941867443097,16.259546863602168,17.78311629899181,19.77001432025873,17.179166999824727,18.349169504027113,16.45554216440412,19.728987808746993,17.549152903977248
arn:aws:rds:us-east-1:acct:db:db-1066,2026-05-15T00:00:00+00:00,19.181194057758784,40065.338444903544,882527466.8741515,8753905217.408827,178225.87096575196,38.0,benign,18.314936060392363,16.892496889411817,47.21881044323397,16.768282493292908,17.962944728339302,16.496272462984678,16.926902741140445,19.079216036880783,16.74548290872334,19.93518598844981,16.313662187220203,16.558297901235292,18.890456758541152,19.10087016390489,16.4393782985689,19.341304326694527,18.9377930097759,18.88650378453007,19.311622346060144,17.30912461091515,18.403242937214774,16.540993537035494,18.238081609917767,19.736795161747082
arn:aws:rds:us-east-1:acct:db:db-1159,2026-05-15T00:00:00+00:00,48.42911448720672,9980.207374907977,155448923.69624925,174808826.06814903,29262.939028144967,27.0,normal,37.86609347414914,35.97617376532239,33.605396473121054,33.08374686762905,34.53147955785333,35.36498074499843,37.77680689183302,40.556689922128534,44.61176488180077,48.40545120266552,52.138639389326585,55.94170176255192,59.381943402580056,61.618793558346596,62.78364417762323,63.85801361609657,62.87740140969056,60.826566527313,58.951435387199304,56.143274460019654,52.09495241765919,48.40545120266552,44.63700712305046,40.861339477337424
arn:aws:rds:us-east-1:acct:db:db-1160,2026-05-15T00:00:00+00:00,53.49691418455398,10801.343408744557,166500938.33209884,192000577.07950887,31765.286219528138,33.0,normal,42.3691018028523,40.99545208657642,38.249005662649814,39.069992360392405,39.57956496815278,40.63520998726638,42.77716960224792,46.004761155791705,49.57002130319642,53.34720396976296,57.25471760512815,61.22057077377298,63.96056051836853,66.67143659648008,68.0534482330247,68.95429942261944,68.1053139736756,66.69259402493437,64.12949389640313,60.637041520662606,57.2302992560564,53.34720396976296,49.32526805980605,45.74620967971161
arn:aws:rds:us-east-1:acct:db:db-1161,2026-05-15T00:00:00+00:00,50.72468223176947,11045.852800462671,143977695.5282345,182900191.3846384,28925.45310244035,32.0,normal,40.23977909694385,38.09652905507618,35.76670570351672,35.41123324020872,36.09009842865789,38.185207151136915,40.576532110818505,43.264251747694395,46.742344021868824,50.81117500459252,54.5282534449553,58.082790636083004,61.9345421300365,63.37869377983912,64.66440792564757,65.33067249702823,65.14054898724169,63.943453912828346,61.21059898794898,58.47555527635061,54.79676081750666,50.81117500459252,46.88247252107511,43.02859208081908
arn:aws:rds:us-east-1:acct:db:db-1162,2026-05-15T00:00:00+00:00,54.028239693861515,11021.606955254038,185348821.79967016,210505318.70472535,35063.1186211597,32.0,normal,43.45737282686819,41.082996909628946,39.56070623682102,38.56342538700315,39.82618953999125,41.47538434530087,43.51292432674886,46.447111927453776,50.029631566769666,54.02355617697984,58.08071289024904,61.58248058761583,64.98473017072948,67.15916159088933,68.33994766979619,69.21655395556695,68.95216213726637,66.3872813325733,64.23856806582478,61.161079159699966,57.728704249347686,54.02355617697984,49.98748724204125,46.856028180530934
arn:aws:rds:us-east-1:acct:db:db-staging-orphan-01,2026-05-15T00:00:00+00:00,1.4252270126437214,26214.4,263547291.69668934,320703456.0012245,55556.87069096653,1.0,anomaly,2.045083168434827,1.7675473841472598,1.9691390177056944,2.3938953090340624,2.4336818386412165,2.3827140419143893,1.3332251701185727,1.1108972211947088,2.2371281481647385,2.0116118598410573,1.2653875180146055,1.2081617205029087,1.7608993671577653,1.1622426744368644,1.9168415497994467,1.0157608784223269,2.2542320653009242,2.32470265217877,2.1382338044326143,1.1454671167434254,1.1844039329910874,2.1433281456638484,1.4330287881639232,1.8170999893456505
arn:aws:rds:us-east-1:acct:db:db-1215,2026-05-15T00:00:00+00:00,52.181294338914086,5669.260961807076,147159635.77175662,185886783.31741387,31590.166182368623,30.0,normal,41.65015483328553,39.459451359843015,37.663484126273076,36.89034782383476,38.30942742268047,39.08663615269122,41.371208599563715,44.448548869691415,48.37875661344561,52.168862776844755,55.858782269376626,59.647491853525004,62.286994147006084,65.77647413845196,67.14492179149185,67.8635516580973,66.87309722093036,64.59303415126878,62.321254373828566,59.479318783580574,56.14286218379364,52.168862776844755,48.18868862848485,44.578851579104004
arn:aws:rds:us-east-1:acct:db:db-1216,2026-05-15T00:00:00+00:00,48.49284739134727,5104.384890119408,142471136.91563857,169125943.04994956,30463.470163123442,29.0,normal,37.69575502797078,35.89871614946066,34.56896379738868,33.0492370443638,33.674449678972834,35.480165178776936,37.84532770957221,41.02964150627752,44.53775656456962,48.42091929845089,52.245372945698655,55.813050876189784,58.83713114667851,61.83541739810672,63.37242096726359,63.76604787995435,63.58822077529589,60.81642532393255,58.78320505673582,56.04880029734058,52.323233045604404,48.42091929845089,44.49182739261317,41.28533303266554
arn:aws:rds:us-east-1:acct:db:db-1217,2026-05-15T00:00:00+00:00,54.197894373421505,5901.985118353345,135817976.879966,159377789.16041154,25688.317451945557,32.0,normal,43.37972243192141,41.11082605742863,40.31858751032087,39.72172166383044,39.14847338424948,40.87117127553866,43.31122585827178,46.35590271108068,50.377805863059116,54.15036230686732,58.11161721049221,61.54903316237309,65.17907949952506,67.31883840680763,68.7272127831966,69.5164819504897,68.7131231794514,67.41193551037341,64.55119905069847,61.99565413711528,57.93826803868443,54.15036230686732,50.2635957359939,46.577264927479284
arn:aws:rds:us-east-1:acct:db:db-1218,2026-05-15T00:00:00+00:00,55.04077890408668,5692.422310468253,146667902.34504277,167081837.19310567,28974.12347410678,33.0,normal,44.69183254093844,41.525935748515394,40.562141723165055,40.01515622836013,41.17261747444887,42.08429357098748,44.491766626223594,47.239487249726395,51.26446687290753,55.02374571773118,58.91321307714703,62.182175672382414,65.55567332510971,67.78147514828967,69.88282958584715,70.13835211619808,69.96946268554461,67.93295353834823,65.6661722516294,62.71468645985294,58.884194127089934,55.02374571773118,50.983027882641565,47.27928835726444
arn:aws:rds:us-east-1:acct:db:db-1219,2026-05-15T00:00:00+00:00,51.060782513305,5540.644681321007,116059295.979309,137337820.02553466,21856.292012931277,31.0,normal,40.52888895015101,37.97338055604529,36.98824089041173,35.554312295045726,36.00208124198531,37.776769512090155,40.55381905044693,44.00061778656558,47.08958512672089,51.152392978214564,54.91253935977088,58.42217491143024,61.51484498778339,64.4971229981675,65.02795214460147,65.8994290508709,65.72546809218005,64.26626798926853,61.98662653870888,58.5533311217609,54.87626568470024,51.152392978214564,47.39470052909346,43.609575545091715
arn:aws:rds:us-east-1:acct:db:db-1025,2026-05-16T00:00:00+00:00,61.183276086990205,36640.88752792624,876278839.3714306,1048792830.2730213,161781.24427684452,150.0,anomaly,53.06734029014177,51.111674604521994,49.98065747196861,50.201670080256186,50.03867476426318,51.137276962514356,53.638778847345016,55.68981101097653,58.32147995095208,61.23090492140376,64.28577191957109,66.91895271350359,69.3123681032224,71.20153145063748,71.77977691881664,72.39697020788819,71.62328235758936,71.17630427579473,69.1512990354548,66.96286512361955,64.1289972430613,61.23090492140376,58.44293643351658,55.36839647934208
arn:aws:rds:us-east-1:acct:db:db-1026,2026-05-16T00:00:00+00:00,16.769128619435836,62259.2,680101659.856906,778423326.5949,136680.5598516022,22.0,anomaly,17.04397969223323,15.912541165504324,15.965904658150956,15.516259188174715,12.638896513756986,14.780072522390736,17.58154208972821,17.5076017375772,12.032259708347778,17.15193599953038,17.42159498448352,14.70303476918407,12.007836981882846,17.88432849820334,15.629537148210156,15.826560859509506,14.305041899316263,13.326073685283413,17.0389355445149,17.868026345796427,14.69997528962331,14.580301936851178,15.38746509810304,17.519650180432855
arn:aws:rds:us-east-1:acct:db:db-1027,2026-05-16T00:00:00+00:00,16.40983101939926,62259.2,628459370.6805801,787907548.1095082,125413.20014383833,25.0,anomaly,12.166105602976039,13.452275463137031,16.82068408550546,16.484463860858412,16.561255100382258,13.76152274654153,12.276165124836716,16.102577500716166,13.845291484976746,15.9117456542231,16.158072058883025,12.052602794269847,14.068159357098818,12.960790312628701,15.20340598173712,13.08185582370645,12.2203828261027,13.09360582660095,12.248339989554657,17.384862526688224,16.22209794577488,13.66067355413391,15.087089049757871,13.086981539173092
arn:aws:rds:us-east-1:acct:db:db-1028,2026-05-16T00:00:00+00:00,25.24033370153482,31715.809454919614,589973514.702555,743458946.6390978,637035.7894913402,20.0,benign,67.9519096340429,60.69333063634772,62.005868002087475,61.82288813259718,64.43478605689837,16.304931306447028,16.55911005667207,14.232406895101594,15.379133296383515,16.881754673493326,13.813261519358509,14.838963537115179,15.121303849655469,14.300036840307396,15.839790482257024,16.89520594288191,15.32409934452914,16.51744542014724,13.865813207566227,14.702529640662437,14.24199668442581,15.25928734338169,13.560901121312318,15.22125521316412
arn:aws:rds:us-east-1:acct:db:db-1064,2026-05-16T00:00:00+00:00,25.860784690324767,31247.892863927307,831812656.5920844,918695237.1684526,770570.2437501091,23.0,benign,65.83903258999683,63.57859095331962,69.28583288093222,63.942806796366746,67.88609202762763,16.88100347327696,13.5720406640616,16.588181402813138,16.11633283961055,14.34223935439496,16.94695087755975,15.833026733439429,16.93516742987368,14.312229072198647,14.48623717076631,15.534990168164596,13.813844608658677,14.330949701893418,13.954924658259259,14.568081432435873,16.153626206173207,15.516916891596763,13.770165272716,16.469569361658536
arn:aws:rds:us-east-1:acct:db:db-1065,2026-05-16T00:00:00+00:00,18.90640428599608,28551.189550771036,840759285.9047225,7518799586.678522,164321.59254115593,28.0,benign,17.07929258358596,17.177843331845633,45.16628920400493,18.401902397323017,18.663774130938766,16.347591717915567,17.6237635377528,18.20269126319444,16.70273948287257,19.63965214484993,17.323322991506814,19.033850622461493,17.233670253982243,16.333875534187563,19.47695312160649,17.366387792547993,19.455721275737176,19.59525261683363,16.96398118673508,16.067039261137086,16.058518134265253,17.86781351991504,19.084646342790172,16.887130415916218
arn:aws:rds:us-east-1:acct:db:db-1066,2026-05-16T00:00:00+00:00,19.00915322659643,30749.291683538126,790832122.5890617,8101088923.769156,166099.51330767377,30.0,benign,17.271288840875474,17.85886940970793,40.301469420896346,18.879455894929933,16.63469780468385,18.84508948496909,19.0313349225332,18.679461670932273,17.718022474746977,18.723341614953338,19.55535368144446,16.27936310789196,19.6075999936377,17.70668559141979,18.07202643940954,19.725249913309934,19.743630423391316,17.596747973459607,17.81280504868287,16.690326415750754,17.885155137134223,16.07306456173616,18.025389643460276,17.503247968357364
arn:aws:rds:us-east-1:acct:db:db-1159,2026-05-16T00:00:00+00:00,31.135684369554006,8783.081749446977,139167249.64813277,161409962.309987,26372.425213899878,24.0,normal,23.65378855472909,21.545906505888397,20.5602846913429,19.481015632501766,20.46226966634081,21.05599593544172,23.06693308823641,25.749804950546277,28.29004876532587,31.224784145796043,34.18254044348024,36.67277026161994,38.935401157922236,40.70836555448734,41.69785817963473,41.94103760192602,42.346548564804955,40.59688365746263,39.22820155404314,36.785480852701035,34.118354896997616,31.224784145796043,28.394718006493854,25.33264805577724
arn:aws:rds:us-east-1:acct:db:db-1160,2026-05-16T00:00:00+00:00,32.22216957392479,8435.286840144934,136520806.65941337,167838526.6807075,25921.355414963517,25.0,normal,24.236889324708994,22.405006133212755,21.242153430846756,21.47152223468942,21.133076266010374,22.575354294863153,24.1262350715064,26.51324622047953,29.351016437136465,32.176540966091345,35.1950954524004,38.04737581015094,39.96699745273237,42.070508321535414,42.573031569870736,43.65189242606914,43.19286701486814,42.0565597528343,40.213141451674076,38.065363927021615,35.057004432386385,32.176540966091345,29.372082875289678,26.462567941725318
arn:aws:rds:us-east-1:acct:db:db-1161,2026-05-16T00:00:00+00:00,27.850752539355618,7969.583046000704,116413459.94613446,143885032.36635262,23627.90235076307,22.0,normal,19.799228187332968,18.064708316203536,16.55049429066939,16.312075177205774,16.783555794827862,18.55275426668375,20.128091215576692,22.455015534763756,24.882913029008936,27.922455423509017,30.743814119238593,33.33094980690999,35.96338457437875,37.42307273070475,39.32027824150085,39.07404179589735,38.63543486909121,37.600839882905,35.60970060003224,33.356916711559144,30.777003084225687,27.922455423509017,25.106088734527614,22.10278913427293
arn:aws:rds:us-east-1:acct:db:db-1162,2026-05-16T00:00:00+00:00,28.075721175227468,8139.988117496025,156317641.07495418,184522404.76497957,31876.54514021148,21.0,normal,20.286911825468835,17.902513685786655,17.275762055063076,16.372129623143238,17.41392894024266,18.597844903973908,20.323268521971073,22.47529652871989,25.108651120268874,28.089146847539546,31.0879514611266,33.62041160224834,35.782168084322926,37.938130114495934,38.68075317629402,38.796149186852055,39.311252314172876,38.08886738104277,36.035091418540226,33.782212913610174,30.889380776480188,28.089146847539546,25.156261855147726,22.714077021408176
arn:aws:rds:us-east-1:acct:db:db-staging-orphan-01,2026-05-16T00:00:00+00:00,1.1891191537320356,26214.4,281717330.3268729,364654544.3502519,58031.31520763851,1.0,anomaly,2.301068313274743,1.75880544227069,2.0143354330723753,2.153968179545373,2.201473125789154,2.473654101375475,2.0565220416291448,2.414444102602305,1.452809794496751,1.3236374520105239,2.0218934261544916,1.9119656730301726,1.5448602611948083,2.082413249842735,2.274804942524826,2.427914290859468,2.1170521704366125,1.3744747614530173,2.104094909074837,2.1352387436332876,1.3677030628196378,1.2381630315643646,2.3795776252609913,2.2855605927470704
arn:aws:rds:us-east-1:acct:db:db-1215,2026-05-16T00:00:00+00:00,26.1402925651892,4155.945525807905,131524982.93582734,145292085.35717374,24931.118177860353,20.0,normal,18.152982868448362,16.913742683151227,15.29070637068849,14.845737378902529,15.406800669821132,16.002892550603864,18.015467334588333,20.671107067953155,23.37829179440124,26.18609991317635,29.180871410093786,31.650695422380057,34.20505521431059,35.57637770263524,36.85308917361901,37.440216785489525,36.78635748519838,35.92933965629172,34.18529402451396,31.710540899656536,29.14533660270347,26.18609991317635,23.30433325983161,20.349585382905914
arn:aws:rds:us-east-1:acct:db:db-1216,2026-05-16T00:00:00+00:00,28.665927829903666,4321.463627999934,134260918.39037412,154602992.3822853,25420.459355274586,22.0,normal,20.77311136258582,19.323267813633148,17.313790319470403,17.187746845182115,17.81139642232102,18.451469230415903,20.343488030178154,23.076835693755132,25.59686327047868,28.646524092538282,31.541484315550786,34.35252195370074,36.994559426637935,38.74132972256166,39.75983847425412,40.120682529329976,39.4938369732942,38.81791431901979,36.35204174684011,34.36695309372228,31.518876908696623,28.646524092538282,25.759041880263474,22.992169400719245
arn:aws:rds:us-east-1:acct:db:db-1217,2026-05-16T00:00:00+00:00,25.83950264045183,4097.190012272278,104525578.88968316,122473407.31159596,20393.330818260503,19.0,normal,18.303487508460865,16.545260620419644,14.637792981907355,14.505946279510075,14.80704734753023,16.192551963628482,17.855527113616578,20.487901873565917,22.852501211661583,25.87498502251585,28.85340247208045,31.63170391736294,33.72906059658179,35.26577217210895,36.42146800219637,36.939205916396126,36.851346889469504,35.14902082407644,33.931865529389036,31.587400056129912,28.766044924604337,25.87498502251585,22.899665715838434,20.184119409277187
arn:aws:rds:us-east-1:acct:db:db-1218,2026-05-16T00:00:00+00:00,28.9598381287862,4144.1596984579,118504718.84471391,134582433.3775424,22045.520964589457,23.0,normal,21.16850249113529,18.74280157187585,18.558567738955873,17.534097775671903,18.613846226740698,18.811137361489298,20.96047243935502,23.325166795473496,26.034597688892777,28.95154102316675,31.740144469071456,34.57305374097371,37.017556864281644,38.94332049498439,39.6733709010301,39.77948978077848,39.83068797699997,39.17991320073458,36.93103129493318,34.62944314742865,31.917425555223904,28.95154102316675,26.038333716610683,23.13007181189427
arn:aws:rds:us-east-1:acct:db:db-1219,2026-05-16T00:00:00+00:00,26.940943793690185,4189.412798380541,91165740.65729712,113074775.90446576,17821.61972359942,22.0,normal,19.038710982921188,17.24600436417696,16.46436124824533,15.390091474594506,16.289065566000502,17.350746857413434,19.034681769799455,21.480777421738424,23.919081627721543,26.923867967821042,29.865616259590954,32.517612422617184,35.16360309870348,36.391067222318085,37.355279971189105,38.429195132820034,37.7918202518446,36.75054867341732,34.695344356162884,32.711679419991164,29.762637289354828,26.923867967821042,24.005180816988247,21.081808885313045
arn:aws:rds:us-east-1:acct:db:db-1025,2026-05-17T00:00:00+00:00,59.2546384317001,37479.94002742252,836567795.7706316,1026833580.5322969,168280.76789928638,150.0,anomaly,51.420092886846575,49.0815823953875,48.58023041285379,47.5734912329428,48.15145832585629,49.25543859308368,51.321269568365445,53.58199763039449,56.363534814541104,59.29414786018144,62.25708681925668,64.9404197769987,67.14005641243529,69.15434446226072,69.77218344746942,70.27920034549672,70.30266510860528,69.27842519510492,67.34774355452467,65.17388543257766,62.25385110222257,59.29414786018144,56.49900179229338,53.795067330921825
arn:aws:rds:us-east-1:acct:db:db-1026,2026-05-17T00:00:00+00:00,13.21906387247671,62259.2,690633684.5319735,787480772.9770681,140731.550502373,21.0,anomaly,17.318817042763655,13.061300357826015,15.4927033834733,12.33782061982679,16.794198033759514,12.455120951171008,16.48476306971933,13.209013014855012,15.132163771429296,14.689753419697553,17.55646236361752,14.974942291223547,13.42897269682979,16.332060110805173,13.467600483149814,17.570192420274083,16.357514426256984,16.993663120139466,12.077847755366724,17.471799068723936,13.76993277591156,12.883750691570016,13.698592555618834,12.67634402057643
arn:aws:rds:us-east-1:acct:db:db-1027,2026-05-17T00:00:00+00:00,15.892939567367947,62259.2,613070295.0535414,754765176.0387398,124633.51963882062,22.0,anomaly,14.989876530773474,16.742978692699367,17.577459701684454,12.781807532384228,15.531633933673024,15.021894355122212,13.827470030894427,13.772264849807243,13.559401495421145,16.195830446809673,15.394514239589721,12.649854218055363,15.33777100095309,17.321519375628633,17.887734763585655,16.60650306294913,14.962626113137095,17.669199750314455,12.132388609647293,15.862216543876286,12.600073055164067,17.63143122322611,17.513518851477535,15.91002206480906
arn:aws:rds:us-east-1:acct:db:db-1028,2026-05-17T00:00:00+00:00,25.519749081568317,30473.553133225058,590584432.3117306,714151688.7931272,599169.0181929318,20.0,benign,68.79863338594146,65.3138485060238,69.40839397083955,65.27113984549972,61.22167321548856,14.537676377178819,13.278396083047724,14.649452992589403,16.97495176546426,15.700698046583913,13.728421065484486,14.78698832646909,13.33857801466434,14.195929744325475,15.149714996766766,16.149829222539793,14.430478378056605,16.762847254182727,15.950674582667691,13.721463286092533,16.511106446988705,13.608775849816055,13.220857891920904,15.763448709007175
arn:aws:rds:us-east-1:acct:db:db-1064,2026-05-17T00:00:00+00:00,24.855881346842455,29989.87593754616,757213962.8913934,951078701.6476183,754020.9523224304,21.0,benign,62.187208437487534,65.86270130704094,60.94184358932453,61.71970370718774,64.00115037277592,15.308577917874695,14.509732729735006,13.933616766973065,15.863054159848504,15.632994131636776,14.44312349279857,16.75321655502885,13.905706344256881,13.494796108976944,13.974641443733482,14.671273298840315,13.09313356585478,15.515919063065482,16.518985625571734,15.36926955515846,13.648544309801121,13.251052720661548,15.496821251627225,16.444085868958812
arn:aws:rds:us-east-1:acct:db:db-1065,2026-05-17T00:00:00+00:00,18.876719787151114,31397.604317919817,815335577.3124118,8319147028.928667,161127.43911037134,30.0,benign,18.44944109956913,16.891486662044624,43.15939832027871,17.546156133277982,19.89942179429493,16.61926133017994,16.62859003865835,19.274659386770175,16.06491466066952,16.964750236815327,17.916262486861267,16.843824372082395,18.208611428975082,18.04801650134942,16.540502387243812,18.301787760599716,16.225374539726307,19.492115837424755,18.01982380483094,18.93181853941082,18.252773962308623,19.550548595999423,16.33064079016752,18.88109422208793
arn:aws:rds:us-east-1:acct:db:db-1066,2026-05-17T00:00:00+00:00,19.404562632527902,31273.276203289453,780604677.2984686,7369960736.618526,158784.0342847726,29.0,benign,18.399307355421804,16.523393482543213,47.62901631812535,17.58954943646245,19.82145933804462,19.626139570469903,19.546449946578996,17.19186684039826,17.21154743790384,19.281986273751777,17.380868766999754,17.936766680123192,16.383917340123475,19.197594492874508,18.41073586590392,19.9049148317469,18.051197264102825,17.748943358930433,18.817603629821924,17.143550081683667,16.103625158317538,19.808929358539928,17.756552845698113,18.243587506103246
arn:aws:rds:us-east-1:acct:db:db-1159,2026-05-17T00:00:00+00:00,26.070875044127288,7928.724957585967,138867914.03389838,158467349.8852814,26973.461190359587,20.0,normal,18.45268609062972,16.147207107836323,15.615264196019169,14.306599059955452,15.080625805943393,15.895964210237734,18.008494372744853,20.21509583956751,23.1833254136261,26.085098012986066,29.105992258162438,31.643465128968785,34.147843631933284,35.68023420059527,37.45095645725704,37.41973079673524,36.792005052055636,35.60059596442967,34.39047890231282,31.472738830859,29.1273794567408,26.085098012986066,23.12628970706194,20.66783254941059
arn:aws:rds:us-east-1:acct:db:db-1160,2026-05-17T00:00:00+00:00,25.292211138512886,7663.369714125515,120854069.02971053,149569563.67409372,24459.469807686266,21.0,normal,17.224819432110067,15.967548904463237,14.066389036835892,14.56765119337672,13.902215281329665,15.776986433956862,17.085834685935353,19.402328736906277,22.298717934323378,25.30297615312144,28.10146401937811,31.19645231208346,33.42356241491057,35.19788604094628,36.390264548366694,36.2960265425744,35.95182940782131,35.340335636111256,33.24851005405214,30.93636567236313,28.11076187011587,25.30297615312144,22.353524370585124,19.56764048952061
arn:aws:rds:us-east-1:acct:db:db-1161,2026-05-17T00:00:00+00:00,24.544647805546443,7605.00426830559,116819968.63984348,140793376.3635893,22953.01019307969,20.0,normal,16.695162933925964,14.55679920663512,13.431799181232323,12.899777493026843,13.955666409248707,14.800230067695987,16.242056715252758,19.107029193201914,21.718298566016795,24.591656322259457,27.44064507181909,30.09064010557998,32.34245754785575,34.01067327355077,35.80630377676684,35.63832152103737,35.9442224277516,33.955726253277476,32.93315712078509,30.09933420295895,27.466793720076613,24.591656322259457,21.59982135198196,19.153318548917767
arn:aws:rds:us-east-1:acct:db:db-1162,2026-05-17T00:00:00+00:00,27.655491295308543,8041.537899831252,155177948.41509166,183232217.07475486,31594.175246705836,23.0,normal,19.920010949453285,18.344836273770817,16.877525671559674,16.22955645954248,16.329198362595637,17.83101127129695,19.42512316052135,22.182493144773964,24.789696820252125,27.684200754495517,30.484944322382287,33.25645839507604,35.45228947685909,37.19553328698785,38.69614604557184,39.21070214458648,38.635820125619745,37.10758097319511,35.99147559130955,33.08869321336634,30.57754651025584,27.684200754495517,24.74101726691516,21.995730112522406
arn:aws:rds:us-east-1:acct:db:db-staging-orphan-01,2026-05-17T00:00:00+00:00,1.4031934399731114,26214.4,289961660.8541462,368264991.99026954,58249.89331675881,0.0,anomaly,1.5677470052146312,1.241332243494222,2.258087926302064,1.4697783925689696,1.4250053041538142,1.7204548764593675,1.4342964633249953,2.0895570087367794,1.4503033097682605,1.9294089249839976,1.01082683651926,1.2832290067344918,2.248592926104237,2.142974577525005,1.3816683943024772,1.907162100506027,1.6435133005506415,1.9719329044645961,2.4408408668739003,1.723213652307429,1.2574366352275692,1.1023993260847795,2.0959822294077144,1.954219427098976
arn:aws:rds:us-east-1:acct:db:db-1215,2026-05-17T00:00:00+00:00,28.58584479492754,4140.34001028772,136738695.264867,152260013.40467486,26721.01854946716,23.0,normal,20.789540710413792,19.224114863179466,17.958511370412456,17.654821522297272,17.23839720215938,18.642523297716785,20.915162796829588,23.003308641880665,25.785443033087777,28.57647801995137,31.46495448669111,34.08972718851992,36.36158086704968,38.78986251379888,39.17232143368754,39.48525124092595,39.89467854909016,38.268506258644024,36.48555641798548,33.96269954384,31.512046022699966,28.57647801995137,25.527474962566952,22.680836114881505
arn:aws:rds:us-east-1:acct:db:db-1216,2026-05-17T00:00:00+00:00,26.025560161270285,3873.77792542394,119974537.56231166,150519682.1779317,26226.02656912578,19.0,normal,18.240493873859013,15.951766547372912,14.980743707561851,14.515155455298922,15.055110897530806,16.263421892110642,18.052437987619513,20.502959720176026,23.18688088360534,26.057140795662654,28.869376401897405,31.789730803613235,34.36194130071414,36.244555818648955,36.64385960004723,37.04212563498638,36.42557878684783,36.09958596242287,34.21520683996464,31.67104912686549,28.945623811603955,26.057140795662654,23.284937575082633,20.156619651331667
arn:aws:rds:us-east-1:acct:db:db-1217,2026-05-17T00:00:00+00:00,27.627449057270344,4061.7219822355214,110204734.63759516,127529141.73605047,21620.385147166304,21.0,normal,19.456766738824808,17.78791464797886,16.40467657370365,16.44004890453404,16.646051314233997,17.60731706729104,19.683478936024436,21.827153342791302,24.758866875279512,27.70465754510057,30.726601046843626,33.32485349545827,35.8881607484682,37.64187522269,39.01781388372492,38.63952001354108,38.05949311670274,37.19429026687105,35.703946345769005,33.499287096294786,30.50519526861482,27.70465754510057,24.789409575011923,22.04674180363498
arn:aws:rds:us-east-1:acct:db:db-1218,2026-05-17T00:00:00+00:00,25.705495925154732,3876.087921351634,108149981.52220342,138216434.12384903,21404.84353662873,19.0,normal,17.561293539872242,15.913540487109808,15.06766576794501,14.472347603767059,14.66626484629545,15.831975905063734,17.560722552812187,20.224707264807414,22.778078965925033,25.68732364590689,28.53097020599716,31.121034557356886,33.98402082126261,35.60258965862944,36.37631558552149,36.69931816085222,36.36134485312118,35.89236919257514,34.012179075981344,31.311696788383212,28.678486698626966,25.68732364590689,22.850908974968533,20.05942340502564
arn:aws:rds:us-east-1:acct:db:db-1219,2026-05-17T00:00:00+00:00,28.737947939683828,4276.418748426745,96583020.30333632,117988781.08024259,19261.91530797571,23.0,normal,21.103531487643735,18.59447706729328,17.751998549843364,17.12888117945186,17.570037873218446,18.786334133817366,20.905185784940457,22.976931929545525,25.983601760794134,28.759279578539672,31.6679937031774,34.23895681144264,36.900561975087506,38.61879863056215,39.823187177334496,40.461311968153595,39.99030601621035,38.023751410608476,36.62094288938538,34.34722316013162,31.698933468969646,28.759279578539672,25.768914164137495,23.23033025358362
arn:aws:rds:us-east-1:acct:db:db-1025,2026-05-18T00:00:00+00:00,85.27153601576734,49604.025549655955,1084872061.3876646,1186960010.9901667,204843.21700071805,180.0,anomaly,74.94280452060755,72.04310354320623,70.67388656492858,69.8744619123834,71.47989409090016,71.90154415705322,74.735865738331,77.5437952282069,81.44108262877302,85.41526320994294,89.12372840035201,92.85437446986086,96.26342332331195,98.0,98.0,98.0,98.0,98.0,95.68914683291541,92.5789766495223,89.15125871977112,85.41526320994294,81.49017342163576,77.72997288953368
arn:aws:rds:us-east-1:acct:db:db-1026,2026-05-18T00:00:00+00:00,14.298199028183923,62259.2,869816293.1237535,980710600.4868819,169632.58401042348,31.0,anomaly,13.705616789114254,14.894855830916782,12.889447095048178,12.078179493937645,16.742332340910608,17.335323306183618,12.970042198910281,13.161225098753606,14.34334150606741,12.458633990812954,12.9124295091216,12.433563937100384,15.99178424006286,16.496708729469102,17.016749680109285,12.512202567965176,12.958864291069888,14.183421830041441,12.463499586851595,13.818102544622604,14.34346533253001,13.693037139322067,17.81061133912033,13.38509492959658
arn:aws:rds:us-east-1:acct:db:db-1027,2026-05-18T00:00:00+00:00,15.647319222103008,62259.2,717336551.786862,840787809.3173089,143048.60727744203,31.0,anomaly,13.892121948340066,16.148246512612705,15.010635087206069,16.37093928873468,17.38504809944931,16.60072523694396,12.022758600526604,14.172392973138455,13.986188595011942,13.399253505054789,14.73757556849049,16.01320061264706,15.814238892583923,17.465013400023,15.066064434830828,13.650061057527795,12.363083109122963,15.619494535199678,15.051291116523473,12.79327108454222,12.480782749887332,17.2263534467724,12.844026066860119,12.643757575759606
arn:aws:rds:us-east-1:acct:db:db-1028,2026-05-18T00:00:00+00:00,24.893893802468657,42387.614562630246,730958799.3525683,888722985.2519215,700001.430522783,30.0,benign,64.69164176569362,67.54304556026835,62.51180828906293,60.989381433433245,62.91462980405622,14.445770257014733,16.43155124492106,14.847759113118537,13.169523293087783,13.917131998110492,15.099445844102224,14.084634059376633,14.545170345710396,15.044583559321728,13.808105409664934,14.165594001210557,15.12305754089571,16.077325414501797,14.14518358463091,13.940297770796885,16.917357097396955,14.376066587088767,13.194705964479468,15.469681321303852
arn:aws:rds:us-east-1:acct:db:db-1064,2026-05-18T00:00:00+00:00,25.72221769057064,42453.6662536984,956279094.7396208,1129884894.6675923,920843.3680145314,30.0,benign,68.87556552339022,62.91814284159007,69.00382333899128,61.84009385414611,63.26567784701642,14.015996468863756,16.864768409489436,16.536757946844634,16.70700094313796,16.10535246330056,16.532391739391404,16.226864266793243,15.248189279479723,13.450963863446582,14.984497095652898,15.492910412800953,13.073071667887621,16.196193134825247,14.010366005686235,16.903524237298168,16.737756616843072,13.739904874269717,14.597386576653474,14.00602516589658
arn:aws:rds:us-east-1:acct:db:db-1065,2026-05-18T00:00:00+00:00,18.73893865219408,36193.74267655404,910626247.6183947,9229927364.896389,193789.42561474242,34.0,benign,16.00139699415847,16.24097968903289,47.52169027480103,16.669662873898368,16.040858578367445,17.08039920632194,19.14303908343194,18.200547875501137,17.096696507670146,18.68903360418059,16.093455612203737,17.351631107121687,19.530461374181588,16.93056230772096,17.190512386687374,16.78632225933912,16.894015049551065,18.336815023061163,17.096013228680995,19.261839616462108,18.48713879850782,17.796412983429157,17.951881212373113,17.343162005974065
arn:aws:rds:us-east-1:acct:db:db-1066,2026-05-18T00:00:00+00:00,19.168117232652857,44921.62667104599,959933521.8313172,9283268661.679089,206359.11745467526,41.0,benign,17.778923616094204,17.627054011944054,49.50062604678261,19.235352106677833,18.026488778309506,16.790907784248436,19.023177759909043,16.938314339732344,16.307158374745985,17.25500177150048,17.84535615857513,17.262932089439154,19.172478846557386,18.00657142199697,18.952540151914306,18.51991466283694,16.095740396147416,19.161839001249373,17.140831726369356,19.05340779646952,16.07892027298769,19.277996983470512,16.77844323667144,18.204836249038866
arn:aws:rds:us-east-1:acct:db:db-1159,2026-05-18T00:00:00+00:00,52.324457238964314,11117.23152604588,155011925.26000136,197335034.1990396,31513.821429903874,31.0,normal,41.312749556804114,39.44939382809081,38.34998710317014,37.76154376009229,38.237898539077584,39.802121472759886,41.86293709121372,44.65946775057219,48.27317243859816,52.222291171355664,56.27813130502063,59.92441459383438,62.853995493105124,65.38461959711624,66.48774761056796,67.71662618388062,67.04410899086739,64.67567344210214,62.5467789612648,59.63737960609218,56.14819487016619,52.222291171355664,48.21443851029227,44.72101068774318
arn:aws:rds:us-east-1:acct:db:db-1160,2026-05-18T00:00:00+00:00,47.216930508729305,9691.354161444684,148969098.34077057,177045575.0120888,30882.949250201695,27.0,normal,36.20515803322826,34.52007871595308,32.422089746600484,32.03627093600447,32.0679125643286,34.8455235153462,37.10252084781656,39.45890645411184,43.42420213527245,47.22898685639085,51.09241598143294,54.59707621417932,57.67700093000411,60.59668166882074,61.22076442976431,62.8581270825021,61.78215001301116,59.925033607544066,58.038170849135554,54.59290203847856,51.18304936395691,47.22898685639085,43.49857857593513,39.60374479329465
arn:aws:rds:us-east-1:acct:db:db-1161,2026-05-18T00:00:00+00:00,49.19696771084225,10133.867999070982,138472177.07920042,168551979.0338599,26856.750089848272,28.0,normal,38.88989629723195,35.87486875353061,34.3235354186878,34.66569595817766,35.192594441645895,36.79450731771724,39.00885922068615,41.807626059982525,45.0650998501508,49.13904011347328,52.957807835843525,56.67893112925273,59.531029392695274,61.5717118409885,64.31687996549108,64.33289781000556,63.05382571507458,61.868509437769504,60.17059825670735,56.566398765000564,53.06643164882298,49.13904011347328,45.417797827202875,41.29364189060221
arn:aws:rds:us-east-1:acct:db:db-1162,2026-05-18T00:00:00+00:00,53.606186726313084,10784.759138849233,185133328.55556488,216883222.326896,36628.45233214739,32.0,normal,43.04187503671209,40.932743532987246,38.94355050686995,37.91641125805496,39.593636872455605,40.96192824695168,43.18802518448157,46.006637327086224,49.623037400624014,53.56864082223648,57.366187719819564,60.940831871656606,64.42822234072965,66.59622246584041,67.45097983294157,68.75488727144814,68.04209620326169,66.43091133731552,64.38140107246845,61.394091817113406,57.5456417324302,53.56864082223648,49.57486287293405,46.297017882858476
arn:aws:rds:us-east-1:acct:db:db-staging-orphan-01,2026-05-18T00:00:00+00:00,2.363318711413848,26214.4,262769290.73785773,335460537.14171606,56944.094089687715,0.0,anomaly,2.2247284862971037,1.5053332826037704,1.30574225689285,1.4662903841082429,2.338185091525886,1.1481834355615574,1.7155943300641634,1.1858309516400696,2.337215932032163,1.548218819851186,2.039170331501202,2.403574013222889,1.469027042135515,2.1149321472983895,1.2763716047180522,1.3962301850994698,2.135049579178963,1.547055547038711,1.5191928374346158,1.3777182514479283,1.4937957250791394,2.074291118015932,2.3257007802833156,2.3569540190557126
arn:aws:rds:us-east-1:acct:db:db-1215,2026-05-18T00:00:00+00:00,51.21075836754757,5567.250839755097,143365552.56855965,173158851.76756537,30384.62779244079,29.0,normal,40.3386095559752,37.80269479231889,37.20473410291435,35.952788290529995,36.98561750349118,38.261474017753876,40.93272947756163,43.425321854212214,47.471620769281174,51.27301899377381,55.14332254908378,58.48016475011706,62.043272066198135,63.799849410347825,65.05486918339656,66.83925388993966,65.88151204278482,64.04826524996304,61.705617622070896,58.47050742089687,55.200386960023124,51.27301899377381,47.44138832805601,44.028162996677786
arn:aws:rds:us-east-1:acct:db:db-1216,2026-05-18T00:00:00+00:00,51.34547967865743,5483.858570682488,160155645.78658858,183719030.38929096,30431.2026016653,30.0,normal,40.41750463609368,38.83842186163787,37.492314015065205,36.5118961963602,36.328909085804476,38.23143056629589,40.88434399638059,43.5024668828239,47.58040796616406,51.344799905594016,55.075355292056074,59.10814894709069,61.858652606771315,63.8413021598513,66.00390332882394,66.74784383743935,65.94742899518066,64.64610806806914,61.49534477032273,58.90324947311536,55.099016483209816,51.344799905594016,47.444519861722156,43.64334344631223
arn:aws:rds:us-east-1:acct:db:db-1217,2026-05-18T00:00:00+00:00,52.39646385921716,5584.980591102665,133718570.37337346,153680847.93009278,27225.652493636957,30.0,normal,41.96585677841398,39.97495764623708,37.2653665126077,37.75035789422352,37.79833097610697,39.67597704235829,41.698294177631624,45.12235466958565,48.50458925157323,52.32614585570074,56.387185172347465,59.676869716633654,62.56983555476344,65.65373215181495,67.44946522309931,67.22570079048221,66.40613616509911,64.98106260196471,62.93736793731477,59.92181870505216,56.255534312277135,52.32614585570074,48.57318750122046,45.06886012900275
arn:aws:rds:us-east-1:acct:db:db-1218,2026-05-18T00:00:00+00:00,50.726096364886196,5446.474216942583,138519960.4705961,168924520.3946682,27020.04247313727,30.0,normal,40.27383070030957,38.326538153008286,36.54014507390173,35.492949968898806,37.023621884869655,37.50913618352068,40.1198509097226,43.265904453600186,47.1006762181185,50.80820480542342,54.836583672666386,58.39302774677835,60.89580348563871,63.28341378225342,64.74834867046259,65.4281774366165,64.97844636657078,63.850455200156325,60.97212979089086,58.0509203857022,54.60126583036008,50.80820480542342,46.73774214923928,43.38093508313638
arn:aws:rds:us-east-1:acct:db:db-1219,2026-05-18T00:00:00+00:00,51.94008728557928,5545.713115658156,111847880.7799073,135660678.1120441,21775.143308220042,31.0,normal,41.48410296179655,38.92927458587142,37.91430473166082,37.27969849254117,37.92050705257576,39.10296000128455,41.365596341110695,44.499736173510755,47.8368242204527,51.817182742804704,55.66809178242371,59.26807801393819,62.243334400963015,64.3979267480422,66.89010155627282,67.06767021846034,66.20694043646607,64.90218749720249,62.62502714032871,59.30665412076951,55.60598049724478,51.817182742804704,48.03109685055818,44.381635544818856
arn:aws:rds:us-east-1:acct:db:db-1025,2026-05-19T00:00:00+00:00,83.13623585993147,48387.67861392494,1027603935.2662244,1185648174.4594805,210805.38878485365,174.0,anomaly,72.84708974466254,70.32113681553571,68.1956361409651,68.04817359073384,68.57736435794939,69.94748522945736,72.36104418629225,75.53634443954945,79.42106508319688,83.208521836211,87.23026569211554,90.64877480570806,93.74054622675447,96.58340869141466,97.15039770755408,97.5009426165147,97.37407225222437,96.5815950080949,94.32559689595257,90.40310896971577,87.17427963887006,83.208521836211,79.43502884973672,75.4492600229351
arn:aws:rds:us-east-1:acct:db:db-1026,2026-05-19T00:00:00+00:00,16.88691392947625,62259.2,815890571.7709502,930704318.9985621,162243.54217466933,29.0,anomaly,13.33137473985682,13.855271116237855,12.253817411920956,16.58453328818345,12.544848898828787,17.799090161326284,14.191414382509233,14.340004205978296,15.969513797706075,13.99910904763513,16.878564952638747,14.787413552612453,17.09196925742195,14.696203509142759,16.736612018223077,16.54552543460796,16.110512633655986,13.441697956141445,17.32288071306938,16.28246969935342,16.912205127049347,15.406262338173333,13.94355383071401,16.742366117366686
arn:aws:rds:us-east-1:acct:db:db-1027,2026-05-19T00:00:00+00:00,16.60814451013151,62259.2,670699760.9250249,836665619.0905824,143191.09349253238,28.0,anomaly,16.484875541621122,14.604635179131876,16.774582962869207,16.60986454300959,16.613437378077162,17.509441331728,17.6464645114596,14.576604896693228,15.97852637048156,15.438622889461566,13.626375817067853,16.524464993922784,17.39831540000157,15.71143018968634,12.40728830448443,13.658050021319314,13.553862857393854,14.321498143189785,12.51915959035172,14.249223666441091,16.05246003455125,13.20437611366814,17.944073834479973,14.464144639014776
arn:aws:rds:us-east-1:acct:db:db-1028,2026-05-19T00:00:00+00:00,25.350486086112937,39362.73051630239,739406861.6212317,834525306.5867409,737369.0294153895,30.0,benign,63.458201834643134,67.11229653787103,62.29033320829018,64.73384605122376,66.57457061863524,14.851750902123829,13.60910851895338,16.034936669308834,15.539093949427052,16.413541710933597,15.798641943614658,14.549413209551103,13.532747253834419,16.492466764550503,15.522417054555085,15.444849984369064,14.324634331088012,13.581617893309554,15.057911969312993,14.06623309760235,14.621021698576646,15.36899411994621,14.143590271006723,15.289446473983194
arn:aws:rds:us-east-1:acct:db:db-1064,2026-05-19T00:00:00+00:00,25.13314349295582,41889.90136761786,929500605.9018799,1159741210.6018245,949531.9114429364,31.0,benign,64.61932082821303,67.08865929146933,69.0724519577999,60.45696378554974,64.85982037996996,15.770623084309525,13.645954086355559,14.397197272999911,13.50248983468328,14.308602220345508,15.782003123919203,14.796163640470382,16.159177235449018,14.637289462678057,13.917494717790277,13.54144755795421,13.121520785008597,13.86447840597126,15.022565940778112,14.075552328565296,15.663660310328904,14.892060362513767,16.08719259734058,13.912754620476294
arn:aws:rds:us-east-1:acct:db:db-1065,2026-05-19T00:00:00+00:00,19.036699803913965,41600.247506883425,998862097.3086874,9391432208.333523,194789.64809456532,40.0,benign,17.271386760531627,17.802878751357703,42.87451725452911,17.839218989968252,16.28603236195805,17.348387484298936,17.288126779342136,16.378874135287415,18.792173411471996,18.40058387723116,19.142023939726435,16.535401552037555,16.837089833056275,19.946852366053257,17.83561271005104,18.998122492687127,16.99032112231146,19.908768017999762,18.71630755947888,17.924285595292588,19.176253521007908,17.421463189948774,17.560431686465378,19.605681901842363
arn:aws:rds:us-east-1:acct:db:db-1066,2026-05-19T00:00:00+00:00,19.008795780827853,43168.81833746853,942596902.7224982,9755769995.648485,204793.52130547602,40.0,benign,17.229816550596748,19.0531889639906,42.42028754843579,16.0511366718373,18.69515371721734,18.624428559934387,19.0500604497916,18.709063354976205,18.769237535397874,17.38171631522911,17.00007054739182,16.338094454488974,19.627957799121432,18.017773677047092,19.570481034910763,19.655975543995357,16.5348549155764,18.39185741628119,18.39734158405181,17.761621625309914,18.788601367459798,16.32506827869424,16.349296455044666,17.46801437308803
arn:aws:rds:us-east-1:acct:db:db-1159,2026-05-19T00:00:00+00:00,50.582368572371,10583.081845994491,161165202.26544654,191195277.53216153,31651.591118282533,29.0,normal,40.32087103368976,37.101287338084184,35.42387263994649,36.17421189676411,36.35944472282531,37.121298795835806,40.41729714006878,43.38352845526423,46.798579053427495,50.61204734190862,54.476732786421294,58.308421618241645,61.08778870740023,63.33681908212245,64.52193853755844,65.55413808360875,64.49878051740413,64.01991992761118,61.35349803476212,58.10033463625501,54.4300995663129,50.61204734190862,46.72045437445878,43.243434105023816
arn:aws:rds:us-east-1:acct:db:db-1160,2026-05-19T00:00:00+00:00,46.39695185304938,9893.945849144611,150246210.53579798,185237996.71600083,31248.362867643875,29.0,normal,36.00286369390744,33.480227066050595,31.350763032293536,30.72598444938278,31.870134736841536,33.76718573113428,36.074352166493284,39.15996102761772,42.626381271403076,46.43772354411847,50.399438691599556,53.94792939123472,56.56045210864548,58.84093157035665,60.86836587005327,61.29976163322083,61.64172674086345,58.8562954998815,57.36763315615602,53.58793683826656,50.496321162686094,46.43772354411847,42.61037688880684,39.11637465805296
arn:aws:rds:us-east-1:acct:db:db-1161,2026-05-19T00:00:00+00:00,49.687579314422024,10103.179773433163,144938607.618315,174231803.55009454,27530.49332783067,28.0,normal,38.763496905998714,37.20562138108045,35.74069683532451,35.150154698071304,35.15484797030459,37.26122398598365,38.61677316653068,42.31223321893346,45.86949543416829,49.625141950460936,53.50034176624815,57.30025561727154,60.232793681757826,62.316100529207304,63.457650493322994,63.94480628700377,64.68259002694643,63.21445690028109,60.177746881291725,57.29579116899431,53.61317668315007,49.625141950460936,45.62620167179264,41.81516434154311
arn:aws:rds:us-east-1:acct:db:db-1162,2026-05-19T00:00:00+00:00,53.56254971458719,10984.846144073623,181158930.3192738,226617252.16898122,36660.10810683383,30.0,normal,43.22226733735318,40.09917530156059,38.88932581979363,38.70362783188036,39.518529477138415,40.9082216853794,42.42069757737421,45.74553650588788,49.440688804175004,53.49110809010222,57.372779168758164,60.98996465355348,64.10270173243458,66.79601046993089,68.57473406841329,68.79105635909389,68.59434017201733,66.26405239312437,63.74941504026654,61.29244174597631,57.50346664428533,53.49110809010222,49.60494044870177,45.93500373278961
arn:aws:rds:us-east-1:acct:db:db-staging-orphan-01,2026-05-19T00:00:00+00:00,1.7394609583669967,26214.4,274116976.9545822,343751300.8235341,54420.74800846932,0.0,anomaly,1.7654184974319493,1.0302322960479817,1.2512032336901748,2.2762694326169357,1.1996918756337327,1.7576924557484292,2.1300074629469368,2.2007008523443536,1.338080842908114,1.8555841467148846,2.0371281290348797,1.527143564134921,1.0911273130159005,1.5415433223168973,1.1383770975443004,1.0226549025870422,1.915676921085907,1.6786613797209302,1.1289929935209253,1.10814064746335,1.3874179307565626,1.4024746509672334,2.4145188170050744,1.939028252845123
arn:aws:rds:us-east-1:acct:db:db-1215,2026-05-19T00:00:00+00:00,50.65100218817072,5417.369687071494,145077597.50424674,175167991.35929424,28997.357392313865,29.0,normal,39.942534108235435,38.27902343762002,36.55203552297936,35.020717047896404,36.250202480262224,37.77940098356394,39.53072573970936,42.966745263613966,46.639494752172205,50.64889069804716,54.45662291084656,58.20657620866993,61.54999581857228,63.55173409351134,65.71425187715056,65.64063525673998,64.97972827810584,63.79670532426983,61.10836572365663,57.841994353629204,54.53805710061852,50.64889069804716,46.83574291562983,43.14498192254981
arn:aws:rds:us-east-1:acct:db:db-1216,2026-05-19T00:00:00+00:00,50.44002547371592,5267.056829093411,148782494.23110974,183791325.15782198,31060.79972305929,29.0,normal,39.63979425309956,37.55994634061635,36.29495037212203,35.59683045544006,35.89251819096945,37.00337532218129,39.97671555968723,43.18186953378797,46.573381890027754,50.382389994963745,54.202379230559536,57.87279744517718,61.07715843436137,63.911275496175655,64.60882106449134,64.89544579779586,65.49562448150621,63.715572311136526,61.24013995864946,57.609334480637955,54.25783432310405,50.382389994963745,46.36648620376351,42.823580233964385
arn:aws:rds:us-east-1:acct:db:db-1217,2026-05-19T00:00:00+00:00,53.47333784197138,5579.908335263038,133517312.77573706,150428463.16518673,26115.094908603165,31.0,normal,42.528720353485134,39.97165616189687,39.159328834192074,38.94886914398679,39.601396046651516,40.79417413003669,42.989862356497774,45.96641473796531,49.366634699782004,53.41186909210329,57.40022954757999,60.86779361220431,64.27511316492559,65.8908576770919,67.84615641409411,68.65318404535599,67.57437048303737,66.70436953571249,64.1017092326695,61.24526366631499,57.44231892544137,53.41186909210329,49.487201544654425,45.72074570953035
arn:aws:rds:us-east-1:acct:db:db-1218,2026-05-19T00:00:00+00:00,53.66498439639316,5517.646384592408,139790200.75273824,161094036.99986887,26338.696937507146,32.0,normal,42.89033078181214,40.14643587084552,39.37280670774383,38.85207130344868,39.27541723007306,41.10839383547974,42.94834451241442,46.07666386919741,49.63352439941311,53.62821941613282,57.538538920666475,61.31070242025506,64.76380917494761,66.55283997070691,68.28765839955504,69.35264560813806,67.68632195709168,66.37684005053029,64.51526008033541,60.8657361351761,57.46890440042111,53.62821941613282,49.91007400162899,45.76986705128956
arn:aws:rds:us-east-1:acct:db:db-1219,2026-05-19T00:00:00+00:00,50.56968812144356,5224.45000613826,106303950.73755822,124294383.32088636,22147.071383527367,29.0,normal,39.34889860958263,37.78091745249143,36.696959847657745,34.98931757321515,36.677568704634275,36.97731126318742,40.30751354653148,43.25658085673238,46.564407081654366,50.48375379131613,54.47743869785327,58.178579486187786,61.50485557617866,63.31446180613403,64.66308649180245,65.77770386248324,65.35610356026334,63.92691669506056,61.48325939602069,57.636750837568016,54.54568134629018,50.48375379131613,46.44797242610032,42.79272221438378
arn:aws:rds:us-east-1:acct:db:db-1025,2026-05-20T00:00:00+00:00,82.65454247398004,49913.89679918307,1041385363.0844504,1229883830.9322553,208816.88150242248,168.0,anomaly,72.52758305227377,69.79665061728369,67.63624481198403,66.98665164790485,68.3141697574101,70.16847310702488,71.71784460696588,75.28826406579672,78.8977934292237,82.68961885472027,86.6208247465872,90.22334671521637,93.41341163213109,95.24489435848312,97.08231114455769,97.68962577127064,97.26322754420588,95.55964931524905,93.37763671280842,90.13319347393768,86.68979998864461,82.68961885472027,78.77151237869062,74.92667278843032
arn:aws:rds:us-east-1:acct:db:db-1026,2026-05-20T00:00:00+00:00,16.369246761718436,62259.2,774397856.6783469,943270265.8518273,159026.88639826735,28.0,anomaly,15.11188185605183,12.628312846782034,17.7338279488412,13.361794267108284,13.97969136026017,12.433221787543047,16.33202838165013,15.278630233224025,17.834412403855545,15.361804097539665,16.438874527125144,15.7080078295316,14.623128347204425,12.951627885337999,14.10229626633399,17.495115040951084,17.4176389647323,17.550718241535513,17.49054479357171,16.600487632206033,13.384392919734356,15.69007336930179,14.398996503444424,15.270190380965017
arn:aws:rds:us-east-1:acct:db:db-1027,2026-05-20T00:00:00+00:00,15.643989318566765,62259.2,732174790.3905776,874091852.131245,146879.19822426353,33.0,anomaly,14.653668930544924,13.231136385103639,17.27645115635878,15.492653518673892,15.942602458652349,13.240709996685972,12.014967074082074,12.057604528560743,13.657016850690766,17.537304461050777,15.541602801874136,16.175030988791804,12.41519741362696,15.8137350006855,13.886579934410225,15.59597377766096,15.580328285754142,16.102075521287624,15.99628553269078,13.850263659231926,13.876535575275028,12.019255465395297,13.455236301748092,16.66963565853351
arn:aws:rds:us-east-1:acct:db:db-1028,2026-05-20T00:00:00+00:00,26.175620692756723,39574.2324804192,680918693.7918591,859282762.9902424,716593.9944906073,29.0,benign,69.10807489458664,66.7836896185258,67.08242359752252,63.66608309317222,67.13912558364916,15.99014555340319,13.173247120731212,14.61094774010961,16.062865241070913,15.57308603277462,16.131977348522547,16.793588065472417,16.659385219654066,15.95772002957043,13.892621235771966,16.553008951378796,14.421390288086672,13.871623002980265,16.540420794339507,14.644626418757346,15.273463369096042,16.405437378954687,15.648866119916981,16.23107992811373
arn:aws:rds:us-east-1:acct:db:db-1064,2026-05-20T00:00:00+00:00,25.56942051918897,39372.82475456818,872488211.3868189,1119732015.5652442,924210.4595524862,28.0,benign,67.02509613423736,69.44827418988653,63.46737263366897,62.52103867504098,69.66157845022549,14.837618503018321,15.328850344668687,14.737553888195427,14.341903705806729,16.327286663514172,14.579877272964762,15.414138442084491,14.068383264829055,13.865884924486018,13.490371557508501,16.38363494104949,13.754016375825552,14.934512707316768,13.190093948495992,14.143967123583444,13.113816128594696,16.737421266033998,16.977636210963283,15.315765108536649
arn:aws:rds:us-east-1:acct:db:db-1065,2026-05-20T00:00:00+00:00,18.924301770178772,38974.833429468476,915519501.1667346,9244299955.159399,194153.12413913797,35.0,benign,19.19162858213254,18.529989133091483,45.48959085870849,17.731386596009468,16.472372852895106,16.408966423993437,16.37618783418608,19.334826922162375,19.966960448426967,18.552451356169044,16.708013830337148,16.288929356601667,16.738000922108437,16.55934912208769,16.98805593165759,19.053228151982417,18.38495356872726,19.390304608328236,17.51008831794725,17.630863255352597,16.611002224058563,17.60545604962384,17.81841504683421,18.842221090868662
arn:aws:rds:us-east-1:acct:db:db-1066,2026-05-20T00:00:00+00:00,18.884212043113774,38406.29306019571,938661381.9053298,9042308406.18012,174055.86069879602,35.0,benign,19.857839992717903,18.88247584106775,45.68131540786541,16.824001239824987,17.05754249850589,16.16929845083375,17.805061292909528,19.69950996678083,18.394312079376267,19.357228561694175,16.375965021372444,19.005704443973514,16.165647809805723,16.392621910814686,17.515500730013926,19.13277501786663,17.819884032429986,16.7362906307974,16.24382613075219,18.432873234770774,17.686833978315036,17.179615873213738,16.030057017160033,18.77490787186796
arn:aws:rds:us-east-1:acct:db:db-1159,2026-05-20T00:00:00+00:00,47.44735884861836,10145.841363041649,145520720.26340762,182034889.88557592,30392.430968071825,27.0,normal,36.36218567290753,34.370805030554145,33.1198647166271,32.94454827154248,32.531876333897785,34.977746915716125,36.761830308439734,39.93601752764704,43.42053903172465,47.36615326811371,51.42913171267892,54.95721683661045,58.471048135435694,59.73050287010339,62.31467466792022,62.80961999605637,62.56333315330433,60.40967626815133,57.5987371323289,55.0866801979246,51.16178934070814,47.36615326811371,43.3527065479957,39.69377516233849
arn:aws:rds:us-east-1:acct:db:db-1160,2026-05-20T00:00:00+00:00,54.56786767948531,10885.003556080985,159210932.43098143,184207616.12010664,31506.894530801514,32.0,normal,44.50655880414631,41.38458147482735,39.553981220165326,39.5415695228735,39.538920601857015,41.12206330186911,43.77252161321452,47.526767139166964,50.765303288398236,54.678158256192965,58.39103450143087,62.28269986742937,65.58840029512488,67.3538468780554,68.75616720725948,69.18404995364101,69.52125123197786,67.07731087104476,65.42504055798385,62.50471363824528,58.65415238072888,54.678158256192965,50.72085922187047,47.100714223951194
arn:aws:rds:us-east-1:acct:db:db-1161,2026-05-20T00:00:00+00:00,44.88560458019286,9859.278299416377,136061000.02317587,166082727.83311662,27058.74464340563,26.0,normal,34.72836034971438,31.898866092582107,30.644674637900337,30.303151389580997,30.088302813704694,32.465103411601795,34.046582919233614,37.34935467244683,40.92804548051283,44.892005867184935,48.82404987676567,52.54067627852546,55.90962161159484,58.03193729404795,59.161367969712934,60.210560355460444,58.68907570638025,57.51568704058224,55.311792120838554,52.023883258630846,48.80326893889508,44.892005867184935,40.84064910977914,37.155486861767784
arn:aws:rds:us-east-1:acct:db:db-1162,2026-05-20T00:00:00+00:00,53.38037257449408,10918.990063988504,186227469.42422578,222429699.4130165,36390.30821992679,31.0,normal,42.586875107781815,41.06857975999953,38.75472985284603,38.50837349384289,39.093841928769535,40.68708763165218,42.94510276748766,45.71983263336722,49.38138057284566,53.44861255795377,57.482214920035375,60.6822420586084,63.89617025243051,65.84980605864573,67.42085947421293,68.88753247681063,67.48066792612514,66.012361681643,63.71345902008736,60.98996377724368,57.29518334847561,53.44861255795377,49.740029465737265,46.03542246330234
arn:aws:rds:us-east-1:acct:db:db-staging-orphan-01,2026-05-20T00:00:00+00:00,1.6561763912646636,26214.4,252348724.76200643,305674674.11337376,52410.369258322266,0.0,anomaly,1.0803688272140097,1.407877893364851,1.6533209207332984,1.1793883567872512,2.441661935309061,1.750474932928328,1.691019187377298,2.1957711360376146,1.4544277113960447,2.4610291360452394,2.2084164433045976,1.356083913540492,1.945614622283578,1.0746098255457506,1.4549657186355394,1.5081279474744296,2.3189894197148213,1.7059911772800413,2.244473044101078,1.7853246729244607,1.5304095830896725,2.1300910759900753,1.4314364411905673,2.067168395381401
arn:aws:rds:us-east-1:acct:db:db-1215,2026-05-20T00:00:00+00:00,47.775706461409335,5206.207941969251,150555397.92419967,171438365.7086285,30042.318049929323,29.0,normal,37.54296282027953,35.21119929349467,32.81298597221639,32.141490589715715,33.58208339065738,34.94112057065915,37.159204807304086,40.44249480144072,43.8224624058528,47.66838437672192,51.643577856625804,55.51866187236047,58.534666043772454,61.06966863768394,62.44563588837334,62.894608634818375,61.55748370230879,60.97841027646404,57.908511799168885,55.523795428506276,51.58360386607522,47.66838437672192,43.696504367275324,40.26905329532688
arn:aws:rds:us-east-1:acct:db:db-1216,2026-05-20T00:00:00+00:00,44.73436840096306,5069.206605092875,150100135.8024752,172008873.9287173,28751.774698505167,26.0,normal,33.710230079229866,31.55867719966707,30.186379969994597,29.13777026815739,29.602937616496746,31.86399251434571,34.638742118081275,37.377281521265964,40.88231337172602,44.746676381455465,48.629209704858305,52.34127505381152,55.43533792871275,58.28726033344391,59.39638498337769,59.00653878960565,59.78162693173788,57.65865741125541,55.51815075090912,52.57727410851138,48.75467847835248,44.746676381455465,40.68879721574681,37.09797251091506
arn:aws:rds:us-east-1:acct:db:db-1217,2026-05-20T00:00:00+00:00,48.856539619799435,5573.434251256981,128589187.15362246,157101899.03671914,25498.68028113713,31.0,normal,38.09156813350943,35.537372249246545,34.21714790850144,33.92399821344313,34.49515387038095,35.480285221216704,38.33066953515956,41.69533695518525,45.034014775278465,48.869838821144896,52.62643619841219,56.640775224352346,59.790519665241675,61.23807555656729,63.021937573366536,63.9729209043853,63.235702575100994,61.8649353540719,59.99638995292413,56.63507592951051,52.82911770350756,48.869838821144896,44.98634993704716,41.173489796487814
arn:aws:rds:us-east-1:acct:db:db-1218,2026-05-20T00:00:00+00:00,48.13036300314083,5246.636962137816,127815540.65704228,164492684.58144307,24935.27537064339,29.0,normal,37.120334770569464,35.72260737595321,33.980176107190964,33.666487954838296,32.9936652455416,35.493019205301756,37.36511216828215,40.53483253124872,44.11939114433132,48.13274350896135,52.10842458313965,55.48025906010068,59.096284438594374,60.919728329538586,61.904816963370884,63.06384085837124,61.95640725268924,61.65797085732144,59.25224183238952,55.67885365289392,51.928409804235194,48.13274350896135,44.211079077438384,40.60928184411658
arn:aws:rds:us-east-1:acct:db:db-1219,2026-05-20T00:00:00+00:00,48.47445133266981,5310.004972992081,108097653.89821416,128824238.78413531,22346.608681384234,28.0,normal,37.521975662671615,36.005858591638265,34.514524387363366,33.59304107514802,34.467170397399244,35.30549909692963,37.99849154483129,40.769660592543666,44.68547711380028,48.46410448256066,52.37045387779396,56.227183711583606,58.57965946597008,61.485913302129106,62.45478482077694,63.338344724076755,63.40610076767577,61.216786842295726,58.8752265378634,55.91434561140459,52.413918907511025,48.46410448256066,44.611531404569135,40.702674582978595
arn:aws:rds:us-east-1:acct:db:db-1025,2026-05-21T00:00:00+00:00,75.90274259544034,41468.883069193165,875354386.0774271,1132186332.917179,179958.77983456667,150.0,anomaly,65.27777260886148,62.50776593106347,61.406504393950875,61.42444736629556,61.259477555390475,62.66311785934803,65.46521254488471,68.42459623144032,72.01933813191877,75.82226468262851,79.64018441076843,82.98797691922923,85.97098585196278,88.86492608220993,90.63308854126709,91.54848809422558,90.49567345748824,89.07168632027599,86.31165671572855,83.64508638859343,79.66378512487765,75.82226468262851,72.08213807093152,68.65738432459912
arn:aws:rds:us-east-1:acct:db:db-1026,2026-05-21T00:00:00+00:00,15.718340939599106,62259.2,738835311.7049961,818282586.0025023,147804.66678830222,22.0,anomaly,14.24800573621782,17.223640666575903,15.143521164614704,16.729715668615796,16.261483941359554,15.936123005374151,15.704153164163317,12.625265079635518,16.150871663996092,17.463739009194924,13.289851399265189,12.20771508627533,14.704366089486347,14.495114139764658,13.516481147954654,16.432546916841286,13.774302725483782,14.388604565385593,12.723938820387119,14.255830386027176,16.507137221541978,17.811429702519945,17.15936822181908,12.58845164082123
arn:aws:rds:us-east-1:acct:db:db-1027,2026-05-21T00:00:00+00:00,14.209535485807042,62259.2,621273043.7799373,770512773.57211,133992.6952846353,24.0,anomaly,14.840326292618357,13.47024755426574,13.989931409795132,13.06016669850697,17.8064282175271,15.649681827037288,14.59729594624722,16.64370299713804,16.590302525162137,15.397409993821377,14.728468520911994,15.079660469703724,14.964104209866992,15.071601470220418,12.196623174280091,12.940787098335605,15.011960431601455,16.29774228850634,13.1613824951932,15.549317105364612,17.96777700992299,14.24584944034141,15.975210589079238,14.818656989450174
arn:aws:rds:us-east-1:acct:db:db-1028,2026-05-21T00:00:00+00:00,25.822162030880232,36543.00307968233,675171029.1483527,790154923.6074457,639583.1655492757,24.0,benign,68.82200445225484,61.179358914081426,61.851665920361995,66.59545469032192,65.51895667828788,15.50137992660715,14.147551641362213,16.78319872072039,16.695114978944652,14.899327494644467,15.690242222630221,13.727828263663117,16.81647414330148,14.297662728154455,16.45271531320924,13.777327570185506,15.388721186219556,16.533576324483867,15.643960576197617,16.608301753247055,16.35387619635471,15.553423846819173,13.965369249084945,16.928395949987696
arn:aws:rds:us-east-1:acct:db:db-1064,2026-05-21T00:00:00+00:00,24.970887157836298,37158.68388479928,843600213.4295937,1006926816.8025246,875955.9205427684,26.0,benign,65.77093262045763,60.442816192643576,63.5693301078706,67.73213831861534,60.20771953355538,13.409025217815838,14.558392401177178,13.75852784979657,14.455221869556611,15.584855339473167,15.729803334541508,13.527771281989605,16.149777250048512,13.562942025764272,13.076128820091593,16.831812834455334,16.580675586271198,13.945118756391484,13.626385876455153,14.875886042971187,15.880210686872331,15.852366614305943,15.220227615591703,14.953225611359386
arn:aws:rds:us-east-1:acct:db:db-1065,2026-05-21T00:00:00+00:00,18.832923143401292,37375.64529383636,915536621.1957895,8367499634.403948,181627.0761746554,33.0,benign,17.58338130709495,17.088277627821448,40.72077584063485,16.06782459331318,16.66550763392825,17.415710520553205,18.948059552073218,17.19758576823678,17.97082935144853,19.626488456462823,17.803662114729473,18.43289632182238,19.44205344235584,18.5359777183218,16.60208777436431,18.314587408694504,17.719582052114177,18.217936015047652,17.91418268907066,17.83837652153467,19.762760201006532,16.82590150536096,16.454634258322308,18.841076767318487
arn:aws:rds:us-east-1:acct:db:db-1066,2026-05-21T00:00:00+00:00,19.027855143895554,37295.486387800804,880855423.5409111,8438324741.839842,169830.25319817447,35.0,benign,19.092623360157404,17.863205946365458,41.4176939275164,17.679058723977075,19.87823316626459,18.190922183287284,16.79237424742249,19.68942242600626,17.489502518044517,17.81903621761885,18.993585666230096,16.215394163489933,19.965720367540975,18.053171455356022,16.744096659049767,18.92498941878567,19.754485716273678,19.812800675567022,16.83183394419931,16.902768642144853,19.328736374482936,16.297041403943926,16.617317460111014,16.314508789657772
arn:aws:rds:us-east-1:acct:db:db-1159,2026-05-21T00:00:00+00:00,42.9107608453767,9684.991450914198,144692696.49670172,168943380.78438708,29220.935674765697,26.0,normal,32.17899524442593,30.197049097306397,27.74399634248247,28.014049630366728,28.843478112294846,29.927711789146784,32.206113719972855,35.481625742536366,39.230794839273344,42.92391237089813,46.646513927331185,50.7867870830545,53.62541157440089,56.10855716842664,57.80909381941309,57.50376472754299,56.75428257300348,56.2566083549151,53.242803325866426,50.425121072075484,46.84146213935036,42.92391237089813,38.89784586106477,35.28836940299396
arn:aws:rds:us-east-1:acct:db:db-1160,2026-05-21T00:00:00+00:00,44.05706127386428,9365.646256970207,136850707.88919204,179245117.02784726,29881.2884681742,26.0,normal,33.53829305117431,31.47468641328038,30.147803036484866,28.830539663335436,29.685813541219197,31.006831699735656,33.44004416747761,36.651986633581494,39.97251141596775,43.953015803747235,47.99391047506839,51.39304043216295,54.30276658655294,57.4595318585876,57.78022170895014,59.07790326506363,59.03727944262695,57.211652840881364,54.512198674756924,51.47630481815262,47.982100769205594,43.953015803747235,40.06961203169285,36.41840643928961
arn:aws:rds:us-east-1:acct:db:db-1161,2026-05-21T00:00:00+00:00,45.69194213469852,9803.681714921397,136778435.0472653,155658624.18483168,26957.030568001694,26.0,normal,34.80097242394325,32.85910127477115,31.843933636017585,30.321422764841742,31.677321913782897,32.11017260935227,35.11399934447983,37.99827849690072,41.822296157838714,45.67531239553638,49.74410999123767,53.311077625206536,56.06306745038933,58.72683482647155,60.467756440404116,60.236755307351,60.393436835260665,58.73397119701902,56.33949082478571,53.404894054213905,49.47016075314252,45.67531239553638,41.838969283219775,37.97796323106183
arn:aws:rds:us-east-1:acct:db:db-1162,2026-05-21T00:00:00+00:00,45.53645874291095,9843.090405153313,164361743.76528707,207362632.84668297,35195.35400635196,26.0,normal,35.25836447018522,33.065422175548996,31.085918763278315,30.219070093767687,30.971845978982543,32.75829973243689,34.48413177479366,38.26263005807947,41.48689685165376,45.482677058580485,49.29841674481817,53.185836083935726,56.11970568154451,59.0200454446995,59.908655727881374,61.10214948180643,60.62454755599372,58.126562589693584,55.670303410706545,52.908858763417854,49.18020955345535,45.482677058580485,41.48580929152554,37.68597548449703
arn:aws:rds:us-east-1:acct:db:db-staging-orphan-01,2026-05-21T00:00:00+00:00,2.25053121991303,26214.4,268276211.08492067,336532358.87710506,52731.13547980127,0.0,anomaly,1.1820517360193208,2.1348974744344504,1.1520076859844046,1.388107108059027,1.9942967029514014,1.6133730450072485,2.191938842245243,1.2035422541698066,1.270463321147787,1.3957103153856392,1.3903290097659096,1.8616701612092723,1.521288922106058,1.7620940284923994,1.622391418557791,1.0707333896994884,1.453160235696622,2.2720970837551677,2.156680976826934,1.3999143608555367,2.2660102982005403,1.0453644611605415,1.3942758063442215,1.8732098359245002
arn:aws:rds:us-east-1:acct:db:db-1215,2026-05-21T00:00:00+00:00,38.117351697130395,4559.218268031068,129487897.5540957,152944202.24745002,28029.969168253687,24.0,normal,26.922070258203817,25.616560005294083,23.715734914709614,23.162041593536287,22.908270724593038,24.788353029370754,27.96084134323668,30.872825198409167,34.02577025673332,38.04622225267419,42.05762609256178,45.70381794513968,48.981679125794514,51.259258722887374,52.7417596283404,53.02003428642089,53.24242895703353,50.840750361202396,48.728243190473606,45.38165683097221,41.74765525044756,38.04622225267419,34.19349267901832,30.85312583140206
arn:aws:rds:us-east-1:acct:db:db-1216,2026-05-21T00:00:00+00:00,38.931012011676934,4598.070986748445,135008069.56895202,156386741.86165085,28334.139212461618,25.0,normal,28.47453920587742,25.840154607353597,24.811832037768102,24.16373637026255,24.085724198144586,25.561452640560695,28.430073624224985,31.67044367134418,34.983819434030636,38.86833165079715,42.78422052933051,46.14903800908432,49.66742042030163,51.74889513270673,53.64466587498308,54.20104810288561,53.76541908686581,52.16241233669251,49.72642786505499,46.21268486801671,42.61827808499783,38.86833165079715,34.87783505126083,31.027503826904915
arn:aws:rds:us-east-1:acct:db:db-1217,2026-05-21T00:00:00+00:00,39.798550932983964,4625.95274246569,117934551.81468102,134002076.2300549,21766.946173126857,23.0,normal,29.263669240871796,26.25803860775294,25.87097566845387,25.03750156601178,25.5550817303071,26.516902987799938,28.682768609032642,32.6350762721075,35.83279377173203,39.79432651280264,43.62526068432527,47.56204702666685,50.15246863925526,52.17747417213307,54.4510293227241,54.74738962644012,53.82964276567556,53.215631013361715,50.757788160500496,47.183694976955046,43.5262144291199,39.79432651280264,36.04114090086923,32.65397919391364
arn:aws:rds:us-east-1:acct:db:db-1218,2026-05-21T00:00:00+00:00,43.42192590309201,4797.209548999666,126686660.47180602,144304172.2675023,24591.858590468542,26.0,normal,32.348245506002115,30.60745130717376,29.08493513687599,28.400544228883867,28.86777453395603,30.050682048562223,32.70664125990032,36.18878451852274,39.407759744323535,43.46915210664963,47.51344157330523,50.825568249869484,54.19679017177544,56.460347159329025,57.53886280678231,58.7061366832162,57.774053644044635,55.873492524457305,54.41348181563409,51.30810845483042,47.19386278486943,43.46915210664963,39.4728364604553,36.248116848139446
arn:aws:rds:us-east-1:acct:db:db-1219,2026-05-21T00:00:00+00:00,42.33265106567887,4719.253270108489,103013784.40762934,126602530.51351207,20087.9711458465,25.0,normal,31.75950766209039,28.79861509752876,28.359518810531235,26.679357111308384,27.87513893971065,28.773641635452435,31.902791055198918,34.538152810865945,38.54930690816354,42.34964463446495,46.392991404893614,49.95710011600189,52.584515735253916,54.77074974708326,57.34585248552855,57.433727676353996,56.95211698839397,55.5439280143012,53.24025244870704,50.01721455475116,46.37623749592203,42.34964463446495,38.63167459223995,34.80194501708215
arn:aws:rds:us-east-1:acct:db:db-1025,2026-05-22T00:00:00+00:00,74.88117395399581,42338.287917976784,903328578.5205586,1114218223.5159428,184205.51767670328,150.0,anomaly,64.17842242820129,62.37195391400073,59.76675228377449,59.617735718740704,60.17321016710413,61.900936871153256,64.22645703171014,67.75865670177248,71.19518801511649,74.91532038268406,78.96032989108153,82.52323650544889,85.35502358840708,88.11759057822795,89.27452829277647,89.64008155322833,88.72978597627215,87.89570412549871,85.82318058897067,82.63502604124797,78.9632478944471,74.91532038268406,70.92980764233201,67.28067832101897
arn:aws:rds:us-east-1:acct:db:db-1026,2026-05-22T00:00:00+00:00,13.031364618783837,62259.2,748191549.7094643,915794558.4022458,144126.0264804458,25.0,anomaly,12.896570746335415,15.195832384904573,15.514690358718525,16.742272469384112,14.866860578031961,16.244779503334225,12.414999592689725,16.352079309466795,13.705783951887733,16.69297057363361,15.416808266162889,12.639350177231393,17.827582287718318,12.711367232623722,16.40327115608281,12.065500995729762,14.006321514018145,16.9704813539958,15.340193439657206,14.340379080256113,14.978730823755747,15.303562695105128,16.074454581124122,14.689703105417323
arn:aws:rds:us-east-1:acct:db:db-1027,2026-05-22T00:00:00+00:00,13.478090599820161,62259.2,638463273.4152658,797760671.0418102,135656.86871796288,25.0,anomaly,15.16418982328187,13.243888107244242,17.13303096661898,17.046519775690648,17.156141044905556,17.182649576946254,12.625821326398,15.986239726550838,16.21491733244497,16.107671420464513,13.088702345081247,16.158844004702225,12.043523362954542,14.098590964846807,15.657061795629042,17.975107917038017,16.510592299344758,14.815389237973008,13.346430557727263,17.07137701726456,12.771326503670714,14.072241442126742,14.908035880109415,13.924253270503549
arn:aws:rds:us-east-1:acct:db:db-1028,2026-05-22T00:00:00+00:00,25.58415908002746,35939.965275419214,675315330.2507203,780024765.290011,679853.9606175493,24.0,benign,67.59953248022293,66.6916401453531,62.20098457555649,69.34349606191005,61.97069217244659,14.09646519197167,16.389628299063283,13.56320964188389,13.384728116885785,13.719458611444729,16.487537114033316,15.12170937382118,16.89456490127996,13.665544906353354,15.148320383553163,16.531789043677787,14.944367622095523,13.463228289248061,15.635533365993176,13.819761493429866,16.590907294660056,14.837708060814474,16.704343872425145,15.21466690253554
arn:aws:rds:us-east-1:acct:db:db-1064,2026-05-22T00:00:00+00:00,24.78194381286623,37448.93506259551,832694884.8864286,1012094537.7667233,901339.4282664846,26.0,benign,61.33718402921213,63.57658511038734,63.145138017367344,61.676926393610344,63.88442117958881,13.246628151051066,14.480207335553278,14.154001905936939,14.148925147930797,13.387692691948462,14.675875711057802,16.50570691581069,16.74376345979336,16.949756749728998,15.426564507851484,16.925610198953827,14.531512069689356,13.851245326541449,13.052628419884938,14.962094845973212,13.335204774680447,15.736632699910945,14.654430595989623,14.377915270336874
arn:aws:rds:us-east-1:acct:db:db-1065,2026-05-22T00:00:00+00:00,19.451492146896783,34895.15373467989,859360454.0003828,8556102641.579015,178810.96299849031,34.0,benign,19.554063812768373,19.17236418699449,44.935101531249515,18.096818170126816,19.786992597610872,17.176630369492006,17.605140582586394,18.906414726427958,17.823653235166233,19.904524386847516,16.809074252001086,16.699535499191995,19.286840846993414,19.922906544015714,16.23841505300306,17.379590709855826,19.607079528973426,19.150736208565515,18.478404502200004,16.991641346094777,19.277782329346103,18.68821512425941,17.046377701061424,18.297508280690824
arn:aws:rds:us-east-1:acct:db:db-1066,2026-05-22T00:00:00+00:00,19.411517911614553,37061.22302541761,834482274.751025,8347271175.579371,167836.7238012156,34.0,benign,19.808257907091665,17.62221018463467,49.17118893389806,16.351313358284138,19.84440674250078,19.543448499103434,18.591566864582465,19.229273854828016,17.94071913489551,16.612172072251784,17.778658751587113,16.981722175381847,18.415215045762224,18.64692834879402,17.714853987935378,16.843732157564013,18.37373034334234,16.96870186104053,19.099602250728907,16.061670290539027,17.95284733453762,19.70199836814252,18.84352953489889,17.77868187642428
arn:aws:rds:us-east-1:acct:db:db-1159,2026-05-22T00:00:00+00:00,42.81795171828533,9294.502664376048,138151699.60295486,171133412.2065956,27388.25780957508,27.0,normal,32.35247076938302,30.21943043024699,28.790490328593886,27.91883358906933,28.881784848407705,29.22011984500033,32.43476420091606,35.2637078061059,38.97769625959188,42.78149282127789,46.70295650320785,50.03615404822238,53.09834925412491,55.77319752969637,57.735555741693624,57.21888845889307,57.465516606646844,55.46265436213598,53.50589251511911,50.01364038570895,46.83213016467159,42.78149282127789,38.76359530416792,35.40002664468844
arn:aws:rds:us-east-1:acct:db:db-1160,2026-05-22T00:00:00+00:00,44.32515172756399,9557.524019822791,140957048.99039698,171118394.20028162,27182.18072671074,26.0,normal,33.54400162594259,30.828285222474726,30.384546448202826,29.31741629161119,29.403620693249906,31.312708437181787,33.81191064457692,37.04571067646138,40.533088711567416,44.27167832067301,48.19908590278561,51.56059375423009,54.65033541550503,57.32853607789198,58.42708024469453,59.93954011409281,59.462262785214286,57.814669906565705,55.14985237124061,51.71191196514879,48.03648962806137,44.27167832067301,40.326284824649846,36.472353078840484
arn:aws:rds:us-east-1:acct:db:db-1161,2026-05-22T00:00:00+00:00,43.33181302222722,9434.211430818565,131825730.80809012,165095207.61622208,26108.55271360328,25.0,normal,32.35191044402858,29.924930782750955,29.28003580001286,28.602014298083315,29.045582050433296,30.889334011236947,33.052361271334405,35.764524168236115,39.54096713745218,43.242648697530775,47.17521038065514,51.10999879385118,53.640084973007205,56.36160125486961,58.02314631117627,58.2671043819841,57.30866979998325,56.17424145146566,53.667232912844,50.8332862007492,46.970328233020815,43.242648697530775,39.49232149120626,36.00332899001047
arn:aws:rds:us-east-1:acct:db:db-1162,2026-05-22T00:00:00+00:00,45.32780150217442,10051.226446199138,173656341.2260947,202062694.1639439,34881.69781383385,27.0,normal,35.03649247858748,32.9949948868671,31.570362778496747,29.9820659438031,30.150458427512646,32.3207904400384,34.68731214896473,38.14193461103005,41.26531022474839,45.341205988661144,49.15207713948758,52.92326929703684,55.5292917160591,58.166511144848315,59.737057886969936,60.35259133009355,59.839312382940044,57.980095516206774,55.86104285111018,52.736961077357,49.30289696438349,45.341205988661144,41.464320154189316,37.98967467413302
arn:aws:rds:us-east-1:acct:db:db-staging-orphan-01,2026-05-22T00:00:00+00:00,1.6736693291936593,26214.4,289853387.22622603,353839755.3082115,59474.18539745471,0.0,anomaly,1.5059562403699447,2.246076923412901,1.9007810184397875,1.8865805317990891,1.5167136503414633,1.5604763252174911,1.11080658813892,1.642971326958502,2.1480537563980358,1.102796404299557,1.197373249181768,1.9962368172193623,1.0180082608543362,2.1893422612533855,1.103059479878233,1.241899874289988,1.49212781438729,1.1472635301207834,2.188853627151203,1.6905339249658398,2.1143854687049615,1.0419302571986155,1.9804137635253638,1.536087445432044
arn:aws:rds:us-east-1:acct:db:db-1215,2026-05-22T00:00:00+00:00,44.08720818004228,4781.8268343126565,135520389.42379558,161023479.86832374,28285.738036787512,27.0,normal,33.02438458250724,30.594751985449978,30.228333797152565,28.658108064076398,29.746923824037953,31.3521364105306,33.58439589878895,36.85345571256004,40.04038073653256,44.07496052907699,48.06266268206232,51.510657454137124,54.959091095037756,56.41789014108317,58.25076266793697,59.1942948507868,59.13721527222886,57.14954655046749,55.09766207787675,51.5145525101905,47.82977089162092,44.07496052907699,40.03567204374179,36.70042601405415
arn:aws:rds:us-east-1:acct:db:db-1216,2026-05-22T00:00:00+00:00,38.999947545994424,4512.057816910918,131357555.99097073,166674319.7212746,27286.5224954486,23.0,normal,27.985658623792165,26.144647494075823,23.970631318865397,23.316963361719775,24.686857508355907,25.852643761367514,27.99368075484734,31.27474838050824,35.23376041932952,39.05091191630746,43.00713055269564,46.877323809715826,49.69518348502707,52.28220132677269,53.815711650765344,54.02447616786676,53.0993615868675,52.544311928994105,49.53773478354785,46.597354083200756,43.001656781219246,39.05091191630746,35.247642265515026,31.707237226201716
arn:aws:rds:us-east-1:acct:db:db-1217,2026-05-22T00:00:00+00:00,41.63009686369657,4883.992005700321,121169954.87045653,146439546.45793843,22590.918344735208,25.0,normal,31.16663761761433,28.247754111959303,27.64016923189271,26.86157896707345,26.795055027025143,29.15134121291402,30.60066186769719,34.409082975478334,37.781621601938056,41.67771885104717,45.74348725993823,49.19730038023353,52.027446927484185,54.90384049165402,56.01015907065671,56.55781493562105,55.84547399230451,54.02902512616457,52.151729432342954,49.245778469263804,45.51926728236358,41.67771885104717,37.788100918397106,34.09356012660676
arn:aws:rds:us-east-1:acct:db:db-1218,2026-05-22T00:00:00+00:00,39.273797777110204,4628.609139763054,120329827.74904746,148544923.40943268,24003.591307860395,23.0,normal,28.248048328960202,26.625597004141483,24.91321870441814,24.47026291303905,24.49089045356552,26.466734465962592,28.923959549711864,31.9512732649236,35.630983803706435,39.34919600556087,43.207391878003946,46.949967048014116,50.00205877055927,51.97453252584362,53.97005950107639,53.96293140637259,53.95706629310701,51.6965597400805,49.597465829064014,46.66749712906032,43.18008904511553,39.34919600556087,35.37387504095652,31.61229194384043
arn:aws:rds:us-east-1:acct:db:db-1219,2026-05-22T00:00:00+00:00,41.59309300502665,4899.129158645997,98652528.14517727,119628202.72913995,19435.80732276422,25.0,normal,31.02442582337813,28.708686049993812,26.55315857176543,26.20733620868538,27.449850612282773,28.324112698820848,31.40845552736312,33.92294207903471,37.529575944085735,41.58466467219979,45.281174592757324,48.71706804930278,52.32673371204774,54.83370414860433,56.40108490394626,56.62764218850734,56.021166061123175,54.51332870633061,52.72023795922543,48.95793735169012,45.34298782178002,41.58466467219979,37.74261354788479,34.45068021763019
arn:aws:rds:us-east-1:acct:db:db-1025,2026-05-23T00:00:00+00:00,53.172939808787376,30654.946534356975,756177862.8638132,919116526.0705264,152220.754027788,150.0,anomaly,45.110066233694,43.34075262894437,42.358223784682096,42.23558052052546,42.4940799276407,43.12340492762468,45.54623049333748,47.56854339256961,50.170202631853826,53.20580008131023,56.13173665042544,58.73050059796131,61.076510090729,62.57427371810307,64.56163520369547,63.942815514394006,63.71527744450302,63.1140254819089,61.30745662513968,58.87165868357651,55.99966314988383,53.20580008131023,50.38850777121909,47.377809775864996
arn:aws:rds:us-east-1:acct:db:db-1026,2026-05-23T00:00:00+00:00,15.065976261220262,62259.2,588271932.7422295,741077141.2643167,119148.7433227271,14.0,anomaly,15.693158639179078,17.630252508980423,12.714332504905885,14.042029237811672,17.625898494327444,16.986299642947102,13.241131006620995,17.715582823768383,14.369181143218398,16.47588078411211,14.120024113550471,15.426892638275802,15.968676968194888,13.211475261003049,13.895061262455858,12.678472528969497,14.587748274790147,17.00889559364354,15.074458580589774,14.053608629454219,14.375647874841329,17.46818771553368,16.54602769853875,16.955932349193798
arn:aws:rds:us-east-1:acct:db:db-1027,2026-05-23T00:00:00+00:00,14.920428911554627,62259.2,555543072.0412011,636332578.036626,110510.83109606798,16.0,anomaly,17.369969044181378,17.521584987739836,17.42692073032332,14.403775517549606,15.28123851802652,13.833545489206776,15.69941255852541,12.99436029292723,12.895420508664213,14.005773138945177,12.087077412611567,13.996064278979787,17.432177545400442,15.244180851172507,13.162526595912167,13.797209996412771,17.827969682024197,17.743159524340324,12.185207610569487,14.972533411330279,15.940366701318233,15.54656180326266,15.713654811758008,14.89592841586136
arn:aws:rds:us-east-1:acct:db:db-1028,2026-05-23T00:00:00+00:00,24.677686545440533,23493.175095029554,557492199.662791,633856110.5535519,548638.2716005002,15.0,benign,66.67927116558879,60.86553878418059,60.96276266025447,64.6730595829642,60.40247237966182,14.005820964525777,13.371936423596894,13.854030469488098,14.314576641613996,13.309989825712107,14.32191007753066,13.777822010257335,16.648858241094736,16.552169100696524,14.733020429070027,13.084134520198868,13.386481533971232,15.525256291739343,15.087582434820792,15.05733174854648,14.754333239281287,16.179130451129993,13.720977885152887,16.996010229495866
arn:aws:rds:us-east-1:acct:db:db-1064,2026-05-23T00:00:00+00:00,25.53008902322874,24375.160453305423,704482636.4579539,820508920.4564841,672656.3369567001,17.0,benign,69.67788133877008,69.02702260872036,62.94741799236611,65.72130766072743,62.528900323127125,14.469506222402984,16.916593106996235,13.055903076128104,14.819053090599146,15.871569374603279,14.147088575241998,16.390224344479527,15.565449283041257,13.520134892861215,16.510276711408437,13.24623227063445,15.93146899558188,14.408981955044926,15.77876667730342,15.39717304386331,14.639873218560666,13.078026539459248,14.927845132529018,14.145440123039585
arn:aws:rds:us-east-1:acct:db:db-1065,2026-05-23T00:00:00+00:00,19.4527337367976,25283.295074229693,734972002.2065188,7066567863.228424,141438.7484517391,25.0,benign,17.92972562152559,18.663778664493346,46.79949088690832,18.141779029678467,19.80121370009695,18.279203246725043,19.32960342025904,17.686607665252126,18.729290071233805,19.475647147345793,18.52746809315263,19.780490638876227,18.001478501345108,17.63543045808893,18.047803923783672,19.49979320203239,18.365863918530668,16.74049519341565,16.031314870845385,19.153141158115876,17.85752103038553,16.168013960321325,17.26548274248953,18.954972538241112
arn:aws:rds:us-east-1:acct:db:db-1066,2026-05-23T00:00:00+00:00,19.35142650906398,26141.03756591891,710861321.0269743,7097770522.974092,140034.50020550445,24.0,benign,18.929622822022917,16.316759427578933,43.82686885405891,17.96897255457218,16.962084259828508,19.05228360588433,18.39891775066832,18.53923365661713,17.662905306591185,18.19624774087877,17.492586954643155,19.541486999133635,19.304948468395654,17.347268183156235,19.57247414596387,18.70118588499701,19.146448900578047,16.281314732789497,16.390081938404062,18.851562333198842,19.665403613698906,17.847914223247866,19.447675180067936,18.989988680559613
arn:aws:rds:us-east-1:acct:db:db-1159,2026-05-23T00:00:00+00:00,16.851211806772366,5855.991551534437,109774837.22362505,137780458.20761073,21877.84412181487,13.0,normal,8.833836299482833,6.716717493725217,5.917439202583427,5.637703550049287,5.888633722832204,7.530079167911242,9.262048983259195,11.298565329214657,13.815794704394772,16.842016629959534,19.818132947981322,22.384026179705682,24.894484332951883,26.11925385443173,27.469948937234605,28.621398933914215,27.51965049179115,26.275585303496843,24.855931704945313,22.550134352374894,19.832531277936727,16.842016629959534,14.071955065325655,11.431198267074777
arn:aws:rds:us-east-1:acct:db:db-1160,2026-05-23T00:00:00+00:00,17.36658155722155,5810.613240778061,106408482.36813428,131503866.5522313,22964.069654937808,15.0,normal,9.567203566558272,7.249176686399714,6.926326077943057,6.377685744777262,6.783646320371011,7.2247517184610315,9.262212886124285,11.905460751832926,14.558771095449272,17.356877114345608,20.200176757971093,22.95143225189188,25.47890390797467,26.75745770739329,28.405653999341798,28.610791476233437,28.12757081447829,26.81074434388114,25.42366363729105,22.804579224786544,20.223300834345856,17.356877114345608,14.536229353950077,11.898463987170096
arn:aws:rds:us-east-1:acct:db:db-1161,2026-05-23T00:00:00+00:00,20.773227405790365,6461.92476276981,103540027.27159576,135813243.69828987,21401.034655809508,15.0,normal,13.093442726018413,11.05376509252506,9.521165639126442,9.460355268111707,9.453492040713673,10.816169882771408,12.950373777719951,14.939633819269368,17.936212892531955,20.825231345004617,23.84857814924651,26.715653337332387,29.08704229588173,30.552225415241804,31.68822214974547,31.890840633822684,31.626488326819548,30.2160438389587,28.419653850966974,26.547558824853283,23.850208050491073,20.825231345004617,18.029813614900064,15.21005542191129
arn:aws:rds:us-east-1:acct:db:db-1162,2026-05-23T00:00:00+00:00,19.420552699317895,6322.898057436801,135050709.26896843,173488356.29150265,27220.87902710567,17.0,normal,11.43743024007206,9.510796680047598,8.593601958467165,8.426635991647373,8.16180592425204,9.344344747612796,11.616373296415688,13.892134861496562,16.410606577398013,19.433160891411912,22.456873311510616,24.84285807658472,27.159898286544102,29.247839240488258,30.34782060974205,30.743564043141994,30.65217289651635,29.003370999984796,27.503746395050303,25.140692313543173,22.45160544710952,19.433160891411912,16.593772728321294,13.688998374859139
arn:aws:rds:us-east-1:acct:db:db-staging-orphan-01,2026-05-23T00:00:00+00:00,1.948020991835769,26214.4,283549467.99463433,316444789.11520857,53885.07193691337,1.0,anomaly,2.160319422197694,1.8858104914203093,1.5893243071236893,1.8513179311234762,2.4826191663877957,2.1422532705629758,1.905312464487075,1.9248998541828692,1.4309040700203188,1.68687559401144,1.9695856248375523,1.5689602182872293,1.04379400586996,2.4537818446097033,1.818703713388762,1.738294549315094,1.8864384391725135,1.768947591042473,1.1623065220505957,1.0694174109701853,1.919135844285576,2.147354937850106,2.4178994325083023,1.9093049430440971
arn:aws:rds:us-east-1:acct:db:db-1215,2026-05-23T00:00:00+00:00,18.718861669810483,3142.813400883561,109108105.42311454,129911775.33522616,22552.19694814867,14.0,normal,10.548808465776034,9.246150434810314,8.269884653459862,7.619429337498083,7.486761874941161,9.345487313529162,10.514674733182131,12.891993819553552,15.651198190201464,18.67216503335189,21.69397240923803,24.4349408218332,26.710598137517017,28.52393306653742,30.008473400087315,29.98859081983821,29.339951943965485,28.565170854795056,26.82447358640397,24.069353490633045,21.61962147914855,18.67216503335189,15.65084235798405,12.904038817814621
arn:aws:rds:us-east-1:acct:db:db-1216,2026-05-23T00:00:00+00:00,19.72436261379834,3030.5636514724,114753241.95282485,135331060.8780399,23322.448297753075,13.0,normal,11.761867889904174,10.151598961907698,8.492212748878815,8.229100911923714,8.92303851538466,10.188178760552574,11.629244924072896,13.927733778597531,17.009524087077935,19.781344935832387,22.63642506671624,25.19403706909429,27.34658685302706,29.276761866457623,30.671917437130315,31.506798670313245,30.995934872718273,29.04851720691949,27.382419103140055,25.625957673653286,22.82491051132318,19.781344935832387,16.863756998835576,14.135488951866714
arn:aws:rds:us-east-1:acct:db:db-1217,2026-05-23T00:00:00+00:00,20.320735718835277,3245.8785224692865,96984561.89461789,117362394.27246614,20347.513444814183,15.0,normal,12.302085651210295,10.431797999180084,9.9607704033313,9.448891665774354,9.394398532325939,10.392451839805915,12.400912492873651,14.751670643098633,17.469579611645308,20.308582812410755,23.132740573820847,26.113184341370292,28.1130000400465,29.64748920870521,31.305368820486127,31.578939171563153,31.21795569356054,30.13696857779078,28.217776263929544,26.108347316622535,23.097920990400823,20.308582812410755,17.261748203032173,14.59649358665111
arn:aws:rds:us-east-1:acct:db:db-1218,2026-05-23T00:00:00+00:00,17.54553737178971,3071.0278758954296,99307661.53820664,113809586.12765653,19233.204866683674,13.0,normal,9.34651308821595,7.601150757843734,6.683745314631039,6.741438285584925,6.395205970515928,7.781167756255925,9.819627170524628,11.881991555942378,14.451746217311285,17.501296993190152,20.46861183361215,22.871948733939675,25.659113551698542,26.90296474029675,28.101128881050098,29.22727748225767,28.900348430104668,27.630546909565503,25.579140045830158,23.114692413549573,20.555416207395428,17.501296993190152,14.662941065702743,11.71358652474395
arn:aws:rds:us-east-1:acct:db:db-1219,2026-05-23T00:00:00+00:00,20.956306888109882,3484.2581884205665,78604066.26762208,101277598.78286995,15628.552013101626,16.0,normal,13.139976270186887,11.36998213076303,9.616211307800853,9.41781550917957,10.081807725515096,11.357525901886481,13.324879221532838,15.495691326401841,18.065190039386035,20.911539115007997,23.72848588459989,26.663765737473753,28.48498890497264,30.59270042154064,32.19308523648228,32.65611945407029,31.647783506078007,30.8957245312962,28.999095421896833,26.625705774289763,23.755385149780103,20.911539115007997,17.999863569176043,15.016504060312148
arn:aws:rds:us-east-1:acct:db:db-1025,2026-05-24T00:00:00+00:00,58.83015553888639,34327.02291924852,852170264.5428289,961198507.7484668,164608.2444524074,150.0,anomaly,51.08729927325524,48.86187880483347,48.18215189268406,48.13182993893625,47.51091532785763,48.703507170610806,50.7725359577139,52.95754914502218,55.91924255189055,58.822742422238846,61.661775223302115,64.67587104059754,66.67255062881573,68.81276680429545,69.90380394317967,70.2151701486425,69.87041836223294,68.08334070507888,67.01184201336272,64.54831864825059,61.83232725443487,58.822742422238846,55.927573124939386,52.93558012885935
arn:aws:rds:us-east-1:acct:db:db-1026,2026-05-24T00:00:00+00:00,16.804340973092152,62259.2,627607784.9736339,784066106.241322,124762.66326171174,18.0,anomaly,12.11835837040731,14.363293794037718,13.149960233321003,14.31496777198778,13.334338274848777,15.374274348262311,12.678176382787202,12.959268034865577,17.774208485804294,17.85166641354244,16.707551679538064,13.511394811479455,15.959325924094129,15.642249404097681,13.431585183519658,15.644333097564392,15.332951443471874,16.87288536705482,14.303169198498685,16.645360830321216,14.79037373480897,14.508715047616807,17.934835985652754,12.395909394902855
arn:aws:rds:us-east-1:acct:db:db-1027,2026-05-24T00:00:00+00:00,15.375612781799443,62259.2,552884377.4950718,681481154.5192748,112271.71316293818,18.0,anomaly,14.568595147492314,16.380069638555625,16.90487377120897,12.60230641826279,14.297002131718955,14.790721739254886,15.298952192105652,13.259980129125966,12.544489241576468,13.8576510250367,14.463783873703298,17.46904875249614,14.113999972043757,13.258525327102939,14.472160711623234,17.207063681909116,14.725408125246021,13.058580979523517,13.4081933099538,16.616128510047893,17.187517187507765,13.326476069791354,13.802140586964168,15.121141600345418
arn:aws:rds:us-east-1:acct:db:db-1028,2026-05-24T00:00:00+00:00,25.472162889957815,26346.055925681438,568378442.4623351,695003834.7974999,581031.5066632997,17.0,benign,63.73130701632746,68.32593186686194,64.053032908587,67.39365348746085,64.45762834929154,15.843715382964366,13.351914672101632,16.137364551355464,14.066430411662704,13.580848253954017,16.370500966552626,15.021001001689902,13.097016245057034,16.50612496214553,14.097587555454032,14.706674650736163,13.62640413544058,15.162259045893286,13.272563488002719,15.858942280686257,15.469387902970713,15.778352409929695,15.964539438766426,15.458728375095543
arn:aws:rds:us-east-1:acct:db:db-1064,2026-05-24T00:00:00+00:00,25.645001580046426,27309.31517916502,717859711.3883182,918192252.2597911,770314.7006915817,19.0,benign,67.39164123377023,66.7781229064988,69.70184740256245,66.81381094619127,61.71889089075965,14.651188416153124,16.493155853378244,13.573852839226511,16.58516398758798,15.318741070976841,14.351262532779838,13.77488896494565,16.139299957363313,14.488088901384296,16.95157902222861,14.724583336585221,14.395606047319077,13.633321867681003,15.278523846066788,14.75159144459693,15.225367791432113,14.54658062526639,14.69289286119621,13.500035175163774
arn:aws:rds:us-east-1:acct:db:db-1065,2026-05-24T00:00:00+00:00,18.833505407114217,27984.734889684572,737162538.8614501,7709935279.291076,150350.97548675162,25.0,benign,18.3492557329927,17.57579610988386,44.581481117489716,17.165475803361595,18.217876313842464,17.276311799035476,18.368072823392257,19.98506309232487,17.040715936021943,16.742494597599904,17.13102503029686,19.590803641302564,16.763776795616472,16.325209090279404,16.00067388985215,18.696076016351142,19.06890755188051,19.315480164577757,16.692201133983055,16.02547313060594,19.07146116114295,16.395312105338874,17.94870136381851,17.676485369750214
arn:aws:rds:us-east-1:acct:db:db-1066,2026-05-24T00:00:00+00:00,19.273203899968355,28677.7308042668,740015424.3034941,7578295946.897923,147473.3149337119,26.0,benign,18.370058512568825,17.010097516714936,49.486669662407266,18.73365071051631,18.499878043555867,18.872071355584556,17.369373954269143,18.11012804361624,16.245321579442514,18.587548855944767,16.694465756227476,19.353275248878116,16.284120162172528,16.24380510327367,17.171012512451906,18.267682858903537,18.727129768128012,16.734662232759973,17.78126942035136,18.62603848239423,17.821903198618593,19.850558631703308,19.100557887311936,18.615614101445452
arn:aws:rds:us-east-1:acct:db:db-1159,2026-05-24T00:00:00+00:00,18.93316285358752,6538.983968037746,113066393.44350481,140243651.67708194,22843.609491009778,16.0,normal,11.041749811547962,8.972028107836948,8.022999915047052,8.213666091196629,8.277858811953145,9.420530650131616,11.328514760815604,13.212600607229783,16.04375668936348,18.917995886718998,21.96997376735541,24.62211592149198,26.48816941272974,28.67534389129319,29.560367407929107,29.975713550924564,29.410261651731943,28.50194006373726,26.864228460028876,24.771862294616245,21.844070917718827,18.917995886718998,15.932065068475751,13.410098859507338
arn:aws:rds:us-east-1:acct:db:db-1160,2026-05-24T00:00:00+00:00,26.520352108065868,7600.116280061608,119410090.19013487,154596342.8734733,23770.871673172056,20.0,normal,18.73505440853795,16.467580309860104,15.470083419453621,15.79456460056703,16.059022274167152,16.759072979532114,18.747284428347328,21.114818776776485,23.559047233294415,26.505436855503277,29.305161776112378,32.14688108527791,34.24906480324334,36.03311630087688,37.81800595948879,37.89122061611933,36.98814695402881,35.88290892363362,34.30828497381881,32.11758567231753,29.454592273575084,26.505436855503277,23.47305389962301,21.10302521392259
arn:aws:rds:us-east-1:acct:db:db-1161,2026-05-24T00:00:00+00:00,24.82197172909499,7377.298124503647,117876347.75684723,139396139.60243958,23522.029375807215,18.0,normal,16.577663656658153,15.513465228946082,13.564622541296329,13.403170568439574,13.627725861951998,15.12083287632902,17.160494763585866,19.121318253504157,22.040021655784173,24.8643229358688,27.87118717612972,30.260684667979813,32.46240648284558,34.91277822786751,35.53170198880695,36.326565768024274,35.354520473051394,35.01582190527979,32.800031674568345,30.43982668393049,27.910413525487215,24.8643229358688,21.808934334937558,19.17448731113827
arn:aws:rds:us-east-1:acct:db:db-1162,2026-05-24T00:00:00+00:00,23.39478269795054,7240.578732278941,140106767.2037762,170769473.65795827,27647.94007028823,17.0,normal,15.080452174692294,14.041514708463076,12.370213114254035,12.078043085447735,12.672592700338221,13.46724097731127,15.619959293490215,17.87541603353336,20.45003991756205,23.373872734983834,26.236712110341067,29.09661452383715,31.19866489121821,33.246864427714506,34.449358105078375,34.63688346391528,34.52492755118585,33.46564264809896,31.228489604104336,28.879270965760742,26.1476218725714,23.373872734983834,20.436035586850284,17.524481525076816
arn:aws:rds:us-east-1:acct:db:db-staging-orphan-01,2026-05-24T00:00:00+00:00,1.1489629281547886,26214.4,295258548.70409304,355009041.2639005,60019.85221413821,0.0,anomaly,2.2840792910836143,1.559042594496333,1.8137715524071214,1.26709055005614,1.5520595401621935,2.4094622871660265,2.254858301203772,1.148240673847918,1.2947440895194207,1.0017843139250753,1.0926896134579454,1.0136597069021436,1.7514572508391129,1.0774931027250954,2.2301412459848162,1.2157624993033842,1.353358457096261,2.2887639231608254,2.476144548777166,1.2213450774114483,1.9121836173219613,1.1578251826973123,1.0798729505430136,1.9850256819326624
arn:aws:rds:us-east-1:acct:db:db-1215,2026-05-24T00:00:00+00:00,23.24844705082387,3763.959634640204,118329415.95930102,141409223.16050774,24006.60376381627,19.0,normal,15.023119604510773,13.884239543779413,12.281024606777196,12.353216894478594,11.998462897540529,13.156094511335455,15.249456809737064,17.38612976369451,20.288004657527072,23.28563180852788,26.054481014735373,28.712234599950037,31.433441469069628,32.76728317395442,33.65331062605697,34.93932981087513,34.57888452739655,33.128086879131565,31.28369861984276,28.856909462456542,26.21089926187833,23.28563180852788,20.29731304680268,17.855843821186564
arn:aws:rds:us-east-1:acct:db:db-1216,2026-05-24T00:00:00+00:00,23.960353291416045,3531.3392233180657,120787004.9807128,138139428.53169212,23095.510628351556,17.0,normal,16.413512081711463,14.041529468600455,12.615195194149646,12.348068356549078,13.456710682162186,13.809769629651218,16.257445404650536,18.127703415581767,20.992733135094692,23.99977187463664,26.991241114464465,29.564143535251638,32.19773663400273,34.16279072229841,35.36049803617604,35.13674992793118,34.37945246990854,33.428125327297295,32.12895628667551,29.407220197865847,26.913262691867008,23.99977187463664,21.065487900014713,18.25060303280731
arn:aws:rds:us-east-1:acct:db:db-1217,2026-05-24T00:00:00+00:00,23.47181266947,3919.66245101253,108400060.15757465,125940780.97539705,21753.08227705303,20.0,normal,15.178218792179765,13.504925658497385,13.010405754796409,11.872786054810026,12.826717276617345,14.087387550562244,15.30943944887974,17.83651048198193,20.48484125998785,23.447598365364744,26.478315859736107,29.005143031455564,31.681884487396992,33.16732186736595,34.5546763434802,34.86938682540439,34.65672330061989,32.73151068472963,31.40585744711067,28.80269136780082,26.492811561183935,23.447598365364744,20.43141143381929,18.039340848134444
arn:aws:rds:us-east-1:acct:db:db-1218,2026-05-24T00:00:00+00:00,23.41382068881579,3831.79567549325,111297682.11949557,135100824.70049408,22344.34423608737,18.0,normal,15.51468502893655,13.839268734601529,12.396252612760147,11.882259620176345,12.964756037594489,13.36574961227592,15.496276751448644,17.57832343051077,20.55225437171114,23.47350700443509,26.43025261702343,29.094475980848994,31.248869561624055,33.54507507928193,34.378674044537,34.53187585315917,34.10033501766451,33.42587101089168,31.26977377183505,28.888599987627,26.36788980824593,23.47350700443509,20.416586668088385,17.6965769218661
arn:aws:rds:us-east-1:acct:db:db-1219,2026-05-24T00:00:00+00:00,24.887581785845583,3769.894963769229,89351207.781733,108034931.78555167,17906.304860799522,18.0,normal,17.005629975679817,14.640107451556194,14.050563928897889,13.175410726041417,13.547385573345927,15.047626859595477,16.843509407694665,19.36431011507907,21.879263735447342,24.85407593519141,27.861046105050157,30.61371408023258,32.72898890614831,34.9193356986659,36.253380550414285,36.640014517334635,36.034036087915055,34.83454786273653,32.4136624464911,30.589709587890543,27.735020654020666,24.85407593519141,21.980644349371662,19.435902370302074
arn:aws:rds:us-east-1:acct:db:db-1025,2026-05-25T00:00:00+00:00,92.51961145224654,56017.13628462092,1077592409.4321387,1378065361.01748,226896.10456651734,198.0,anomaly,82.3114946037115,79.34531692389398,78.47446513292246,78.20836764442507,77.29086905713793,79.53725659441238,81.50063516226675,85.26123884933384,88.69798440212323,92.48480531488457,96.38992518331071,98.0,98.0,98.0,98.0,98.0,98.0,98.0,98.0,98.0,96.46534153927078,92.48480531488457,88.65275230303365,85.15552283237014
arn:aws:rds:us-east-1:acct:db:db-1026,2026-05-25T00:00:00+00:00,15.121646672178384,62259.2,840799567.6774744,1050994210.4680015,179089.54879324776,33.0,anomaly,12.559758544660594,12.869007728574577,16.832088792197393,12.794229687457463,16.463074169039235,13.140224412539348,16.162267690725102,16.807123001801514,12.541300851995764,14.446670757355381,14.16646475445635,13.306390597457568,13.097392890037064,12.476332138574366,16.815783690293557,16.6644206907139,13.910556485895693,16.896196008863257,17.06688577153913,12.585570035695445,13.32295195214198,16.526071148049528,16.940593379050664,16.34391656169874
arn:aws:rds:us-east-1:acct:db:db-1027,2026-05-25T00:00:00+00:00,14.813738626557491,62259.2,756510933.8090461,876820319.8899512,148548.52024188952,33.0,anomaly,16.837490208698522,15.737213272215708,12.094958470559604,17.599765108224204,15.26309800899823,14.998866751144774,12.129323884742954,16.3039294950165,17.30733142393877,16.19649733819398,16.43480684667089,16.04220944644209,17.828633047535007,15.428782090450355,12.270704123256634,12.692397468837925,14.132541632461601,16.310631778021666,17.861742840634353,16.39387151265957,15.020619788647343,16.31545002899186,14.993997392986433,13.773939533980528
arn:aws:rds:us-east-1:acct:db:db-1028,2026-05-25T00:00:00+00:00,25.34578118429408,43228.84071568212,756252451.3459785,921444253.4757583,734118.6982270537,31.0,benign,61.6442143016513,60.11103522188625,63.73466563184576,60.58626632168741,69.27299430946496,16.583955391794433,14.094786981081652,15.679207667647347,15.9491055398919,14.328195613158108,13.827883843031945,14.613794790014246,15.374139104670107,14.682572451856055,16.94794674862561,15.921634108259687,16.088828146905282,16.96605086100545,14.431425064516771,16.145402076100947,15.901971766958365,15.067373984363275,16.86288016669588,13.482418329945101
arn:aws:rds:us-east-1:acct:db:db-1064,2026-05-25T00:00:00+00:00,25.473080493896536,40738.58523800239,939299636.1044204,1100689583.526173,915753.8414093178,32.0,benign,67.37013523247555,69.92914226319792,63.782251398758305,66.88071852527239,64.06773240342478,15.345566725041492,13.355637585228147,16.10763779837345,13.49008102671055,13.609577082943725,15.404748868135648,14.324041280949285,14.176184075312005,14.450081431455366,16.757149560747138,15.801214638074857,13.668408446191872,13.021044633408712,16.77944796584146,14.66445839118726,15.80402260768954,14.246571541687196,14.736488173265997,13.581590198144193
arn:aws:rds:us-east-1:acct:db:db-1065,2026-05-25T00:00:00+00:00,19.201696859357977,41929.7738198229,980064091.7485942,9991684625.326597,199221.207339759,40.0,benign,17.33179561130744,18.194826571998664,44.29251177296318,18.311909631822886,16.031613108459123,18.43856075875854,16.846286339249605,18.70601194988572,16.752286780396652,16.894482107544448,18.66731045885568,17.59139432745257,19.979944004534204,17.969682886528478,19.042108482832145,19.902556455342584,18.652538450053978,18.80404287519795,18.88368016827677,18.618813794873933,19.959746361514803,17.129573489483548,17.718678226894692,16.120370010363825
arn:aws:rds:us-east-1:acct:db:db-1066,2026-05-25T00:00:00+00:00,19.456069355937256,45454.12126799015,984444480.9291006,10266025334.068485,204395.11805525268,44.0,benign,16.93509986627009,18.227286934075032,45.60706594511868,16.25736878319528,18.901013340210913,19.441923445364875,18.767112244434493,19.544350942245913,17.411391026301857,16.944999747661374,17.546134942233802,18.576918638531005,17.559081006475985,18.872096117989734,17.113127268077726,18.451663333309817,18.983195214734195,18.161463267920965,19.346528685345003,19.214451595488523,19.97826021143132,17.69806931707185,18.56758182123319,18.839480847772506
arn:aws:rds:us-east-1:acct:db:db-1159,2026-05-25T00:00:00+00:00,58.03864543503173,11632.244750884449,171287724.68874028,207326505.28018776,32109.299701095624,35.0,normal,47.975985524635846,44.61499428858275,43.96594312655905,43.6521142948244,43.253629212236724,44.85104589297783,47.03712924357285,50.498148218232494,54.13031307979297,58.10939462652154,61.93271711790861,65.81867039995676,68.92866155056745,70.77084650998515,72.23098596365625,73.2055880398941,71.96854804381324,70.82867348596217,68.7546615945044,65.31997141997886,62.13306802979801,58.10939462652154,54.31339960441855,50.52360654586009
arn:aws:rds:us-east-1:acct:db:db-1160,2026-05-25T00:00:00+00:00,52.8830905930218,10538.007482828913,157563132.49449098,187337853.33652508,29853.931445352755,32.0,normal,42.66194197913315,39.39553428146586,38.80446507481863,37.6154469814972,37.94162170159088,39.624233661507475,42.41440233484529,45.70465616222496,49.20035959689625,52.92419053280543,56.71945465577264,60.485104452126734,63.81371657317725,65.57080305534444,66.87698494238404,67.93146281951329,67.75484864012795,65.88286383096317,63.40489313442515,60.09732707245292,56.81410031100397,52.92419053280543,49.18833142076792,45.44324048487303
arn:aws:rds:us-east-1:acct:db:db-1161,2026-05-25T00:00:00+00:00,55.82171218660729,11317.07360023164,161680208.93423495,176993086.37949917,31570.57690120354,33.0,normal,44.793014748213444,43.1740456970724,40.980912729464166,40.60356211921345,41.68378649204297,42.96001474456435,45.38765904731861,48.660031328778445,51.78681697276711,55.8303990584489,59.54790127252768,63.54594549866547,65.99378607746952,68.47671412613767,70.39753622088519,70.26834792918783,70.50518319676694,68.94934941915783,66.87317580473996,63.41692089794254,59.544563094955976,55.8303990584489,51.985328475618374,48.525698468187414
arn:aws:rds:us-east-1:acct:db:db-1162,2026-05-25T00:00:00+00:00,56.52005777459025,11431.183062519898,197442246.14380825,240038222.32933274,38271.75308800501,35.0,normal,45.71682182246631,43.94017369617119,42.32086475222077,41.00004768272187,42.51692016473836,43.52437270323537,45.779145884487576,49.19412498664911,52.77003418067864,56.535743125439666,60.323483965136695,64.28924372616387,66.6848434403804,69.25444735570427,71.21988062060868,71.86441546732522,70.6892273714871,69.27577484565134,66.82274656503122,63.90229431079261,60.607533317077674,56.535743125439666,52.77771177272064,48.935791707837836
arn:aws:rds:us-east-1:acct:db:db-staging-orphan-01,2026-05-25T00:00:00+00:00,1.7860328430696866,26214.4,280739175.54499984,330449758.6275342,53919.1781121675,0.0,anomaly,1.4983257686218798,1.564246215549575,1.619739995075192,1.7648914137561715,2.280079407530724,1.0289848675120155,2.235366267950741,1.2203324323093456,1.890886408443323,1.7755240568069877,1.1609311213229125,1.0378807462833202,2.2805388305405216,1.5695241572027085,1.2674073980009135,1.0244563268857427,1.9808396389168723,1.8564810363074258,1.790380718275542,1.734916910195449,2.233411399420218,2.1762275565123033,1.0110504413681283,1.7382596984773393
arn:aws:rds:us-east-1:acct:db:db-1215,2026-05-25T00:00:00+00:00,55.55583005894369,5853.118320529558,167928293.33849743,195845366.73894182,33098.93418344039,33.0,normal,44.953906828507755,42.79632775501503,41.147474322479056,40.143091501073336,41.19222986594606,42.954189296183586,44.582066980119976,48.08986631497908,51.7010109081924,55.58779530200271,59.37075888263903,63.430702457134025,65.84004283630789,67.94526313413779,69.54575484965102,70.78774240103222,70.587106107208,68.92757820396103,66.14237515489897,63.04454988678698,59.3080193013401,55.58779530200271,51.677217286818994,47.99705653623079
arn:aws:rds:us-east-1:acct:db:db-1216,2026-05-25T00:00:00+00:00,53.6900003786269,5777.71761620525,149942024.67528918,187194324.19316366,31049.035038300954,32.0,normal,43.374802443139174,41.25059188313691,38.66228170823997,39.11593860278602,38.50828046946242,41.2080143403455,42.707853607031716,46.11671874432106,49.62655775995652,53.64210652994026,57.45656913494619,61.054832919243175,64.48479973641528,66.38999114748964,68.60501584189879,68.0147026680032,67.67902736995414,66.91133888819019,64.644646091772,61.49637937354817,57.68040706994582,53.64210652994026,49.86948181217845,46.417564415160896
arn:aws:rds:us-east-1:acct:db:db-1217,2026-05-25T00:00:00+00:00,62.12034571893131,6402.649872381618,139771816.94023222,161036335.842532,27851.006189124677,37.0,normal,51.41135852440552,49.43868216352755,47.29951873001179,47.03205789268419,47.90542070344175,49.32434493993321,51.37791695840778,54.343908555325186,58.16857499255383,62.06758510891799,66.00487186588846,69.36488609260947,72.23172595092124,75.42215315695414,76.83140621999769,77.01798134804166,77.19619927259023,75.41412925189883,72.63694956221721,69.80733245125809,65.84718485157184,62.06758510891799,58.34157933897283,54.33494421330286
arn:aws:rds:us-east-1:acct:db:db-1218,2026-05-25T00:00:00+00:00,58.69598903170198,6226.497153057987,153592363.67293754,177047268.06705618,30364.47029851708,37.0,normal,47.59625166136953,45.21712787586169,44.51257462346002,43.245894177413916,44.45396257538982,46.25048328318999,48.28148316769821,51.463299507146374,54.67026486336744,58.66251102337261,62.43004176612533,66.52773606436895,69.75371825766184,71.62618766839185,73.43971632451698,73.81173620900982,73.00645844211424,71.3062588597334,69.6020867750834,65.97402262980388,62.46256185881189,58.66251102337261,54.78515165567578,50.961696467907935
arn:aws:rds:us-east-1:acct:db:db-1219,2026-05-25T00:00:00+00:00,58.177059119859805,6166.64725030731,119880635.68801002,137407566.84127825,23227.79278672868,33.0,normal,47.97169440555592,45.06458975947156,44.25698695179862,43.37063997921969,43.334275351763225,45.381795007984785,47.65453507664912,50.42789222993511,54.175490182979445,58.126716312495546,61.84247094754439,65.84228115256354,68.96506642391657,71.34422803546155,73.2427370970614,72.67591461636195,72.18916622149126,70.47084545662237,68.82206642570809,65.68355667774065,62.15872083361203,58.126716312495546,54.281861675853065,50.83917174234989
arn:aws:rds:us-east-1:acct:db:db-1025,2026-05-26T00:00:00+00:00,84.46091181796777,51194.17147905489,1063229149.838259,1224715791.5780144,218451.92732588857,180.0,anomaly,74.25108334845807,71.91961829052794,69.59445088342237,70.02710052458579,70.72107047892041,70.91800893413225,73.75052457694693,76.80434479443784,80.72164622698253,84.52974444788002,88.59159476747207,92.15913646143007,95.60479465831847,96.99602861275758,98.0,98.0,98.0,97.00058814442377,94.87750048629445,91.88957155986702,88.22607652375211,84.52974444788002,80.48451924827953,77.20403085636144
arn:aws:rds:us-east-1:acct:db:db-1026,2026-05-26T00:00:00+00:00,16.229601129326536,62259.2,818576397.5151688,1003982961.983208,160302.44478825005,31.0,anomaly,14.175586002647819,15.34954172954132,15.555249214989233,15.774896583659398,16.29325102097414,13.43011667836993,17.61947010587182,12.381112516175378,14.269151517575054,15.10857316584315,13.932835101416503,15.079228468988157,13.899778246476727,16.169901336391668,15.609719765144156,14.873727901478338,17.408566967904513,16.526676803765646,13.690317968794492,17.077549348541538,13.27694987888891,14.409178418288482,15.605942690087412,12.034691903537478
arn:aws:rds:us-east-1:acct:db:db-1027,2026-05-26T00:00:00+00:00,14.459187712845953,62259.2,707041590.8111537,820071794.6100082,144371.43295377822,30.0,anomaly,14.135543376908592,17.229454602739366,15.592613503243648,15.316957693949652,12.444354419949214,15.043712361818422,14.29764698532609,12.642754370129918,15.483550960390037,13.87429385812591,13.531045212730751,14.24461951614365,14.81130744228358,15.42051661079915,15.322299774915358,17.089525594564208,16.151812962229187,16.58879052383757,12.017683981828526,14.396898293582007,14.631230774055316,12.100787458068345,15.176696006822043,14.966541531767746
arn:aws:rds:us-east-1:acct:db:db-1028,2026-05-26T00:00:00+00:00,25.22818671291122,43004.89717889064,755907453.2988245,908013264.0434266,742888.1210320853,31.0,benign,60.25803908698071,61.24500213522682,63.37132281247639,68.46006453784739,69.50275693522966,14.337585878207621,16.925246987066703,16.334620287818648,15.96788077623729,14.344302658524118,14.073602676853296,13.291429670343806,15.855649653470406,14.0151869292146,14.524324445336935,16.671546370019694,13.685657249701396,14.465020098366065,14.691168500858653,16.322127330244196,13.435794364964622,15.278542852911842,13.775701865866052,14.643907006102332
arn:aws:rds:us-east-1:acct:db:db-1064,2026-05-26T00:00:00+00:00,25.967147663109586,40566.15843167599,923360770.1789976,1079865701.529633,938942.9036771364,31.0,benign,65.10834829240406,61.30458970819816,65.63413743881546,63.16950894564108,69.59529864472236,16.851328390360386,16.087486387546914,14.852507946743913,15.816046866075366,15.467782799609392,16.68123306391975,14.198085423923414,16.28793713023513,16.66095930773501,15.255179743290995,15.183747323668769,15.26160033771289,14.972721587671124,13.845976769646846,15.920017794393177,16.391339543151783,15.663260407425408,16.823177592424866,16.179272469313815
arn:aws:rds:us-east-1:acct:db:db-1065,2026-05-26T00:00:00+00:00,18.96772251299009,38469.67345833448,970567592.6705104,9738696808.706589,203397.9534364132,37.0,benign,18.766630132985316,19.078465087139328,49.0457718378975,16.117373157253088,19.006473506784253,16.907189377475568,16.310052482976534,17.538055409134373,19.533061430659924,19.39567842670337,17.841595145085478,16.63554080954379,17.281803482895818,16.75418536074946,19.551268139597106,16.246586395336045,16.046560552503784,16.031700218352825,17.562604857171216,19.630672702518766,17.9124590791441,16.44424596504534,18.868415976126222,16.718950778682977
arn:aws:rds:us-east-1:acct:db:db-1066,2026-05-26T00:00:00+00:00,19.138174449215896,42140.20327280628,953963643.3020922,9049352116.10958,195132.63532876107,40.0,benign,16.585409065582766,17.556459600615625,42.22950994067182,18.467865397435823,16.192585706757967,16.44686196735526,17.833311262755206,17.309720066648516,19.326119336827826,19.375513097461937,16.718341866180875,18.701131696735747,16.575024456909823,17.57989911700094,19.70012022230597,19.929274126213524,17.252741401373402,18.996581940133208,18.588032864452984,19.641841926255207,19.061545995945824,18.923708099597675,19.24654141791445,17.078046208049113
arn:aws:rds:us-east-1:acct:db:db-1159,2026-05-26T00:00:00+00:00,52.26329465858256,10556.976036256758,152363021.86270496,184567831.06128204,29773.305956509597,30.0,normal,41.44736808155871,39.12907832923614,37.76250769127869,37.8065844292261,38.46550249768687,39.56677554493302,42.08716576443183,44.8246539362728,48.47071433061547,52.24756770164137,56.15088166410904,59.46098442327332,63.168362641886304,64.8304912794797,67.31615653267735,66.80742769360457,66.56270885117871,64.88118926314954,62.36290109434233,59.421582110938196,56.222238274063564,52.24756770164137,48.30358100435488,44.77508096440133
arn:aws:rds:us-east-1:acct:db:db-1160,2026-05-26T00:00:00+00:00,50.53883607090422,11088.596809076455,163295732.9190155,190973646.5343614,31050.979733513745,32.0,normal,40.204525060349056,37.38498435580522,36.06611702121977,34.86988797208432,36.0235537647774,37.78228160725629,39.73385885240805,42.892999577219754,46.65281807394162,50.54323600805419,54.292207914492955,57.711647493882914,61.17859154291153,63.48776477449363,65.47304911615724,65.79615901865758,64.34574116080064,63.93597322952483,61.29961418448043,58.28075973240751,54.27796085636548,50.54323600805419,46.81113009492185,43.343968281434854
arn:aws:rds:us-east-1:acct:db:db-1161,2026-05-26T00:00:00+00:00,47.57944705677226,10126.967748478644,141478927.31935787,164735976.65878952,27999.832561692718,28.0,normal,36.812287386270036,34.738612714105386,33.40814216493275,32.035035681901356,33.51966564106564,34.576483198876524,36.77464359663201,40.07450619294576,43.52061345366948,47.57165994434476,51.421052071526105,54.86072841556351,58.543025291003595,60.63907780111089,61.3705078668018,63.1591611948343,62.22994218576647,61.00636707697128,58.2238511004921,54.814594429436404,51.60974810181949,47.57165994434476,43.64161458471175,39.783749323408124
arn:aws:rds:us-east-1:acct:db:db-1162,2026-05-26T00:00:00+00:00,54.032115514642,10983.27460698678,192294082.29197666,212508734.6685824,36387.60063361947,33.0,normal,43.413581341960686,40.55050485846546,40.184327625338796,38.67700323911213,39.93655256699895,40.63053779849146,43.67174016775856,46.4421622164625,49.98459880368873,54.00907531738237,57.9807423570542,61.66563021832688,64.2895473079417,66.437096884983,68.64545632983977,68.809068927043,68.33347660182875,67.43067639048361,64.78962738701095,61.8206355145425,57.9847455191197,54.00907531738237,50.251093213026394,46.82381644716554
arn:aws:rds:us-east-1:acct:db:db-staging-orphan-01,2026-05-26T00:00:00+00:00,2.1201199704345495,26214.4,284937604.754763,348205321.87261677,53839.465153609046,0.0,anomaly,1.4985363754595742,2.0555891350860764,1.9420624462993406,1.1140736051664928,1.8494708576785721,1.1936419129657314,2.4336699984912604,1.0498177882831514,1.9382618989999636,2.3615352361748245,1.059000373873435,1.1830251629337871,1.5836347558921275,1.5646720622624213,2.3374357402579315,1.0712287078112057,2.4896505788496555,1.3983426463651036,2.3225039222154176,1.6859959029467269,1.9955227350628664,1.2828704495655772,1.3424589376889935,1.5433686784596974
arn:aws:rds:us-east-1:acct:db:db-1215,2026-05-26T00:00:00+00:00,51.752427798848146,5616.319282195117,145820881.0011993,183944012.37212253,31872.122058914243,31.0,normal,41.01069390588591,38.64739344955449,37.318013118734136,37.36079552047382,36.792442571433554,38.48872043760754,40.98697755303444,44.52353620863642,47.824392630155614,51.8620384774814,55.89934768239958,59.11647742854465,61.97340894868808,65.09342191243638,65.82653623080485,66.32563694258704,66.53800649466707,65.29087045077841,62.32650604624704,59.07148259953802,55.724705317653324,51.8620384774814,48.070185348496224,44.12463941903632
arn:aws:rds:us-east-1:acct:db:db-1216,2026-05-26T00:00:00+00:00,55.23706703797043,5972.710317607821,165421881.6177519,184009473.72501647,32235.56204018471,32.0,normal,44.681538435673346,41.87278629736725,40.959346922356346,40.88269155106208,41.32048115734355,42.08978405540141,44.63584003728964,47.92108207981177,51.328785934850124,55.141920451537736,58.97651587912872,62.39988684728338,65.33269316157678,68.47278605114671,68.96020802984235,70.81016711830445,69.48959916489216,68.16291973912534,66.08917368391666,62.664184037112264,59.140596950424666,55.141920451537736,51.382425385882186,47.83227548842342
arn:aws:rds:us-east-1:acct:db:db-1217,2026-05-26T00:00:00+00:00,49.888132076614205,5573.444992856113,126071139.86863483,150276763.8605668,26371.043059785792,30.0,normal,39.721709561618646,36.6649665403439,35.93670181975221,34.89196610152317,34.723480517425955,37.15237510763239,39.59234516173494,42.669990823261166,45.980848699104016,49.872819344107874,53.670031397612284,57.561889842263554,60.75192854658795,63.120052174296305,64.60302509253899,64.32778932609843,64.16424835735867,62.5887044438777,60.897305738563006,57.014088778645885,53.608771557676235,49.872819344107874,45.878890414840484,42.04842114776957
arn:aws:rds:us-east-1:acct:db:db-1218,2026-05-26T00:00:00+00:00,51.03260788605421,5711.852968709138,139748126.927583,165185213.33278993,28163.148927884424,31.0,normal,40.78624196617444,38.50024929743254,35.886466907856125,35.45503440341236,36.96941608377666,37.446383685936816,40.15453075941186,43.510409040245044,47.14353980067123,51.07567727794925,55.087312346226334,58.202281473427036,62.13089409201104,64.24548878993896,65.00494690284727,66.49370038971858,65.81250526469826,63.685883337890694,61.70097326648594,58.63215514101667,55.15081422690743,51.07567727794925,47.05724273513321,43.57476479818405
arn:aws:rds:us-east-1:acct:db:db-1219,2026-05-26T00:00:00+00:00,49.45213675522232,5252.928650085374,106887503.38790749,136027823.1575018,21690.270966490592,30.0,normal,39.28558149635711,36.526763093680614,35.634403157929654,35.1032317039516,34.769547097682974,35.97941141138214,38.665980292455984,41.661689101340215,45.41760150962871,49.49382886016716,53.43902824140235,56.86619821844866,60.311918364009365,62.09752401247115,64.00273080489939,64.97426435067875,63.502714897394014,62.2415810268222,59.76476957998278,56.62214479970296,53.23086742103488,49.49382886016716,45.50995224702808,42.255721576718024
arn:aws:rds:us-east-1:acct:db:db-1025,2026-05-27T00:00:00+00:00,79.78433275934736,47476.57771297553,986687695.2765781,1130638236.7957675,191073.7842075257,150.0,anomaly,69.57765301082509,67.13756336629436,64.69966735624635,64.1377541457394,65.88802661343307,66.65661768728265,68.85378017968719,72.14174517268316,76.11463467182347,79.80944000185087,83.68674925347906,87.26185401053647,90.34755772658241,93.19309051773075,93.80830815709064,94.90861899531687,94.50492350884434,92.89554640600568,90.57006038137666,87.40103326540921,83.62013117265258,79.80944000185087,75.73391145613746,72.06587916545823
arn:aws:rds:us-east-1:acct:db:db-1026,2026-05-27T00:00:00+00:00,14.657657781950695,62259.2,793800972.6994691,938484333.8367205,158884.5427896289,28.0,anomaly,12.57657634087946,12.117932657410037,16.09985500812263,16.056171075667432,12.913222223574598,14.304266138422745,15.252450579428137,15.967285262720775,13.133108719472299,16.317980132337613,14.81808432865814,14.20272585907575,14.721044368909707,12.986929963143204,14.360926612322938,13.262597946404988,16.05802059748713,16.975129011853827,14.449719190978266,15.858843260380278,16.88142568163027,15.809547077466847,14.671121675480556,17.15076015624336
arn:aws:rds:us-east-1:acct:db:db-1027,2026-05-27T00:00:00+00:00,16.335618628334657,62259.2,663816858.918116,859579453.4539305,131443.09612746642,27.0,anomaly,14.741810741284624,12.502037387198484,13.485618387225124,13.58341890777839,17.16700477381715,13.880481272368817,13.633033322909345,17.293135037504022,15.521321667112474,17.702046060503392,15.466315387908757,14.033539090347137,16.41741227683157,12.185568101765117,16.577472329783024,14.094182784516182,17.44875186415922,12.343600299134433,16.643673455540245,13.67007259784284,17.563988401204828,17.28200098953596,16.445704280338482,12.235588273627402
arn:aws:rds:us-east-1:acct:db:db-1028,2026-05-27T00:00:00+00:00,25.512427784755076,39983.83552151451,739229236.2818336,858283034.7781751,708290.593856225,31.0,benign,60.108741458788074,68.84654395664364,64.07715095999602,62.722521396602765,67.06663013744753,13.0900273467624,16.181964584495464,15.62394101244848,14.997770675190628,15.767483940393085,13.06695944164899,16.649474322421963,15.18296112997879,14.351851851387911,15.04200950861408,15.078295979062906,14.871598075305446,16.585925925579183,15.036169440807075,14.858774047024013,16.917902868519754,13.50903030890506,15.751795108193791,16.912743357904805
arn:aws:rds:us-east-1:acct:db:db-1064,2026-05-27T00:00:00+00:00,25.63500534138706,39932.20769688707,880762623.759107,1086370505.8736045,906406.8092465701,27.0,benign,68.08442495522559,68.31125361956077,68.99177773690946,61.323730196018886,60.68931810355219,15.024882694288719,16.343213383720105,16.416284295822187,14.681007652525267,13.640410318368767,13.536130599040638,14.333305759262457,16.899840718157712,16.573754108836496,14.897854970908373,15.129908945633913,16.797744166373143,14.339713688282112,16.732730174156902,14.060384058958208,13.841243337455737,14.220933579339428,16.249436378938167,14.120844751954241
arn:aws:rds:us-east-1:acct:db:db-1065,2026-05-27T00:00:00+00:00,19.335543021536072,38632.726926659656,981170158.5056967,9293195554.442402,187784.29580493795,36.0,benign,18.35672896068927,18.937354338514435,45.10905275096263,16.824446749123062,18.799974438240202,19.01986191412644,17.501883644003946,17.879566339261256,18.09676384517027,18.682087511190485,16.95544901903521,19.642115717121552,18.92832812590979,19.309560827285907,17.925738883315677,17.08901901823034,18.61581410897955,17.950051222267888,16.99479326517613,19.32103070736831,18.003033599865077,18.750979162822016,18.84006537906601,16.51933298914026
arn:aws:rds:us-east-1:acct:db:db-1066,2026-05-27T00:00:00+00:00,18.8903986460318,38683.550379479595,902000021.8215306,9010184430.308563,179183.22569904808,38.0,benign,16.79665919534414,16.159971074556314,44.87784801397505,16.03732224856318,17.912094310792856,19.967619359454652,16.197126662647754,18.51240804038779,16.899667853635002,18.212296803483596,16.0076435562398,19.530371758265446,17.117013519691888,18.877169205030643,17.504500146133125,16.646629243846657,18.922727657168483,18.089069856640112,18.941849758487425,17.13945469166105,17.42841734123132,18.804245191489468,17.179691669005056,19.60777034703239
arn:aws:rds:us-east-1:acct:db:db-1159,2026-05-27T00:00:00+00:00,49.02656670203817,10294.171116253845,160834218.68769267,185795834.52113488,30404.895390154983,31.0,normal,38.39123449720744,36.43494002566744,34.70135792990692,33.38814740660715,35.27634601492555,36.286258168444554,38.10551673549698,41.581342296569055,45.2713196456578,49.08068487430511,52.840678841824925,56.33758184280884,60.048757192569354,61.54127379036735,63.37424874723539,63.42122286796524,63.684995949669336,61.76426968601463,59.97595968795511,56.32026034420195,53.12331869934324,49.08068487430511,45.349970165551206,41.25723056431643
arn:aws:rds:us-east-1:acct:db:db-1160,2026-05-27T00:00:00+00:00,49.94440866928028,10319.597553480906,160058075.77522445,190843797.27111864,30915.174246968905,30.0,normal,38.891725861296635,37.50373850338868,35.14231325336611,34.592223613586555,35.36202625451122,36.76933692973417,39.37147875994623,42.49933521440501,46.028022047456446,49.90970893202525,53.74768527706053,57.510665991425924,60.698874028413385,62.47288238704335,63.69243953676626,65.12626227674045,65.07066614774754,63.45293499902516,61.02494285836654,57.381215347831976,53.79371394114523,49.90970893202525,45.9768652560941,42.73704171332465
arn:aws:rds:us-east-1:acct:db:db-1161,2026-05-27T00:00:00+00:00,51.65277767514175,10605.64390497857,148887933.3987414,174442091.0369607,27751.320096717405,30.0,normal,41.284872044028205,38.411907218282174,36.558110480057906,37.16095087623424,37.31712020650849,39.220321128128006,41.00943141437227,44.27519525154486,47.689173669710165,51.58042406201977,55.40005173953326,58.96188896023011,62.40240842055162,64.2904840127273,66.13336224978958,67.23870691560246,66.35771126632821,65.02051101410649,61.73985728513131,58.82862100258116,55.36992351501534,51.58042406201977,47.60474926874585,44.230458140153324
arn:aws:rds:us-east-1:acct:db:db-1162,2026-05-27T00:00:00+00:00,49.841812569709646,10377.728455080955,183444733.23646528,226047936.6092725,37479.42971347782,30.0,normal,38.92681992956971,37.28689320718833,35.3029105935647,35.23976182323973,35.80816052495744,36.8594255220842,39.28363315266067,42.33740036118789,45.693144026669756,49.70466928488558,53.58830140564671,56.905781713724984,60.76432364285987,62.43242140449923,64.4933310867334,65.05219969564772,64.3540910329216,63.28051690648257,60.249850977712484,57.348033169095224,53.477301230517696,49.70466928488558,45.87121881850523,42.23864287779134
arn:aws:rds:us-east-1:acct:db:db-staging-orphan-01,2026-05-27T00:00:00+00:00,1.8200615707737766,26214.4,274923663.08644694,335199098.9160381,54167.63014662565,0.0,anomaly,2.325808345730379,1.87130779172977,1.609603360557081,2.495512188134028,1.2007041381664882,1.3709949910020698,1.644559850524832,1.8021386946931122,1.2831803274514293,1.6843317716882427,1.951094204427758,1.4443779228931275,2.134380266999454,2.451341896248372,1.008114389618199,2.29592376749242,1.4251088850244589,1.7795869123399095,1.1180608651038713,1.1681239350086718,2.1874170297359243,2.0621371021010453,1.2265819329916567,1.718692321922072
arn:aws:rds:us-east-1:acct:db:db-1215,2026-05-27T00:00:00+00:00,47.746944938711245,5145.425111023706,151243280.68472508,173676675.06411934,28781.81883466595,28.0,normal,37.209196735723324,35.27261686774556,33.22689561163522,33.27860703691783,33.699518216614315,34.410998815646735,36.62571616555878,40.47446731370773,43.88293280823172,47.6320624489367,51.6417498694318,55.12892036868538,58.59375501918086,60.76513328881248,61.9648468280474,62.450632246485995,62.81951232877077,60.15949887917318,58.39087754869258,55.29685750120821,51.70169518050484,47.6320624489367,43.69303984874637,39.97508515167529
arn:aws:rds:us-east-1:acct:db:db-1216,2026-05-27T00:00:00+00:00,49.13661250885623,5302.064727160966,147207800.53399125,187423935.3625043,31448.080233177257,28.0,normal,38.235449441730324,36.74851452096464,34.62762165331268,33.74485141105388,34.96039517041971,36.2800707276052,38.09234192251463,41.35305107499472,45.325099952736494,49.20946565865821,52.9984655044303,56.94688408465869,59.99341161398112,62.525417176853765,63.59911120307002,64.65411488857085,63.049073559739774,61.63825801790731,59.43914215905353,56.5486205103591,52.95219495285891,49.20946565865821,45.45922357232083,41.688455776096795
arn:aws:rds:us-east-1:acct:db:db-1217,2026-05-27T00:00:00+00:00,47.48681801739515,5040.310993277692,116751829.79821554,142823956.55781424,24748.489686790643,26.0,normal,37.1777337940416,34.48645503706961,33.568589419165804,33.103546566524415,32.665520072687926,34.11706159186741,37.348464213671356,39.90220595601772,43.482208491133825,47.55229188121455,51.459987458059516,54.756906717014544,57.81660514829478,60.20155045222355,62.0997187334305,62.12283688136747,61.60309469930376,60.162172234109576,58.37455761700196,54.816074397747784,51.41980091050402,47.55229188121455,43.56284031654508,40.33111794727222
arn:aws:rds:us-east-1:acct:db:db-1218,2026-05-27T00:00:00+00:00,53.36623830303991,5559.956690972256,140188682.65890652,170927188.89906666,27482.812014137635,31.0,normal,42.406008339854374,40.54525116444484,38.917391262568515,37.971770882588615,39.416655521845136,40.04052221361663,42.57939575760937,46.21625814792698,49.32487739041195,53.38866973595182,57.40623456924931,60.57107039806246,63.56065135574491,66.48201745526403,68.03391648296972,67.72276840200722,68.2286598880056,66.34069409233133,64.37645866803089,61.09527536478739,57.43738500100585,53.38866973595182,49.54346351301953,45.795653929709474
arn:aws:rds:us-east-1:acct:db:db-1219,2026-05-27T00:00:00+00:00,44.425391940542156,5085.664299574895,103065878.08684672,120786160.85995968,20774.07391243894,28.0,normal,33.72696665472027,31.405855442573735,30.264560799963782,28.940132016696264,29.69377332865801,31.9156637394814,34.201126947367996,37.096719136384536,40.69229380754662,44.39803940928297,48.200483016120344,51.875528356426194,54.659624698305436,57.08078951965182,58.81879830497205,59.40711949522672,58.93804835096167,58.0017761067237,55.06283386493516,51.56992824971582,48.44308137561928,44.39803940928297,40.67376092123574,36.7444636211592
arn:aws:rds:us-east-1:acct:db:db-1025,2026-05-28T00:00:00+00:00,85.93999525999703,52040.89074019642,1030892866.1231741,1229517790.5509818,210712.96937432175,186.0,anomaly,75.87563421066261,73.28199900167095,71.55908139214351,70.88718601110783,71.87462590058144,72.98789774604825,75.05623788470288,78.35561010078636,81.94191218287088,85.97432246953883,89.91626707101912,93.83491527374989,96.10521626318517,98.0,98.0,98.0,98.0,98.0,96.10665211174344,93.15203535081751,89.9312298304408,85.97432246953883,82.18972391900725,78.32602568643824
arn:aws:rds:us-east-1:acct:db:db-1026,2026-05-28T00:00:00+00:00,15.208414996648065,62259.2,809661816.9096415,1011227889.1207981,167322.84799161053,31.0,anomaly,15.4229112928466,15.78314695228033,16.97045800534297,16.883911630160554,17.065955583210243,17.144661914068575,14.660724170268676,12.062652049448472,15.94649826172111,16.290540737017935,14.905820787914408,12.415040373958265,14.144422313973152,16.409959562763504,17.96057797523173,15.65695423451782,15.37985750027146,12.419509527137267,12.18434753664846,14.435027767850052,12.742706919193168,13.429773749473128,13.712049037714635,13.246701603891918
arn:aws:rds:us-east-1:acct:db:db-1027,2026-05-28T00:00:00+00:00,13.815946629293778,62259.2,751688335.0042503,908229210.4537619,158196.07978552868,35.0,anomaly,16.449704860731188,12.899272159921217,15.611646193517942,12.138607011940676,12.938931343679762,13.320014619859514,12.628534179568327,16.89131878371308,13.632611525825032,13.73274136437902,17.685692452562257,15.872664495788333,15.279198938132462,16.23744072228349,17.659246486595627,15.689582648157804,15.611365536405518,14.692589565548342,12.900308642234563,17.672504090678398,17.74248753894208,15.081045786751595,12.032557024805145,16.18218302996121
arn:aws:rds:us-east-1:acct:db:db-1028,2026-05-28T00:00:00+00:00,25.404561463035247,44806.237913714234,749290046.7182443,908761408.2410439,741231.49215751,34.0,benign,64.64947654406198,67.97753589557743,63.12678864435024,67.41467640111043,66.72558166690006,13.903470484933504,14.263461838572914,13.26032894410827,16.82331902296579,14.901199383543272,13.873190407755876,15.538529198876574,13.0050314867078,14.95465214703095,16.846998901730117,15.476400490877596,16.598291328495904,13.048675288083947,15.684345458033079,13.644366354811378,14.514229397828707,13.624968780107874,14.782071251124151,15.071885795258048
arn:aws:rds:us-east-1:acct:db:db-1064,2026-05-28T00:00:00+00:00,25.358814059098677,44513.11391479107,958608042.1509179,1129810232.2080688,967919.69028174,34.0,benign,65.36139323506603,62.644330579321576,62.15423170115317,65.08317612469233,63.14638871920822,13.458240366466391,16.531595851964568,13.851612424117917,15.78888754237763,16.081954552233935,16.562262867864305,14.740859821351174,16.809897706051043,15.239437411622735,16.389166726924625,13.480661203390845,14.134388446619642,16.382455456972362,16.507882050839626,15.450114067258223,15.338651476461706,14.108707745719585,16.273085702424424,13.092155638266103
arn:aws:rds:us-east-1:acct:db:db-1065,2026-05-28T00:00:00+00:00,19.20872226167592,44329.16172031596,1007683925.2704055,10471275297.934193,204569.50018647528,42.0,benign,17.13747756766106,19.151359675724738,44.930081700557054,18.785593857208628,19.20793328316678,16.869707595553837,16.14038482278913,17.625911981444418,16.478796121763573,16.849881718072403,16.48919253207063,19.768924091487758,18.249703886506875,19.60902358373429,18.769729189795378,18.26164426713765,19.628659591687875,18.557448450085925,16.006263189765384,18.677304956574098,18.33074697488411,17.818606292342956,17.878331802343553,19.786627147863936
arn:aws:rds:us-east-1:acct:db:db-1066,2026-05-28T00:00:00+00:00,19.312686947841954,44906.8135992817,1044038062.3946381,9393360063.20684,191019.5750443062,41.0,benign,16.279719355270487,18.613966287071417,43.28353432104188,16.473973799621405,19.777340110576045,16.621935646393812,16.42227280369287,18.037416830749617,17.784588944375177,19.605472004672457,18.65743223954083,19.369744004977683,19.164741027721778,17.362569642226944,18.13382628423941,18.966254685706073,19.158721891472904,17.504748652796398,18.543719267096513,19.89150792238813,17.28374105997919,19.5441412019759,19.078986867670427,17.944131896949546
arn:aws:rds:us-east-1:acct:db:db-1159,2026-05-28T00:00:00+00:00,62.417163386954016,12007.613447330654,163020275.96346864,199587074.97545123,32165.943781244583,36.0,normal,52.08500720653818,49.121430896037445,47.69107959877215,47.57728209716118,47.9522734562872,49.27508456837752,51.389317642818725,54.60205929092519,58.51981242696897,62.4212178634095,66.29986158660812,69.95432592795376,73.54095257703476,75.8678714019991,77.62173825468318,76.81291502888031,76.58642894729333,75.4720762867555,73.16578811248614,69.83535283677375,66.16635406913082,62.4212178634095,58.4753615841311,55.157111762460865
arn:aws:rds:us-east-1:acct:db:db-1160,2026-05-28T00:00:00+00:00,59.06098017496745,11973.22247864141,169132859.4598978,189026903.08661172,34370.69366152375,35.0,normal,48.67526961831366,45.88441518112254,44.124983488411544,43.689470399791155,44.030944767178156,46.737666075610846,48.27479643966884,51.512298664562735,55.311880970700045,59.15783329529131,63.07455698809685,66.29348524518309,69.73365651733246,71.76395267798638,73.4481046895165,74.1758041837391,73.35651172596761,72.53009075283857,70.25389787489625,66.39785944412802,63.21454681551034,59.15783329529131,55.19046503005006,51.47320005803123
arn:aws:rds:us-east-1:acct:db:db-1161,2026-05-28T00:00:00+00:00,56.512354475233735,11430.47420142572,160446178.09309086,179795441.68049502,31369.442143488264,34.0,normal,45.584193439876536,43.788760065523086,42.42312424045837,42.13233303450573,42.24835520035395,43.314446831527356,45.98268554491437,48.74828963490103,52.4336545771589,56.47766312119738,60.528585576507474,64.01105157864797,67.0000604520631,68.89388065345474,71.28277231569345,70.72997950680835,71.47271348691001,69.91580575433822,66.91944947314452,64.25068658121887,60.39440455603043,56.47766312119738,52.611803413910856,48.674145245267496
arn:aws:rds:us-east-1:acct:db:db-1162,2026-05-28T00:00:00+00:00,57.37681717214123,11626.750929685953,196564491.0399467,226789098.05327708,37303.277043184375,33.0,normal,47.01299807179545,44.1427740247282,42.67138862847661,42.02869570479048,42.37897893951501,44.95882976851793,47.15898113918941,50.081865317210294,53.64771700713162,57.37211124557561,61.44454515120278,64.75194959665487,67.69737300924733,69.96579511378295,71.69312797869466,72.74365314409616,72.27834081414898,70.38773917296277,68.19642850484934,64.82684283197965,61.15747713658974,57.37211124557561,53.55547994698248,49.51840863769184
arn:aws:rds:us-east-1:acct:db:db-staging-orphan-01,2026-05-28T00:00:00+00:00,1.4079095590688566,26214.4,276653523.6984736,322301054.1539299,56415.243759325596,0.0,anomaly,2.396769500145994,1.981445428049748,1.2196378576455547,1.1129799817924828,1.1560278973874636,1.9872243785794235,1.4993984409517542,1.5053948477297496,1.0406570350415425,1.552140727431723,2.301094475031115,2.471011511109512,2.233778781366403,2.3204767797805985,2.3920444149081255,1.0228497531028933,1.6902394549018824,2.407892382901275,2.3763126885373564,1.5746368809495952,1.4740656167249715,2.1524500766517756,1.223778513488697,1.3398835215047256
arn:aws:rds:us-east-1:acct:db:db-1215,2026-05-28T00:00:00+00:00,51.80654702914607,5533.199370654254,153215185.95853648,189565624.47104576,29876.749223865805,30.0,normal,41.4070156775156,39.06331962346887,37.73433984764941,36.90924921725729,36.994798085855244,39.24044211814816,41.294301141569484,44.45547283715097,47.781883086464596,51.66280846375772,55.69547927080442,59.30676279957214,62.14876793336627,65.25703585453405,66.25024807826192,66.1077586315528,66.43697106778708,64.65029378304872,62.20109296336639,59.24694792977278,55.470953665733866,51.66280846375772,47.94439301636406,44.43398514274619
arn:aws:rds:us-east-1:acct:db:db-1216,2026-05-28T00:00:00+00:00,61.58954536308528,6486.908438287826,172515049.17784393,202427792.8252485,32490.093335095058,36.0,normal,50.61977709089123,48.340551513763394,46.799268977135384,47.29491958152086,47.8791333045576,49.26888884322211,50.70981226729602,53.9583975456198,57.635767879336235,61.68429052532418,65.6416262739238,69.13708004901865,72.6611001867421,74.18924522807427,75.93602092690361,76.23630519360051,76.01649880908982,74.30852453268228,71.77775877212338,68.97246483032393,65.62637073423961,61.68429052532418,57.61324563298437,54.157749490349374
arn:aws:rds:us-east-1:acct:db:db-1217,2026-05-28T00:00:00+00:00,59.778015231679525,6187.358820729594,132136174.9763709,170595087.82036176,27577.246326983022,34.0,normal,49.285384111948446,46.779124905410285,45.77475494331211,45.33034679304358,44.721213801329114,46.75148390984268,49.16659785733964,52.419257744484945,55.88796685935889,59.706483633455036,63.48265056697572,67.13845079455146,70.48981968173084,73.03290868247474,73.50753069319123,74.45242061914391,74.8945181584647,73.10661110605348,70.70358201245544,66.99376267831309,63.57387071322614,59.706483633455036,55.92157034337175,51.84557131737635
arn:aws:rds:us-east-1:acct:db:db-1218,2026-05-28T00:00:00+00:00,54.074557088156745,5944.451562493236,147281704.25008065,175214837.59314665,29080.80495519418,33.0,normal,43.84871050168651,41.37418284753776,40.057776609745176,39.281786507096726,39.01283184555074,41.5506882008561,43.16727921432776,46.53180923416368,50.08861623812704,54.119306007534306,57.86399421075582,61.96665093604008,64.27848164567776,66.48902312067442,68.45646955094064,68.55290686940634,68.40953055382543,67.39928370489744,64.88627283716566,61.480024162903334,57.948301242457276,54.119306007534306,50.35402540311889,46.55211266373873
arn:aws:rds:us-east-1:acct:db:db-1219,2026-05-28T00:00:00+00:00,56.996940393056796,6026.599227773936,113276575.61662322,147487221.9357556,22921.22395130733,35.0,normal,46.89781659286318,43.85161063781691,42.83580674131929,41.63914386803957,42.66315228632984,43.58248568823407,46.00257256958128,49.42189520754911,53.227189591643864,57.04055917557253,60.99174519493417,64.3230342270206,67.75943176498168,70.20528073967105,71.53007522816814,71.96624394884851,71.04029526901984,70.25808708752828,67.33301621196951,64.69419056807129,60.95506426695124,57.04055917557253,53.045615027758856,49.62169836391767
arn:aws:rds:us-east-1:acct:db:db-1025,2026-05-29T00:00:00+00:00,88.71925591211601,56337.35957443329,1066706724.5471959,1329662684.9889197,218646.22593718386,192.0,anomaly,77.97779737937715,75.96728213143419,74.53579432666928,73.7367464926804,73.75345726298306,76.06078317288944,78.34969930805595,81.299106762767,84.88890570636994,88.75304680306213,92.67326928710203,96.38637800402931,98.0,98.0,98.0,98.0,98.0,98.0,98.0,95.92285774637332,92.61345656052188,88.75304680306213,84.78319573623257,81.39731257544116
arn:aws:rds:us-east-1:acct:db:db-1026,2026-05-29T00:00:00+00:00,14.48654864557655,62259.2,866263589.3517314,1008518375.5135972,171242.8252381981,32.0,anomaly,17.767622550082802,13.742734340277167,16.038831064870806,14.81688326766471,17.0577656161174,12.52535852552129,14.152322647694978,13.506161859481958,14.924994004494398,13.040923194533779,12.854763963466873,14.573949749656943,14.889880163021182,12.498020150776291,14.597424599955744,16.511587683886226,17.478325228527176,17.66555000115507,12.59031270647446,14.938779007994036,15.709368428862065,14.520305902057832,14.85447747665721,12.806500911555315
arn:aws:rds:us-east-1:acct:db:db-1027,2026-05-29T00:00:00+00:00,14.625154572043026,62259.2,762121029.6366496,867655893.5209963,152487.7569513023,35.0,anomaly,17.536435226117334,13.747632332355847,17.988930519877663,13.698802184956577,16.931368093010718,17.64272972782939,15.08296977008105,14.575930024574468,14.480166003657024,15.695685145179983,16.762668651870072,12.786741172935285,16.614968221962226,15.53742035681729,17.345492697254166,14.792275641314635,17.451569467972842,14.269156042329994,15.649337986136157,14.246706567117375,13.538335368970452,15.904393316211152,12.94856387884494,16.89976164425921
arn:aws:rds:us-east-1:acct:db:db-1028,2026-05-29T00:00:00+00:00,25.62904195563861,47412.060813029726,792761123.8548796,935224357.4334512,824789.9207188095,35.0,benign,63.96929688850497,67.83424737619912,64.7270671668879,69.13306862416502,69.57624275984762,16.440168057039543,13.911569788245634,15.650293940393906,14.331727288302442,15.396154024193399,14.385276216094333,13.072275161031046,14.143241428561259,14.65837581691078,15.732345706775469,14.095644461083593,16.188103687238147,13.114120392767756,13.195584709775234,14.74273003531602,15.162601330518449,16.8180477162062,13.947144875220255,14.871679484048489
arn:aws:rds:us-east-1:acct:db:db-1064,2026-05-29T00:00:00+00:00,25.7276073646628,44060.31981586505,956587898.8440913,1144178751.2682586,955434.248729907,33.0,benign,65.34117152400087,65.26933496786219,65.64191323287136,61.24948113252735,64.1415120270869,16.94724075619276,13.791008521046347,15.330333295217553,16.74448763366679,16.734308821634066,14.965807858602533,14.056268490867128,13.049225018829935,14.629823177533101,14.830473146315178,15.824664229821536,15.177802329450218,16.595995553398847,16.503699050386615,15.891193254246556,16.144434506204856,16.41236619114041,16.8176223036271,15.37240972937685
arn:aws:rds:us-east-1:acct:db:db-1065,2026-05-29T00:00:00+00:00,18.69008158567299,44448.73799037224,1095064143.5221457,10453721432.09531,218466.9277220797,44.0,benign,19.418638508077265,16.66199419242305,43.00617840478467,16.631153259864682,16.986582350149966,18.076676271631086,18.084475007739638,16.582781001185136,16.909846477089868,16.633748408892828,17.806153075014176,16.12821479290986,16.407314699157485,18.0369321386164,19.947246034465426,19.660494361824117,16.69329459343011,17.106358157166806,17.548305764166933,18.21450396420928,18.80868588245248,17.152387071782464,19.15663901085079,16.903354628267238
arn:aws:rds:us-east-1:acct:db:db-1066,2026-05-29T00:00:00+00:00,18.489474333917013,45480.426359757395,1013158294.0303814,9601441637.663214,200110.16126964206,43.0,benign,16.359866817941054,17.466121299633908,42.15343587581252,17.53153007882543,17.09557816478526,16.275155485141983,16.539935357114018,17.323648073955916,19.937089458497336,17.452872965602225,19.19723637898506,18.65378584137617,16.847534227998022,18.44713674453175,16.364511310714647,16.924149551584573,16.80028850373073,16.37180323698359,19.000586230322,17.584325665637834,16.97897783412317,16.969828093119947,17.930046875032783,17.541939942558336
arn:aws:rds:us-east-1:acct:db:db-1159,2026-05-29T00:00:00+00:00,51.86572838913241,10763.025193268379,156703166.44004864,181760821.27739492,30616.645525909134,31.0,normal,41.619884210329054,39.333199481102746,37.74380743072903,36.810698721718126,37.32340531558188,39.068845592674,41.58655114624695,44.27608579929233,47.899894718570394,51.86620451438084,55.87152333946535,59.142647908915265,62.48736615799002,64.36174191327319,66.68576024545504,66.55230246606293,66.32759506781464,64.47154138288542,62.28964383792352,59.08365972402585,55.568899904999775,51.86620451438084,48.059498014032016,44.48051993132851
arn:aws:rds:us-east-1:acct:db:db-1160,2026-05-29T00:00:00+00:00,56.10093603354094,11686.009883985935,155115041.05325133,196642444.1913007,34089.717263591614,33.0,normal,45.93792972788231,43.432757931987084,41.34289138944749,40.392999221089525,41.22541942376935,42.9983689871784,45.616505084117684,48.61903782782443,52.191875326916,56.129829247844555,59.91114045455426,63.91490734578881,67.01767232422702,68.81475473711198,70.42581407448847,71.3898593600098,70.56750191622662,68.55542182617158,66.8225944512941,63.729875346298826,60.017466295970365,56.129829247844555,52.36456763124788,48.873445625691645
arn:aws:rds:us-east-1:acct:db:db-1161,2026-05-29T00:00:00+00:00,50.466684845026,10882.286521858621,153287755.30648494,176913446.37528458,28615.55570782418,32.0,normal,39.939065269410264,36.88772491325591,36.58230481577842,35.20674248523199,35.36604070502301,37.44695753760393,39.78850305919818,43.080891562324595,46.348997430975686,50.38787455289882,54.35400448218773,58.22788171955084,60.86245512773393,63.7340568932226,65.43373755185175,65.62100186039324,65.56366467382041,63.58400036008106,60.541800960293976,58.16840781688938,54.35187282034944,50.38787455289882,46.571676149011566,42.76289898063862
arn:aws:rds:us-east-1:acct:db:db-1162,2026-05-29T00:00:00+00:00,54.88909189429468,11474.471701319178,181955574.55784118,231893991.91766796,36694.301736867135,34.0,normal,44.51299584699155,41.37672197568047,40.10163014669572,39.19671039169294,41.16786222580904,41.70543651291973,44.12805138109096,47.80245957550629,51.195718843417765,54.94540017617469,58.73695899388064,62.27354404066498,65.41445500822094,67.73718598039072,69.20864707702165,70.18924718473353,69.95050462529524,67.74809266090578,65.63650670823553,62.18102914707252,58.854086222901934,54.94540017617469,51.141188784808975,47.18837177678609
arn:aws:rds:us-east-1:acct:db:db-staging-orphan-01,2026-05-29T00:00:00+00:00,1.0862876319934767,26214.4,263594583.0048737,324971549.27368087,55917.929653556675,1.0,anomaly,1.5119323959285018,2.4926385527957744,1.595976548118611,1.5671560397312623,1.5584135559330652,1.2133816925502865,2.127759123722111,2.3648659782069776,1.2954407593938047,1.8269161796224682,1.5656255734888875,1.2703989178451982,2.2460713768251512,1.7173067129860515,2.0181416176417253,1.7713847130212697,1.868101996531134,2.1776700225877743,2.366225358579128,1.801790428497291,1.0193233423489045,1.7152249255511518,1.333388467379168,1.7683156078389666
arn:aws:rds:us-east-1:acct:db:db-1215,2026-05-29T00:00:00+00:00,56.97838018004578,6036.328006029102,163646117.4621877,194886287.4653695,30871.734108999623,34.0,normal,45.912092717529696,43.74714771723851,42.473841534412365,41.73496137103597,42.533856481055956,44.3342156166323,45.98170430770667,49.12953316743506,53.266954764804666,56.99217541672976,60.731810085889656,64.15023275026509,67.91202316324407,70.55403356669088,71.75430671908063,72.39995393777482,71.23729392414675,69.64022130735896,68.00077490712768,64.60526077100585,60.86030392145456,56.99217541672976,53.303698316608205,49.232552439140726
arn:aws:rds:us-east-1:acct:db:db-1216,2026-05-29T00:00:00+00:00,51.951439043524864,5855.3556504402095,153133899.06534562,179752684.01717716,31141.630101991985,33.0,normal,40.818780180805945,38.7437213209575,37.950018245895784,36.647196805122455,37.63208338523979,39.490240502657414,41.08568037296642,44.49250090238972,47.96749352684156,51.89365852739283,55.60274818649011,59.362908339515826,62.906299693327966,65.03613013481984,66.17468047403965,67.42108303679723,66.28747897284795,65.103290876743,62.68649515389093,59.35730372603373,55.65523392542143,51.89365852739283,47.88520568524172,44.740646541764946
arn:aws:rds:us-east-1:acct:db:db-1217,2026-05-29T00:00:00+00:00,58.61228761676198,6284.392965024371,144970373.825274,161410715.94508398,26680.537879988646,37.0,normal,47.64220329932937,45.47067628706636,44.70669158757615,43.592852543295834,44.08281996398853,45.519939887661906,47.50638515941256,51.06087613846231,54.629609075792615,58.52682078720026,62.50980380731736,65.75202895361814,69.44885615277504,72.1265489710091,73.72855121804972,73.03212148404168,73.66311354863963,71.27557150877148,69.60899688586797,66.29992655228968,62.24201520044499,58.52682078720026,54.53735481487301,51.20431818760379
arn:aws:rds:us-east-1:acct:db:db-1218,2026-05-29T00:00:00+00:00,60.096131370773705,6084.140288226079,140493256.7721163,180842078.61949778,29382.818465852837,36.0,normal,48.97005262356051,47.42484081534257,45.814055054684594,45.42181068271684,45.883342279002385,46.72738731062609,49.66419393478576,52.65631290743098,56.3406052449046,60.06306798484306,64.07263610175497,67.50604638855211,70.66197456855745,72.63622781616061,73.97168089543656,75.36603574847624,75.26133840496347,73.6168244006983,70.49894075431773,67.33882978926347,63.99123360010704,60.06306798484306,56.16383966722571,52.192807940314964
arn:aws:rds:us-east-1:acct:db:db-1219,2026-05-29T00:00:00+00:00,53.91676737069941,5698.5733256863,115567602.7238775,138794015.40946546,22181.792975894987,32.0,normal,43.325563491555926,40.56529061260299,39.760832847193505,38.224301170422095,39.37714013318952,41.42233419709848,43.29543810111864,46.7061709792567,49.90349064889448,53.96361564561143,57.97373926423817,61.14428254825929,64.53838446273232,67.4987083031699,67.93726782060305,69.29940798626654,67.81350884895689,67.15198729895414,64.97572865695916,61.12334738653418,57.72866458979682,53.96361564561143,50.13255440514855,46.17704185261173
arn:aws:rds:us-east-1:acct:db:db-1025,2026-05-30T00:00:00+00:00,63.75270253162638,40366.430148192354,922855595.1347693,1071609863.0397148,183262.24670009952,150.0,anomaly,55.847584440883516,54.10041126070624,53.335613799173515,52.853992446687414,52.565139486118056,53.941237303746824,55.567113041832826,58.352670838249736,60.796756122112015,63.74272410480479,66.75027132085447,69.17609532429921,71.32313518306903,73.75754442150604,74.8275072961168,74.47725558960704,75.04525362607713,73.72024227267907,71.60615771148963,69.12972801381522,66.56404860756501,63.74272410480479,60.83572873980728,58.00592570302746
arn:aws:rds:us-east-1:acct:db:db-1026,2026-05-30T00:00:00+00:00,15.875627526880493,62259.2,693975911.1916789,774707174.6078296,141974.77092630588,21.0,anomaly,12.671565773237159,14.83352951587196,12.583028633590056,17.95843728712318,13.9204332943191,15.361582150524164,16.55446070648076,13.146125500570069,15.112139658274236,15.55332525056443,16.00055838252582,13.569446231821443,17.6773015452404,17.088508344477134,12.76151399784583,12.020054774208266,12.791566009151369,14.21501788613028,14.46100787772771,15.668096850215939,15.799612316512631,14.030140346651486,12.456006661305446,16.441975083909647
arn:aws:rds:us-east-1:acct:db:db-1027,2026-05-30T00:00:00+00:00,14.532318566406353,62259.2,633560060.2410172,702296374.135581,119258.50032972766,23.0,anomaly,13.535705489013369,15.163138136882614,14.396548813283342,15.861453981985706,17.685703513621505,17.352930501067043,16.228634603657987,13.64803727284011,16.070317586615666,17.602822992754177,14.266731179399413,17.754241612536166,13.539779819048986,15.818854949879352,17.42720657644171,13.109518059623362,14.380384755928922,15.054249995175486,17.96781476967281,16.48126420879749,12.615499752779616,16.335893638610028,14.10793263771503,13.498790989375625
arn:aws:rds:us-east-1:acct:db:db-1028,2026-05-30T00:00:00+00:00,25.49821610038758,30729.033947345997,589226986.1850235,730594481.8817065,572926.933931762,21.0,benign,60.120221158405066,67.35245842666845,67.7714765692497,68.42601980920438,64.98751203538555,15.054995662435761,15.100678702666366,14.90632262917378,15.566138003627756,13.683700081412269,13.196253386689419,15.219568885569624,15.24336678826793,13.43269245596204,15.924359600269007,15.817164665020464,13.626587701052095,16.279456366209157,13.860137317251013,14.31799541932811,16.960314552618552,14.827532930804631,14.456972585933988,15.825260676096718
arn:aws:rds:us-east-1:acct:db:db-1064,2026-05-30T00:00:00+00:00,25.67177666363442,33402.67935805522,777643213.0023874,938215725.8319594,846484.1425165259,24.0,benign,69.72785450008311,69.95247576256553,63.222600822566896,65.5250987294351,61.60109785578381,15.364521081232215,14.03520539120959,16.318083518811605,16.681224912274775,15.010822861447881,16.211132572919702,16.43820848944063,13.013054126508795,14.65578933033021,13.787179658251222,14.166223890577424,15.018013739253815,15.932596823298109,16.820449941943128,14.097344389352434,13.774482217064792,15.537147543300412,15.846750744737179,13.385281024837683
arn:aws:rds:us-east-1:acct:db:db-1065,2026-05-30T00:00:00+00:00,19.06071189692795,29681.289820179514,772435366.7627503,7930846004.655928,157179.73531933417,29.0,benign,16.96101011167473,17.64441271163809,49.1108536048625,17.53361597815606,16.770316506727923,16.97576227925156,17.95456301236916,17.632765631686908,19.699274599463926,16.265667181649697,16.553239060120298,19.96080532454516,16.20258153629013,17.885894132002555,17.1808266210381,17.817835666774563,18.631804960114863,17.583526243464753,19.996641948176237,19.10760089568928,19.750319894754192,16.112446599408276,16.81522234817892,17.31009867823288
arn:aws:rds:us-east-1:acct:db:db-1066,2026-05-30T00:00:00+00:00,18.863670118863837,28617.203424106414,790799290.6897974,7305993426.2151985,161629.49670650365,28.0,benign,17.42355467695151,17.148375272620807,42.53362764751485,16.693478970201845,16.100480517994882,17.708113010154044,18.041448769035945,19.788554355124162,17.776195692378224,17.229703691091302,18.484860219583364,18.819405224554075,16.959193079633135,16.054265918779276,16.23562779801422,18.78583736889544,19.889165709945708,17.250349242849868,18.642331716679475,18.32891207599653,17.58602776834462,16.327306944013074,19.439117867808967,19.482149314566723
arn:aws:rds:us-east-1:acct:db:db-1159,2026-05-30T00:00:00+00:00,27.126473576094217,8033.543050358543,128631402.6550265,154243902.28972566,26902.252920610546,21.0,normal,18.792577856429503,17.19111747471166,16.49489037573461,15.365241083009952,16.43617353133353,17.525399293076212,19.54815201763541,21.7733977010201,24.25612742895186,27.144282398709038,30.12679755277754,32.579089735377394,34.833990567985644,36.49405400010344,38.0873958231716,38.90551731631451,38.34990824706023,36.575347745453264,35.44110480115895,32.60603514187806,29.911789701590997,27.144282398709038,24.11041523916027,21.34227839490843
arn:aws:rds:us-east-1:acct:db:db-1160,2026-05-30T00:00:00+00:00,24.93557365572728,7878.720648987262,127272292.2039616,156538942.63579133,25300.393413932663,19.0,normal,17.027442987055252,15.375220721288555,14.123242215615258,14.111361792290701,14.445834655224383,14.887169003100725,17.272289568996705,19.00908674845224,21.841230796030054,24.878629065565015,27.738360202118884,30.58836757709147,32.6932439434434,35.048971669749804,35.51584090658489,35.919040190471385,36.18560079788784,34.64654025289491,32.90028325517494,30.45164539298449,27.647095283906733,24.878629065565015,22.05259826458706,19.216043381375002
arn:aws:rds:us-east-1:acct:db:db-1161,2026-05-30T00:00:00+00:00,29.28888143891434,8335.714710478998,117420483.73309141,153029237.19188672,24097.782938549044,23.0,normal,21.632433288802044,19.9520219510025,18.60180560417606,17.622317006186567,18.77449617172284,19.541716672688008,21.010932258572193,23.431955078751326,26.32313935485701,29.267329350907413,32.28096743345152,34.901347742883544,37.12756717733984,39.42821361104945,39.804018809476304,40.64778698177113,39.9653893003646,39.141276231055826,36.82469931093363,35.062357810195735,32.18454007085956,29.267329350907413,26.358261348065728,23.781252617924075
arn:aws:rds:us-east-1:acct:db:db-1162,2026-05-30T00:00:00+00:00,24.424793173732294,7762.999065441195,142560440.66472098,187536638.17985514,30156.896915869776,19.0,normal,16.848477077954087,14.971263954701449,13.083314052287053,13.036942002762546,13.462813728853687,14.402003077705112,16.631948684064366,18.937425895915627,21.613927772377295,24.42198009432186,27.31896795744609,30.158226508681107,32.03981910686997,34.05357490124831,35.071830702225334,35.54557882647158,35.646852335258636,33.9860223318197,32.50410723976268,30.276836279361152,27.401693129008358,24.42198009432186,21.41260974105435,18.946840675102873
arn:aws:rds:us-east-1:acct:db:db-staging-orphan-01,2026-05-30T00:00:00+00:00,1.3791097409625528,26214.4,270719791.22276914,331948459.60308325,55829.18516423216,1.0,anomaly,1.8011759598764834,2.317876716695589,2.4216812890426542,1.169573052994161,1.3358360109987495,1.8514776216124218,1.7525558751560413,1.8484889599996224,1.1172464517510172,1.5735969992730066,2.0105223084604553,2.042202323072151,1.2297086039495566,2.1089810994724605,1.536644902322389,1.9784031249786698,2.040374987664303,2.13558625317733,1.866725050790249,2.412064376631095,1.8860385473991157,1.1916815262113356,1.4855533384975934,1.1170070974233257
arn:aws:rds:us-east-1:acct:db:db-1215,2026-05-30T00:00:00+00:00,27.639408630057215,4040.101786516661,124346163.70928687,143061124.57818565,25818.37922227609,21.0,normal,20.077635049893644,17.821574394671014,16.74051137863486,16.179242103386816,16.62995172047845,17.747268368410154,19.389069141389413,22.121658981380207,24.625791093018112,27.63592966372362,30.54344616776153,33.54005848626319,35.840175104032774,37.063569469011334,38.086189667303636,39.157528759218934,38.86239365509919,37.390807358422656,35.72017257136577,33.10044194223057,30.59664528968884,27.63592966372362,24.612856258793308,22.226960833471537
arn:aws:rds:us-east-1:acct:db:db-1216,2026-05-30T00:00:00+00:00,25.520910712752826,3832.8119913512805,120974583.9739899,155549747.8118065,24176.90376812524,19.0,normal,17.94024263999606,16.093287281445967,14.60851133067114,14.209235756916677,15.016066913952645,15.500984078205596,17.878051807679913,19.631180247017,22.656514147605836,25.51867592724712,28.388672907137035,31.23990059150658,33.12328502554288,35.67731166947149,36.183679134923224,37.022206865979975,36.166093337688864,34.78680961577262,33.13106104230167,31.160015601405046,28.308480859119527,25.51867592724712,22.725444671674087,20.01746972555972
arn:aws:rds:us-east-1:acct:db:db-1217,2026-05-30T00:00:00+00:00,27.04322312685272,3939.3971687556955,105676253.49551705,127374124.95022607,22182.985477748483,20.0,normal,18.743278097007916,17.735227216049974,15.965413469755672,15.845219354336294,15.798542796531045,17.10831692449352,19.383974210586743,21.561863675429223,24.180922219128938,27.049113150375156,30.05473244325379,32.40044584509331,34.9404820752832,37.002174215786575,38.073843474396774,38.77010200978352,37.77613590567073,36.718506435425525,34.87162630052279,32.63899840189077,29.97099087079755,27.049113150375156,23.996495551474396,21.401837251016666
arn:aws:rds:us-east-1:acct:db:db-1218,2026-05-30T00:00:00+00:00,26.416885908477532,4188.503773745362,109080931.496706,139950102.51211315,23467.195904029082,22.0,normal,18.778770192417163,16.530046589171306,15.105911065479837,15.09770507786791,15.360398877857243,17.128427770017534,18.32351131445566,20.97425005278071,23.43408235312463,26.443151763273907,29.224407045715356,32.25738295276785,34.161157763175616,35.81629085028141,37.668220815783144,37.492942589086255,37.79419276553452,36.114225726632604,34.42442788023454,31.870808838442613,29.335527333162215,26.443151763273907,23.422391874821642,20.80387854810321
arn:aws:rds:us-east-1:acct:db:db-1219,2026-05-30T00:00:00+00:00,30.058615847390485,4275.217179076373,92793010.23661712,120007443.27216242,19659.620778007815,23.0,normal,22.24656225421215,20.511361909547222,18.835193397329732,19.020860372402826,19.351665359847306,20.17404809939869,22.149710182416154,24.304794391808116,27.026223856920492,30.006519500596376,32.900034023350074,35.77151487485269,37.842000676329796,39.748803058224155,40.71513213599664,41.55874938558989,41.14167635366668,40.122416119766434,37.95484307206739,35.5271418078237,33.029240376243855,30.006519500596376,27.081657724703557,24.380111903681325
arn:aws:rds:us-east-1:acct:db:db-1025,2026-05-31T00:00:00+00:00,65.87474501326541,41150.37975876101,894390253.2025582,1039707248.0072005,171485.56427092923,150.0,anomaly,58.015001332511424,56.26755899204401,54.74461839260253,54.88476425378867,54.981837850829,56.46381078340423,57.97211300600401,60.07321466887231,62.88949369984252,65.85533673121502,68.71417047036574,71.23585831353148,73.60613445407759,75.9102544298874,77.16781362393823,77.16724044377634,76.79666231779592,75.45257885230447,73.5572510722726,71.48278984510142,68.68881725428227,65.85533673121502,62.911178675700256,60.300044123007396
arn:aws:rds:us-east-1:acct:db:db-1026,2026-05-31T00:00:00+00:00,16.78947549671137,62259.2,711662947.8219258,814393374.5653689,136744.65684566033,24.0,anomaly,16.162578131589687,17.783924435261778,12.786464498774382,17.11645441546655,15.568881441988935,13.103189984075259,17.998789889972517,14.444023197790523,12.002695093220833,13.246531759377092,15.223844810078626,17.146300932988254,16.964694851243312,15.688318875703711,14.100305073512017,12.975128467251464,13.215797154642168,17.455447069487416,14.329415284056466,17.581950842149926,12.972928311292666,14.635281345016608,12.369817008887493,13.525609936640048
arn:aws:rds:us-east-1:acct:db:db-1027,2026-05-31T00:00:00+00:00,14.419747213611233,62259.2,675384598.4382534,770562032.6156504,124295.57275351808,27.0,anomaly,14.562967224692358,16.53335732072366,15.974984866420144,15.624682212103188,17.23311885775291,17.18781053154578,15.405953394974174,16.03446731814226,14.511482285340769,15.605877505148134,17.77679696528161,13.514391539278137,17.243422838565586,14.101910212396028,16.892337250728943,14.634948639414699,16.718415615076278,12.80013749630021,12.37787504934147,13.366712959533885,12.275817773925835,13.18955867487706,14.522856092743522,15.194945765718675
arn:aws:rds:us-east-1:acct:db:db-1028,2026-05-31T00:00:00+00:00,25.023133572150147,34402.773258484565,657977549.8455781,794938020.383333,633936.6969668547,24.0,benign,67.71015256059196,62.002269225936956,61.89415981720683,63.231569104453044,69.59037305686691,15.146387406374105,13.699563815067869,16.525792073789482,14.39953314918699,13.09924990460567,16.810928705904992,13.436955611212564,16.424098175142568,13.485106807041543,13.698687758825558,16.422491553852442,13.9392766583041,16.50085895796947,13.18758955777129,14.178890005116292,13.310096434801352,15.054526036531588,13.640911429586767,13.165737925463198
arn:aws:rds:us-east-1:acct:db:db-1064,2026-05-31T00:00:00+00:00,25.18980883325131,31496.286768650058,818928880.8148305,991100335.4626583,821451.277901677,22.0,benign,68.9546172412508,62.33328159307914,67.55596903804201,60.49655971874878,61.0340013461961,15.708987122249361,16.346307073252504,14.587693707631173,14.950563072177783,13.561140492428486,16.56152372296879,16.986395156371838,16.463572175538737,14.085447551164792,15.347383674876516,14.153223294868873,15.25389416696955,13.460773721635434,13.076238751153028,13.273566299943049,16.37119036540816,13.017032684674241,14.59898584193955,16.377064185462746
arn:aws:rds:us-east-1:acct:db:db-1065,2026-05-31T00:00:00+00:00,18.962355281418194,32224.41217163289,864993305.0554802,8217530892.945994,173479.8909711099,30.0,benign,17.191367394253668,16.933910572214685,42.6337393311301,17.244606967099738,18.57256219486238,16.392805410322662,19.543561988991932,19.08686160458098,19.629282208870613,18.31489909922775,17.33119266235499,17.348914543927915,16.494351038593848,19.62070050419188,17.472889141224353,19.906602316072828,17.038526688177154,17.127868360809572,18.654417768883345,18.163209547586312,16.181999643360797,19.43962962183345,17.538579449154618,17.234048696311095
arn:aws:rds:us-east-1:acct:db:db-1066,2026-05-31T00:00:00+00:00,19.00562626926505,34895.767651911134,865607094.7907447,7842337369.0915985,168473.3134026007,31.0,benign,18.629583678486437,17.925224880363164,40.041999586846714,17.67084362895033,17.053108995476645,18.94657232092152,17.015125463848797,16.545896762641974,17.746813373092305,19.40059243911807,18.58429617863681,19.254289453054973,16.934924029328727,19.75085656516871,16.584786030439812,18.531699360456255,16.293130936796928,18.94470450320601,19.16290203461118,16.374713846735908,19.943379423491834,16.150265379104034,19.491390567249788,19.157931024334307
arn:aws:rds:us-east-1:acct:db:db-1159,2026-05-31T00:00:00+00:00,28.31675112835919,7925.482475696087,134659128.8815806,163605897.54384765,25820.94756162638,22.0,normal,20.66816582615044,18.868645595805535,17.88519534030424,17.06972338462697,17.831280261493497,18.06003271925662,20.209923768895294,22.67691729795173,25.446188969372677,28.26537275601903,31.06788122337726,34.03423781320869,36.290601074710146,38.406973066306094,39.24740665013343,39.17873565527049,39.60750250204298,37.66633429331115,36.39232936825929,33.66120654504248,31.0962839571779,28.26537275601903,25.246268299295537,22.459447956590022
arn:aws:rds:us-east-1:acct:db:db-1160,2026-05-31T00:00:00+00:00,31.922937332500595,9082.035269847063,140438274.83570728,160340514.53817824,26844.773153165483,25.0,normal,23.809659162343962,21.85649403147135,20.80072274007666,21.10404063377902,20.750578694423183,21.87349347998935,23.788648161256663,26.625518637965712,29.216494452732782,32.01442941778116,34.97493712776977,37.902959915390014,39.923596039759666,41.89255868771805,42.415597706251816,42.76602283312265,42.56827493745399,41.92847842172637,39.678590686514454,37.54833577502941,34.97397761651543,32.01442941778116,29.15631949808595,26.5663379050758
arn:aws:rds:us-east-1:acct:db:db-1161,2026-05-31T00:00:00+00:00,32.19877911047512,9141.015889093802,134348328.31937733,153164376.61231625,26355.55109247513,26.0,normal,24.341187516744984,22.718153730048186,21.592113984077642,20.78080858269662,21.28858731801262,22.054899223265984,24.112682317135448,26.400867476542615,29.342225123113177,32.2666786623701,35.30022225563733,37.805281812649795,40.521442069699,42.11174110554102,42.60905671567721,43.348850289866206,43.07300535580644,42.06425859677055,40.21586951227501,37.73597600850221,35.06121884605701,32.2666786623701,29.364814530298375,26.394078956245256
arn:aws:rds:us-east-1:acct:db:db-1162,2026-05-31T00:00:00+00:00,31.14498848409348,8546.621074896648,164743402.13062727,202462802.37633023,33263.37507310323,24.0,normal,23.32340542509406,21.294430151067893,20.287369137233306,19.438725105530473,20.095737658559976,21.474830881908865,23.40410554059818,25.791949489243528,28.317765588933156,31.15280395912189,34.18139283300959,36.811455784745796,39.23239110525579,41.32194309528786,41.80278061492462,41.90336047024509,41.806873101205554,41.14469721511205,38.8034199055861,37.01257024554122,34.20573220470102,31.15280395912189,28.09595188960339,25.42322825661241
arn:aws:rds:us-east-1:acct:db:db-staging-orphan-01,2026-05-31T00:00:00+00:00,1.0151541086360303,26214.4,267317181.68882415,321054725.1224619,54831.23094720909,0.0,anomaly,1.4258386462892447,2.097105080897241,2.1079705148749226,1.85094134616508,1.9059905657624352,2.23444017869102,2.3668384423608098,1.5456754661649392,1.9770859817055482,2.0811334887310435,1.5931706295565835,1.5994206784331726,1.6958409143650792,1.2770518782606255,1.9545899012989445,1.2183969931381253,1.911989055902072,1.7236116742651089,1.8766216219383065,2.199844083112727,1.9593345792058088,2.205749486026875,1.6600337796933733,2.47677740802371
arn:aws:rds:us-east-1:acct:db:db-1215,2026-05-31T00:00:00+00:00,33.44384008186124,4628.883643215191,138083598.94918388,158086827.40963212,28444.00687267408,26.0,normal,25.26712718806384,23.647430233405156,22.588702442549454,21.74939406617326,22.82113401386886,23.866978657821196,25.504469935196422,27.741973510596946,30.584483042293634,33.43357267252175,36.42661996771874,39.13866911207013,41.01066558471047,43.511210334019886,44.291242448658444,44.429574276061935,44.534453286989724,43.314932179074965,41.008678903708905,39.22818857871409,36.47951159159486,33.43357267252175,30.590223425316662,28.049353841018554
arn:aws:rds:us-east-1:acct:db:db-1216,2026-05-31T00:00:00+00:00,26.241865798097212,4063.8332139017652,132432601.60171151,148223667.689628,26947.189916682375,22.0,normal,18.348849409269782,16.94638188780282,15.295637654212257,15.36467928082985,15.243830466688582,16.29501322514658,18.307831726116046,20.58305353034179,23.335424409639945,26.275413221508263,29.262936599923155,32.170076467155674,34.18632613710015,35.73633829603622,37.36595143474137,37.10835985015047,36.83902666318107,35.563634967340676,34.315789857799864,31.736363972124355,29.18115083439407,26.275413221508263,23.305712571771473,20.761583469550327
arn:aws:rds:us-east-1:acct:db:db-1217,2026-05-31T00:00:00+00:00,30.633507489786822,4642.607586703862,115840098.81288472,144871426.0939149,24156.76667735275,24.0,normal,22.76321596212029,21.21569987707649,20.20122105672376,18.902903713626813,19.293158255092465,21.224865274041754,22.79441761150577,24.952730677531314,27.718933286849747,30.589898428812283,33.497527773481565,35.95885183769069,38.63265475522637,40.21955606739608,41.59584149659606,41.995668994265415,41.813631672090395,40.58561355806581,38.46315871245618,36.08414241541771,33.567475637944,30.589898428812283,27.649404553709076,24.893709708351523
arn:aws:rds:us-east-1:acct:db:db-1218,2026-05-31T00:00:00+00:00,30.62946626024972,4530.6595117514025,120906247.63248527,143237917.25158066,24882.913832064256,24.0,normal,23.010503459800255,20.856316044287077,19.87075903465376,19.185854953497103,19.777004493715175,20.833346365901647,22.570223794992174,24.81837135889228,27.623429519065212,30.618292962946818,33.55557903211158,36.396494529382,38.38883961986363,40.357063477692776,41.603279353464785,42.223741825084254,41.65079005548773,40.05286301801047,38.60038956718666,36.332394380954085,33.56609568763276,30.618292962946818,27.63569777595724,24.961566972467033
arn:aws:rds:us-east-1:acct:db:db-1219,2026-05-31T00:00:00+00:00,27.849101141941834,4001.8781876406883,95437200.77279423,107694571.38957207,18414.487728997796,20.0,normal,19.59211341493841,18.392660582770013,16.435140286815205,16.795817654547914,17.042961404248693,17.667012959190856,20.082603490969014,22.202061717662456,24.81982241490834,27.771909687683426,30.686430068815334,33.41134079282508,35.955937287500745,37.95253777476699,39.02756020546257,39.28289656053461,38.824683351399,37.68036321480756,35.95047957638913,33.34622159593734,30.658278175025927,27.771909687683426,24.777515602599735,22.250169899122184
