usage_date,resource_id,service_code,environment,supervised_label,supervised_target,cv_oof_score,anomaly_type_hint,type_hint_confidence
2026-03-22,arn:aws:rds:us-east-1:acct:db:db-1025,AmazonRDS,prod,benign,0,0.0021,gradual_drift,0.4196
2026-03-23,arn:aws:rds:us-east-1:acct:db:db-1025,AmazonRDS,prod,anomaly,1,0.9963,gradual_drift,0.4198
2026-03-24,arn:aws:rds:us-east-1:acct:db:db-1025,AmazonRDS,prod,anomaly,1,0.0137,gradual_drift,0.422
2026-03-25,arn:aws:rds:us-east-1:acct:db:db-1025,AmazonRDS,prod,benign,0,0.0034,gradual_drift,0.4248
2026-03-26,arn:aws:rds:us-east-1:acct:db:db-1025,AmazonRDS,prod,benign,0,0.0025,gradual_drift,0.4274
2026-03-27,arn:aws:rds:us-east-1:acct:db:db-1025,AmazonRDS,prod,benign,0,0.0027,gradual_drift,0.4317
2026-03-28,arn:aws:rds:us-east-1:acct:db:db-1025,AmazonRDS,prod,benign,0,0.0021,gradual_drift,0.4342
2026-03-29,arn:aws:rds:us-east-1:acct:db:db-1025,AmazonRDS,prod,benign,0,0.0031,gradual_drift,0.4369
2026-03-30,arn:aws:rds:us-east-1:acct:db:db-1025,AmazonRDS,prod,benign,0,0.0114,sudden_spike,0.5407
2026-03-31,arn:aws:rds:us-east-1:acct:db:db-1025,AmazonRDS,prod,benign,0,0.0191,gradual_drift,0.4409
2026-04-01,arn:aws:rds:us-east-1:acct:db:db-1025,AmazonRDS,prod,benign,0,0.6398,gradual_drift,0.4415
2026-04-02,arn:aws:rds:us-east-1:acct:db:db-1025,AmazonRDS,prod,benign,0,0.0178,gradual_drift,0.4448
2026-04-03,arn:aws:rds:us-east-1:acct:db:db-1025,AmazonRDS,prod,benign,0,0.0091,gradual_drift,0.4484
2026-04-04,arn:aws:rds:us-east-1:acct:db:db-1025,AmazonRDS,prod,benign,0,0.0019,gradual_drift,0.4509
2026-04-05,arn:aws:rds:us-east-1:acct:db:db-1025,AmazonRDS,prod,benign,0,0.0072,gradual_drift,0.4534
2026-04-06,arn:aws:rds:us-east-1:acct:db:db-1025,AmazonRDS,prod,benign,0,0.0781,gradual_drift,0.4551
2026-04-07,arn:aws:rds:us-east-1:acct:db:db-1025,AmazonRDS,prod,benign,0,0.0042,gradual_drift,0.459
2026-04-08,arn:aws:rds:us-east-1:acct:db:db-1025,AmazonRDS,prod,benign,0,0.0028,gradual_drift,0.4595
2026-04-09,arn:aws:rds:us-east-1:acct:db:db-1025,AmazonRDS,prod,benign,0,0.0098,gradual_drift,0.4638
2026-04-10,arn:aws:rds:us-east-1:acct:db:db-1025,AmazonRDS,prod,benign,0,0.0107,gradual_drift,0.4665
2026-04-11,arn:aws:rds:us-east-1:acct:db:db-1025,AmazonRDS,prod,benign,0,0.0194,gradual_drift,0.4807
2026-04-12,arn:aws:rds:us-east-1:acct:db:db-1025,AmazonRDS,prod,benign,0,0.0111,gradual_drift,0.4854
2026-04-13,arn:aws:rds:us-east-1:acct:db:db-1025,AmazonRDS,prod,benign,0,0.0074,gradual_drift,0.4754
2026-04-14,arn:aws:rds:us-east-1:acct:db:db-1025,AmazonRDS,prod,benign,0,0.0035,gradual_drift,0.4751
2026-04-15,arn:aws:rds:us-east-1:acct:db:db-1025,AmazonRDS,prod,benign,0,0.0461,gradual_drift,0.476
2026-04-16,arn:aws:rds:us-east-1:acct:db:db-1025,AmazonRDS,prod,benign,0,0.0032,gradual_drift,0.4785
2026-04-17,arn:aws:rds:us-east-1:acct:db:db-1025,AmazonRDS,prod,benign,0,0.0015,gradual_drift,0.481
2026-04-18,arn:aws:rds:us-east-1:acct:db:db-1025,AmazonRDS,prod,benign,0,0.017,gradual_drift,0.4835
2026-04-19,arn:aws:rds:us-east-1:acct:db:db-1025,AmazonRDS,prod,benign,0,0.0071,gradual_drift,0.4897
2026-04-20,arn:aws:rds:us-east-1:acct:db:db-1025,AmazonRDS,prod,benign,0,0.0077,gradual_drift,0.5058
2026-04-21,arn:aws:rds:us-east-1:acct:db:db-1025,AmazonRDS,prod,benign,0,0.0187,gradual_drift,0.5075
2026-04-22,arn:aws:rds:us-east-1:acct:db:db-1025,AmazonRDS,prod,benign,0,0.0016,gradual_drift,0.5162
2026-04-23,arn:aws:rds:us-east-1:acct:db:db-1025,AmazonRDS,prod,benign,0,0.0068,gradual_drift,0.5242
2026-04-24,arn:aws:rds:us-east-1:acct:db:db-1025,AmazonRDS,prod,benign,0,0.0115,gradual_drift,0.5255
2026-04-25,arn:aws:rds:us-east-1:acct:db:db-1025,AmazonRDS,prod,benign,0,0.0418,gradual_drift,0.5283
2026-04-26,arn:aws:rds:us-east-1:acct:db:db-1025,AmazonRDS,prod,benign,0,0.1238,gradual_drift,0.5288
2026-04-27,arn:aws:rds:us-east-1:acct:db:db-1025,AmazonRDS,prod,benign,0,0.0038,gradual_drift,0.5348
2026-04-28,arn:aws:rds:us-east-1:acct:db:db-1025,AmazonRDS,prod,benign,0,0.0158,gradual_drift,0.5321
2026-04-29,arn:aws:rds:us-east-1:acct:db:db-1025,AmazonRDS,prod,benign,0,0.0092,gradual_drift,0.5292
2026-04-30,arn:aws:rds:us-east-1:acct:db:db-1025,AmazonRDS,prod,benign,0,0.0322,gradual_drift,0.53
2026-05-01,arn:aws:rds:us-east-1:acct:db:db-1025,AmazonRDS,prod,benign,0,0.1552,gradual_drift,0.5307
2026-05-02,arn:aws:rds:us-east-1:acct:db:db-1025,AmazonRDS,prod,benign,0,0.0217,gradual_drift,0.5307
2026-05-03,arn:aws:rds:us-east-1:acct:db:db-1025,AmazonRDS,prod,benign,0,0.0062,gradual_drift,0.5307
2026-03-22,arn:aws:rds:us-east-1:acct:db:db-1026,AmazonRDS,prod,benign,0,0.362,gradual_drift,0.4179
2026-03-23,arn:aws:rds:us-east-1:acct:db:db-1026,AmazonRDS,prod,benign,0,0.0009,gradual_drift,0.4187
2026-03-24,arn:aws:rds:us-east-1:acct:db:db-1026,AmazonRDS,prod,benign,0,0.0025,gradual_drift,0.4229
2026-03-25,arn:aws:rds:us-east-1:acct:db:db-1026,AmazonRDS,prod,benign,0,0.001,gradual_drift,0.4252
2026-03-26,arn:aws:rds:us-east-1:acct:db:db-1026,AmazonRDS,prod,benign,0,0.0356,gradual_drift,0.4275
2026-03-27,arn:aws:rds:us-east-1:acct:db:db-1026,AmazonRDS,prod,benign,0,0.0032,gradual_drift,0.432
2026-03-28,arn:aws:rds:us-east-1:acct:db:db-1026,AmazonRDS,prod,benign,0,0.0042,gradual_drift,0.4345
2026-03-29,arn:aws:rds:us-east-1:acct:db:db-1026,AmazonRDS,prod,benign,0,0.0014,gradual_drift,0.4371
2026-03-30,arn:aws:rds:us-east-1:acct:db:db-1026,AmazonRDS,prod,benign,0,0.0184,sudden_spike,0.5405
2026-03-31,arn:aws:rds:us-east-1:acct:db:db-1026,AmazonRDS,prod,benign,0,0.0011,gradual_drift,0.4406
2026-04-01,arn:aws:rds:us-east-1:acct:db:db-1026,AmazonRDS,prod,benign,0,0.015,gradual_drift,0.4418
2026-04-02,arn:aws:rds:us-east-1:acct:db:db-1026,AmazonRDS,prod,benign,0,0.006,gradual_drift,0.4452
2026-04-03,arn:aws:rds:us-east-1:acct:db:db-1026,AmazonRDS,prod,benign,0,0.0017,gradual_drift,0.4479
2026-04-04,arn:aws:rds:us-east-1:acct:db:db-1026,AmazonRDS,prod,benign,0,0.0013,gradual_drift,0.4504
2026-04-05,arn:aws:rds:us-east-1:acct:db:db-1026,AmazonRDS,prod,benign,0,0.0008,gradual_drift,0.4529
2026-04-06,arn:aws:rds:us-east-1:acct:db:db-1026,AmazonRDS,prod,benign,0,0.0502,gradual_drift,0.4552
2026-04-07,arn:aws:rds:us-east-1:acct:db:db-1026,AmazonRDS,prod,benign,0,0.3299,gradual_drift,0.4577
2026-04-08,arn:aws:rds:us-east-1:acct:db:db-1026,AmazonRDS,prod,benign,0,0.0364,gradual_drift,0.4605
2026-04-09,arn:aws:rds:us-east-1:acct:db:db-1026,AmazonRDS,prod,benign,0,0.0935,gradual_drift,0.4654
2026-04-10,arn:aws:rds:us-east-1:acct:db:db-1026,AmazonRDS,prod,benign,0,0.0162,gradual_drift,0.4681
2026-04-11,arn:aws:rds:us-east-1:acct:db:db-1026,AmazonRDS,prod,benign,0,0.0016,gradual_drift,0.4855
2026-04-12,arn:aws:rds:us-east-1:acct:db:db-1026,AmazonRDS,prod,benign,0,0.0551,gradual_drift,0.4867
2026-04-13,arn:aws:rds:us-east-1:acct:db:db-1026,AmazonRDS,prod,benign,0,0.0073,gradual_drift,0.4858
2026-04-14,arn:aws:rds:us-east-1:acct:db:db-1026,AmazonRDS,prod,benign,0,0.1052,gradual_drift,0.4858
2026-04-15,arn:aws:rds:us-east-1:acct:db:db-1026,AmazonRDS,prod,benign,0,0.0085,gradual_drift,0.4915
2026-04-16,arn:aws:rds:us-east-1:acct:db:db-1026,AmazonRDS,prod,benign,0,0.0839,gradual_drift,0.495
2026-04-17,arn:aws:rds:us-east-1:acct:db:db-1026,AmazonRDS,prod,benign,0,0.0599,gradual_drift,0.4889
2026-04-18,arn:aws:rds:us-east-1:acct:db:db-1026,AmazonRDS,prod,anomaly,1,0.5145,gradual_drift,0.4953
2026-04-19,arn:aws:rds:us-east-1:acct:db:db-1026,AmazonRDS,prod,anomaly,1,0.162,gradual_drift,0.4991
2026-04-20,arn:aws:rds:us-east-1:acct:db:db-1026,AmazonRDS,prod,benign,0,0.0082,gradual_drift,0.5043
2026-04-21,arn:aws:rds:us-east-1:acct:db:db-1026,AmazonRDS,prod,benign,0,0.0086,gradual_drift,0.5092
2026-04-22,arn:aws:rds:us-east-1:acct:db:db-1026,AmazonRDS,prod,benign,0,0.0094,gradual_drift,0.5144
2026-04-23,arn:aws:rds:us-east-1:acct:db:db-1026,AmazonRDS,prod,benign,0,0.0065,gradual_drift,0.5211
2026-04-24,arn:aws:rds:us-east-1:acct:db:db-1026,AmazonRDS,prod,benign,0,0.0043,gradual_drift,0.5251
2026-04-25,arn:aws:rds:us-east-1:acct:db:db-1026,AmazonRDS,prod,benign,0,0.0051,gradual_drift,0.5283
2026-04-26,arn:aws:rds:us-east-1:acct:db:db-1026,AmazonRDS,prod,benign,0,0.0068,gradual_drift,0.5252
2026-04-27,arn:aws:rds:us-east-1:acct:db:db-1026,AmazonRDS,prod,benign,0,0.007,gradual_drift,0.5257
2026-04-28,arn:aws:rds:us-east-1:acct:db:db-1026,AmazonRDS,prod,benign,0,0.0072,gradual_drift,0.5245
2026-04-29,arn:aws:rds:us-east-1:acct:db:db-1026,AmazonRDS,prod,benign,0,0.0014,gradual_drift,0.527
2026-04-30,arn:aws:rds:us-east-1:acct:db:db-1026,AmazonRDS,prod,benign,0,0.0025,gradual_drift,0.519
2026-05-01,arn:aws:rds:us-east-1:acct:db:db-1026,AmazonRDS,prod,benign,0,0.1855,gradual_drift,0.5219
2026-05-02,arn:aws:rds:us-east-1:acct:db:db-1026,AmazonRDS,prod,benign,0,0.009,gradual_drift,0.5219
2026-05-03,arn:aws:rds:us-east-1:acct:db:db-1026,AmazonRDS,prod,benign,0,0.0148,gradual_drift,0.5219
2026-03-22,arn:aws:rds:us-east-1:acct:db:db-1027,AmazonRDS,prod,normal,0,0.0109,gradual_drift,0.4167
2026-03-23,arn:aws:rds:us-east-1:acct:db:db-1027,AmazonRDS,prod,normal,0,0.0012,gradual_drift,0.4178
2026-03-24,arn:aws:rds:us-east-1:acct:db:db-1027,AmazonRDS,prod,normal,0,0.0031,gradual_drift,0.4202
2026-03-25,arn:aws:rds:us-east-1:acct:db:db-1027,AmazonRDS,prod,normal,0,0.0008,gradual_drift,0.4227
2026-03-26,arn:aws:rds:us-east-1:acct:db:db-1027,AmazonRDS,prod,normal,0,0.0036,gradual_drift,0.4253
2026-03-27,arn:aws:rds:us-east-1:acct:db:db-1027,AmazonRDS,prod,normal,0,0.0008,gradual_drift,0.4293
2026-03-28,arn:aws:rds:us-east-1:acct:db:db-1027,AmazonRDS,prod,normal,0,0.0004,gradual_drift,0.4326
2026-03-29,arn:aws:rds:us-east-1:acct:db:db-1027,AmazonRDS,prod,normal,0,0.0032,gradual_drift,0.4361
2026-03-30,arn:aws:rds:us-east-1:acct:db:db-1027,AmazonRDS,prod,normal,0,0.0033,sudden_spike,0.5307
2026-03-31,arn:aws:rds:us-east-1:acct:db:db-1027,AmazonRDS,prod,normal,0,0.001,gradual_drift,0.4404
2026-04-01,arn:aws:rds:us-east-1:acct:db:db-1027,AmazonRDS,prod,normal,0,0.0011,gradual_drift,0.442
2026-04-02,arn:aws:rds:us-east-1:acct:db:db-1027,AmazonRDS,prod,normal,0,0.001,gradual_drift,0.4435
2026-04-03,arn:aws:rds:us-east-1:acct:db:db-1027,AmazonRDS,prod,normal,0,0.001,gradual_drift,0.4465
2026-04-04,arn:aws:rds:us-east-1:acct:db:db-1027,AmazonRDS,prod,normal,0,0.0032,gradual_drift,0.449
2026-04-05,arn:aws:rds:us-east-1:acct:db:db-1027,AmazonRDS,prod,normal,0,0.0071,gradual_drift,0.4515
2026-04-06,arn:aws:rds:us-east-1:acct:db:db-1027,AmazonRDS,prod,normal,0,0.0147,gradual_drift,0.4523
2026-04-07,arn:aws:rds:us-east-1:acct:db:db-1027,AmazonRDS,prod,normal,0,0.0049,gradual_drift,0.4541
2026-04-08,arn:aws:rds:us-east-1:acct:db:db-1027,AmazonRDS,prod,normal,0,0.0017,gradual_drift,0.4591
2026-04-09,arn:aws:rds:us-east-1:acct:db:db-1027,AmazonRDS,prod,normal,0,0.0032,gradual_drift,0.4617
2026-04-10,arn:aws:rds:us-east-1:acct:db:db-1027,AmazonRDS,prod,normal,0,0.0826,gradual_drift,0.4639
2026-04-11,arn:aws:rds:us-east-1:acct:db:db-1027,AmazonRDS,prod,normal,0,0.0023,gradual_drift,0.4786
2026-04-12,arn:aws:rds:us-east-1:acct:db:db-1027,AmazonRDS,prod,normal,0,0.0121,gradual_drift,0.4815
2026-04-13,arn:aws:rds:us-east-1:acct:db:db-1027,AmazonRDS,prod,normal,0,0.0032,gradual_drift,0.4864
2026-04-14,arn:aws:rds:us-east-1:acct:db:db-1027,AmazonRDS,prod,normal,0,0.0006,gradual_drift,0.487
2026-04-15,arn:aws:rds:us-east-1:acct:db:db-1027,AmazonRDS,prod,normal,0,0.001,gradual_drift,0.4842
2026-04-16,arn:aws:rds:us-east-1:acct:db:db-1027,AmazonRDS,prod,normal,0,0.0026,gradual_drift,0.4938
2026-04-17,arn:aws:rds:us-east-1:acct:db:db-1027,AmazonRDS,prod,normal,0,0.0005,gradual_drift,0.4934
2026-04-18,arn:aws:rds:us-east-1:acct:db:db-1027,AmazonRDS,prod,normal,0,0.0101,gradual_drift,0.4995
2026-04-19,arn:aws:rds:us-east-1:acct:db:db-1027,AmazonRDS,prod,normal,0,0.0008,gradual_drift,0.5052
2026-04-20,arn:aws:rds:us-east-1:acct:db:db-1027,AmazonRDS,prod,normal,0,0.0009,gradual_drift,0.5142
2026-04-21,arn:aws:rds:us-east-1:acct:db:db-1027,AmazonRDS,prod,normal,0,0.0031,gradual_drift,0.519
2026-04-22,arn:aws:rds:us-east-1:acct:db:db-1027,AmazonRDS,prod,normal,0,0.0004,gradual_drift,0.524
2026-04-23,arn:aws:rds:us-east-1:acct:db:db-1027,AmazonRDS,prod,normal,0,0.0005,gradual_drift,0.5279
2026-04-24,arn:aws:rds:us-east-1:acct:db:db-1027,AmazonRDS,prod,anomaly,1,0.6519,gradual_drift,0.5288
2026-04-25,arn:aws:rds:us-east-1:acct:db:db-1027,AmazonRDS,prod,anomaly,1,0.9206,gradual_drift,0.5316
2026-04-26,arn:aws:rds:us-east-1:acct:db:db-1027,AmazonRDS,prod,anomaly,1,0.4892,gradual_drift,0.5287
2026-04-27,arn:aws:rds:us-east-1:acct:db:db-1027,AmazonRDS,prod,normal,0,0.0093,gradual_drift,0.5291
2026-04-28,arn:aws:rds:us-east-1:acct:db:db-1027,AmazonRDS,prod,normal,0,0.0032,gradual_drift,0.5242
2026-04-29,arn:aws:rds:us-east-1:acct:db:db-1027,AmazonRDS,prod,normal,0,0.0003,gradual_drift,0.524
2026-04-30,arn:aws:rds:us-east-1:acct:db:db-1027,AmazonRDS,prod,normal,0,0.0013,gradual_drift,0.5242
2026-05-01,arn:aws:rds:us-east-1:acct:db:db-1027,AmazonRDS,prod,normal,0,0.0006,gradual_drift,0.5268
2026-05-02,arn:aws:rds:us-east-1:acct:db:db-1027,AmazonRDS,prod,normal,0,0.0028,gradual_drift,0.5268
2026-05-03,arn:aws:rds:us-east-1:acct:db:db-1027,AmazonRDS,prod,normal,0,0.0017,gradual_drift,0.5268
2026-03-22,arn:aws:rds:us-east-1:acct:db:db-1028,AmazonRDS,prod,normal,0,0.0078,gradual_drift,0.4168
2026-03-23,arn:aws:rds:us-east-1:acct:db:db-1028,AmazonRDS,prod,normal,0,0.0006,gradual_drift,0.4177
2026-03-24,arn:aws:rds:us-east-1:acct:db:db-1028,AmazonRDS,prod,normal,0,0.0004,gradual_drift,0.4202
2026-03-25,arn:aws:rds:us-east-1:acct:db:db-1028,AmazonRDS,prod,normal,0,0.0007,gradual_drift,0.4227
2026-03-26,arn:aws:rds:us-east-1:acct:db:db-1028,AmazonRDS,prod,normal,0,0.0007,gradual_drift,0.4252
2026-03-27,arn:aws:rds:us-east-1:acct:db:db-1028,AmazonRDS,prod,normal,0,0.0009,gradual_drift,0.4288
2026-03-28,arn:aws:rds:us-east-1:acct:db:db-1028,AmazonRDS,prod,normal,0,0.0006,gradual_drift,0.4313
2026-03-29,arn:aws:rds:us-east-1:acct:db:db-1028,AmazonRDS,prod,normal,0,0.0024,gradual_drift,0.4364
2026-03-30,arn:aws:rds:us-east-1:acct:db:db-1028,AmazonRDS,prod,normal,0,0.0023,sudden_spike,0.5304
2026-03-31,arn:aws:rds:us-east-1:acct:db:db-1028,AmazonRDS,prod,normal,0,0.0008,gradual_drift,0.4414
2026-04-01,arn:aws:rds:us-east-1:acct:db:db-1028,AmazonRDS,prod,normal,0,0.001,gradual_drift,0.4414
2026-04-02,arn:aws:rds:us-east-1:acct:db:db-1028,AmazonRDS,prod,normal,0,0.0007,gradual_drift,0.444
2026-04-03,arn:aws:rds:us-east-1:acct:db:db-1028,AmazonRDS,prod,normal,0,0.001,gradual_drift,0.4464
2026-04-04,arn:aws:rds:us-east-1:acct:db:db-1028,AmazonRDS,prod,normal,0,0.0052,gradual_drift,0.4489
2026-04-05,arn:aws:rds:us-east-1:acct:db:db-1028,AmazonRDS,prod,normal,0,0.0116,gradual_drift,0.4514
2026-04-06,arn:aws:rds:us-east-1:acct:db:db-1028,AmazonRDS,prod,normal,0,0.0085,gradual_drift,0.453
2026-04-07,arn:aws:rds:us-east-1:acct:db:db-1028,AmazonRDS,prod,normal,0,0.0007,gradual_drift,0.4556
2026-04-08,arn:aws:rds:us-east-1:acct:db:db-1028,AmazonRDS,prod,normal,0,0.0011,gradual_drift,0.4576
2026-04-09,arn:aws:rds:us-east-1:acct:db:db-1028,AmazonRDS,prod,normal,0,0.0113,gradual_drift,0.4606
2026-04-10,arn:aws:rds:us-east-1:acct:db:db-1028,AmazonRDS,prod,normal,0,0.0005,gradual_drift,0.4648
2026-04-11,arn:aws:rds:us-east-1:acct:db:db-1028,AmazonRDS,prod,normal,0,0.0009,gradual_drift,0.4881
2026-04-12,arn:aws:rds:us-east-1:acct:db:db-1028,AmazonRDS,prod,normal,0,0.0097,gradual_drift,0.4887
2026-04-13,arn:aws:rds:us-east-1:acct:db:db-1028,AmazonRDS,prod,normal,0,0.0063,gradual_drift,0.4926
2026-04-14,arn:aws:rds:us-east-1:acct:db:db-1028,AmazonRDS,prod,normal,0,0.0017,gradual_drift,0.4974
2026-04-15,arn:aws:rds:us-east-1:acct:db:db-1028,AmazonRDS,prod,normal,0,0.0048,gradual_drift,0.4875
2026-04-16,arn:aws:rds:us-east-1:acct:db:db-1028,AmazonRDS,prod,normal,0,0.0004,gradual_drift,0.4892
2026-04-17,arn:aws:rds:us-east-1:acct:db:db-1028,AmazonRDS,prod,normal,0,0.0004,gradual_drift,0.4883
2026-04-18,arn:aws:rds:us-east-1:acct:db:db-1028,AmazonRDS,prod,normal,0,0.0034,gradual_drift,0.4942
2026-04-19,arn:aws:rds:us-east-1:acct:db:db-1028,AmazonRDS,prod,normal,0,0.0007,gradual_drift,0.503
2026-04-20,arn:aws:rds:us-east-1:acct:db:db-1028,AmazonRDS,prod,normal,0,0.0021,gradual_drift,0.5064
2026-04-21,arn:aws:rds:us-east-1:acct:db:db-1028,AmazonRDS,prod,normal,0,0.0006,gradual_drift,0.5057
2026-04-22,arn:aws:rds:us-east-1:acct:db:db-1028,AmazonRDS,prod,normal,0,0.0014,gradual_drift,0.5126
2026-04-23,arn:aws:rds:us-east-1:acct:db:db-1028,AmazonRDS,prod,anomaly,1,0.714,gradual_drift,0.5195
2026-04-24,arn:aws:rds:us-east-1:acct:db:db-1028,AmazonRDS,prod,anomaly,1,0.7409,gradual_drift,0.5213
2026-04-25,arn:aws:rds:us-east-1:acct:db:db-1028,AmazonRDS,prod,anomaly,1,0.003,gradual_drift,0.5276
2026-04-26,arn:aws:rds:us-east-1:acct:db:db-1028,AmazonRDS,prod,normal,0,0.0016,gradual_drift,0.5246
2026-04-27,arn:aws:rds:us-east-1:acct:db:db-1028,AmazonRDS,prod,normal,0,0.0005,gradual_drift,0.5271
2026-04-28,arn:aws:rds:us-east-1:acct:db:db-1028,AmazonRDS,prod,anomaly,1,0.0026,gradual_drift,0.5258
2026-04-29,arn:aws:rds:us-east-1:acct:db:db-1028,AmazonRDS,prod,anomaly,1,0.02,gradual_drift,0.5257
2026-04-30,arn:aws:rds:us-east-1:acct:db:db-1028,AmazonRDS,prod,anomaly,1,0.2903,gradual_drift,0.5288
2026-05-01,arn:aws:rds:us-east-1:acct:db:db-1028,AmazonRDS,prod,anomaly,1,0.7691,gradual_drift,0.5289
2026-05-02,arn:aws:rds:us-east-1:acct:db:db-1028,AmazonRDS,prod,anomaly,1,0.0063,gradual_drift,0.5289
2026-05-03,arn:aws:rds:us-east-1:acct:db:db-1028,AmazonRDS,prod,normal,0,0.0009,gradual_drift,0.5289
2026-03-22,arn:aws:rds:us-east-1:acct:db:db-1064,AmazonRDS,prod,benign,0,0.001,gradual_drift,0.4193
2026-03-23,arn:aws:rds:us-east-1:acct:db:db-1064,AmazonRDS,prod,benign,0,0.0126,gradual_drift,0.4194
2026-03-24,arn:aws:rds:us-east-1:acct:db:db-1064,AmazonRDS,prod,benign,0,0.0223,gradual_drift,0.4219
2026-03-25,arn:aws:rds:us-east-1:acct:db:db-1064,AmazonRDS,prod,benign,0,0.0026,gradual_drift,0.4246
2026-03-26,arn:aws:rds:us-east-1:acct:db:db-1064,AmazonRDS,prod,benign,0,0.0109,gradual_drift,0.4271
2026-03-27,arn:aws:rds:us-east-1:acct:db:db-1064,AmazonRDS,prod,benign,0,0.0766,gradual_drift,0.4307
2026-03-28,arn:aws:rds:us-east-1:acct:db:db-1064,AmazonRDS,prod,benign,0,0.0013,gradual_drift,0.4332
2026-03-29,arn:aws:rds:us-east-1:acct:db:db-1064,AmazonRDS,prod,benign,0,0.0032,gradual_drift,0.4361
2026-03-30,arn:aws:rds:us-east-1:acct:db:db-1064,AmazonRDS,prod,benign,0,0.0016,sudden_spike,0.536
2026-03-31,arn:aws:rds:us-east-1:acct:db:db-1064,AmazonRDS,prod,benign,0,0.0028,gradual_drift,0.4397
2026-04-01,arn:aws:rds:us-east-1:acct:db:db-1064,AmazonRDS,prod,benign,0,0.0312,gradual_drift,0.4422
2026-04-02,arn:aws:rds:us-east-1:acct:db:db-1064,AmazonRDS,prod,benign,0,0.6757,gradual_drift,0.4447
2026-04-03,arn:aws:rds:us-east-1:acct:db:db-1064,AmazonRDS,prod,benign,0,0.0013,gradual_drift,0.4462
2026-04-04,arn:aws:rds:us-east-1:acct:db:db-1064,AmazonRDS,prod,benign,0,0.0014,gradual_drift,0.4487
2026-04-05,arn:aws:rds:us-east-1:acct:db:db-1064,AmazonRDS,prod,benign,0,0.0015,gradual_drift,0.4512
2026-04-06,arn:aws:rds:us-east-1:acct:db:db-1064,AmazonRDS,prod,benign,0,0.0517,gradual_drift,0.4534
2026-04-07,arn:aws:rds:us-east-1:acct:db:db-1064,AmazonRDS,prod,benign,0,0.0096,gradual_drift,0.4559
2026-04-08,arn:aws:rds:us-east-1:acct:db:db-1064,AmazonRDS,prod,benign,0,0.1139,gradual_drift,0.4573
2026-04-09,arn:aws:rds:us-east-1:acct:db:db-1064,AmazonRDS,prod,benign,0,0.0122,gradual_drift,0.4615
2026-04-10,arn:aws:rds:us-east-1:acct:db:db-1064,AmazonRDS,prod,benign,0,0.014,gradual_drift,0.4661
2026-04-11,arn:aws:rds:us-east-1:acct:db:db-1064,AmazonRDS,prod,benign,0,0.0054,gradual_drift,0.4927
2026-04-12,arn:aws:rds:us-east-1:acct:db:db-1064,AmazonRDS,prod,benign,0,0.0133,gradual_drift,0.4921
2026-04-13,arn:aws:rds:us-east-1:acct:db:db-1064,AmazonRDS,prod,benign,0,0.1611,gradual_drift,0.4927
2026-04-14,arn:aws:rds:us-east-1:acct:db:db-1064,AmazonRDS,prod,benign,0,0.001,gradual_drift,0.496
2026-04-15,arn:aws:rds:us-east-1:acct:db:db-1064,AmazonRDS,prod,benign,0,0.033,gradual_drift,0.4925
2026-04-16,arn:aws:rds:us-east-1:acct:db:db-1064,AmazonRDS,prod,benign,0,0.0325,gradual_drift,0.4914
2026-04-17,arn:aws:rds:us-east-1:acct:db:db-1064,AmazonRDS,prod,benign,0,0.1002,gradual_drift,0.4916
2026-04-18,arn:aws:rds:us-east-1:acct:db:db-1064,AmazonRDS,prod,benign,0,0.0125,gradual_drift,0.498
2026-04-19,arn:aws:rds:us-east-1:acct:db:db-1064,AmazonRDS,prod,benign,0,0.0048,gradual_drift,0.5041
2026-04-20,arn:aws:rds:us-east-1:acct:db:db-1064,AmazonRDS,prod,benign,0,0.0161,gradual_drift,0.5111
2026-04-21,arn:aws:rds:us-east-1:acct:db:db-1064,AmazonRDS,prod,benign,0,0.007,gradual_drift,0.5098
2026-04-22,arn:aws:rds:us-east-1:acct:db:db-1064,AmazonRDS,prod,benign,0,0.0382,gradual_drift,0.5158
2026-04-23,arn:aws:rds:us-east-1:acct:db:db-1064,AmazonRDS,prod,benign,0,0.0347,gradual_drift,0.5188
2026-04-24,arn:aws:rds:us-east-1:acct:db:db-1064,AmazonRDS,prod,benign,0,0.0047,gradual_drift,0.5195
2026-04-25,arn:aws:rds:us-east-1:acct:db:db-1064,AmazonRDS,prod,benign,0,0.0087,gradual_drift,0.5229
2026-04-26,arn:aws:rds:us-east-1:acct:db:db-1064,AmazonRDS,prod,benign,0,0.0098,gradual_drift,0.5218
2026-04-27,arn:aws:rds:us-east-1:acct:db:db-1064,AmazonRDS,prod,benign,0,0.0087,gradual_drift,0.5201
2026-04-28,arn:aws:rds:us-east-1:acct:db:db-1064,AmazonRDS,prod,benign,0,0.0184,gradual_drift,0.5155
2026-04-29,arn:aws:rds:us-east-1:acct:db:db-1064,AmazonRDS,prod,benign,0,0.0061,gradual_drift,0.5167
2026-04-30,arn:aws:rds:us-east-1:acct:db:db-1064,AmazonRDS,prod,benign,0,0.0123,gradual_drift,0.5141
2026-05-01,arn:aws:rds:us-east-1:acct:db:db-1064,AmazonRDS,prod,benign,0,0.0033,gradual_drift,0.5162
2026-05-02,arn:aws:rds:us-east-1:acct:db:db-1064,AmazonRDS,prod,benign,0,0.0029,gradual_drift,0.5162
2026-05-03,arn:aws:rds:us-east-1:acct:db:db-1064,AmazonRDS,prod,benign,0,0.007,gradual_drift,0.5162
2026-03-22,arn:aws:rds:us-east-1:acct:db:db-1065,AmazonRDS,prod,normal,0,0.0149,gradual_drift,0.4199
2026-03-23,arn:aws:rds:us-east-1:acct:db:db-1065,AmazonRDS,prod,normal,0,0.0026,gradual_drift,0.4203
2026-03-24,arn:aws:rds:us-east-1:acct:db:db-1065,AmazonRDS,prod,normal,0,0.0023,gradual_drift,0.421
2026-03-25,arn:aws:rds:us-east-1:acct:db:db-1065,AmazonRDS,prod,normal,0,0.0018,gradual_drift,0.4236
2026-03-26,arn:aws:rds:us-east-1:acct:db:db-1065,AmazonRDS,prod,normal,0,0.0024,gradual_drift,0.4277
2026-03-27,arn:aws:rds:us-east-1:acct:db:db-1065,AmazonRDS,prod,normal,0,0.0038,gradual_drift,0.429
2026-03-28,arn:aws:rds:us-east-1:acct:db:db-1065,AmazonRDS,prod,normal,0,0.0019,gradual_drift,0.4316
2026-03-29,arn:aws:rds:us-east-1:acct:db:db-1065,AmazonRDS,prod,normal,0,0.0056,gradual_drift,0.4358
2026-03-30,arn:aws:rds:us-east-1:acct:db:db-1065,AmazonRDS,prod,normal,0,0.0151,sudden_spike,0.5419
2026-03-31,arn:aws:rds:us-east-1:acct:db:db-1065,AmazonRDS,prod,normal,0,0.0027,gradual_drift,0.4403
2026-04-01,arn:aws:rds:us-east-1:acct:db:db-1065,AmazonRDS,prod,normal,0,0.0021,gradual_drift,0.4401
2026-04-02,arn:aws:rds:us-east-1:acct:db:db-1065,AmazonRDS,prod,normal,0,0.0016,gradual_drift,0.4427
2026-04-03,arn:aws:rds:us-east-1:acct:db:db-1065,AmazonRDS,prod,normal,0,0.0072,gradual_drift,0.4452
2026-04-04,arn:aws:rds:us-east-1:acct:db:db-1065,AmazonRDS,prod,normal,0,0.001,gradual_drift,0.4477
2026-04-05,arn:aws:rds:us-east-1:acct:db:db-1065,AmazonRDS,prod,normal,0,0.001,gradual_drift,0.4502
2026-04-06,arn:aws:rds:us-east-1:acct:db:db-1065,AmazonRDS,prod,normal,0,0.0121,gradual_drift,0.4527
2026-04-07,arn:aws:rds:us-east-1:acct:db:db-1065,AmazonRDS,prod,normal,0,0.0006,gradual_drift,0.4578
2026-04-08,arn:aws:rds:us-east-1:acct:db:db-1065,AmazonRDS,prod,normal,0,0.0062,gradual_drift,0.4598
2026-04-09,arn:aws:rds:us-east-1:acct:db:db-1065,AmazonRDS,prod,normal,0,0.0051,gradual_drift,0.464
2026-04-10,arn:aws:rds:us-east-1:acct:db:db-1065,AmazonRDS,prod,normal,0,0.0489,gradual_drift,0.4648
2026-04-11,arn:aws:rds:us-east-1:acct:db:db-1065,AmazonRDS,prod,normal,0,0.0003,gradual_drift,0.483
2026-04-12,arn:aws:rds:us-east-1:acct:db:db-1065,AmazonRDS,prod,normal,0,0.003,gradual_drift,0.4862
2026-04-13,arn:aws:rds:us-east-1:acct:db:db-1065,AmazonRDS,prod,normal,0,0.0055,gradual_drift,0.4817
2026-04-14,arn:aws:rds:us-east-1:acct:db:db-1065,AmazonRDS,prod,normal,0,0.003,gradual_drift,0.4824
2026-04-15,arn:aws:rds:us-east-1:acct:db:db-1065,AmazonRDS,prod,normal,0,0.0005,gradual_drift,0.4811
2026-04-16,arn:aws:rds:us-east-1:acct:db:db-1065,AmazonRDS,prod,normal,0,0.0006,gradual_drift,0.4826
2026-04-17,arn:aws:rds:us-east-1:acct:db:db-1065,AmazonRDS,prod,normal,0,0.0066,gradual_drift,0.4846
2026-04-18,arn:aws:rds:us-east-1:acct:db:db-1065,AmazonRDS,prod,normal,0,0.001,gradual_drift,0.4876
2026-04-19,arn:aws:rds:us-east-1:acct:db:db-1065,AmazonRDS,prod,normal,0,0.0017,gradual_drift,0.4928
2026-04-20,arn:aws:rds:us-east-1:acct:db:db-1065,AmazonRDS,prod,normal,0,0.0066,gradual_drift,0.5003
2026-04-21,arn:aws:rds:us-east-1:acct:db:db-1065,AmazonRDS,prod,normal,0,0.0033,gradual_drift,0.5051
2026-04-22,arn:aws:rds:us-east-1:acct:db:db-1065,AmazonRDS,prod,normal,0,0.0044,gradual_drift,0.5152
2026-04-23,arn:aws:rds:us-east-1:acct:db:db-1065,AmazonRDS,prod,normal,0,0.0072,gradual_drift,0.5201
2026-04-24,arn:aws:rds:us-east-1:acct:db:db-1065,AmazonRDS,prod,normal,0,0.0019,gradual_drift,0.5202
2026-04-25,arn:aws:rds:us-east-1:acct:db:db-1065,AmazonRDS,prod,normal,0,0.0021,gradual_drift,0.5248
2026-04-26,arn:aws:rds:us-east-1:acct:db:db-1065,AmazonRDS,prod,normal,0,0.0003,gradual_drift,0.5204
2026-04-27,arn:aws:rds:us-east-1:acct:db:db-1065,AmazonRDS,prod,normal,0,0.0035,gradual_drift,0.5233
2026-04-28,arn:aws:rds:us-east-1:acct:db:db-1065,AmazonRDS,prod,normal,0,0.0034,gradual_drift,0.5194
2026-04-29,arn:aws:rds:us-east-1:acct:db:db-1065,AmazonRDS,prod,normal,0,0.0062,gradual_drift,0.5165
2026-04-30,arn:aws:rds:us-east-1:acct:db:db-1065,AmazonRDS,prod,normal,0,0.0027,gradual_drift,0.5151
2026-05-01,arn:aws:rds:us-east-1:acct:db:db-1065,AmazonRDS,prod,normal,0,0.0198,gradual_drift,0.5098
2026-05-02,arn:aws:rds:us-east-1:acct:db:db-1065,AmazonRDS,prod,normal,0,0.0089,gradual_drift,0.5098
2026-05-03,arn:aws:rds:us-east-1:acct:db:db-1065,AmazonRDS,prod,normal,0,0.0081,gradual_drift,0.511
2026-03-22,arn:aws:rds:us-east-1:acct:db:db-1066,AmazonRDS,prod,normal,0,0.0015,gradual_drift,0.4199
2026-03-23,arn:aws:rds:us-east-1:acct:db:db-1066,AmazonRDS,prod,normal,0,0.0004,gradual_drift,0.421
2026-03-24,arn:aws:rds:us-east-1:acct:db:db-1066,AmazonRDS,prod,normal,0,0.0008,gradual_drift,0.4224
2026-03-25,arn:aws:rds:us-east-1:acct:db:db-1066,AmazonRDS,prod,normal,0,0.0008,gradual_drift,0.4249
2026-03-26,arn:aws:rds:us-east-1:acct:db:db-1066,AmazonRDS,prod,normal,0,0.0007,gradual_drift,0.4274
2026-03-27,arn:aws:rds:us-east-1:acct:db:db-1066,AmazonRDS,prod,normal,0,0.0013,gradual_drift,0.4303
2026-03-28,arn:aws:rds:us-east-1:acct:db:db-1066,AmazonRDS,prod,normal,0,0.0005,gradual_drift,0.4344
2026-03-29,arn:aws:rds:us-east-1:acct:db:db-1066,AmazonRDS,prod,normal,0,0.0009,gradual_drift,0.4369
2026-03-30,arn:aws:rds:us-east-1:acct:db:db-1066,AmazonRDS,prod,normal,0,0.0044,sudden_spike,0.5272
2026-03-31,arn:aws:rds:us-east-1:acct:db:db-1066,AmazonRDS,prod,normal,0,0.0008,gradual_drift,0.4419
2026-04-01,arn:aws:rds:us-east-1:acct:db:db-1066,AmazonRDS,prod,normal,0,0.0006,gradual_drift,0.4445
2026-04-02,arn:aws:rds:us-east-1:acct:db:db-1066,AmazonRDS,prod,normal,0,0.0013,gradual_drift,0.4471
2026-04-03,arn:aws:rds:us-east-1:acct:db:db-1066,AmazonRDS,prod,normal,0,0.0011,gradual_drift,0.4496
2026-04-04,arn:aws:rds:us-east-1:acct:db:db-1066,AmazonRDS,prod,normal,0,0.0009,gradual_drift,0.4521
2026-04-05,arn:aws:rds:us-east-1:acct:db:db-1066,AmazonRDS,prod,normal,0,0.0007,gradual_drift,0.4546
2026-04-06,arn:aws:rds:us-east-1:acct:db:db-1066,AmazonRDS,prod,normal,0,0.0095,gradual_drift,0.4559
2026-04-07,arn:aws:rds:us-east-1:acct:db:db-1066,AmazonRDS,prod,normal,0,0.0045,gradual_drift,0.4582
2026-04-08,arn:aws:rds:us-east-1:acct:db:db-1066,AmazonRDS,prod,normal,0,0.0003,gradual_drift,0.4603
2026-04-09,arn:aws:rds:us-east-1:acct:db:db-1066,AmazonRDS,prod,normal,0,0.0062,gradual_drift,0.4652
2026-04-10,arn:aws:rds:us-east-1:acct:db:db-1066,AmazonRDS,prod,normal,0,0.0012,gradual_drift,0.4677
2026-04-11,arn:aws:rds:us-east-1:acct:db:db-1066,AmazonRDS,prod,normal,0,0.0003,gradual_drift,0.48
2026-04-12,arn:aws:rds:us-east-1:acct:db:db-1066,AmazonRDS,prod,normal,0,0.0009,gradual_drift,0.4815
2026-04-13,arn:aws:rds:us-east-1:acct:db:db-1066,AmazonRDS,prod,normal,0,0.0036,gradual_drift,0.4757
2026-04-14,arn:aws:rds:us-east-1:acct:db:db-1066,AmazonRDS,prod,normal,0,0.0005,gradual_drift,0.4759
2026-04-15,arn:aws:rds:us-east-1:acct:db:db-1066,AmazonRDS,prod,normal,0,0.0047,gradual_drift,0.4775
2026-04-16,arn:aws:rds:us-east-1:acct:db:db-1066,AmazonRDS,prod,normal,0,0.0014,gradual_drift,0.4797
2026-04-17,arn:aws:rds:us-east-1:acct:db:db-1066,AmazonRDS,prod,normal,0,0.0077,gradual_drift,0.4803
2026-04-18,arn:aws:rds:us-east-1:acct:db:db-1066,AmazonRDS,prod,normal,0,0.0014,gradual_drift,0.4843
2026-04-19,arn:aws:rds:us-east-1:acct:db:db-1066,AmazonRDS,prod,normal,0,0.0008,gradual_drift,0.488
2026-04-20,arn:aws:rds:us-east-1:acct:db:db-1066,AmazonRDS,prod,normal,0,0.0023,gradual_drift,0.4989
2026-04-21,arn:aws:rds:us-east-1:acct:db:db-1066,AmazonRDS,prod,normal,0,0.0021,gradual_drift,0.5034
2026-04-22,arn:aws:rds:us-east-1:acct:db:db-1066,AmazonRDS,prod,normal,0,0.0003,gradual_drift,0.5098
2026-04-23,arn:aws:rds:us-east-1:acct:db:db-1066,AmazonRDS,prod,normal,0,0.0002,gradual_drift,0.5162
2026-04-24,arn:aws:rds:us-east-1:acct:db:db-1066,AmazonRDS,prod,normal,0,0.0017,gradual_drift,0.5179
2026-04-25,arn:aws:rds:us-east-1:acct:db:db-1066,AmazonRDS,prod,normal,0,0.0008,gradual_drift,0.5211
2026-04-26,arn:aws:rds:us-east-1:acct:db:db-1066,AmazonRDS,prod,normal,0,0.0002,gradual_drift,0.5183
2026-04-27,arn:aws:rds:us-east-1:acct:db:db-1066,AmazonRDS,prod,normal,0,0.0078,gradual_drift,0.5191
2026-04-28,arn:aws:rds:us-east-1:acct:db:db-1066,AmazonRDS,prod,normal,0,0.0003,gradual_drift,0.518
2026-04-29,arn:aws:rds:us-east-1:acct:db:db-1066,AmazonRDS,prod,normal,0,0.001,gradual_drift,0.5172
2026-04-30,arn:aws:rds:us-east-1:acct:db:db-1066,AmazonRDS,prod,normal,0,0.0025,gradual_drift,0.5205
2026-05-01,arn:aws:rds:us-east-1:acct:db:db-1066,AmazonRDS,prod,normal,0,0.002,gradual_drift,0.5151
2026-05-02,arn:aws:rds:us-east-1:acct:db:db-1066,AmazonRDS,prod,anomaly,1,0.0033,gradual_drift,0.5151
2026-05-03,arn:aws:rds:us-east-1:acct:db:db-1066,AmazonRDS,prod,anomaly,1,0.8091,gradual_drift,0.5151
2026-03-22,arn:aws:rds:us-east-1:acct:db:db-1159,AmazonRDS,staging,anomaly,1,0.9867,gradual_drift,0.4188
2026-03-23,arn:aws:rds:us-east-1:acct:db:db-1159,AmazonRDS,staging,anomaly,1,0.3501,sudden_spike,0.4857
2026-03-24,arn:aws:rds:us-east-1:acct:db:db-1159,AmazonRDS,staging,normal,0,0.0118,gradual_drift,0.423
2026-03-25,arn:aws:rds:us-east-1:acct:db:db-1159,AmazonRDS,staging,normal,0,0.0082,gradual_drift,0.4255
2026-03-26,arn:aws:rds:us-east-1:acct:db:db-1159,AmazonRDS,staging,normal,0,0.009,gradual_drift,0.4283
2026-03-27,arn:aws:rds:us-east-1:acct:db:db-1159,AmazonRDS,staging,normal,0,0.0075,gradual_drift,0.4299
2026-03-28,arn:aws:rds:us-east-1:acct:db:db-1159,AmazonRDS,staging,normal,0,0.0078,gradual_drift,0.4337
2026-03-29,arn:aws:rds:us-east-1:acct:db:db-1159,AmazonRDS,staging,normal,0,0.061,gradual_drift,0.4362
2026-03-30,arn:aws:rds:us-east-1:acct:db:db-1159,AmazonRDS,staging,normal,0,0.0064,sudden_spike,0.5057
2026-03-31,arn:aws:rds:us-east-1:acct:db:db-1159,AmazonRDS,staging,normal,0,0.0274,gradual_drift,0.4412
2026-04-01,arn:aws:rds:us-east-1:acct:db:db-1159,AmazonRDS,staging,normal,0,0.0156,gradual_drift,0.4435
2026-04-02,arn:aws:rds:us-east-1:acct:db:db-1159,AmazonRDS,staging,normal,0,0.0041,gradual_drift,0.4464
2026-04-03,arn:aws:rds:us-east-1:acct:db:db-1159,AmazonRDS,staging,normal,0,0.0048,gradual_drift,0.4485
2026-04-04,arn:aws:rds:us-east-1:acct:db:db-1159,AmazonRDS,staging,normal,0,0.0193,gradual_drift,0.451
2026-04-05,arn:aws:rds:us-east-1:acct:db:db-1159,AmazonRDS,staging,normal,0,0.0042,gradual_drift,0.4535
2026-04-06,arn:aws:rds:us-east-1:acct:db:db-1159,AmazonRDS,staging,normal,0,0.0117,gradual_drift,0.4552
2026-04-07,arn:aws:rds:us-east-1:acct:db:db-1159,AmazonRDS,staging,normal,0,0.0146,gradual_drift,0.4554
2026-04-08,arn:aws:rds:us-east-1:acct:db:db-1159,AmazonRDS,staging,normal,0,0.0113,gradual_drift,0.4587
2026-04-09,arn:aws:rds:us-east-1:acct:db:db-1159,AmazonRDS,staging,normal,0,0.0154,gradual_drift,0.4612
2026-04-10,arn:aws:rds:us-east-1:acct:db:db-1159,AmazonRDS,staging,normal,0,0.0022,gradual_drift,0.4659
2026-04-11,arn:aws:rds:us-east-1:acct:db:db-1159,AmazonRDS,staging,normal,0,0.0009,gradual_drift,0.4828
2026-04-12,arn:aws:rds:us-east-1:acct:db:db-1159,AmazonRDS,staging,normal,0,0.0131,gradual_drift,0.4889
2026-04-13,arn:aws:rds:us-east-1:acct:db:db-1159,AmazonRDS,staging,normal,0,0.0289,gradual_drift,0.4839
2026-04-14,arn:aws:rds:us-east-1:acct:db:db-1159,AmazonRDS,staging,normal,0,0.1657,gradual_drift,0.4812
2026-04-15,arn:aws:rds:us-east-1:acct:db:db-1159,AmazonRDS,staging,normal,0,0.0151,gradual_drift,0.4892
2026-04-16,arn:aws:rds:us-east-1:acct:db:db-1159,AmazonRDS,staging,normal,0,0.0128,gradual_drift,0.4935
2026-04-17,arn:aws:rds:us-east-1:acct:db:db-1159,AmazonRDS,staging,normal,0,0.1728,gradual_drift,0.4944
2026-04-18,arn:aws:rds:us-east-1:acct:db:db-1159,AmazonRDS,staging,normal,0,0.0075,gradual_drift,0.4985
2026-04-19,arn:aws:rds:us-east-1:acct:db:db-1159,AmazonRDS,staging,normal,0,0.0061,gradual_drift,0.5026
2026-04-20,arn:aws:rds:us-east-1:acct:db:db-1159,AmazonRDS,staging,normal,0,0.0047,gradual_drift,0.5074
2026-04-21,arn:aws:rds:us-east-1:acct:db:db-1159,AmazonRDS,staging,normal,0,0.0021,gradual_drift,0.5088
2026-04-22,arn:aws:rds:us-east-1:acct:db:db-1159,AmazonRDS,staging,normal,0,0.0358,gradual_drift,0.5171
2026-04-23,arn:aws:rds:us-east-1:acct:db:db-1159,AmazonRDS,staging,normal,0,0.0113,gradual_drift,0.5207
2026-04-24,arn:aws:rds:us-east-1:acct:db:db-1159,AmazonRDS,staging,normal,0,0.0248,gradual_drift,0.5208
2026-04-25,arn:aws:rds:us-east-1:acct:db:db-1159,AmazonRDS,staging,normal,0,0.0256,gradual_drift,0.5241
2026-04-26,arn:aws:rds:us-east-1:acct:db:db-1159,AmazonRDS,staging,normal,0,0.0065,gradual_drift,0.5233
2026-04-27,arn:aws:rds:us-east-1:acct:db:db-1159,AmazonRDS,staging,normal,0,0.0046,gradual_drift,0.5253
2026-04-28,arn:aws:rds:us-east-1:acct:db:db-1159,AmazonRDS,staging,normal,0,0.0086,gradual_drift,0.5274
2026-04-29,arn:aws:rds:us-east-1:acct:db:db-1159,AmazonRDS,staging,normal,0,0.0046,gradual_drift,0.5248
2026-04-30,arn:aws:rds:us-east-1:acct:db:db-1159,AmazonRDS,staging,normal,0,0.0081,gradual_drift,0.5241
2026-05-01,arn:aws:rds:us-east-1:acct:db:db-1159,AmazonRDS,staging,normal,0,0.0089,gradual_drift,0.5241
2026-05-02,arn:aws:rds:us-east-1:acct:db:db-1159,AmazonRDS,staging,normal,0,0.0056,gradual_drift,0.5241
2026-05-03,arn:aws:rds:us-east-1:acct:db:db-1159,AmazonRDS,staging,normal,0,0.0256,gradual_drift,0.5241
2026-03-22,arn:aws:rds:us-east-1:acct:db:db-1160,AmazonRDS,staging,anomaly,1,0.984,idle_resource,0.8541
2026-03-23,arn:aws:rds:us-east-1:acct:db:db-1160,AmazonRDS,staging,anomaly,1,0.9833,idle_resource,0.8667
2026-03-24,arn:aws:rds:us-east-1:acct:db:db-1160,AmazonRDS,staging,anomaly,1,0.9886,idle_resource,0.871
2026-03-25,arn:aws:rds:us-east-1:acct:db:db-1160,AmazonRDS,staging,anomaly,1,0.9834,idle_resource,0.8727
2026-03-26,arn:aws:rds:us-east-1:acct:db:db-1160,AmazonRDS,staging,anomaly,1,0.9815,idle_resource,0.8783
2026-03-27,arn:aws:rds:us-east-1:acct:db:db-1160,AmazonRDS,staging,anomaly,1,0.9719,gradual_drift,0.4264
2026-03-28,arn:aws:rds:us-east-1:acct:db:db-1160,AmazonRDS,staging,normal,0,0.0071,gradual_drift,0.433
2026-03-29,arn:aws:rds:us-east-1:acct:db:db-1160,AmazonRDS,staging,normal,0,0.218,gradual_drift,0.4362
2026-03-30,arn:aws:rds:us-east-1:acct:db:db-1160,AmazonRDS,staging,normal,0,0.005,sudden_spike,0.5214
2026-03-31,arn:aws:rds:us-east-1:acct:db:db-1160,AmazonRDS,staging,normal,0,0.0633,gradual_drift,0.4412
2026-04-01,arn:aws:rds:us-east-1:acct:db:db-1160,AmazonRDS,staging,normal,0,0.0431,gradual_drift,0.4404
2026-04-02,arn:aws:rds:us-east-1:acct:db:db-1160,AmazonRDS,staging,normal,0,0.0088,gradual_drift,0.4431
2026-04-03,arn:aws:rds:us-east-1:acct:db:db-1160,AmazonRDS,staging,normal,0,0.0202,gradual_drift,0.4459
2026-04-04,arn:aws:rds:us-east-1:acct:db:db-1160,AmazonRDS,staging,normal,0,0.0044,gradual_drift,0.4484
2026-04-05,arn:aws:rds:us-east-1:acct:db:db-1160,AmazonRDS,staging,normal,0,0.0045,gradual_drift,0.4509
2026-04-06,arn:aws:rds:us-east-1:acct:db:db-1160,AmazonRDS,staging,normal,0,0.0253,gradual_drift,0.4531
2026-04-07,arn:aws:rds:us-east-1:acct:db:db-1160,AmazonRDS,staging,normal,0,0.0019,gradual_drift,0.4578
2026-04-08,arn:aws:rds:us-east-1:acct:db:db-1160,AmazonRDS,staging,normal,0,0.0039,gradual_drift,0.4622
2026-04-09,arn:aws:rds:us-east-1:acct:db:db-1160,AmazonRDS,staging,normal,0,0.0018,gradual_drift,0.4661
2026-04-10,arn:aws:rds:us-east-1:acct:db:db-1160,AmazonRDS,staging,normal,0,0.0062,gradual_drift,0.4681
2026-04-11,arn:aws:rds:us-east-1:acct:db:db-1160,AmazonRDS,staging,normal,0,0.0005,gradual_drift,0.4765
2026-04-12,arn:aws:rds:us-east-1:acct:db:db-1160,AmazonRDS,staging,normal,0,0.0006,gradual_drift,0.4804
2026-04-13,arn:aws:rds:us-east-1:acct:db:db-1160,AmazonRDS,staging,normal,0,0.0072,gradual_drift,0.4739
2026-04-14,arn:aws:rds:us-east-1:acct:db:db-1160,AmazonRDS,staging,normal,0,0.0031,gradual_drift,0.4773
2026-04-15,arn:aws:rds:us-east-1:acct:db:db-1160,AmazonRDS,staging,normal,0,0.0009,gradual_drift,0.4796
2026-04-16,arn:aws:rds:us-east-1:acct:db:db-1160,AmazonRDS,staging,normal,0,0.0077,gradual_drift,0.4905
2026-04-17,arn:aws:rds:us-east-1:acct:db:db-1160,AmazonRDS,staging,normal,0,0.0074,gradual_drift,0.4929
2026-04-18,arn:aws:rds:us-east-1:acct:db:db-1160,AmazonRDS,staging,normal,0,0.0007,gradual_drift,0.4955
2026-04-19,arn:aws:rds:us-east-1:acct:db:db-1160,AmazonRDS,staging,normal,0,0.0005,gradual_drift,0.4996
2026-04-20,arn:aws:rds:us-east-1:acct:db:db-1160,AmazonRDS,staging,normal,0,0.0049,gradual_drift,0.5044
2026-04-21,arn:aws:rds:us-east-1:acct:db:db-1160,AmazonRDS,staging,normal,0,0.0093,gradual_drift,0.5066
2026-04-22,arn:aws:rds:us-east-1:acct:db:db-1160,AmazonRDS,staging,normal,0,0.0491,gradual_drift,0.5124
2026-04-23,arn:aws:rds:us-east-1:acct:db:db-1160,AmazonRDS,staging,normal,0,0.0111,gradual_drift,0.5251
2026-04-24,arn:aws:rds:us-east-1:acct:db:db-1160,AmazonRDS,staging,normal,0,0.0183,gradual_drift,0.5253
2026-04-25,arn:aws:rds:us-east-1:acct:db:db-1160,AmazonRDS,staging,normal,0,0.0063,gradual_drift,0.5292
2026-04-26,arn:aws:rds:us-east-1:acct:db:db-1160,AmazonRDS,staging,normal,0,0.0037,gradual_drift,0.5297
2026-04-27,arn:aws:rds:us-east-1:acct:db:db-1160,AmazonRDS,staging,normal,0,0.0031,gradual_drift,0.5351
2026-04-28,arn:aws:rds:us-east-1:acct:db:db-1160,AmazonRDS,staging,normal,0,0.0082,gradual_drift,0.5341
2026-04-29,arn:aws:rds:us-east-1:acct:db:db-1160,AmazonRDS,staging,normal,0,0.007,gradual_drift,0.5341
2026-04-30,arn:aws:rds:us-east-1:acct:db:db-1160,AmazonRDS,staging,normal,0,0.0083,gradual_drift,0.5339
2026-05-01,arn:aws:rds:us-east-1:acct:db:db-1160,AmazonRDS,staging,normal,0,0.0238,gradual_drift,0.5339
2026-05-02,arn:aws:rds:us-east-1:acct:db:db-1160,AmazonRDS,staging,normal,0,0.0059,gradual_drift,0.5339
2026-05-03,arn:aws:rds:us-east-1:acct:db:db-1160,AmazonRDS,staging,normal,0,0.0019,gradual_drift,0.5339
2026-03-22,arn:aws:rds:us-east-1:acct:db:db-1162,AmazonRDS,staging,benign,0,0.0744,gradual_drift,0.4192
2026-03-23,arn:aws:rds:us-east-1:acct:db:db-1162,AmazonRDS,staging,benign,0,0.0566,sudden_spike,0.4857
2026-03-24,arn:aws:rds:us-east-1:acct:db:db-1162,AmazonRDS,staging,benign,0,0.0216,gradual_drift,0.421
2026-03-25,arn:aws:rds:us-east-1:acct:db:db-1162,AmazonRDS,staging,anomaly,1,0.2022,gradual_drift,0.4223
2026-03-26,arn:aws:rds:us-east-1:acct:db:db-1162,AmazonRDS,staging,anomaly,1,0.083,gradual_drift,0.4226
2026-03-27,arn:aws:rds:us-east-1:acct:db:db-1162,AmazonRDS,staging,anomaly,1,0.05,gradual_drift,0.4267
2026-03-28,arn:aws:rds:us-east-1:acct:db:db-1162,AmazonRDS,staging,anomaly,1,0.1653,gradual_drift,0.4313
2026-03-29,arn:aws:rds:us-east-1:acct:db:db-1162,AmazonRDS,staging,anomaly,1,0.0175,gradual_drift,0.4356
2026-03-30,arn:aws:rds:us-east-1:acct:db:db-1162,AmazonRDS,staging,benign,0,0.0036,sudden_spike,0.5164
2026-03-31,arn:aws:rds:us-east-1:acct:db:db-1162,AmazonRDS,staging,benign,0,0.0051,gradual_drift,0.4406
2026-04-01,arn:aws:rds:us-east-1:acct:db:db-1162,AmazonRDS,staging,benign,0,0.0134,gradual_drift,0.4422
2026-04-02,arn:aws:rds:us-east-1:acct:db:db-1162,AmazonRDS,staging,benign,0,0.0252,gradual_drift,0.4447
2026-04-03,arn:aws:rds:us-east-1:acct:db:db-1162,AmazonRDS,staging,benign,0,0.0146,gradual_drift,0.4481
2026-04-04,arn:aws:rds:us-east-1:acct:db:db-1162,AmazonRDS,staging,benign,0,0.0467,gradual_drift,0.4506
2026-04-05,arn:aws:rds:us-east-1:acct:db:db-1162,AmazonRDS,staging,benign,0,0.0199,gradual_drift,0.4531
2026-04-06,arn:aws:rds:us-east-1:acct:db:db-1162,AmazonRDS,staging,benign,0,0.0371,gradual_drift,0.4546
2026-04-07,arn:aws:rds:us-east-1:acct:db:db-1162,AmazonRDS,staging,benign,0,0.1442,gradual_drift,0.456
2026-04-08,arn:aws:rds:us-east-1:acct:db:db-1162,AmazonRDS,staging,benign,0,0.0043,gradual_drift,0.46
2026-04-09,arn:aws:rds:us-east-1:acct:db:db-1162,AmazonRDS,staging,benign,0,0.2209,gradual_drift,0.4632
2026-04-10,arn:aws:rds:us-east-1:acct:db:db-1162,AmazonRDS,staging,benign,0,0.0341,gradual_drift,0.4652
2026-04-11,arn:aws:rds:us-east-1:acct:db:db-1162,AmazonRDS,staging,benign,0,0.0048,gradual_drift,0.481
2026-04-12,arn:aws:rds:us-east-1:acct:db:db-1162,AmazonRDS,staging,benign,0,0.007,gradual_drift,0.4844
2026-04-13,arn:aws:rds:us-east-1:acct:db:db-1162,AmazonRDS,staging,benign,0,0.4092,gradual_drift,0.486
2026-04-14,arn:aws:rds:us-east-1:acct:db:db-1162,AmazonRDS,staging,benign,0,0.0412,gradual_drift,0.4882
2026-04-15,arn:aws:rds:us-east-1:acct:db:db-1162,AmazonRDS,staging,benign,0,0.059,gradual_drift,0.4906
2026-04-16,arn:aws:rds:us-east-1:acct:db:db-1162,AmazonRDS,staging,benign,0,0.182,gradual_drift,0.4941
2026-04-17,arn:aws:rds:us-east-1:acct:db:db-1162,AmazonRDS,staging,benign,0,0.0094,gradual_drift,0.4947
2026-04-18,arn:aws:rds:us-east-1:acct:db:db-1162,AmazonRDS,staging,benign,0,0.0122,gradual_drift,0.4992
2026-04-19,arn:aws:rds:us-east-1:acct:db:db-1162,AmazonRDS,staging,benign,0,0.0139,gradual_drift,0.5031
2026-04-20,arn:aws:rds:us-east-1:acct:db:db-1162,AmazonRDS,staging,benign,0,0.0079,gradual_drift,0.5081
2026-04-21,arn:aws:rds:us-east-1:acct:db:db-1162,AmazonRDS,staging,benign,0,0.0032,gradual_drift,0.5117
2026-04-22,arn:aws:rds:us-east-1:acct:db:db-1162,AmazonRDS,staging,benign,0,0.0358,gradual_drift,0.5185
2026-04-23,arn:aws:rds:us-east-1:acct:db:db-1162,AmazonRDS,staging,benign,0,0.0794,gradual_drift,0.5233
2026-04-24,arn:aws:rds:us-east-1:acct:db:db-1162,AmazonRDS,staging,benign,0,0.0529,gradual_drift,0.5214
2026-04-25,arn:aws:rds:us-east-1:acct:db:db-1162,AmazonRDS,staging,benign,0,0.0028,gradual_drift,0.5264
2026-04-26,arn:aws:rds:us-east-1:acct:db:db-1162,AmazonRDS,staging,benign,0,0.0159,gradual_drift,0.5256
2026-04-27,arn:aws:rds:us-east-1:acct:db:db-1162,AmazonRDS,staging,benign,0,0.0091,gradual_drift,0.5281
2026-04-28,arn:aws:rds:us-east-1:acct:db:db-1162,AmazonRDS,staging,benign,0,0.0107,gradual_drift,0.527
2026-04-29,arn:aws:rds:us-east-1:acct:db:db-1162,AmazonRDS,staging,benign,0,0.0126,gradual_drift,0.5264
2026-04-30,arn:aws:rds:us-east-1:acct:db:db-1162,AmazonRDS,staging,benign,0,0.0147,gradual_drift,0.5212
2026-05-01,arn:aws:rds:us-east-1:acct:db:db-1162,AmazonRDS,staging,benign,0,0.0157,gradual_drift,0.5211
2026-05-02,arn:aws:rds:us-east-1:acct:db:db-1162,AmazonRDS,staging,benign,0,0.0049,gradual_drift,0.5211
2026-05-03,arn:aws:rds:us-east-1:acct:db:db-1162,AmazonRDS,staging,benign,0,0.0072,gradual_drift,0.5211
2026-03-22,arn:aws:rds:us-east-1:acct:db:db-1216,AmazonRDS,dev,normal,0,0.0026,gradual_drift,0.4208
2026-03-23,arn:aws:rds:us-east-1:acct:db:db-1216,AmazonRDS,dev,benign,0,0.0008,gradual_drift,0.4217
2026-03-24,arn:aws:rds:us-east-1:acct:db:db-1216,AmazonRDS,dev,benign,0,0.0009,gradual_drift,0.4241
2026-03-25,arn:aws:rds:us-east-1:acct:db:db-1216,AmazonRDS,dev,normal,0,0.0006,gradual_drift,0.4252
2026-03-26,arn:aws:rds:us-east-1:acct:db:db-1216,AmazonRDS,dev,normal,0,0.0012,gradual_drift,0.4281
2026-03-27,arn:aws:rds:us-east-1:acct:db:db-1216,AmazonRDS,dev,normal,0,0.0009,gradual_drift,0.4306
2026-03-28,arn:aws:rds:us-east-1:acct:db:db-1216,AmazonRDS,dev,normal,0,0.0012,gradual_drift,0.4331
2026-03-29,arn:aws:rds:us-east-1:acct:db:db-1216,AmazonRDS,dev,normal,0,0.0014,gradual_drift,0.4377
2026-03-30,arn:aws:rds:us-east-1:acct:db:db-1216,AmazonRDS,dev,benign,0,0.0024,sudden_spike,0.5202
2026-03-31,arn:aws:rds:us-east-1:acct:db:db-1216,AmazonRDS,dev,benign,0,0.0061,gradual_drift,0.4411
2026-04-01,arn:aws:rds:us-east-1:acct:db:db-1216,AmazonRDS,dev,normal,0,0.002,gradual_drift,0.4421
2026-04-02,arn:aws:rds:us-east-1:acct:db:db-1216,AmazonRDS,dev,normal,0,0.0007,gradual_drift,0.4446
2026-04-03,arn:aws:rds:us-east-1:acct:db:db-1216,AmazonRDS,dev,normal,0,0.001,gradual_drift,0.4486
2026-04-04,arn:aws:rds:us-east-1:acct:db:db-1216,AmazonRDS,dev,normal,0,0.0011,gradual_drift,0.4511
2026-04-05,arn:aws:rds:us-east-1:acct:db:db-1216,AmazonRDS,dev,normal,0,0.001,gradual_drift,0.4536
2026-04-06,arn:aws:rds:us-east-1:acct:db:db-1216,AmazonRDS,dev,benign,0,0.0078,gradual_drift,0.4546
2026-04-07,arn:aws:rds:us-east-1:acct:db:db-1216,AmazonRDS,dev,benign,0,0.0068,gradual_drift,0.4574
2026-04-08,arn:aws:rds:us-east-1:acct:db:db-1216,AmazonRDS,dev,normal,0,0.0006,gradual_drift,0.4609
2026-04-09,arn:aws:rds:us-east-1:acct:db:db-1216,AmazonRDS,dev,normal,0,0.0001,gradual_drift,0.4653
2026-04-10,arn:aws:rds:us-east-1:acct:db:db-1216,AmazonRDS,dev,normal,0,0.0003,gradual_drift,0.4678
2026-04-11,arn:aws:rds:us-east-1:acct:db:db-1216,AmazonRDS,dev,normal,0,0.0001,gradual_drift,0.4816
2026-04-12,arn:aws:rds:us-east-1:acct:db:db-1216,AmazonRDS,dev,normal,0,0.0001,gradual_drift,0.4835
2026-04-13,arn:aws:rds:us-east-1:acct:db:db-1216,AmazonRDS,dev,benign,0,0.001,gradual_drift,0.4832
2026-04-14,arn:aws:rds:us-east-1:acct:db:db-1216,AmazonRDS,dev,benign,0,0.0073,gradual_drift,0.4853
2026-04-15,arn:aws:rds:us-east-1:acct:db:db-1216,AmazonRDS,dev,normal,0,0.0005,gradual_drift,0.479
2026-04-16,arn:aws:rds:us-east-1:acct:db:db-1216,AmazonRDS,dev,normal,0,0.0003,gradual_drift,0.4798
2026-04-17,arn:aws:rds:us-east-1:acct:db:db-1216,AmazonRDS,dev,normal,0,0.0019,gradual_drift,0.4831
2026-04-18,arn:aws:rds:us-east-1:acct:db:db-1216,AmazonRDS,dev,normal,0,0.0002,gradual_drift,0.4856
2026-04-19,arn:aws:rds:us-east-1:acct:db:db-1216,AmazonRDS,dev,normal,0,0.0011,gradual_drift,0.4899
2026-04-20,arn:aws:rds:us-east-1:acct:db:db-1216,AmazonRDS,dev,benign,0,0.0075,gradual_drift,0.4987
2026-04-21,arn:aws:rds:us-east-1:acct:db:db-1216,AmazonRDS,dev,benign,0,0.0113,gradual_drift,0.4992
2026-04-22,arn:aws:rds:us-east-1:acct:db:db-1216,AmazonRDS,dev,normal,0,0.0182,gradual_drift,0.5035
2026-04-23,arn:aws:rds:us-east-1:acct:db:db-1216,AmazonRDS,dev,normal,0,0.0248,gradual_drift,0.5096
2026-04-24,arn:aws:rds:us-east-1:acct:db:db-1216,AmazonRDS,dev,normal,0,0.0105,gradual_drift,0.5106
2026-04-25,arn:aws:rds:us-east-1:acct:db:db-1216,AmazonRDS,dev,normal,0,0.009,gradual_drift,0.5127
2026-04-26,arn:aws:rds:us-east-1:acct:db:db-1216,AmazonRDS,dev,normal,0,0.0017,gradual_drift,0.5154
2026-04-27,arn:aws:rds:us-east-1:acct:db:db-1216,AmazonRDS,dev,benign,0,0.0046,gradual_drift,0.5197
2026-04-28,arn:aws:rds:us-east-1:acct:db:db-1216,AmazonRDS,dev,benign,0,0.0094,gradual_drift,0.517
2026-04-29,arn:aws:rds:us-east-1:acct:db:db-1216,AmazonRDS,dev,normal,0,0.0051,gradual_drift,0.5113
2026-04-30,arn:aws:rds:us-east-1:acct:db:db-1216,AmazonRDS,dev,normal,0,0.0128,gradual_drift,0.5204
2026-05-01,arn:aws:rds:us-east-1:acct:db:db-1216,AmazonRDS,dev,normal,0,0.006,gradual_drift,0.5243
2026-05-02,arn:aws:rds:us-east-1:acct:db:db-1216,AmazonRDS,dev,normal,0,0.0136,gradual_drift,0.5243
2026-05-03,arn:aws:rds:us-east-1:acct:db:db-1216,AmazonRDS,dev,normal,0,0.0024,gradual_drift,0.5243
2026-03-22,arn:aws:rds:us-east-1:acct:db:db-staging-orphan-01,AmazonRDS,staging,anomaly,1,0.7354,gradual_drift,0.3775
2026-03-23,arn:aws:rds:us-east-1:acct:db:db-staging-orphan-01,AmazonRDS,staging,anomaly,1,0.9973,sudden_spike,0.5657
2026-03-24,arn:aws:rds:us-east-1:acct:db:db-staging-orphan-01,AmazonRDS,staging,anomaly,1,0.9967,gradual_drift,0.3825
2026-03-25,arn:aws:rds:us-east-1:acct:db:db-staging-orphan-01,AmazonRDS,staging,anomaly,1,0.996,gradual_drift,0.385
2026-03-26,arn:aws:rds:us-east-1:acct:db:db-staging-orphan-01,AmazonRDS,staging,anomaly,1,0.9984,gradual_drift,0.3836
2026-03-27,arn:aws:rds:us-east-1:acct:db:db-staging-orphan-01,AmazonRDS,staging,anomaly,1,0.8505,gradual_drift,0.3863
2026-03-28,arn:aws:rds:us-east-1:acct:db:db-staging-orphan-01,AmazonRDS,staging,anomaly,1,0.9984,gradual_drift,0.3896
2026-03-29,arn:aws:rds:us-east-1:acct:db:db-staging-orphan-01,AmazonRDS,staging,anomaly,1,0.9987,gradual_drift,0.3908
2026-03-30,arn:aws:rds:us-east-1:acct:db:db-staging-orphan-01,AmazonRDS,staging,anomaly,1,0.9988,gradual_drift,0.3935
2026-03-31,arn:aws:rds:us-east-1:acct:db:db-staging-orphan-01,AmazonRDS,staging,anomaly,1,0.999,gradual_drift,0.3963
2026-04-01,arn:aws:rds:us-east-1:acct:db:db-staging-orphan-01,AmazonRDS,staging,anomaly,1,0.9927,gradual_drift,0.399
2026-04-02,arn:aws:rds:us-east-1:acct:db:db-staging-orphan-01,AmazonRDS,staging,anomaly,1,0.9973,gradual_drift,0.4005
2026-04-03,arn:aws:rds:us-east-1:acct:db:db-staging-orphan-01,AmazonRDS,staging,anomaly,1,0.0456,gradual_drift,0.4039
2026-04-04,arn:aws:rds:us-east-1:acct:db:db-staging-orphan-01,AmazonRDS,staging,normal,0,0.0417,gradual_drift,0.4066
2026-04-05,arn:aws:rds:us-east-1:acct:db:db-staging-orphan-01,AmazonRDS,staging,normal,0,0.0331,gradual_drift,0.4091
2026-04-06,arn:aws:rds:us-east-1:acct:db:db-staging-orphan-01,AmazonRDS,staging,normal,0,0.0211,gradual_drift,0.4116
2026-04-07,arn:aws:rds:us-east-1:acct:db:db-staging-orphan-01,AmazonRDS,staging,normal,0,0.2572,gradual_drift,0.4127
2026-04-08,arn:aws:rds:us-east-1:acct:db:db-staging-orphan-01,AmazonRDS,staging,normal,0,0.3536,gradual_drift,0.4163
2026-04-09,arn:aws:rds:us-east-1:acct:db:db-staging-orphan-01,AmazonRDS,staging,normal,0,0.0535,gradual_drift,0.4185
2026-04-10,arn:aws:rds:us-east-1:acct:db:db-staging-orphan-01,AmazonRDS,staging,normal,0,0.1903,gradual_drift,0.4218
2026-04-11,arn:aws:rds:us-east-1:acct:db:db-staging-orphan-01,AmazonRDS,staging,normal,0,0.1301,gradual_drift,0.4243
2026-04-12,arn:aws:rds:us-east-1:acct:db:db-staging-orphan-01,AmazonRDS,staging,normal,0,0.0154,gradual_drift,0.4268
2026-04-13,arn:aws:rds:us-east-1:acct:db:db-staging-orphan-01,AmazonRDS,staging,normal,0,0.413,gradual_drift,0.4291
2026-04-14,arn:aws:rds:us-east-1:acct:db:db-staging-orphan-01,AmazonRDS,staging,normal,0,0.1378,gradual_drift,0.4317
2026-04-15,arn:aws:rds:us-east-1:acct:db:db-staging-orphan-01,AmazonRDS,staging,normal,0,0.042,gradual_drift,0.4345
2026-04-16,arn:aws:rds:us-east-1:acct:db:db-staging-orphan-01,AmazonRDS,staging,normal,0,0.1866,gradual_drift,0.4371
2026-04-17,arn:aws:rds:us-east-1:acct:db:db-staging-orphan-01,AmazonRDS,staging,normal,0,0.0571,gradual_drift,0.4393
2026-04-18,arn:aws:rds:us-east-1:acct:db:db-staging-orphan-01,AmazonRDS,staging,normal,0,0.1278,gradual_drift,0.4426
2026-04-19,arn:aws:rds:us-east-1:acct:db:db-staging-orphan-01,AmazonRDS,staging,normal,0,0.0195,gradual_drift,0.4451
2026-04-20,arn:aws:rds:us-east-1:acct:db:db-staging-orphan-01,AmazonRDS,staging,normal,0,0.002,gradual_drift,0.4469
2026-04-21,arn:aws:rds:us-east-1:acct:db:db-staging-orphan-01,AmazonRDS,staging,normal,0,0.0167,gradual_drift,0.4494
2026-04-22,arn:aws:rds:us-east-1:acct:db:db-staging-orphan-01,AmazonRDS,staging,normal,0,0.0367,gradual_drift,0.4519
2026-04-23,arn:aws:rds:us-east-1:acct:db:db-staging-orphan-01,AmazonRDS,staging,normal,0,0.131,gradual_drift,0.4542
2026-04-24,arn:aws:rds:us-east-1:acct:db:db-staging-orphan-01,AmazonRDS,staging,normal,0,0.006,gradual_drift,0.4575
2026-04-25,arn:aws:rds:us-east-1:acct:db:db-staging-orphan-01,AmazonRDS,staging,normal,0,0.0596,gradual_drift,0.4596
2026-04-26,arn:aws:rds:us-east-1:acct:db:db-staging-orphan-01,AmazonRDS,staging,normal,0,0.0067,gradual_drift,0.4623
2026-04-27,arn:aws:rds:us-east-1:acct:db:db-staging-orphan-01,AmazonRDS,staging,normal,0,0.0074,gradual_drift,0.4648
2026-04-28,arn:aws:rds:us-east-1:acct:db:db-staging-orphan-01,AmazonRDS,staging,normal,0,0.0251,gradual_drift,0.4671
2026-04-29,arn:aws:rds:us-east-1:acct:db:db-staging-orphan-01,AmazonRDS,staging,normal,0,0.0199,gradual_drift,0.4696
2026-04-30,arn:aws:rds:us-east-1:acct:db:db-staging-orphan-01,AmazonRDS,staging,normal,0,0.0391,gradual_drift,0.4734
2026-05-01,arn:aws:rds:us-east-1:acct:db:db-staging-orphan-01,AmazonRDS,staging,normal,0,0.0041,gradual_drift,0.4749
2026-05-02,arn:aws:rds:us-east-1:acct:db:db-staging-orphan-01,AmazonRDS,staging,normal,0,0.0036,gradual_drift,0.4773
2026-05-03,arn:aws:rds:us-east-1:acct:db:db-staging-orphan-01,AmazonRDS,staging,normal,0,0.0007,gradual_drift,0.4798
2026-03-22,bucket-1054,AmazonS3,prod,normal,0,0.0951,gradual_drift,0.4173
2026-03-23,bucket-1054,AmazonS3,prod,normal,0,0.1727,gradual_drift,0.4196
2026-03-24,bucket-1054,AmazonS3,prod,normal,0,0.0608,gradual_drift,0.4228
2026-03-25,bucket-1054,AmazonS3,prod,normal,0,0.0652,gradual_drift,0.4252
2026-03-26,bucket-1054,AmazonS3,prod,normal,0,0.0666,gradual_drift,0.4277
2026-03-27,bucket-1054,AmazonS3,prod,normal,0,0.1599,gradual_drift,0.4329
2026-03-28,bucket-1054,AmazonS3,prod,benign,0,0.0941,gradual_drift,0.4354
2026-03-29,bucket-1054,AmazonS3,prod,benign,0,0.0594,gradual_drift,0.4379
2026-03-30,bucket-1054,AmazonS3,prod,benign,0,0.0623,sudden_spike,0.5267
2026-03-31,bucket-1054,AmazonS3,prod,normal,0,0.0585,gradual_drift,0.441
2026-04-01,bucket-1054,AmazonS3,prod,normal,0,0.0608,gradual_drift,0.4416
2026-04-02,bucket-1054,AmazonS3,prod,normal,0,0.0641,gradual_drift,0.4461
2026-04-03,bucket-1054,AmazonS3,prod,normal,0,0.0702,gradual_drift,0.449
2026-04-04,bucket-1054,AmazonS3,prod,normal,0,0.0696,gradual_drift,0.4515
2026-04-05,bucket-1054,AmazonS3,prod,normal,0,0.0664,gradual_drift,0.454
2026-04-06,bucket-1054,AmazonS3,prod,normal,0,0.0079,gradual_drift,0.4565
2026-04-07,bucket-1054,AmazonS3,prod,normal,0,0.0066,gradual_drift,0.4569
2026-04-08,bucket-1054,AmazonS3,prod,normal,0,0.0024,gradual_drift,0.4597
2026-04-09,bucket-1054,AmazonS3,prod,normal,0,0.006,gradual_drift,0.464
2026-04-10,bucket-1054,AmazonS3,prod,normal,0,0.0041,gradual_drift,0.4652
2026-04-11,bucket-1054,AmazonS3,prod,normal,0,0.0028,gradual_drift,0.4677
2026-04-12,bucket-1054,AmazonS3,prod,normal,0,0.0057,gradual_drift,0.4698
2026-04-13,bucket-1054,AmazonS3,prod,normal,0,0.0066,gradual_drift,0.472
2026-04-14,bucket-1054,AmazonS3,prod,normal,0,0.0026,gradual_drift,0.4751
2026-04-15,bucket-1054,AmazonS3,prod,normal,0,0.0101,gradual_drift,0.4757
2026-04-16,bucket-1054,AmazonS3,prod,normal,0,0.0116,gradual_drift,0.4767
2026-04-17,bucket-1054,AmazonS3,prod,normal,0,0.0046,gradual_drift,0.4792
2026-04-18,bucket-1054,AmazonS3,prod,normal,0,0.0059,gradual_drift,0.4817
2026-04-19,bucket-1054,AmazonS3,prod,normal,0,0.0103,gradual_drift,0.4864
2026-04-20,bucket-1054,AmazonS3,prod,normal,0,0.0128,gradual_drift,0.4993
2026-04-21,bucket-1054,AmazonS3,prod,normal,0,0.0187,gradual_drift,0.5028
2026-04-22,bucket-1054,AmazonS3,prod,normal,0,0.0211,gradual_drift,0.5076
2026-04-23,bucket-1054,AmazonS3,prod,normal,0,0.0257,gradual_drift,0.5125
2026-04-24,bucket-1054,AmazonS3,prod,normal,0,0.0206,gradual_drift,0.5157
2026-04-25,bucket-1054,AmazonS3,prod,normal,0,0.0231,gradual_drift,0.5183
2026-04-26,bucket-1054,AmazonS3,prod,normal,0,0.0249,gradual_drift,0.5172
2026-04-27,bucket-1054,AmazonS3,prod,normal,0,0.0125,gradual_drift,0.5189
2026-04-28,bucket-1054,AmazonS3,prod,normal,0,0.019,gradual_drift,0.5155
2026-04-29,bucket-1054,AmazonS3,prod,normal,0,0.0154,gradual_drift,0.5206
2026-04-30,bucket-1054,AmazonS3,prod,normal,0,0.0147,gradual_drift,0.5195
2026-05-01,bucket-1054,AmazonS3,prod,normal,0,0.0092,gradual_drift,0.5195
2026-05-02,bucket-1054,AmazonS3,prod,normal,0,0.0163,gradual_drift,0.5195
2026-05-03,bucket-1054,AmazonS3,prod,normal,0,0.014,gradual_drift,0.5195
2026-03-22,bucket-1220,AmazonS3,data-analytics,normal,0,0.0128,gradual_drift,0.416
2026-03-23,bucket-1220,AmazonS3,data-analytics,normal,0,0.0082,gradual_drift,0.4176
2026-03-24,bucket-1220,AmazonS3,data-analytics,normal,0,0.0113,gradual_drift,0.4194
2026-03-25,bucket-1220,AmazonS3,data-analytics,normal,0,0.0112,gradual_drift,0.4219
2026-03-26,bucket-1220,AmazonS3,data-analytics,normal,0,0.0117,gradual_drift,0.4242
2026-03-27,bucket-1220,AmazonS3,data-analytics,normal,0,0.0356,gradual_drift,0.4285
2026-03-28,bucket-1220,AmazonS3,data-analytics,normal,0,0.0446,gradual_drift,0.4326
2026-03-29,bucket-1220,AmazonS3,data-analytics,normal,0,0.0369,gradual_drift,0.4351
2026-03-30,bucket-1220,AmazonS3,data-analytics,normal,0,0.0347,sudden_spike,0.521
2026-03-31,bucket-1220,AmazonS3,data-analytics,normal,0,0.0122,gradual_drift,0.4401
2026-04-01,bucket-1220,AmazonS3,data-analytics,normal,0,0.0295,gradual_drift,0.4422
2026-04-02,bucket-1220,AmazonS3,data-analytics,normal,0,0.0123,gradual_drift,0.4454
2026-04-03,bucket-1220,AmazonS3,data-analytics,normal,0,0.0126,gradual_drift,0.4479
2026-04-04,bucket-1220,AmazonS3,data-analytics,normal,0,0.0107,gradual_drift,0.4504
2026-04-05,bucket-1220,AmazonS3,data-analytics,normal,0,0.0126,gradual_drift,0.4529
2026-04-06,bucket-1220,AmazonS3,data-analytics,normal,0,0.0053,gradual_drift,0.4554
2026-04-07,bucket-1220,AmazonS3,data-analytics,normal,0,0.0041,gradual_drift,0.4581
2026-04-08,bucket-1220,AmazonS3,data-analytics,normal,0,0.0072,gradual_drift,0.4611
2026-04-09,bucket-1220,AmazonS3,data-analytics,normal,0,0.0067,gradual_drift,0.4649
2026-04-10,bucket-1220,AmazonS3,data-analytics,normal,0,0.0079,gradual_drift,0.4688
2026-04-11,bucket-1220,AmazonS3,data-analytics,normal,0,0.0091,gradual_drift,0.4794
2026-04-12,bucket-1220,AmazonS3,data-analytics,normal,0,0.0051,gradual_drift,0.4799
2026-04-13,bucket-1220,AmazonS3,data-analytics,normal,0,0.0089,gradual_drift,0.4744
2026-04-14,bucket-1220,AmazonS3,data-analytics,normal,0,0.0075,gradual_drift,0.4779
2026-04-15,bucket-1220,AmazonS3,data-analytics,normal,0,0.0068,gradual_drift,0.4914
2026-04-16,bucket-1220,AmazonS3,data-analytics,normal,0,0.0057,gradual_drift,0.5004
2026-04-17,bucket-1220,AmazonS3,data-analytics,normal,0,0.0039,gradual_drift,0.5032
2026-04-18,bucket-1220,AmazonS3,data-analytics,normal,0,0.006,gradual_drift,0.5057
2026-04-19,bucket-1220,AmazonS3,data-analytics,normal,0,0.0074,gradual_drift,0.5108
2026-04-20,bucket-1220,AmazonS3,data-analytics,normal,0,0.0191,gradual_drift,0.5161
2026-04-21,bucket-1220,AmazonS3,data-analytics,normal,0,0.0164,gradual_drift,0.5182
2026-04-22,bucket-1220,AmazonS3,data-analytics,normal,0,0.0106,sudden_spike,0.5288
2026-04-23,bucket-1220,AmazonS3,data-analytics,normal,0,0.0123,gradual_drift,0.5271
2026-04-24,bucket-1220,AmazonS3,data-analytics,normal,0,0.0176,gradual_drift,0.5287
2026-04-25,bucket-1220,AmazonS3,data-analytics,normal,0,0.0075,gradual_drift,0.5319
2026-04-26,bucket-1220,AmazonS3,data-analytics,normal,0,0.0068,gradual_drift,0.5322
2026-04-27,bucket-1220,AmazonS3,data-analytics,normal,0,0.0133,gradual_drift,0.5357
2026-04-28,bucket-1220,AmazonS3,data-analytics,normal,0,0.0113,gradual_drift,0.5339
2026-04-29,bucket-1220,AmazonS3,data-analytics,normal,0,0.0146,gradual_drift,0.5351
2026-04-30,bucket-1220,AmazonS3,data-analytics,normal,0,0.0153,gradual_drift,0.5343
2026-05-01,bucket-1220,AmazonS3,data-analytics,normal,0,0.0175,gradual_drift,0.5351
2026-05-02,bucket-1220,AmazonS3,data-analytics,normal,0,0.0129,gradual_drift,0.5351
2026-05-03,bucket-1220,AmazonS3,data-analytics,normal,0,0.0323,gradual_drift,0.5351
2026-03-22,bucket-1250,AmazonS3,ml-research,benign,0,0.0745,gradual_drift,0.4205
2026-03-23,bucket-1250,AmazonS3,ml-research,benign,0,0.0497,gradual_drift,0.421
2026-03-24,bucket-1250,AmazonS3,ml-research,benign,0,0.0508,gradual_drift,0.4233
2026-03-25,bucket-1250,AmazonS3,ml-research,benign,0,0.072,gradual_drift,0.4263
2026-03-26,bucket-1250,AmazonS3,ml-research,benign,0,0.1018,gradual_drift,0.4292
2026-03-27,bucket-1250,AmazonS3,ml-research,benign,0,0.1102,gradual_drift,0.4299
2026-03-28,bucket-1250,AmazonS3,ml-research,benign,0,0.0444,gradual_drift,0.4351
2026-03-29,bucket-1250,AmazonS3,ml-research,benign,0,0.0493,gradual_drift,0.4369
2026-03-30,bucket-1250,AmazonS3,ml-research,benign,0,0.0316,sudden_spike,0.5318
2026-03-31,bucket-1250,AmazonS3,ml-research,benign,0,0.0321,gradual_drift,0.4403
2026-04-01,bucket-1250,AmazonS3,ml-research,benign,0,0.0488,gradual_drift,0.4409
2026-04-02,bucket-1250,AmazonS3,ml-research,benign,0,0.0862,gradual_drift,0.4441
2026-04-03,bucket-1250,AmazonS3,ml-research,benign,0,0.0956,gradual_drift,0.4466
2026-04-04,bucket-1250,AmazonS3,ml-research,benign,0,0.1063,gradual_drift,0.4491
2026-04-05,bucket-1250,AmazonS3,ml-research,benign,0,0.1242,gradual_drift,0.4516
2026-04-06,bucket-1250,AmazonS3,ml-research,benign,0,0.0173,gradual_drift,0.4541
2026-04-07,bucket-1250,AmazonS3,ml-research,benign,0,0.0055,gradual_drift,0.4572
2026-04-08,bucket-1250,AmazonS3,ml-research,benign,0,0.0075,gradual_drift,0.4618
2026-04-09,bucket-1250,AmazonS3,ml-research,benign,0,0.0133,gradual_drift,0.4665
2026-04-10,bucket-1250,AmazonS3,ml-research,benign,0,0.01,gradual_drift,0.4686
2026-04-11,bucket-1250,AmazonS3,ml-research,benign,0,0.0078,gradual_drift,0.4833
2026-04-12,bucket-1250,AmazonS3,ml-research,benign,0,0.0052,gradual_drift,0.4886
2026-04-13,bucket-1250,AmazonS3,ml-research,benign,0,0.0089,gradual_drift,0.4924
2026-04-14,bucket-1250,AmazonS3,ml-research,benign,0,0.0068,gradual_drift,0.4905
2026-04-15,bucket-1250,AmazonS3,ml-research,benign,0,0.0098,gradual_drift,0.4922
2026-04-16,bucket-1250,AmazonS3,ml-research,benign,0,0.0052,gradual_drift,0.5014
2026-04-17,bucket-1250,AmazonS3,ml-research,benign,0,0.0064,gradual_drift,0.5011
2026-04-18,bucket-1250,AmazonS3,ml-research,benign,0,0.0042,gradual_drift,0.5064
2026-04-19,bucket-1250,AmazonS3,ml-research,benign,0,0.0043,gradual_drift,0.5105
2026-04-20,bucket-1250,AmazonS3,ml-research,benign,0,0.0121,gradual_drift,0.5145
2026-04-21,bucket-1250,AmazonS3,ml-research,benign,0,0.0213,gradual_drift,0.5204
2026-04-22,bucket-1250,AmazonS3,ml-research,benign,0,0.0105,gradual_drift,0.5265
2026-04-23,bucket-1250,AmazonS3,ml-research,benign,0,0.0181,gradual_drift,0.5316
2026-04-24,bucket-1250,AmazonS3,ml-research,benign,0,0.0192,gradual_drift,0.5327
2026-04-25,bucket-1250,AmazonS3,ml-research,benign,0,0.0081,gradual_drift,0.537
2026-04-26,bucket-1250,AmazonS3,ml-research,benign,0,0.0096,gradual_drift,0.5345
2026-04-27,bucket-1250,AmazonS3,ml-research,benign,0,0.013,gradual_drift,0.537
2026-04-28,bucket-1250,AmazonS3,ml-research,benign,0,0.0145,gradual_drift,0.5336
2026-04-29,bucket-1250,AmazonS3,ml-research,benign,0,0.0193,gradual_drift,0.5337
2026-04-30,bucket-1250,AmazonS3,ml-research,benign,0,0.0224,gradual_drift,0.5328
2026-05-01,bucket-1250,AmazonS3,ml-research,benign,0,0.0119,gradual_drift,0.5333
2026-05-02,bucket-1250,AmazonS3,ml-research,benign,0,0.0099,gradual_drift,0.5333
2026-05-03,bucket-1250,AmazonS3,ml-research,benign,0,0.0124,gradual_drift,0.5333
2026-04-01,ddb-table-events-prod,AmazonDynamoDB,data-analytics,normal,0,0.005,gradual_drift,0.3725
2026-04-02,ddb-table-events-prod,AmazonDynamoDB,data-analytics,normal,0,0.0048,gradual_drift,0.375
2026-04-03,ddb-table-events-prod,AmazonDynamoDB,data-analytics,normal,0,0.0289,gradual_drift,0.3775
2026-04-04,ddb-table-events-prod,AmazonDynamoDB,data-analytics,normal,0,0.0043,gradual_drift,0.38
2026-04-05,ddb-table-events-prod,AmazonDynamoDB,data-analytics,normal,0,0.0058,gradual_drift,0.3825
2026-04-06,ddb-table-events-prod,AmazonDynamoDB,data-analytics,normal,0,0.0003,gradual_drift,0.385
2026-04-07,ddb-table-events-prod,AmazonDynamoDB,data-analytics,normal,0,0.0013,gradual_drift,0.3866
2026-04-08,ddb-table-events-prod,AmazonDynamoDB,data-analytics,normal,0,0.0004,gradual_drift,0.3891
2026-04-09,ddb-table-events-prod,AmazonDynamoDB,data-analytics,normal,0,0.0004,gradual_drift,0.3914
2026-04-10,ddb-table-events-prod,AmazonDynamoDB,data-analytics,normal,0,0.0006,gradual_drift,0.394
2026-04-11,ddb-table-events-prod,AmazonDynamoDB,data-analytics,normal,0,0.0035,sudden_spike,0.753
2026-04-12,ddb-table-events-prod,AmazonDynamoDB,data-analytics,benign,0,0.0141,sudden_spike,0.6888
2026-04-13,ddb-table-events-prod,AmazonDynamoDB,data-analytics,normal,0,0.0006,sudden_spike,0.7698
2026-04-14,ddb-table-events-prod,AmazonDynamoDB,data-analytics,normal,0,0.0009,sudden_spike,0.7723
2026-04-15,ddb-table-events-prod,AmazonDynamoDB,data-analytics,normal,0,0.0002,gradual_drift,0.4046
2026-04-16,ddb-table-events-prod,AmazonDynamoDB,data-analytics,normal,0,0.0011,gradual_drift,0.4065
2026-04-17,ddb-table-events-prod,AmazonDynamoDB,data-analytics,normal,0,0.0033,gradual_drift,0.369
2026-04-18,ddb-table-events-prod,AmazonDynamoDB,data-analytics,normal,0,0.0012,gradual_drift,0.4084
2026-04-19,ddb-table-events-prod,AmazonDynamoDB,data-analytics,normal,0,0.0034,gradual_drift,0.4125
2026-04-20,ddb-table-events-prod,AmazonDynamoDB,data-analytics,normal,0,0.0057,gradual_drift,0.4171
2026-04-21,ddb-table-events-prod,AmazonDynamoDB,data-analytics,normal,0,0.0033,sudden_spike,0.6701
2026-04-22,ddb-table-events-prod,AmazonDynamoDB,data-analytics,normal,0,0.0017,sudden_spike,0.7161
2026-04-23,ddb-table-events-prod,AmazonDynamoDB,data-analytics,normal,0,0.0008,sudden_spike,0.6879
2026-04-24,ddb-table-events-prod,AmazonDynamoDB,data-analytics,normal,0,0.0008,sudden_spike,0.6692
2026-04-25,ddb-table-events-prod,AmazonDynamoDB,data-analytics,normal,0,0.0014,gradual_drift,0.4288
2026-04-26,ddb-table-events-prod,AmazonDynamoDB,data-analytics,benign,0,0.0004,gradual_drift,0.4294
2026-04-27,ddb-table-events-prod,AmazonDynamoDB,data-analytics,normal,0,0.0014,gradual_drift,0.4088
2026-04-28,ddb-table-events-prod,AmazonDynamoDB,data-analytics,normal,0,0.0103,gradual_drift,0.4315
2026-04-29,ddb-table-events-prod,AmazonDynamoDB,data-analytics,normal,0,0.0002,gradual_drift,0.4364
2026-04-30,ddb-table-events-prod,AmazonDynamoDB,data-analytics,normal,0,0.0008,gradual_drift,0.4406
2026-05-01,ddb-table-events-prod,AmazonDynamoDB,data-analytics,normal,0,0.0006,sudden_spike,0.6189
2026-05-02,ddb-table-events-prod,AmazonDynamoDB,data-analytics,normal,0,0.0007,sudden_spike,0.4675
2026-05-03,ddb-table-events-prod,AmazonDynamoDB,data-analytics,normal,0,0.0004,sudden_spike,0.4819
2026-03-22,i-0000000003e9,AmazonEC2,prod,benign,0,0.0211,gradual_drift,0.4191
2026-03-23,i-0000000003e9,AmazonEC2,prod,benign,0,0.0013,gradual_drift,0.4204
2026-03-24,i-0000000003e9,AmazonEC2,prod,benign,0,0.002,gradual_drift,0.4233
2026-03-25,i-0000000003e9,AmazonEC2,prod,anomaly,1,0.9323,gradual_drift,0.4245
2026-03-26,i-0000000003e9,AmazonEC2,prod,anomaly,1,0.9772,idle_resource,0.8809
2026-03-27,i-0000000003e9,AmazonEC2,prod,anomaly,1,0.9775,idle_resource,0.885
2026-03-28,i-0000000003e9,AmazonEC2,prod,benign,0,0.9779,idle_resource,0.8936
2026-03-29,i-0000000003e9,AmazonEC2,prod,benign,0,0.9942,idle_resource,0.8984
2026-03-30,i-0000000003e9,AmazonEC2,prod,anomaly,1,0.9936,idle_resource,0.9026
2026-03-31,i-0000000003e9,AmazonEC2,prod,anomaly,1,0.9935,idle_resource,0.9081
2026-04-01,i-0000000003e9,AmazonEC2,prod,anomaly,1,0.1463,gradual_drift,0.4418
2026-04-02,i-0000000003e9,AmazonEC2,prod,benign,0,0.001,gradual_drift,0.4443
2026-04-03,i-0000000003e9,AmazonEC2,prod,benign,0,0.0022,gradual_drift,0.4468
2026-04-04,i-0000000003e9,AmazonEC2,prod,benign,0,0.1734,gradual_drift,0.4493
2026-04-05,i-0000000003e9,AmazonEC2,prod,benign,0,0.0045,gradual_drift,0.4518
2026-04-06,i-0000000003e9,AmazonEC2,prod,benign,0,0.0362,gradual_drift,0.4543
2026-04-07,i-0000000003e9,AmazonEC2,prod,benign,0,0.0175,gradual_drift,0.4555
2026-04-08,i-0000000003e9,AmazonEC2,prod,benign,0,0.0519,gradual_drift,0.4627
2026-04-09,i-0000000003e9,AmazonEC2,prod,benign,0,0.4304,gradual_drift,0.4667
2026-04-10,i-0000000003e9,AmazonEC2,prod,benign,0,0.0281,gradual_drift,0.4692
2026-04-11,i-0000000003e9,AmazonEC2,prod,benign,0,0.0313,gradual_drift,0.489
2026-04-12,i-0000000003e9,AmazonEC2,prod,anomaly,1,0.4885,gradual_drift,0.4903
2026-04-13,i-0000000003e9,AmazonEC2,prod,anomaly,1,0.8345,idle_resource,0.986
2026-04-14,i-0000000003e9,AmazonEC2,prod,anomaly,1,0.9481,idle_resource,0.99
2026-04-15,i-0000000003e9,AmazonEC2,prod,anomaly,1,0.7269,idle_resource,0.99
2026-04-16,i-0000000003e9,AmazonEC2,prod,anomaly,1,0.9248,idle_resource,0.99
2026-04-17,i-0000000003e9,AmazonEC2,prod,anomaly,1,0.9162,idle_resource,0.99
2026-04-18,i-0000000003e9,AmazonEC2,prod,anomaly,1,0.0738,idle_resource,0.99
2026-04-19,i-0000000003e9,AmazonEC2,prod,anomaly,1,0.2973,gradual_drift,0.5055
2026-04-20,i-0000000003e9,AmazonEC2,prod,benign,0,0.013,gradual_drift,0.5102
2026-04-21,i-0000000003e9,AmazonEC2,prod,benign,0,0.0433,gradual_drift,0.5086
2026-04-22,i-0000000003e9,AmazonEC2,prod,benign,0,0.0241,gradual_drift,0.5193
2026-04-23,i-0000000003e9,AmazonEC2,prod,benign,0,0.0122,gradual_drift,0.5281
2026-04-24,i-0000000003e9,AmazonEC2,prod,benign,0,0.0324,gradual_drift,0.5299
2026-04-25,i-0000000003e9,AmazonEC2,prod,benign,0,0.1952,gradual_drift,0.5328
2026-04-26,i-0000000003e9,AmazonEC2,prod,benign,0,0.002,gradual_drift,0.5327
2026-04-27,i-0000000003e9,AmazonEC2,prod,benign,0,0.0058,gradual_drift,0.5336
2026-04-28,i-0000000003e9,AmazonEC2,prod,benign,0,0.0346,gradual_drift,0.5298
2026-04-29,i-0000000003e9,AmazonEC2,prod,benign,0,0.0108,gradual_drift,0.5299
2026-04-30,i-0000000003e9,AmazonEC2,prod,benign,0,0.0061,gradual_drift,0.5276
2026-05-01,i-0000000003e9,AmazonEC2,prod,benign,0,0.0405,gradual_drift,0.5246
2026-05-02,i-0000000003e9,AmazonEC2,prod,benign,0,0.5368,gradual_drift,0.5246
2026-05-03,i-0000000003e9,AmazonEC2,prod,benign,0,0.1287,gradual_drift,0.5246
2026-03-22,i-0000000003ed,AmazonEC2,prod,normal,0,0.0015,gradual_drift,0.4183
2026-03-23,i-0000000003ed,AmazonEC2,prod,normal,0,0.0053,gradual_drift,0.4197
2026-03-24,i-0000000003ed,AmazonEC2,prod,normal,0,0.0007,gradual_drift,0.4223
2026-03-25,i-0000000003ed,AmazonEC2,prod,normal,0,0.0031,gradual_drift,0.4253
2026-03-26,i-0000000003ed,AmazonEC2,prod,normal,0,0.0006,gradual_drift,0.4278
2026-03-27,i-0000000003ed,AmazonEC2,prod,normal,0,0.0007,gradual_drift,0.4303
2026-03-28,i-0000000003ed,AmazonEC2,prod,benign,0,0.9939,gradual_drift,0.4328
2026-03-29,i-0000000003ed,AmazonEC2,prod,benign,0,0.9816,gradual_drift,0.4375
2026-03-30,i-0000000003ed,AmazonEC2,prod,benign,0,0.0012,sudden_spike,0.5313
2026-03-31,i-0000000003ed,AmazonEC2,prod,normal,0,0.0007,gradual_drift,0.4417
2026-04-01,i-0000000003ed,AmazonEC2,prod,normal,0,0.0008,gradual_drift,0.4426
2026-04-02,i-0000000003ed,AmazonEC2,prod,normal,0,0.0004,gradual_drift,0.4445
2026-04-03,i-0000000003ed,AmazonEC2,prod,normal,0,0.0005,gradual_drift,0.4475
2026-04-04,i-0000000003ed,AmazonEC2,prod,normal,0,0.0005,gradual_drift,0.45
2026-04-05,i-0000000003ed,AmazonEC2,prod,normal,0,0.0007,gradual_drift,0.4525
2026-04-06,i-0000000003ed,AmazonEC2,prod,normal,0,0.0039,gradual_drift,0.455
2026-04-07,i-0000000003ed,AmazonEC2,prod,normal,0,0.001,gradual_drift,0.4587
2026-04-08,i-0000000003ed,AmazonEC2,prod,normal,0,0.0221,gradual_drift,0.463
2026-04-09,i-0000000003ed,AmazonEC2,prod,normal,0,0.0019,gradual_drift,0.4662
2026-04-10,i-0000000003ed,AmazonEC2,prod,normal,0,0.0007,gradual_drift,0.4688
2026-04-11,i-0000000003ed,AmazonEC2,prod,normal,0,0.0023,gradual_drift,0.484
2026-04-12,i-0000000003ed,AmazonEC2,prod,normal,0,0.0038,gradual_drift,0.4881
2026-04-13,i-0000000003ed,AmazonEC2,prod,normal,0,0.0032,gradual_drift,0.4897
2026-04-14,i-0000000003ed,AmazonEC2,prod,normal,0,0.0061,gradual_drift,0.4908
2026-04-15,i-0000000003ed,AmazonEC2,prod,normal,0,0.0003,gradual_drift,0.4858
2026-04-16,i-0000000003ed,AmazonEC2,prod,normal,0,0.001,gradual_drift,0.4953
2026-04-17,i-0000000003ed,AmazonEC2,prod,normal,0,0.0018,gradual_drift,0.4972
2026-04-18,i-0000000003ed,AmazonEC2,prod,normal,0,0.001,gradual_drift,0.5003
2026-04-19,i-0000000003ed,AmazonEC2,prod,normal,0,0.0125,gradual_drift,0.5029
2026-04-20,i-0000000003ed,AmazonEC2,prod,normal,0,0.0022,gradual_drift,0.5055
2026-04-21,i-0000000003ed,AmazonEC2,prod,normal,0,0.0304,gradual_drift,0.5066
2026-04-22,i-0000000003ed,AmazonEC2,prod,normal,0,0.0234,gradual_drift,0.5107
2026-04-23,i-0000000003ed,AmazonEC2,prod,normal,0,0.0236,gradual_drift,0.5152
2026-04-24,i-0000000003ed,AmazonEC2,prod,normal,0,0.0064,gradual_drift,0.5215
2026-04-25,i-0000000003ed,AmazonEC2,prod,normal,0,0.0136,gradual_drift,0.5241
2026-04-26,i-0000000003ed,AmazonEC2,prod,normal,0,0.0051,gradual_drift,0.5264
2026-04-27,i-0000000003ed,AmazonEC2,prod,normal,0,0.018,gradual_drift,0.5282
2026-04-28,i-0000000003ed,AmazonEC2,prod,normal,0,0.0033,gradual_drift,0.53
2026-04-29,i-0000000003ed,AmazonEC2,prod,anomaly,1,0.0066,gradual_drift,0.5305
2026-04-30,i-0000000003ed,AmazonEC2,prod,anomaly,1,0.0656,gradual_drift,0.5292
2026-05-01,i-0000000003ed,AmazonEC2,prod,anomaly,1,0.0205,gradual_drift,0.5268
2026-05-02,i-0000000003ed,AmazonEC2,prod,anomaly,1,0.0334,gradual_drift,0.5268
2026-05-03,i-0000000003ed,AmazonEC2,prod,normal,0,0.0309,gradual_drift,0.5268
2026-03-22,i-0000000003ee,AmazonEC2,prod,normal,0,0.0007,gradual_drift,0.4172
2026-03-23,i-0000000003ee,AmazonEC2,prod,normal,0,0.0006,gradual_drift,0.4189
2026-03-24,i-0000000003ee,AmazonEC2,prod,normal,0,0.0005,gradual_drift,0.4232
2026-03-25,i-0000000003ee,AmazonEC2,prod,normal,0,0.0005,gradual_drift,0.4241
2026-03-26,i-0000000003ee,AmazonEC2,prod,normal,0,0.0006,gradual_drift,0.4261
2026-03-27,i-0000000003ee,AmazonEC2,prod,normal,0,0.0007,gradual_drift,0.4297
2026-03-28,i-0000000003ee,AmazonEC2,prod,benign,0,0.99,gradual_drift,0.4356
2026-03-29,i-0000000003ee,AmazonEC2,prod,benign,0,0.9963,gradual_drift,0.4382
2026-03-30,i-0000000003ee,AmazonEC2,prod,benign,0,0.001,sudden_spike,0.5398
2026-03-31,i-0000000003ee,AmazonEC2,prod,normal,0,0.0007,gradual_drift,0.4411
2026-04-01,i-0000000003ee,AmazonEC2,prod,normal,0,0.0004,gradual_drift,0.4418
2026-04-02,i-0000000003ee,AmazonEC2,prod,normal,0,0.0006,gradual_drift,0.4452
2026-04-03,i-0000000003ee,AmazonEC2,prod,normal,0,0.0005,gradual_drift,0.4487
2026-04-04,i-0000000003ee,AmazonEC2,prod,normal,0,0.0007,gradual_drift,0.4512
2026-04-05,i-0000000003ee,AmazonEC2,prod,normal,0,0.0006,gradual_drift,0.4537
2026-04-06,i-0000000003ee,AmazonEC2,prod,normal,0,0.1024,gradual_drift,0.4557
2026-04-07,i-0000000003ee,AmazonEC2,prod,normal,0,0.0088,gradual_drift,0.458
2026-04-08,i-0000000003ee,AmazonEC2,prod,normal,0,0.0019,gradual_drift,0.4627
2026-04-09,i-0000000003ee,AmazonEC2,prod,normal,0,0.0063,gradual_drift,0.4663
2026-04-10,i-0000000003ee,AmazonEC2,prod,normal,0,0.0058,gradual_drift,0.4688
2026-04-11,i-0000000003ee,AmazonEC2,prod,normal,0,0.0026,gradual_drift,0.4745
2026-04-12,i-0000000003ee,AmazonEC2,prod,normal,0,0.0222,gradual_drift,0.4757
2026-04-13,i-0000000003ee,AmazonEC2,prod,normal,0,0.0012,gradual_drift,0.474
2026-04-14,i-0000000003ee,AmazonEC2,prod,normal,0,0.003,gradual_drift,0.4778
2026-04-15,i-0000000003ee,AmazonEC2,prod,normal,0,0.0087,gradual_drift,0.4782
2026-04-16,i-0000000003ee,AmazonEC2,prod,normal,0,0.0063,gradual_drift,0.482
2026-04-17,i-0000000003ee,AmazonEC2,prod,normal,0,0.0055,gradual_drift,0.4833
2026-04-18,i-0000000003ee,AmazonEC2,prod,normal,0,0.0008,gradual_drift,0.4868
2026-04-19,i-0000000003ee,AmazonEC2,prod,normal,0,0.002,gradual_drift,0.4895
2026-04-20,i-0000000003ee,AmazonEC2,prod,normal,0,0.01,gradual_drift,0.4922
2026-04-21,i-0000000003ee,AmazonEC2,prod,normal,0,0.0031,gradual_drift,0.504
2026-04-22,i-0000000003ee,AmazonEC2,prod,normal,0,0.0101,gradual_drift,0.5159
2026-04-23,i-0000000003ee,AmazonEC2,prod,normal,0,0.006,gradual_drift,0.5211
2026-04-24,i-0000000003ee,AmazonEC2,prod,normal,0,0.0348,gradual_drift,0.5208
2026-04-25,i-0000000003ee,AmazonEC2,prod,normal,0,0.101,gradual_drift,0.5232
2026-04-26,i-0000000003ee,AmazonEC2,prod,normal,0,0.0021,gradual_drift,0.5182
2026-04-27,i-0000000003ee,AmazonEC2,prod,normal,0,0.0075,gradual_drift,0.5217
2026-04-28,i-0000000003ee,AmazonEC2,prod,normal,0,0.009,gradual_drift,0.5188
2026-04-29,i-0000000003ee,AmazonEC2,prod,normal,0,0.0031,gradual_drift,0.5207
2026-04-30,i-0000000003ee,AmazonEC2,prod,normal,0,0.0048,gradual_drift,0.5181
2026-05-01,i-0000000003ee,AmazonEC2,prod,normal,0,0.0715,gradual_drift,0.5148
2026-05-02,i-0000000003ee,AmazonEC2,prod,normal,0,0.206,gradual_drift,0.5148
2026-05-03,i-0000000003ee,AmazonEC2,prod,normal,0,0.1261,gradual_drift,0.5148
2026-03-22,i-0000000003ef,AmazonEC2,prod,normal,0,0.0007,gradual_drift,0.4198
2026-03-23,i-0000000003ef,AmazonEC2,prod,normal,0,0.0007,gradual_drift,0.4196
2026-03-24,i-0000000003ef,AmazonEC2,prod,normal,0,0.0013,gradual_drift,0.4227
2026-03-25,i-0000000003ef,AmazonEC2,prod,normal,0,0.0006,gradual_drift,0.4252
2026-03-26,i-0000000003ef,AmazonEC2,prod,normal,0,0.0019,gradual_drift,0.425
2026-03-27,i-0000000003ef,AmazonEC2,prod,normal,0,0.0007,gradual_drift,0.4271
2026-03-28,i-0000000003ef,AmazonEC2,prod,benign,0,0.9739,gradual_drift,0.4313
2026-03-29,i-0000000003ef,AmazonEC2,prod,benign,0,0.9761,gradual_drift,0.4352
2026-03-30,i-0000000003ef,AmazonEC2,prod,benign,0,0.0008,sudden_spike,0.5434
2026-03-31,i-0000000003ef,AmazonEC2,prod,normal,0,0.0008,gradual_drift,0.4386
2026-04-01,i-0000000003ef,AmazonEC2,prod,normal,0,0.0006,gradual_drift,0.4398
2026-04-02,i-0000000003ef,AmazonEC2,prod,normal,0,0.0018,gradual_drift,0.4433
2026-04-03,i-0000000003ef,AmazonEC2,prod,normal,0,0.001,gradual_drift,0.4458
2026-04-04,i-0000000003ef,AmazonEC2,prod,normal,0,0.0032,gradual_drift,0.4483
2026-04-05,i-0000000003ef,AmazonEC2,prod,normal,0,0.0013,gradual_drift,0.4508
2026-04-06,i-0000000003ef,AmazonEC2,prod,normal,0,0.0012,gradual_drift,0.4522
2026-04-07,i-0000000003ef,AmazonEC2,prod,normal,0,0.0012,gradual_drift,0.4542
2026-04-08,i-0000000003ef,AmazonEC2,prod,normal,0,0.0012,gradual_drift,0.4579
2026-04-09,i-0000000003ef,AmazonEC2,prod,normal,0,0.0155,gradual_drift,0.4632
2026-04-10,i-0000000003ef,AmazonEC2,prod,normal,0,0.0009,gradual_drift,0.4643
2026-04-11,i-0000000003ef,AmazonEC2,prod,normal,0,0.0038,gradual_drift,0.4703
2026-04-12,i-0000000003ef,AmazonEC2,prod,normal,0,0.0087,gradual_drift,0.4709
2026-04-13,i-0000000003ef,AmazonEC2,prod,normal,0,0.0003,gradual_drift,0.472
2026-04-14,i-0000000003ef,AmazonEC2,prod,normal,0,0.0015,gradual_drift,0.4765
2026-04-15,i-0000000003ef,AmazonEC2,prod,normal,0,0.0004,gradual_drift,0.4789
2026-04-16,i-0000000003ef,AmazonEC2,prod,normal,0,0.0021,gradual_drift,0.4877
2026-04-17,i-0000000003ef,AmazonEC2,prod,normal,0,0.0007,gradual_drift,0.4877
2026-04-18,i-0000000003ef,AmazonEC2,prod,anomaly,1,0.0042,gradual_drift,0.4902
2026-04-19,i-0000000003ef,AmazonEC2,prod,anomaly,1,0.6823,gradual_drift,0.4943
2026-04-20,i-0000000003ef,AmazonEC2,prod,anomaly,1,0.9382,gradual_drift,0.4991
2026-04-21,i-0000000003ef,AmazonEC2,prod,anomaly,1,0.9771,gradual_drift,0.5034
2026-04-22,i-0000000003ef,AmazonEC2,prod,anomaly,1,0.9688,gradual_drift,0.5103
2026-04-23,i-0000000003ef,AmazonEC2,prod,normal,0,0.004,gradual_drift,0.5197
2026-04-24,i-0000000003ef,AmazonEC2,prod,normal,0,0.0046,gradual_drift,0.5179
2026-04-25,i-0000000003ef,AmazonEC2,prod,normal,0,0.0083,gradual_drift,0.5229
2026-04-26,i-0000000003ef,AmazonEC2,prod,normal,0,0.0037,gradual_drift,0.5195
2026-04-27,i-0000000003ef,AmazonEC2,prod,normal,0,0.007,gradual_drift,0.5216
2026-04-28,i-0000000003ef,AmazonEC2,prod,normal,0,0.0031,gradual_drift,0.5188
2026-04-29,i-0000000003ef,AmazonEC2,prod,normal,0,0.0174,gradual_drift,0.5187
2026-04-30,i-0000000003ef,AmazonEC2,prod,normal,0,0.0169,gradual_drift,0.5158
2026-05-01,i-0000000003ef,AmazonEC2,prod,normal,0,0.0043,gradual_drift,0.5156
2026-05-02,i-0000000003ef,AmazonEC2,prod,normal,0,0.0088,gradual_drift,0.5156
2026-05-03,i-0000000003ef,AmazonEC2,prod,normal,0,0.0179,gradual_drift,0.5162
2026-03-22,i-0000000003f1,AmazonEC2,prod,normal,0,0.0014,gradual_drift,0.4199
2026-03-23,i-0000000003f1,AmazonEC2,prod,normal,0,0.0008,gradual_drift,0.4205
2026-03-24,i-0000000003f1,AmazonEC2,prod,normal,0,0.0007,gradual_drift,0.4224
2026-03-25,i-0000000003f1,AmazonEC2,prod,normal,0,0.0006,gradual_drift,0.4246
2026-03-26,i-0000000003f1,AmazonEC2,prod,normal,0,0.0003,gradual_drift,0.4279
2026-03-27,i-0000000003f1,AmazonEC2,prod,normal,0,0.0004,gradual_drift,0.4277
2026-03-28,i-0000000003f1,AmazonEC2,prod,benign,0,0.4821,gradual_drift,0.4329
2026-03-29,i-0000000003f1,AmazonEC2,prod,benign,0,0.0012,gradual_drift,0.4358
2026-03-30,i-0000000003f1,AmazonEC2,prod,benign,0,0.0007,sudden_spike,0.5379
2026-03-31,i-0000000003f1,AmazonEC2,prod,normal,0,0.0006,gradual_drift,0.44
2026-04-01,i-0000000003f1,AmazonEC2,prod,normal,0,0.0005,gradual_drift,0.4423
2026-04-02,i-0000000003f1,AmazonEC2,prod,anomaly,1,0.0003,gradual_drift,0.4459
2026-04-03,i-0000000003f1,AmazonEC2,prod,anomaly,1,0.0003,gradual_drift,0.4484
2026-04-04,i-0000000003f1,AmazonEC2,prod,anomaly,1,0.0004,gradual_drift,0.4509
2026-04-05,i-0000000003f1,AmazonEC2,prod,anomaly,1,0.0006,gradual_drift,0.4534
2026-04-06,i-0000000003f1,AmazonEC2,prod,anomaly,1,0.7153,gradual_drift,0.4559
2026-04-07,i-0000000003f1,AmazonEC2,prod,anomaly,1,0.0028,gradual_drift,0.4577
2026-04-08,i-0000000003f1,AmazonEC2,prod,normal,0,0.0071,gradual_drift,0.4615
2026-04-09,i-0000000003f1,AmazonEC2,prod,normal,0,0.0835,gradual_drift,0.4656
2026-04-10,i-0000000003f1,AmazonEC2,prod,normal,0,0.0187,gradual_drift,0.4681
2026-04-11,i-0000000003f1,AmazonEC2,prod,normal,0,0.0019,gradual_drift,0.4746
2026-04-12,i-0000000003f1,AmazonEC2,prod,normal,0,0.0158,gradual_drift,0.4791
2026-04-13,i-0000000003f1,AmazonEC2,prod,normal,0,0.0009,gradual_drift,0.4737
2026-04-14,i-0000000003f1,AmazonEC2,prod,normal,0,0.0273,gradual_drift,0.4767
2026-04-15,i-0000000003f1,AmazonEC2,prod,normal,0,0.0311,gradual_drift,0.4763
2026-04-16,i-0000000003f1,AmazonEC2,prod,normal,0,0.0421,gradual_drift,0.4846
2026-04-17,i-0000000003f1,AmazonEC2,prod,normal,0,0.0086,gradual_drift,0.4836
2026-04-18,i-0000000003f1,AmazonEC2,prod,normal,0,0.0212,gradual_drift,0.4896
2026-04-19,i-0000000003f1,AmazonEC2,prod,normal,0,0.1095,gradual_drift,0.4923
2026-04-20,i-0000000003f1,AmazonEC2,prod,normal,0,0.0062,gradual_drift,0.5032
2026-04-21,i-0000000003f1,AmazonEC2,prod,normal,0,0.0235,gradual_drift,0.5118
2026-04-22,i-0000000003f1,AmazonEC2,prod,normal,0,0.0606,gradual_drift,0.525
2026-04-23,i-0000000003f1,AmazonEC2,prod,normal,0,0.2731,gradual_drift,0.5262
2026-04-24,i-0000000003f1,AmazonEC2,prod,normal,0,0.0904,gradual_drift,0.5212
2026-04-25,i-0000000003f1,AmazonEC2,prod,normal,0,0.0147,gradual_drift,0.5296
2026-04-26,i-0000000003f1,AmazonEC2,prod,normal,0,0.0044,gradual_drift,0.5223
2026-04-27,i-0000000003f1,AmazonEC2,prod,normal,0,0.2161,gradual_drift,0.5272
2026-04-28,i-0000000003f1,AmazonEC2,prod,normal,0,0.0167,gradual_drift,0.5285
2026-04-29,i-0000000003f1,AmazonEC2,prod,normal,0,0.0997,gradual_drift,0.5309
2026-04-30,i-0000000003f1,AmazonEC2,prod,normal,0,0.1592,gradual_drift,0.5287
2026-05-01,i-0000000003f1,AmazonEC2,prod,normal,0,0.0841,gradual_drift,0.5223
2026-05-02,i-0000000003f1,AmazonEC2,prod,normal,0,0.0347,gradual_drift,0.5223
2026-05-03,i-0000000003f1,AmazonEC2,prod,normal,0,0.0254,gradual_drift,0.5223
2026-03-22,i-0000000003f4,AmazonEC2,prod,normal,0,0.0006,gradual_drift,0.4192
2026-03-23,i-0000000003f4,AmazonEC2,prod,normal,0,0.0004,gradual_drift,0.4199
2026-03-24,i-0000000003f4,AmazonEC2,prod,normal,0,0.0004,gradual_drift,0.4217
2026-03-25,i-0000000003f4,AmazonEC2,prod,normal,0,0.0004,gradual_drift,0.422
2026-03-26,i-0000000003f4,AmazonEC2,prod,normal,0,0.0005,gradual_drift,0.4251
2026-03-27,i-0000000003f4,AmazonEC2,prod,normal,0,0.0005,gradual_drift,0.4299
2026-03-28,i-0000000003f4,AmazonEC2,prod,benign,0,0.955,gradual_drift,0.4344
2026-03-29,i-0000000003f4,AmazonEC2,prod,benign,0,0.9487,gradual_drift,0.4377
2026-03-30,i-0000000003f4,AmazonEC2,prod,benign,0,0.0005,sudden_spike,0.5332
2026-03-31,i-0000000003f4,AmazonEC2,prod,normal,0,0.0006,gradual_drift,0.4427
2026-04-01,i-0000000003f4,AmazonEC2,prod,normal,0,0.0003,gradual_drift,0.4429
2026-04-02,i-0000000003f4,AmazonEC2,prod,normal,0,0.0004,gradual_drift,0.4458
2026-04-03,i-0000000003f4,AmazonEC2,prod,normal,0,0.0004,gradual_drift,0.4478
2026-04-04,i-0000000003f4,AmazonEC2,prod,normal,0,0.0006,gradual_drift,0.4503
2026-04-05,i-0000000003f4,AmazonEC2,prod,normal,0,0.0005,gradual_drift,0.4528
2026-04-06,i-0000000003f4,AmazonEC2,prod,normal,0,0.0071,gradual_drift,0.4548
2026-04-07,i-0000000003f4,AmazonEC2,prod,normal,0,0.0043,gradual_drift,0.4556
2026-04-08,i-0000000003f4,AmazonEC2,prod,normal,0,0.0096,gradual_drift,0.4593
2026-04-09,i-0000000003f4,AmazonEC2,prod,normal,0,0.0096,gradual_drift,0.4645
2026-04-10,i-0000000003f4,AmazonEC2,prod,normal,0,0.0043,gradual_drift,0.4664
2026-04-11,i-0000000003f4,AmazonEC2,prod,normal,0,0.0018,gradual_drift,0.4753
2026-04-12,i-0000000003f4,AmazonEC2,prod,normal,0,0.0391,gradual_drift,0.4778
2026-04-13,i-0000000003f4,AmazonEC2,prod,normal,0,0.0086,gradual_drift,0.4745
2026-04-14,i-0000000003f4,AmazonEC2,prod,normal,0,0.0052,gradual_drift,0.4755
2026-04-15,i-0000000003f4,AmazonEC2,prod,normal,0,0.0011,gradual_drift,0.4776
2026-04-16,i-0000000003f4,AmazonEC2,prod,normal,0,0.0036,gradual_drift,0.48
2026-04-17,i-0000000003f4,AmazonEC2,prod,normal,0,0.0015,gradual_drift,0.4826
2026-04-18,i-0000000003f4,AmazonEC2,prod,normal,0,0.0031,gradual_drift,0.4851
2026-04-19,i-0000000003f4,AmazonEC2,prod,normal,0,0.0182,gradual_drift,0.4908
2026-04-20,i-0000000003f4,AmazonEC2,prod,normal,0,0.005,gradual_drift,0.4972
2026-04-21,i-0000000003f4,AmazonEC2,prod,normal,0,0.0059,gradual_drift,0.4994
2026-04-22,i-0000000003f4,AmazonEC2,prod,normal,0,0.0144,gradual_drift,0.5061
2026-04-23,i-0000000003f4,AmazonEC2,prod,normal,0,0.0074,gradual_drift,0.5156
2026-04-24,i-0000000003f4,AmazonEC2,prod,normal,0,0.0052,gradual_drift,0.521
2026-04-25,i-0000000003f4,AmazonEC2,prod,normal,0,0.0051,gradual_drift,0.526
2026-04-26,i-0000000003f4,AmazonEC2,prod,normal,0,0.001,gradual_drift,0.5141
2026-04-27,i-0000000003f4,AmazonEC2,prod,anomaly,1,0.0098,gradual_drift,0.5164
2026-04-28,i-0000000003f4,AmazonEC2,prod,anomaly,1,0.1672,gradual_drift,0.5142
2026-04-29,i-0000000003f4,AmazonEC2,prod,normal,0,0.0072,gradual_drift,0.5172
2026-04-30,i-0000000003f4,AmazonEC2,prod,normal,0,0.0537,gradual_drift,0.5201
2026-05-01,i-0000000003f4,AmazonEC2,prod,normal,0,0.0054,gradual_drift,0.5203
2026-05-02,i-0000000003f4,AmazonEC2,prod,normal,0,0.0024,gradual_drift,0.5203
2026-05-03,i-0000000003f4,AmazonEC2,prod,normal,0,0.0067,gradual_drift,0.5203
2026-03-22,i-0000000003f7,AmazonEC2,prod,normal,0,0.0051,gradual_drift,0.42
2026-03-23,i-0000000003f7,AmazonEC2,prod,normal,0,0.0004,gradual_drift,0.4207
2026-03-24,i-0000000003f7,AmazonEC2,prod,normal,0,0.0012,gradual_drift,0.4214
2026-03-25,i-0000000003f7,AmazonEC2,prod,normal,0,0.0002,gradual_drift,0.423
2026-03-26,i-0000000003f7,AmazonEC2,prod,normal,0,0.0003,gradual_drift,0.4255
2026-03-27,i-0000000003f7,AmazonEC2,prod,normal,0,0.0004,gradual_drift,0.4282
2026-03-28,i-0000000003f7,AmazonEC2,prod,benign,0,0.0021,gradual_drift,0.433
2026-03-29,i-0000000003f7,AmazonEC2,prod,benign,0,0.0005,gradual_drift,0.4363
2026-03-30,i-0000000003f7,AmazonEC2,prod,benign,0,0.0042,sudden_spike,0.5266
2026-03-31,i-0000000003f7,AmazonEC2,prod,normal,0,0.0031,gradual_drift,0.4407
2026-04-01,i-0000000003f7,AmazonEC2,prod,normal,0,0.0002,gradual_drift,0.4415
2026-04-02,i-0000000003f7,AmazonEC2,prod,normal,0,0.0005,gradual_drift,0.4466
2026-04-03,i-0000000003f7,AmazonEC2,prod,normal,0,0.0005,gradual_drift,0.4486
2026-04-04,i-0000000003f7,AmazonEC2,prod,normal,0,0.1913,gradual_drift,0.4511
2026-04-05,i-0000000003f7,AmazonEC2,prod,normal,0,0.0049,gradual_drift,0.4536
2026-04-06,i-0000000003f7,AmazonEC2,prod,normal,0,0.0008,gradual_drift,0.4552
2026-04-07,i-0000000003f7,AmazonEC2,prod,normal,0,0.0088,gradual_drift,0.456
2026-04-08,i-0000000003f7,AmazonEC2,prod,normal,0,0.0054,gradual_drift,0.4584
2026-04-09,i-0000000003f7,AmazonEC2,prod,normal,0,0.0072,gradual_drift,0.4645
2026-04-10,i-0000000003f7,AmazonEC2,prod,normal,0,0.0006,gradual_drift,0.4664
2026-04-11,i-0000000003f7,AmazonEC2,prod,normal,0,0.0005,gradual_drift,0.4689
2026-04-12,i-0000000003f7,AmazonEC2,prod,normal,0,0.0011,gradual_drift,0.4699
2026-04-13,i-0000000003f7,AmazonEC2,prod,normal,0,0.0023,gradual_drift,0.4706
2026-04-14,i-0000000003f7,AmazonEC2,prod,normal,0,0.0038,gradual_drift,0.4731
2026-04-15,i-0000000003f7,AmazonEC2,prod,normal,0,0.0041,gradual_drift,0.4754
2026-04-16,i-0000000003f7,AmazonEC2,prod,normal,0,0.0045,gradual_drift,0.4809
2026-04-17,i-0000000003f7,AmazonEC2,prod,normal,0,0.0078,gradual_drift,0.4813
2026-04-18,i-0000000003f7,AmazonEC2,prod,normal,0,0.0033,gradual_drift,0.4861
2026-04-19,i-0000000003f7,AmazonEC2,prod,normal,0,0.0092,gradual_drift,0.4895
2026-04-20,i-0000000003f7,AmazonEC2,prod,normal,0,0.0029,gradual_drift,0.4979
2026-04-21,i-0000000003f7,AmazonEC2,prod,normal,0,0.0038,gradual_drift,0.5097
2026-04-22,i-0000000003f7,AmazonEC2,prod,normal,0,0.0076,gradual_drift,0.5212
2026-04-23,i-0000000003f7,AmazonEC2,prod,normal,0,0.0046,gradual_drift,0.5282
2026-04-24,i-0000000003f7,AmazonEC2,prod,normal,0,0.058,gradual_drift,0.5259
2026-04-25,i-0000000003f7,AmazonEC2,prod,normal,0,0.0153,gradual_drift,0.5301
2026-04-26,i-0000000003f7,AmazonEC2,prod,normal,0,0.0857,gradual_drift,0.5223
2026-04-27,i-0000000003f7,AmazonEC2,prod,normal,0,0.0019,gradual_drift,0.524
2026-04-28,i-0000000003f7,AmazonEC2,prod,normal,0,0.0154,gradual_drift,0.5162
2026-04-29,i-0000000003f7,AmazonEC2,prod,normal,0,0.0201,gradual_drift,0.5154
2026-04-30,i-0000000003f7,AmazonEC2,prod,normal,0,0.0665,gradual_drift,0.5162
2026-05-01,i-0000000003f7,AmazonEC2,prod,normal,0,0.0357,gradual_drift,0.513
2026-05-02,i-0000000003f7,AmazonEC2,prod,normal,0,0.0218,gradual_drift,0.513
2026-05-03,i-0000000003f7,AmazonEC2,prod,normal,0,0.0173,gradual_drift,0.513
2026-03-22,i-0000000003fb,AmazonEC2,prod,normal,0,0.0115,gradual_drift,0.4193
2026-03-23,i-0000000003fb,AmazonEC2,prod,normal,0,0.0007,gradual_drift,0.4238
2026-03-24,i-0000000003fb,AmazonEC2,prod,normal,0,0.0007,gradual_drift,0.4256
2026-03-25,i-0000000003fb,AmazonEC2,prod,normal,0,0.0028,gradual_drift,0.4281
2026-03-26,i-0000000003fb,AmazonEC2,prod,normal,0,0.0003,gradual_drift,0.4296
2026-03-27,i-0000000003fb,AmazonEC2,prod,normal,0,0.0005,gradual_drift,0.4318
2026-03-28,i-0000000003fb,AmazonEC2,prod,benign,0,0.0094,gradual_drift,0.4353
2026-03-29,i-0000000003fb,AmazonEC2,prod,benign,0,0.0468,gradual_drift,0.4386
2026-03-30,i-0000000003fb,AmazonEC2,prod,benign,0,0.0013,sudden_spike,0.5252
2026-03-31,i-0000000003fb,AmazonEC2,prod,normal,0,0.0004,gradual_drift,0.4419
2026-04-01,i-0000000003fb,AmazonEC2,prod,normal,0,0.0002,gradual_drift,0.4431
2026-04-02,i-0000000003fb,AmazonEC2,prod,normal,0,0.0004,gradual_drift,0.4446
2026-04-03,i-0000000003fb,AmazonEC2,prod,normal,0,0.0004,gradual_drift,0.4483
2026-04-04,i-0000000003fb,AmazonEC2,prod,normal,0,0.0026,gradual_drift,0.4508
2026-04-05,i-0000000003fb,AmazonEC2,prod,normal,0,0.0084,gradual_drift,0.4533
2026-04-06,i-0000000003fb,AmazonEC2,prod,normal,0,0.0097,gradual_drift,0.4546
2026-04-07,i-0000000003fb,AmazonEC2,prod,normal,0,0.0071,gradual_drift,0.4569
2026-04-08,i-0000000003fb,AmazonEC2,prod,normal,0,0.0077,gradual_drift,0.4582
2026-04-09,i-0000000003fb,AmazonEC2,prod,normal,0,0.0078,gradual_drift,0.462
2026-04-10,i-0000000003fb,AmazonEC2,prod,normal,0,0.0071,gradual_drift,0.4645
2026-04-11,i-0000000003fb,AmazonEC2,prod,normal,0,0.0014,gradual_drift,0.4748
2026-04-12,i-0000000003fb,AmazonEC2,prod,normal,0,0.0195,gradual_drift,0.4755
2026-04-13,i-0000000003fb,AmazonEC2,prod,normal,0,0.0062,gradual_drift,0.474
2026-04-14,i-0000000003fb,AmazonEC2,prod,normal,0,0.0036,gradual_drift,0.4763
2026-04-15,i-0000000003fb,AmazonEC2,prod,normal,0,0.0026,gradual_drift,0.4808
2026-04-16,i-0000000003fb,AmazonEC2,prod,normal,0,0.0055,gradual_drift,0.493
2026-04-17,i-0000000003fb,AmazonEC2,prod,normal,0,0.0032,gradual_drift,0.4935
2026-04-18,i-0000000003fb,AmazonEC2,prod,normal,0,0.0028,gradual_drift,0.498
2026-04-19,i-0000000003fb,AmazonEC2,prod,normal,0,0.0206,gradual_drift,0.5011
2026-04-20,i-0000000003fb,AmazonEC2,prod,normal,0,0.008,gradual_drift,0.5057
2026-04-21,i-0000000003fb,AmazonEC2,prod,normal,0,0.0085,gradual_drift,0.5084
2026-04-22,i-0000000003fb,AmazonEC2,prod,normal,0,0.024,gradual_drift,0.5112
2026-04-23,i-0000000003fb,AmazonEC2,prod,normal,0,0.0082,gradual_drift,0.5164
2026-04-24,i-0000000003fb,AmazonEC2,prod,normal,0,0.0114,gradual_drift,0.5168
2026-04-25,i-0000000003fb,AmazonEC2,prod,normal,0,0.0651,gradual_drift,0.5204
2026-04-26,i-0000000003fb,AmazonEC2,prod,normal,0,0.0304,gradual_drift,0.5204
2026-04-27,i-0000000003fb,AmazonEC2,prod,normal,0,0.0033,gradual_drift,0.5224
2026-04-28,i-0000000003fb,AmazonEC2,prod,normal,0,0.0112,gradual_drift,0.5233
2026-04-29,i-0000000003fb,AmazonEC2,prod,normal,0,0.0143,gradual_drift,0.521
2026-04-30,i-0000000003fb,AmazonEC2,prod,normal,0,0.0634,gradual_drift,0.5199
2026-05-01,i-0000000003fb,AmazonEC2,prod,normal,0,0.0058,gradual_drift,0.5199
2026-05-02,i-0000000003fb,AmazonEC2,prod,normal,0,0.0492,gradual_drift,0.5199
2026-05-03,i-0000000003fb,AmazonEC2,prod,normal,0,0.0208,gradual_drift,0.5199
2026-03-22,i-0000000003fd,AmazonEC2,prod,normal,0,0.0011,gradual_drift,0.4201
2026-03-23,i-0000000003fd,AmazonEC2,prod,normal,0,0.0012,gradual_drift,0.4204
2026-03-24,i-0000000003fd,AmazonEC2,prod,normal,0,0.0006,gradual_drift,0.4233
2026-03-25,i-0000000003fd,AmazonEC2,prod,normal,0,0.0006,gradual_drift,0.4254
2026-03-26,i-0000000003fd,AmazonEC2,prod,normal,0,0.0004,gradual_drift,0.428
2026-03-27,i-0000000003fd,AmazonEC2,prod,normal,0,0.0007,gradual_drift,0.4313
2026-03-28,i-0000000003fd,AmazonEC2,prod,benign,0,0.0072,gradual_drift,0.4338
2026-03-29,i-0000000003fd,AmazonEC2,prod,benign,0,0.2111,gradual_drift,0.4362
2026-03-30,i-0000000003fd,AmazonEC2,prod,benign,0,0.0003,sudden_spike,0.5387
2026-03-31,i-0000000003fd,AmazonEC2,prod,normal,0,0.0003,gradual_drift,0.4394
2026-04-01,i-0000000003fd,AmazonEC2,prod,normal,0,0.0003,gradual_drift,0.4412
2026-04-02,i-0000000003fd,AmazonEC2,prod,normal,0,0.0002,gradual_drift,0.4438
2026-04-03,i-0000000003fd,AmazonEC2,prod,normal,0,0.0003,gradual_drift,0.448
2026-04-04,i-0000000003fd,AmazonEC2,prod,normal,0,0.0004,gradual_drift,0.4505
2026-04-05,i-0000000003fd,AmazonEC2,prod,normal,0,0.0004,gradual_drift,0.453
2026-04-06,i-0000000003fd,AmazonEC2,prod,normal,0,0.0175,gradual_drift,0.4555
2026-04-07,i-0000000003fd,AmazonEC2,prod,normal,0,0.0015,gradual_drift,0.4567
2026-04-08,i-0000000003fd,AmazonEC2,prod,normal,0,0.0094,gradual_drift,0.4587
2026-04-09,i-0000000003fd,AmazonEC2,prod,normal,0,0.058,gradual_drift,0.4649
2026-04-10,i-0000000003fd,AmazonEC2,prod,normal,0,0.0059,gradual_drift,0.4667
2026-04-11,i-0000000003fd,AmazonEC2,prod,normal,0,0.0035,gradual_drift,0.4692
2026-04-12,i-0000000003fd,AmazonEC2,prod,normal,0,0.041,gradual_drift,0.4687
2026-04-13,i-0000000003fd,AmazonEC2,prod,normal,0,0.0155,gradual_drift,0.4737
2026-04-14,i-0000000003fd,AmazonEC2,prod,normal,0,0.0209,gradual_drift,0.4766
2026-04-15,i-0000000003fd,AmazonEC2,prod,normal,0,0.0006,gradual_drift,0.4777
2026-04-16,i-0000000003fd,AmazonEC2,prod,normal,0,0.0006,gradual_drift,0.4841
2026-04-17,i-0000000003fd,AmazonEC2,prod,normal,0,0.0026,gradual_drift,0.4841
2026-04-18,i-0000000003fd,AmazonEC2,prod,normal,0,0.0298,gradual_drift,0.4883
2026-04-19,i-0000000003fd,AmazonEC2,prod,normal,0,0.0976,gradual_drift,0.491
2026-04-20,i-0000000003fd,AmazonEC2,prod,anomaly,1,0.9291,gradual_drift,0.5004
2026-04-21,i-0000000003fd,AmazonEC2,prod,anomaly,1,0.9386,gradual_drift,0.5014
2026-04-22,i-0000000003fd,AmazonEC2,prod,anomaly,1,0.9093,gradual_drift,0.5072
2026-04-23,i-0000000003fd,AmazonEC2,prod,anomaly,1,0.4755,gradual_drift,0.5166
2026-04-24,i-0000000003fd,AmazonEC2,prod,normal,0,0.0078,gradual_drift,0.5174
2026-04-25,i-0000000003fd,AmazonEC2,prod,normal,0,0.012,gradual_drift,0.5234
2026-04-26,i-0000000003fd,AmazonEC2,prod,normal,0,0.004,gradual_drift,0.5217
2026-04-27,i-0000000003fd,AmazonEC2,prod,normal,0,0.0183,gradual_drift,0.5224
2026-04-28,i-0000000003fd,AmazonEC2,prod,normal,0,0.0383,gradual_drift,0.5247
2026-04-29,i-0000000003fd,AmazonEC2,prod,normal,0,0.0762,gradual_drift,0.5234
2026-04-30,i-0000000003fd,AmazonEC2,prod,normal,0,0.0172,gradual_drift,0.5179
2026-05-01,i-0000000003fd,AmazonEC2,prod,normal,0,0.0145,gradual_drift,0.5206
2026-05-02,i-0000000003fd,AmazonEC2,prod,normal,0,0.0772,gradual_drift,0.5206
2026-05-03,i-0000000003fd,AmazonEC2,prod,normal,0,0.0178,gradual_drift,0.5206
2026-03-22,i-0000000003fe,AmazonEC2,prod,normal,0,0.0043,gradual_drift,0.4214
2026-03-23,i-0000000003fe,AmazonEC2,prod,normal,0,0.0002,gradual_drift,0.4222
2026-03-24,i-0000000003fe,AmazonEC2,prod,normal,0,0.0003,gradual_drift,0.4231
2026-03-25,i-0000000003fe,AmazonEC2,prod,normal,0,0.0006,gradual_drift,0.4252
2026-03-26,i-0000000003fe,AmazonEC2,prod,normal,0,0.0003,gradual_drift,0.4275
2026-03-27,i-0000000003fe,AmazonEC2,prod,normal,0,0.0005,gradual_drift,0.4314
2026-03-28,i-0000000003fe,AmazonEC2,prod,benign,0,0.0248,gradual_drift,0.4347
2026-03-29,i-0000000003fe,AmazonEC2,prod,benign,0,0.0005,gradual_drift,0.4378
2026-03-30,i-0000000003fe,AmazonEC2,prod,benign,0,0.0005,sudden_spike,0.5418
2026-03-31,i-0000000003fe,AmazonEC2,prod,normal,0,0.0004,gradual_drift,0.4416
2026-04-01,i-0000000003fe,AmazonEC2,prod,normal,0,0.0003,gradual_drift,0.4428
2026-04-02,i-0000000003fe,AmazonEC2,prod,normal,0,0.0003,gradual_drift,0.4441
2026-04-03,i-0000000003fe,AmazonEC2,prod,normal,0,0.0002,gradual_drift,0.4461
2026-04-04,i-0000000003fe,AmazonEC2,prod,normal,0,0.0005,gradual_drift,0.4486
2026-04-05,i-0000000003fe,AmazonEC2,prod,normal,0,0.0005,gradual_drift,0.4511
2026-04-06,i-0000000003fe,AmazonEC2,prod,normal,0,0.0163,gradual_drift,0.4536
2026-04-07,i-0000000003fe,AmazonEC2,prod,normal,0,0.0086,gradual_drift,0.4578
2026-04-08,i-0000000003fe,AmazonEC2,prod,normal,0,0.0017,gradual_drift,0.463
2026-04-09,i-0000000003fe,AmazonEC2,prod,normal,0,0.0098,gradual_drift,0.4659
2026-04-10,i-0000000003fe,AmazonEC2,prod,normal,0,0.0031,gradual_drift,0.4694
2026-04-11,i-0000000003fe,AmazonEC2,prod,normal,0,0.0024,gradual_drift,0.4776
2026-04-12,i-0000000003fe,AmazonEC2,prod,benign,0,0.0071,gradual_drift,0.4796
2026-04-13,i-0000000003fe,AmazonEC2,prod,normal,0,0.0032,gradual_drift,0.4821
2026-04-14,i-0000000003fe,AmazonEC2,prod,normal,0,0.0049,gradual_drift,0.4845
2026-04-15,i-0000000003fe,AmazonEC2,prod,normal,0,0.0175,gradual_drift,0.4895
2026-04-16,i-0000000003fe,AmazonEC2,prod,normal,0,0.0019,gradual_drift,0.4927
2026-04-17,i-0000000003fe,AmazonEC2,prod,normal,0,0.0712,gradual_drift,0.493
2026-04-18,i-0000000003fe,AmazonEC2,prod,normal,0,0.003,gradual_drift,0.4977
2026-04-19,i-0000000003fe,AmazonEC2,prod,normal,0,0.0027,gradual_drift,0.5007
2026-04-20,i-0000000003fe,AmazonEC2,prod,normal,0,0.0043,gradual_drift,0.5052
2026-04-21,i-0000000003fe,AmazonEC2,prod,normal,0,0.0046,gradual_drift,0.5101
2026-04-22,i-0000000003fe,AmazonEC2,prod,normal,0,0.0121,gradual_drift,0.5165
2026-04-23,i-0000000003fe,AmazonEC2,prod,normal,0,0.0013,gradual_drift,0.5204
2026-04-24,i-0000000003fe,AmazonEC2,prod,normal,0,0.0065,gradual_drift,0.5264
2026-04-25,i-0000000003fe,AmazonEC2,prod,normal,0,0.0055,gradual_drift,0.5303
2026-04-26,i-0000000003fe,AmazonEC2,prod,benign,0,0.0142,gradual_drift,0.5242
2026-04-27,i-0000000003fe,AmazonEC2,prod,normal,0,0.0029,gradual_drift,0.5271
2026-04-28,i-0000000003fe,AmazonEC2,prod,normal,0,0.0037,gradual_drift,0.526
2026-04-29,i-0000000003fe,AmazonEC2,prod,normal,0,0.0284,gradual_drift,0.5255
2026-04-30,i-0000000003fe,AmazonEC2,prod,normal,0,0.0173,gradual_drift,0.5218
2026-05-01,i-0000000003fe,AmazonEC2,prod,normal,0,0.0126,gradual_drift,0.5217
2026-05-02,i-0000000003fe,AmazonEC2,prod,normal,0,0.0065,gradual_drift,0.5217
2026-05-03,i-0000000003fe,AmazonEC2,prod,normal,0,0.0062,gradual_drift,0.5217
2026-03-22,i-00000000041f,AmazonEC2,prod,normal,0,0.0009,gradual_drift,0.42
2026-03-23,i-00000000041f,AmazonEC2,prod,normal,0,0.0003,gradual_drift,0.4213
2026-03-24,i-00000000041f,AmazonEC2,prod,normal,0,0.0004,gradual_drift,0.4223
2026-03-25,i-00000000041f,AmazonEC2,prod,normal,0,0.0004,gradual_drift,0.4231
2026-03-26,i-00000000041f,AmazonEC2,prod,normal,0,0.0004,gradual_drift,0.4242
2026-03-27,i-00000000041f,AmazonEC2,prod,normal,0,0.0004,gradual_drift,0.4267
2026-03-28,i-00000000041f,AmazonEC2,prod,benign,0,0.9711,gradual_drift,0.4308
2026-03-29,i-00000000041f,AmazonEC2,prod,benign,0,0.9749,gradual_drift,0.4353
2026-03-30,i-00000000041f,AmazonEC2,prod,benign,0,0.0004,sudden_spike,0.5129
2026-03-31,i-00000000041f,AmazonEC2,prod,normal,0,0.0004,gradual_drift,0.4403
2026-04-01,i-00000000041f,AmazonEC2,prod,normal,0,0.0003,gradual_drift,0.4417
2026-04-02,i-00000000041f,AmazonEC2,prod,normal,0,0.0004,gradual_drift,0.4457
2026-04-03,i-00000000041f,AmazonEC2,prod,normal,0,0.0005,gradual_drift,0.4465
2026-04-04,i-00000000041f,AmazonEC2,prod,normal,0,0.0003,gradual_drift,0.449
2026-04-05,i-00000000041f,AmazonEC2,prod,normal,0,0.0004,gradual_drift,0.4515
2026-04-06,i-00000000041f,AmazonEC2,prod,normal,0,0.027,gradual_drift,0.4522
2026-04-07,i-00000000041f,AmazonEC2,prod,normal,0,0.0011,gradual_drift,0.4548
2026-04-08,i-00000000041f,AmazonEC2,prod,normal,0,0.0017,gradual_drift,0.459
2026-04-09,i-00000000041f,AmazonEC2,prod,normal,0,0.0018,gradual_drift,0.4622
2026-04-10,i-00000000041f,AmazonEC2,prod,normal,0,0.0023,gradual_drift,0.4639
2026-04-11,i-00000000041f,AmazonEC2,prod,normal,0,0.0014,gradual_drift,0.4794
2026-04-12,i-00000000041f,AmazonEC2,prod,normal,0,0.0011,gradual_drift,0.4855
2026-04-13,i-00000000041f,AmazonEC2,prod,normal,0,0.0024,gradual_drift,0.4822
2026-04-14,i-00000000041f,AmazonEC2,prod,normal,0,0.0027,gradual_drift,0.4823
2026-04-15,i-00000000041f,AmazonEC2,prod,normal,0,0.0081,gradual_drift,0.4817
2026-04-16,i-00000000041f,AmazonEC2,prod,normal,0,0.0194,gradual_drift,0.4871
2026-04-17,i-00000000041f,AmazonEC2,prod,normal,0,0.0885,gradual_drift,0.4893
2026-04-18,i-00000000041f,AmazonEC2,prod,normal,0,0.0159,gradual_drift,0.4921
2026-04-19,i-00000000041f,AmazonEC2,prod,normal,0,0.2771,gradual_drift,0.4971
2026-04-20,i-00000000041f,AmazonEC2,prod,normal,0,0.005,gradual_drift,0.505
2026-04-21,i-00000000041f,AmazonEC2,prod,normal,0,0.0016,gradual_drift,0.5114
2026-04-22,i-00000000041f,AmazonEC2,prod,normal,0,0.0033,gradual_drift,0.5175
2026-04-23,i-00000000041f,AmazonEC2,prod,normal,0,0.0059,gradual_drift,0.5235
2026-04-24,i-00000000041f,AmazonEC2,prod,normal,0,0.0015,gradual_drift,0.524
2026-04-25,i-00000000041f,AmazonEC2,prod,normal,0,0.0013,gradual_drift,0.5267
2026-04-26,i-00000000041f,AmazonEC2,prod,normal,0,0.0012,gradual_drift,0.5237
2026-04-27,i-00000000041f,AmazonEC2,prod,normal,0,0.0102,gradual_drift,0.527
2026-04-28,i-00000000041f,AmazonEC2,prod,normal,0,0.0014,gradual_drift,0.5233
2026-04-29,i-00000000041f,AmazonEC2,prod,normal,0,0.004,gradual_drift,0.5259
2026-04-30,i-00000000041f,AmazonEC2,prod,normal,0,0.0071,gradual_drift,0.5233
2026-05-01,i-00000000041f,AmazonEC2,prod,normal,0,0.0013,gradual_drift,0.5233
2026-05-02,i-00000000041f,AmazonEC2,prod,normal,0,0.006,gradual_drift,0.5233
2026-05-03,i-00000000041f,AmazonEC2,prod,normal,0,0.0013,gradual_drift,0.5233
2026-03-22,i-000000000420,AmazonEC2,prod,normal,0,0.0006,gradual_drift,0.4168
2026-03-23,i-000000000420,AmazonEC2,prod,normal,0,0.0003,gradual_drift,0.4167
2026-03-24,i-000000000420,AmazonEC2,prod,normal,0,0.0003,gradual_drift,0.4174
2026-03-25,i-000000000420,AmazonEC2,prod,normal,0,0.0004,gradual_drift,0.4208
2026-03-26,i-000000000420,AmazonEC2,prod,normal,0,0.0005,gradual_drift,0.4224
2026-03-27,i-000000000420,AmazonEC2,prod,normal,0,0.0008,gradual_drift,0.4249
2026-03-28,i-000000000420,AmazonEC2,prod,benign,0,0.8991,gradual_drift,0.4292
2026-03-29,i-000000000420,AmazonEC2,prod,benign,0,0.8308,gradual_drift,0.4331
2026-03-30,i-000000000420,AmazonEC2,prod,benign,0,0.001,sudden_spike,0.5208
2026-03-31,i-000000000420,AmazonEC2,prod,normal,0,0.0007,gradual_drift,0.4381
2026-04-01,i-000000000420,AmazonEC2,prod,normal,0,0.0007,gradual_drift,0.4406
2026-04-02,i-000000000420,AmazonEC2,prod,normal,0,0.0011,gradual_drift,0.4436
2026-04-03,i-000000000420,AmazonEC2,prod,normal,0,0.0011,gradual_drift,0.4466
2026-04-04,i-000000000420,AmazonEC2,prod,normal,0,0.0008,gradual_drift,0.4491
2026-04-05,i-000000000420,AmazonEC2,prod,normal,0,0.0005,gradual_drift,0.4516
2026-04-06,i-000000000420,AmazonEC2,prod,normal,0,0.0084,gradual_drift,0.4537
2026-04-07,i-000000000420,AmazonEC2,prod,normal,0,0.0054,gradual_drift,0.4563
2026-04-08,i-000000000420,AmazonEC2,prod,normal,0,0.0014,gradual_drift,0.4603
2026-04-09,i-000000000420,AmazonEC2,prod,normal,0,0.0042,gradual_drift,0.4629
2026-04-10,i-000000000420,AmazonEC2,prod,normal,0,0.0026,gradual_drift,0.4641
2026-04-11,i-000000000420,AmazonEC2,prod,normal,0,0.0015,gradual_drift,0.4782
2026-04-12,i-000000000420,AmazonEC2,prod,normal,0,0.0053,gradual_drift,0.4803
2026-04-13,i-000000000420,AmazonEC2,prod,normal,0,0.0017,gradual_drift,0.4829
2026-04-14,i-000000000420,AmazonEC2,prod,normal,0,0.0004,gradual_drift,0.4852
2026-04-15,i-000000000420,AmazonEC2,prod,normal,0,0.0013,gradual_drift,0.4766
2026-04-16,i-000000000420,AmazonEC2,prod,normal,0,0.0149,gradual_drift,0.4895
2026-04-17,i-000000000420,AmazonEC2,prod,normal,0,0.0058,gradual_drift,0.4842
2026-04-18,i-000000000420,AmazonEC2,prod,normal,0,0.0024,gradual_drift,0.4898
2026-04-19,i-000000000420,AmazonEC2,prod,normal,0,0.0105,gradual_drift,0.4935
2026-04-20,i-000000000420,AmazonEC2,prod,anomaly,1,0.0123,gradual_drift,0.4986
2026-04-21,i-000000000420,AmazonEC2,prod,anomaly,1,0.5579,gradual_drift,0.5065
2026-04-22,i-000000000420,AmazonEC2,prod,anomaly,1,0.6916,gradual_drift,0.5169
2026-04-23,i-000000000420,AmazonEC2,prod,anomaly,1,0.0006,gradual_drift,0.5183
2026-04-24,i-000000000420,AmazonEC2,prod,normal,0,0.0012,gradual_drift,0.5163
2026-04-25,i-000000000420,AmazonEC2,prod,normal,0,0.004,gradual_drift,0.5205
2026-04-26,i-000000000420,AmazonEC2,prod,normal,0,0.0009,gradual_drift,0.5189
2026-04-27,i-000000000420,AmazonEC2,prod,normal,0,0.0007,gradual_drift,0.5214
2026-04-28,i-000000000420,AmazonEC2,prod,normal,0,0.0008,gradual_drift,0.5204
2026-04-29,i-000000000420,AmazonEC2,prod,normal,0,0.0008,gradual_drift,0.5223
2026-04-30,i-000000000420,AmazonEC2,prod,normal,0,0.0044,gradual_drift,0.5173
2026-05-01,i-000000000420,AmazonEC2,prod,normal,0,0.0059,gradual_drift,0.519
2026-05-02,i-000000000420,AmazonEC2,prod,normal,0,0.0271,gradual_drift,0.519
2026-05-03,i-000000000420,AmazonEC2,prod,normal,0,0.0231,gradual_drift,0.519
2026-03-22,i-000000000422,AmazonEC2,prod,benign,0,0.0004,gradual_drift,0.4196
2026-03-23,i-000000000422,AmazonEC2,prod,benign,0,0.0139,gradual_drift,0.4199
2026-03-24,i-000000000422,AmazonEC2,prod,benign,0,0.0004,gradual_drift,0.4224
2026-03-25,i-000000000422,AmazonEC2,prod,benign,0,0.0004,gradual_drift,0.4249
2026-03-26,i-000000000422,AmazonEC2,prod,benign,0,0.0007,gradual_drift,0.4261
2026-03-27,i-000000000422,AmazonEC2,prod,benign,0,0.0057,gradual_drift,0.43
2026-03-28,i-000000000422,AmazonEC2,prod,benign,0,0.9915,gradual_drift,0.4333
2026-03-29,i-000000000422,AmazonEC2,prod,benign,0,0.5244,gradual_drift,0.4361
2026-03-30,i-000000000422,AmazonEC2,prod,benign,0,0.0009,sudden_spike,0.5123
2026-03-31,i-000000000422,AmazonEC2,prod,benign,0,0.0007,gradual_drift,0.4406
2026-04-01,i-000000000422,AmazonEC2,prod,anomaly,1,0.6834,gradual_drift,0.4431
2026-04-02,i-000000000422,AmazonEC2,prod,anomaly,1,0.9756,gradual_drift,0.4457
2026-04-03,i-000000000422,AmazonEC2,prod,anomaly,1,0.6419,gradual_drift,0.4482
2026-04-04,i-000000000422,AmazonEC2,prod,anomaly,1,0.0172,gradual_drift,0.4507
2026-04-05,i-000000000422,AmazonEC2,prod,anomaly,1,0.0005,gradual_drift,0.4532
2026-04-06,i-000000000422,AmazonEC2,prod,anomaly,1,0.9451,gradual_drift,0.4557
2026-04-07,i-000000000422,AmazonEC2,prod,anomaly,1,0.9888,gradual_drift,0.4584
2026-04-08,i-000000000422,AmazonEC2,prod,benign,0,0.0159,gradual_drift,0.4641
2026-04-09,i-000000000422,AmazonEC2,prod,benign,0,0.0075,gradual_drift,0.4668
2026-04-10,i-000000000422,AmazonEC2,prod,benign,0,0.0031,gradual_drift,0.4693
2026-04-11,i-000000000422,AmazonEC2,prod,benign,0,0.001,gradual_drift,0.4954
2026-04-12,i-000000000422,AmazonEC2,prod,benign,0,0.0009,gradual_drift,0.5002
2026-04-13,i-000000000422,AmazonEC2,prod,benign,0,0.0025,gradual_drift,0.4926
2026-04-14,i-000000000422,AmazonEC2,prod,benign,0,0.0021,gradual_drift,0.4908
2026-04-15,i-000000000422,AmazonEC2,prod,benign,0,0.0024,gradual_drift,0.4849
2026-04-16,i-000000000422,AmazonEC2,prod,benign,0,0.0029,gradual_drift,0.4917
2026-04-17,i-000000000422,AmazonEC2,prod,benign,0,0.1056,gradual_drift,0.4913
2026-04-18,i-000000000422,AmazonEC2,prod,benign,0,0.0008,gradual_drift,0.4951
2026-04-19,i-000000000422,AmazonEC2,prod,benign,0,0.0156,gradual_drift,0.4993
2026-04-20,i-000000000422,AmazonEC2,prod,benign,0,0.0152,gradual_drift,0.5052
2026-04-21,i-000000000422,AmazonEC2,prod,benign,0,0.0709,gradual_drift,0.5002
2026-04-22,i-000000000422,AmazonEC2,prod,benign,0,0.0045,gradual_drift,0.5169
2026-04-23,i-000000000422,AmazonEC2,prod,benign,0,0.0019,gradual_drift,0.5255
2026-04-24,i-000000000422,AmazonEC2,prod,benign,0,0.0058,gradual_drift,0.522
2026-04-25,i-000000000422,AmazonEC2,prod,benign,0,0.0222,gradual_drift,0.5261
2026-04-26,i-000000000422,AmazonEC2,prod,benign,0,0.0088,gradual_drift,0.5226
2026-04-27,i-000000000422,AmazonEC2,prod,benign,0,0.002,gradual_drift,0.5238
2026-04-28,i-000000000422,AmazonEC2,prod,benign,0,0.0036,gradual_drift,0.5246
2026-04-29,i-000000000422,AmazonEC2,prod,benign,0,0.0043,gradual_drift,0.5283
2026-04-30,i-000000000422,AmazonEC2,prod,benign,0,0.0042,gradual_drift,0.5256
2026-05-01,i-000000000422,AmazonEC2,prod,benign,0,0.0033,gradual_drift,0.5207
2026-05-02,i-000000000422,AmazonEC2,prod,benign,0,0.0368,gradual_drift,0.5207
2026-05-03,i-000000000422,AmazonEC2,prod,benign,0,0.0483,gradual_drift,0.5207
2026-03-22,i-000000000424,AmazonEC2,prod,normal,0,0.0009,gradual_drift,0.4212
2026-03-23,i-000000000424,AmazonEC2,prod,normal,0,0.0004,gradual_drift,0.4206
2026-03-24,i-000000000424,AmazonEC2,prod,normal,0,0.0003,gradual_drift,0.423
2026-03-25,i-000000000424,AmazonEC2,prod,normal,0,0.0003,gradual_drift,0.4255
2026-03-26,i-000000000424,AmazonEC2,prod,normal,0,0.0005,gradual_drift,0.4279
2026-03-27,i-000000000424,AmazonEC2,prod,normal,0,0.0004,gradual_drift,0.4312
2026-03-28,i-000000000424,AmazonEC2,prod,benign,0,0.9658,gradual_drift,0.4348
2026-03-29,i-000000000424,AmazonEC2,prod,benign,0,0.5345,gradual_drift,0.4374
2026-03-30,i-000000000424,AmazonEC2,prod,benign,0,0.0007,sudden_spike,0.5204
2026-03-31,i-000000000424,AmazonEC2,prod,normal,0,0.0004,gradual_drift,0.4412
2026-04-01,i-000000000424,AmazonEC2,prod,normal,0,0.0003,gradual_drift,0.4417
2026-04-02,i-000000000424,AmazonEC2,prod,normal,0,0.0004,gradual_drift,0.4438
2026-04-03,i-000000000424,AmazonEC2,prod,normal,0,0.0004,gradual_drift,0.4463
2026-04-04,i-000000000424,AmazonEC2,prod,normal,0,0.0004,gradual_drift,0.4488
2026-04-05,i-000000000424,AmazonEC2,prod,normal,0,0.0004,gradual_drift,0.4513
2026-04-06,i-000000000424,AmazonEC2,prod,normal,0,0.0013,gradual_drift,0.4538
2026-04-07,i-000000000424,AmazonEC2,prod,normal,0,0.0174,gradual_drift,0.456
2026-04-08,i-000000000424,AmazonEC2,prod,normal,0,0.0064,gradual_drift,0.4592
2026-04-09,i-000000000424,AmazonEC2,prod,normal,0,0.0035,gradual_drift,0.4648
2026-04-10,i-000000000424,AmazonEC2,prod,normal,0,0.0036,gradual_drift,0.4673
2026-04-11,i-000000000424,AmazonEC2,prod,normal,0,0.0048,gradual_drift,0.4733
2026-04-12,i-000000000424,AmazonEC2,prod,normal,0,0.003,gradual_drift,0.4753
2026-04-13,i-000000000424,AmazonEC2,prod,normal,0,0.0041,gradual_drift,0.4719
2026-04-14,i-000000000424,AmazonEC2,prod,normal,0,0.0039,gradual_drift,0.4749
2026-04-15,i-000000000424,AmazonEC2,prod,normal,0,0.0025,gradual_drift,0.4754
2026-04-16,i-000000000424,AmazonEC2,prod,normal,0,0.0088,gradual_drift,0.487
2026-04-17,i-000000000424,AmazonEC2,prod,normal,0,0.0093,gradual_drift,0.486
2026-04-18,i-000000000424,AmazonEC2,prod,normal,0,0.0053,gradual_drift,0.491
2026-04-19,i-000000000424,AmazonEC2,prod,normal,0,0.0781,gradual_drift,0.4965
2026-04-20,i-000000000424,AmazonEC2,prod,normal,0,0.0003,gradual_drift,0.5029
2026-04-21,i-000000000424,AmazonEC2,prod,normal,0,0.0017,gradual_drift,0.5007
2026-04-22,i-000000000424,AmazonEC2,prod,normal,0,0.0039,gradual_drift,0.5084
2026-04-23,i-000000000424,AmazonEC2,prod,normal,0,0.0031,gradual_drift,0.5172
2026-04-24,i-000000000424,AmazonEC2,prod,normal,0,0.0024,gradual_drift,0.5163
2026-04-25,i-000000000424,AmazonEC2,prod,normal,0,0.0387,gradual_drift,0.5204
2026-04-26,i-000000000424,AmazonEC2,prod,normal,0,0.0016,gradual_drift,0.5187
2026-04-27,i-000000000424,AmazonEC2,prod,normal,0,0.0035,gradual_drift,0.5203
2026-04-28,i-000000000424,AmazonEC2,prod,normal,0,0.0066,gradual_drift,0.5204
2026-04-29,i-000000000424,AmazonEC2,prod,normal,0,0.0019,gradual_drift,0.5186
2026-04-30,i-000000000424,AmazonEC2,prod,normal,0,0.0123,gradual_drift,0.5178
2026-05-01,i-000000000424,AmazonEC2,prod,normal,0,0.0006,gradual_drift,0.5207
2026-05-02,i-000000000424,AmazonEC2,prod,normal,0,0.0092,gradual_drift,0.5207
2026-05-03,i-000000000424,AmazonEC2,prod,normal,0,0.0073,gradual_drift,0.5207
2026-03-22,i-000000000425,AmazonEC2,prod,normal,0,0.0035,gradual_drift,0.4211
2026-03-23,i-000000000425,AmazonEC2,prod,normal,0,0.0013,gradual_drift,0.421
2026-03-24,i-000000000425,AmazonEC2,prod,normal,0,0.002,gradual_drift,0.424
2026-03-25,i-000000000425,AmazonEC2,prod,normal,0,0.0014,gradual_drift,0.4254
2026-03-26,i-000000000425,AmazonEC2,prod,normal,0,0.0024,gradual_drift,0.4279
2026-03-27,i-000000000425,AmazonEC2,prod,normal,0,0.0021,gradual_drift,0.431
2026-03-28,i-000000000425,AmazonEC2,prod,benign,0,0.46,gradual_drift,0.4345
2026-03-29,i-000000000425,AmazonEC2,prod,benign,0,0.0046,gradual_drift,0.438
2026-03-30,i-000000000425,AmazonEC2,prod,benign,0,0.0014,sudden_spike,0.5197
2026-03-31,i-000000000425,AmazonEC2,prod,normal,0,0.0012,gradual_drift,0.4428
2026-04-01,i-000000000425,AmazonEC2,prod,normal,0,0.0008,gradual_drift,0.4453
2026-04-02,i-000000000425,AmazonEC2,prod,normal,0,0.0011,gradual_drift,0.4467
2026-04-03,i-000000000425,AmazonEC2,prod,normal,0,0.0024,gradual_drift,0.4492
2026-04-04,i-000000000425,AmazonEC2,prod,normal,0,0.0014,gradual_drift,0.4517
2026-04-05,i-000000000425,AmazonEC2,prod,normal,0,0.0013,gradual_drift,0.4542
2026-04-06,i-000000000425,AmazonEC2,prod,normal,0,0.0013,gradual_drift,0.4567
2026-04-07,i-000000000425,AmazonEC2,prod,normal,0,0.0031,gradual_drift,0.4598
2026-04-08,i-000000000425,AmazonEC2,prod,normal,0,0.0053,gradual_drift,0.4623
2026-04-09,i-000000000425,AmazonEC2,prod,normal,0,0.0017,gradual_drift,0.4651
2026-04-10,i-000000000425,AmazonEC2,prod,normal,0,0.0043,gradual_drift,0.4675
2026-04-11,i-000000000425,AmazonEC2,prod,normal,0,0.0073,gradual_drift,0.4887
2026-04-12,i-000000000425,AmazonEC2,prod,normal,0,0.009,gradual_drift,0.492
2026-04-13,i-000000000425,AmazonEC2,prod,normal,0,0.003,gradual_drift,0.4935
2026-04-14,i-000000000425,AmazonEC2,prod,normal,0,0.0037,gradual_drift,0.4921
2026-04-15,i-000000000425,AmazonEC2,prod,normal,0,0.0168,gradual_drift,0.4929
2026-04-16,i-000000000425,AmazonEC2,prod,normal,0,0.0054,gradual_drift,0.4947
2026-04-17,i-000000000425,AmazonEC2,prod,normal,0,0.0107,gradual_drift,0.4947
2026-04-18,i-000000000425,AmazonEC2,prod,normal,0,0.0012,gradual_drift,0.4997
2026-04-19,i-000000000425,AmazonEC2,prod,normal,0,0.0101,gradual_drift,0.5024
2026-04-20,i-000000000425,AmazonEC2,prod,normal,0,0.0023,gradual_drift,0.5065
2026-04-21,i-000000000425,AmazonEC2,prod,normal,0,0.0034,gradual_drift,0.5075
2026-04-22,i-000000000425,AmazonEC2,prod,normal,0,0.0078,gradual_drift,0.5114
2026-04-23,i-000000000425,AmazonEC2,prod,normal,0,0.0043,gradual_drift,0.5177
2026-04-24,i-000000000425,AmazonEC2,prod,normal,0,0.002,gradual_drift,0.5169
2026-04-25,i-000000000425,AmazonEC2,prod,normal,0,0.0065,gradual_drift,0.522
2026-04-26,i-000000000425,AmazonEC2,prod,normal,0,0.0044,gradual_drift,0.521
2026-04-27,i-000000000425,AmazonEC2,prod,normal,0,0.0007,gradual_drift,0.5225
2026-04-28,i-000000000425,AmazonEC2,prod,normal,0,0.0069,gradual_drift,0.5232
2026-04-29,i-000000000425,AmazonEC2,prod,normal,0,0.0012,gradual_drift,0.5247
2026-04-30,i-000000000425,AmazonEC2,prod,normal,0,0.0037,gradual_drift,0.5222
2026-05-01,i-000000000425,AmazonEC2,prod,normal,0,0.0006,gradual_drift,0.5157
2026-05-02,i-000000000425,AmazonEC2,prod,normal,0,0.0151,gradual_drift,0.5157
2026-05-03,i-000000000425,AmazonEC2,prod,normal,0,0.0676,gradual_drift,0.5157
2026-03-22,i-000000000426,AmazonEC2,prod,normal,0,0.0009,gradual_drift,0.4173
2026-03-23,i-000000000426,AmazonEC2,prod,anomaly,1,0.3816,gradual_drift,0.4165
2026-03-24,i-000000000426,AmazonEC2,prod,anomaly,1,0.9673,idle_resource,0.866
2026-03-25,i-000000000426,AmazonEC2,prod,anomaly,1,0.9706,idle_resource,0.8737
2026-03-26,i-000000000426,AmazonEC2,prod,anomaly,1,0.977,idle_resource,0.8792
2026-03-27,i-000000000426,AmazonEC2,prod,anomaly,1,0.9812,idle_resource,0.8892
2026-03-28,i-000000000426,AmazonEC2,prod,benign,0,0.979,idle_resource,0.8948
2026-03-29,i-000000000426,AmazonEC2,prod,benign,0,0.9922,idle_resource,0.9007
2026-03-30,i-000000000426,AmazonEC2,prod,anomaly,1,0.7319,gradual_drift,0.4365
2026-03-31,i-000000000426,AmazonEC2,prod,normal,0,0.0009,gradual_drift,0.4401
2026-04-01,i-000000000426,AmazonEC2,prod,normal,0,0.0004,gradual_drift,0.4426
2026-04-02,i-000000000426,AmazonEC2,prod,normal,0,0.0005,gradual_drift,0.4452
2026-04-03,i-000000000426,AmazonEC2,prod,normal,0,0.0008,gradual_drift,0.4486
2026-04-04,i-000000000426,AmazonEC2,prod,normal,0,0.0007,gradual_drift,0.4511
2026-04-05,i-000000000426,AmazonEC2,prod,normal,0,0.0006,gradual_drift,0.4536
2026-04-06,i-000000000426,AmazonEC2,prod,normal,0,0.0046,gradual_drift,0.4561
2026-04-07,i-000000000426,AmazonEC2,prod,normal,0,0.0023,gradual_drift,0.4586
2026-04-08,i-000000000426,AmazonEC2,prod,normal,0,0.004,gradual_drift,0.4627
2026-04-09,i-000000000426,AmazonEC2,prod,normal,0,0.006,gradual_drift,0.4669
2026-04-10,i-000000000426,AmazonEC2,prod,normal,0,0.0073,gradual_drift,0.469
2026-04-11,i-000000000426,AmazonEC2,prod,normal,0,0.006,gradual_drift,0.4878
2026-04-12,i-000000000426,AmazonEC2,prod,normal,0,0.0009,gradual_drift,0.4916
2026-04-13,i-000000000426,AmazonEC2,prod,normal,0,0.0095,gradual_drift,0.4894
2026-04-14,i-000000000426,AmazonEC2,prod,normal,0,0.0032,gradual_drift,0.4904
2026-04-15,i-000000000426,AmazonEC2,prod,normal,0,0.003,gradual_drift,0.4774
2026-04-16,i-000000000426,AmazonEC2,prod,normal,0,0.0013,gradual_drift,0.4927
2026-04-17,i-000000000426,AmazonEC2,prod,normal,0,0.0026,gradual_drift,0.4823
2026-04-18,i-000000000426,AmazonEC2,prod,normal,0,0.0033,gradual_drift,0.4972
2026-04-19,i-000000000426,AmazonEC2,prod,normal,0,0.0102,gradual_drift,0.5003
2026-04-20,i-000000000426,AmazonEC2,prod,normal,0,0.0028,gradual_drift,0.5036
2026-04-21,i-000000000426,AmazonEC2,prod,normal,0,0.0008,gradual_drift,0.5006
2026-04-22,i-000000000426,AmazonEC2,prod,normal,0,0.0036,gradual_drift,0.507
2026-04-23,i-000000000426,AmazonEC2,prod,normal,0,0.008,gradual_drift,0.513
2026-04-24,i-000000000426,AmazonEC2,prod,normal,0,0.0067,gradual_drift,0.5193
2026-04-25,i-000000000426,AmazonEC2,prod,normal,0,0.0029,gradual_drift,0.5224
2026-04-26,i-000000000426,AmazonEC2,prod,anomaly,1,0.7576,gradual_drift,0.5144
2026-04-27,i-000000000426,AmazonEC2,prod,anomaly,1,0.9507,gradual_drift,0.5188
2026-04-28,i-000000000426,AmazonEC2,prod,anomaly,1,0.8842,gradual_drift,0.5137
2026-04-29,i-000000000426,AmazonEC2,prod,normal,0,0.019,gradual_drift,0.5121
2026-04-30,i-000000000426,AmazonEC2,prod,normal,0,0.0057,gradual_drift,0.5112
2026-05-01,i-000000000426,AmazonEC2,prod,normal,0,0.0072,gradual_drift,0.5117
2026-05-02,i-000000000426,AmazonEC2,prod,normal,0,0.0061,gradual_drift,0.5117
2026-05-03,i-000000000426,AmazonEC2,prod,normal,0,0.0022,gradual_drift,0.5117
2026-03-22,i-000000000427,AmazonEC2,prod,normal,0,0.0005,gradual_drift,0.4175
2026-03-23,i-000000000427,AmazonEC2,prod,normal,0,0.0004,gradual_drift,0.4182
2026-03-24,i-000000000427,AmazonEC2,prod,normal,0,0.0003,gradual_drift,0.4206
2026-03-25,i-000000000427,AmazonEC2,prod,normal,0,0.0003,gradual_drift,0.4221
2026-03-26,i-000000000427,AmazonEC2,prod,normal,0,0.0005,gradual_drift,0.4246
2026-03-27,i-000000000427,AmazonEC2,prod,normal,0,0.0017,gradual_drift,0.425
2026-03-28,i-000000000427,AmazonEC2,prod,benign,0,0.9608,gradual_drift,0.4322
2026-03-29,i-000000000427,AmazonEC2,prod,benign,0,0.9612,gradual_drift,0.4347
2026-03-30,i-000000000427,AmazonEC2,prod,benign,0,0.0006,sudden_spike,0.5281
2026-03-31,i-000000000427,AmazonEC2,prod,normal,0,0.0005,gradual_drift,0.4395
2026-04-01,i-000000000427,AmazonEC2,prod,normal,0,0.0004,gradual_drift,0.4393
2026-04-02,i-000000000427,AmazonEC2,prod,normal,0,0.0003,gradual_drift,0.4444
2026-04-03,i-000000000427,AmazonEC2,prod,normal,0,0.0005,gradual_drift,0.4473
2026-04-04,i-000000000427,AmazonEC2,prod,normal,0,0.0003,gradual_drift,0.4498
2026-04-05,i-000000000427,AmazonEC2,prod,normal,0,0.0003,gradual_drift,0.4523
2026-04-06,i-000000000427,AmazonEC2,prod,normal,0,0.0052,gradual_drift,0.4548
2026-04-07,i-000000000427,AmazonEC2,prod,normal,0,0.0084,gradual_drift,0.4591
2026-04-08,i-000000000427,AmazonEC2,prod,normal,0,0.0014,gradual_drift,0.4622
2026-04-09,i-000000000427,AmazonEC2,prod,normal,0,0.0034,gradual_drift,0.4672
2026-04-10,i-000000000427,AmazonEC2,prod,normal,0,0.0017,gradual_drift,0.4679
2026-04-11,i-000000000427,AmazonEC2,prod,normal,0,0.001,gradual_drift,0.4746
2026-04-12,i-000000000427,AmazonEC2,prod,normal,0,0.0019,gradual_drift,0.4813
2026-04-13,i-000000000427,AmazonEC2,prod,normal,0,0.0008,gradual_drift,0.4748
2026-04-14,i-000000000427,AmazonEC2,prod,normal,0,0.0006,gradual_drift,0.4756
2026-04-15,i-000000000427,AmazonEC2,prod,normal,0,0.0005,gradual_drift,0.4816
2026-04-16,i-000000000427,AmazonEC2,prod,normal,0,0.0006,gradual_drift,0.4908
2026-04-17,i-000000000427,AmazonEC2,prod,normal,0,0.0004,gradual_drift,0.4889
2026-04-18,i-000000000427,AmazonEC2,prod,normal,0,0.0026,gradual_drift,0.4958
2026-04-19,i-000000000427,AmazonEC2,prod,normal,0,0.0027,gradual_drift,0.5007
2026-04-20,i-000000000427,AmazonEC2,prod,normal,0,0.0009,gradual_drift,0.5118
2026-04-21,i-000000000427,AmazonEC2,prod,normal,0,0.0039,gradual_drift,0.5183
2026-04-22,i-000000000427,AmazonEC2,prod,normal,0,0.0012,gradual_drift,0.5277
2026-04-23,i-000000000427,AmazonEC2,prod,normal,0,0.0037,gradual_drift,0.53
2026-04-24,i-000000000427,AmazonEC2,prod,normal,0,0.0017,gradual_drift,0.5266
2026-04-25,i-000000000427,AmazonEC2,prod,normal,0,0.0179,gradual_drift,0.5304
2026-04-26,i-000000000427,AmazonEC2,prod,normal,0,0.0008,gradual_drift,0.5247
2026-04-27,i-000000000427,AmazonEC2,prod,normal,0,0.0014,gradual_drift,0.5273
2026-04-28,i-000000000427,AmazonEC2,prod,normal,0,0.0027,gradual_drift,0.5264
2026-04-29,i-000000000427,AmazonEC2,prod,normal,0,0.0245,gradual_drift,0.5249
2026-04-30,i-000000000427,AmazonEC2,prod,normal,0,0.0062,gradual_drift,0.5228
2026-05-01,i-000000000427,AmazonEC2,prod,normal,0,0.0023,gradual_drift,0.5241
2026-05-02,i-000000000427,AmazonEC2,prod,normal,0,0.0181,gradual_drift,0.5241
2026-05-03,i-000000000427,AmazonEC2,prod,normal,0,0.0103,gradual_drift,0.5241
2026-03-22,i-0000000004dc,AmazonEC2,ml-research,anomaly,1,0.6702,runaway_usage,0.6421
2026-03-23,i-0000000004dc,AmazonEC2,ml-research,anomaly,1,0.1526,runaway_usage,0.7446
2026-03-24,i-0000000004dc,AmazonEC2,ml-research,normal,0,0.465,runaway_usage,0.7438
2026-03-25,i-0000000004dc,AmazonEC2,ml-research,normal,0,0.2909,runaway_usage,0.7453
2026-03-26,i-0000000004dc,AmazonEC2,ml-research,normal,0,0.3315,runaway_usage,0.7453
2026-03-27,i-0000000004dc,AmazonEC2,ml-research,normal,0,0.4746,runaway_usage,0.7448
2026-03-28,i-0000000004dc,AmazonEC2,ml-research,benign,0,0.9399,runaway_usage,0.7056
2026-03-29,i-0000000004dc,AmazonEC2,ml-research,benign,0,0.3622,runaway_usage,0.7228
2026-03-30,i-0000000004dc,AmazonEC2,ml-research,benign,0,0.0295,runaway_usage,0.747
2026-03-31,i-0000000004dc,AmazonEC2,ml-research,normal,0,0.2456,runaway_usage,0.7507
2026-04-01,i-0000000004dc,AmazonEC2,ml-research,anomaly,1,0.5966,runaway_usage,0.7556
2026-04-02,i-0000000004dc,AmazonEC2,ml-research,anomaly,1,0.654,runaway_usage,0.7602
2026-04-03,i-0000000004dc,AmazonEC2,ml-research,anomaly,1,0.3522,runaway_usage,0.7552
2026-04-04,i-0000000004dc,AmazonEC2,ml-research,anomaly,1,0.2191,runaway_usage,0.6708
2026-04-05,i-0000000004dc,AmazonEC2,ml-research,anomaly,1,0.3369,runaway_usage,0.6541
2026-04-06,i-0000000004dc,AmazonEC2,ml-research,anomaly,1,0.9464,runaway_usage,0.7499
2026-04-07,i-0000000004dc,AmazonEC2,ml-research,normal,0,0.5569,runaway_usage,0.7508
2026-04-08,i-0000000004dc,AmazonEC2,ml-research,normal,0,0.3468,sudden_spike,0.7561
2026-04-09,i-0000000004dc,AmazonEC2,ml-research,normal,0,0.2413,sudden_spike,0.7492
2026-04-10,i-0000000004dc,AmazonEC2,ml-research,normal,0,0.2618,runaway_usage,0.7501
2026-04-11,i-0000000004dc,AmazonEC2,ml-research,normal,0,0.103,runaway_usage,0.6772
2026-04-12,i-0000000004dc,AmazonEC2,ml-research,normal,0,0.0737,runaway_usage,0.6607
2026-04-13,i-0000000004dc,AmazonEC2,ml-research,normal,0,0.6002,runaway_usage,0.7517
2026-04-14,i-0000000004dc,AmazonEC2,ml-research,normal,0,0.8336,runaway_usage,0.7503
2026-04-15,i-0000000004dc,AmazonEC2,ml-research,normal,0,0.7197,runaway_usage,0.7475
2026-04-16,i-0000000004dc,AmazonEC2,ml-research,normal,0,0.8768,runaway_usage,0.7476
2026-04-17,i-0000000004dc,AmazonEC2,ml-research,normal,0,0.7912,runaway_usage,0.7478
2026-04-18,i-0000000004dc,AmazonEC2,ml-research,normal,0,0.8938,runaway_usage,0.6682
2026-04-19,i-0000000004dc,AmazonEC2,ml-research,normal,0,0.8756,runaway_usage,0.6535
2026-04-20,i-0000000004dc,AmazonEC2,ml-research,normal,0,0.1107,runaway_usage,0.7546
2026-04-21,i-0000000004dc,AmazonEC2,ml-research,normal,0,0.0391,runaway_usage,0.7503
2026-04-22,i-0000000004dc,AmazonEC2,ml-research,normal,0,0.0441,runaway_usage,0.7553
2026-04-23,i-0000000004dc,AmazonEC2,ml-research,normal,0,0.0305,runaway_usage,0.7541
2026-04-24,i-0000000004dc,AmazonEC2,ml-research,normal,0,0.0503,runaway_usage,0.7478
2026-04-25,i-0000000004dc,AmazonEC2,ml-research,normal,0,0.1408,runaway_usage,0.6565
2026-04-26,i-0000000004dc,AmazonEC2,ml-research,normal,0,0.1012,runaway_usage,0.6756
2026-04-27,i-0000000004dc,AmazonEC2,ml-research,anomaly,1,0.0796,runaway_usage,0.7512
2026-04-28,i-0000000004dc,AmazonEC2,ml-research,anomaly,1,0.0178,runaway_usage,0.7583
2026-04-29,i-0000000004dc,AmazonEC2,ml-research,anomaly,1,0.0362,runaway_usage,0.7573
2026-04-30,i-0000000004dc,AmazonEC2,ml-research,anomaly,1,0.0527,runaway_usage,0.7609
2026-05-01,i-0000000004dc,AmazonEC2,ml-research,anomaly,1,0.0103,runaway_usage,0.7581
2026-05-02,i-0000000004dc,AmazonEC2,ml-research,anomaly,1,0.025,runaway_usage,0.6723
2026-05-03,i-0000000004dc,AmazonEC2,ml-research,normal,0,0.1103,runaway_usage,0.6715
2026-04-08,i-0fbgpu00000000,AmazonEC2,ml-research,anomaly,1,0.073,runaway_usage,0.8989
2026-04-09,i-0fbgpu00000000,AmazonEC2,ml-research,anomaly,1,0.4051,runaway_usage,0.9019
2026-04-10,i-0fbgpu00000000,AmazonEC2,ml-research,anomaly,1,0.0561,runaway_usage,0.8982
2026-04-11,i-0fbgpu00000000,AmazonEC2,ml-research,normal,0,0.0469,runaway_usage,0.8235
2026-04-12,i-0fbgpu00000000,AmazonEC2,ml-research,benign,0,0.4982,runaway_usage,0.9566
2026-04-13,i-0fbgpu00000000,AmazonEC2,ml-research,normal,0,0.0184,runaway_usage,0.924
2026-04-14,i-0fbgpu00000000,AmazonEC2,ml-research,normal,0,0.0464,runaway_usage,0.9333
2026-04-15,i-0fbgpu00000000,AmazonEC2,ml-research,normal,0,0.031,runaway_usage,0.9533
2026-04-16,i-0fbgpu00000000,AmazonEC2,ml-research,normal,0,0.0796,runaway_usage,0.9421
2026-04-17,i-0fbgpu00000000,AmazonEC2,ml-research,normal,0,0.0796,runaway_usage,0.9235
2026-04-18,i-0fbgpu00000000,AmazonEC2,ml-research,normal,0,0.0297,runaway_usage,0.9321
2026-04-19,i-0fbgpu00000000,AmazonEC2,ml-research,benign,0,0.5983,runaway_usage,0.9619
2026-04-20,i-0fbgpu00000000,AmazonEC2,ml-research,normal,0,0.002,runaway_usage,0.9565
2026-04-21,i-0fbgpu00000000,AmazonEC2,ml-research,normal,0,0.0166,runaway_usage,0.8863
2026-04-22,i-0fbgpu00000000,AmazonEC2,ml-research,normal,0,0.0068,runaway_usage,0.9267
2026-04-23,i-0fbgpu00000000,AmazonEC2,ml-research,normal,0,0.0026,runaway_usage,0.9469
2026-04-24,i-0fbgpu00000000,AmazonEC2,ml-research,normal,0,0.0059,runaway_usage,0.9344
2026-04-25,i-0fbgpu00000000,AmazonEC2,ml-research,normal,0,0.0261,runaway_usage,0.9326
2026-04-08,i-0fbgpu00000001,AmazonEC2,ml-research,normal,0,0.0315,runaway_usage,0.8563
2026-04-09,i-0fbgpu00000001,AmazonEC2,ml-research,normal,0,0.0218,runaway_usage,0.8414
2026-04-10,i-0fbgpu00000001,AmazonEC2,ml-research,normal,0,0.0381,runaway_usage,0.8178
2026-04-11,i-0fbgpu00000001,AmazonEC2,ml-research,normal,0,0.0449,runaway_usage,0.805
2026-04-12,i-0fbgpu00000001,AmazonEC2,ml-research,benign,0,0.6783,runaway_usage,0.9279
2026-04-13,i-0fbgpu00000001,AmazonEC2,ml-research,normal,0,0.067,runaway_usage,0.9481
2026-04-14,i-0fbgpu00000001,AmazonEC2,ml-research,normal,0,0.0772,runaway_usage,0.924
2026-04-15,i-0fbgpu00000001,AmazonEC2,ml-research,normal,0,0.0175,runaway_usage,0.9165
2026-04-16,i-0fbgpu00000001,AmazonEC2,ml-research,normal,0,0.1553,runaway_usage,0.9294
2026-04-17,i-0fbgpu00000001,AmazonEC2,ml-research,normal,0,0.4298,runaway_usage,0.8908
2026-04-18,i-0fbgpu00000001,AmazonEC2,ml-research,normal,0,0.0177,runaway_usage,0.9275
2026-04-19,i-0fbgpu00000001,AmazonEC2,ml-research,anomaly,1,0.6697,runaway_usage,0.9523
2026-04-20,i-0fbgpu00000001,AmazonEC2,ml-research,anomaly,1,0.0084,runaway_usage,0.9818
2026-04-21,i-0fbgpu00000001,AmazonEC2,ml-research,anomaly,1,0.6918,runaway_usage,0.99
2026-04-22,i-0fbgpu00000001,AmazonEC2,ml-research,anomaly,1,0.2588,runaway_usage,0.99
2026-04-23,i-0fbgpu00000001,AmazonEC2,ml-research,anomaly,1,0.1821,runaway_usage,0.99
2026-04-24,i-0fbgpu00000001,AmazonEC2,ml-research,anomaly,1,0.0419,runaway_usage,0.9878
2026-04-25,i-0fbgpu00000001,AmazonEC2,ml-research,anomaly,1,0.1046,runaway_usage,0.9758
2026-04-08,i-0fbgpu00000002,AmazonEC2,ml-research,anomaly,1,0.857,runaway_usage,0.91
2026-04-09,i-0fbgpu00000002,AmazonEC2,ml-research,anomaly,1,0.6047,runaway_usage,0.9009
2026-04-10,i-0fbgpu00000002,AmazonEC2,ml-research,anomaly,1,0.8521,runaway_usage,0.91
2026-04-11,i-0fbgpu00000002,AmazonEC2,ml-research,anomaly,1,0.5986,runaway_usage,0.9057
2026-04-12,i-0fbgpu00000002,AmazonEC2,ml-research,anomaly,1,0.2507,runaway_usage,0.9561
2026-04-13,i-0fbgpu00000002,AmazonEC2,ml-research,benign,0,0.8581,runaway_usage,0.99
2026-04-14,i-0fbgpu00000002,AmazonEC2,ml-research,normal,0,0.0371,runaway_usage,0.9456
2026-04-15,i-0fbgpu00000002,AmazonEC2,ml-research,normal,0,0.0066,runaway_usage,0.9651
2026-04-16,i-0fbgpu00000002,AmazonEC2,ml-research,normal,0,0.0578,runaway_usage,0.9572
2026-04-17,i-0fbgpu00000002,AmazonEC2,ml-research,normal,0,0.0267,runaway_usage,0.9328
2026-04-18,i-0fbgpu00000002,AmazonEC2,ml-research,normal,0,0.1133,runaway_usage,0.947
2026-04-19,i-0fbgpu00000002,AmazonEC2,ml-research,benign,0,0.1942,runaway_usage,0.92
2026-04-20,i-0fbgpu00000002,AmazonEC2,ml-research,benign,0,0.5051,runaway_usage,0.9632
2026-04-21,i-0fbgpu00000002,AmazonEC2,ml-research,normal,0,0.002,runaway_usage,0.945
2026-04-22,i-0fbgpu00000002,AmazonEC2,ml-research,normal,0,0.0087,runaway_usage,0.9584
2026-04-23,i-0fbgpu00000002,AmazonEC2,ml-research,normal,0,0.0015,runaway_usage,0.9468
2026-04-24,i-0fbgpu00000002,AmazonEC2,ml-research,normal,0,0.0375,runaway_usage,0.9555
2026-04-25,i-0fbgpu00000002,AmazonEC2,ml-research,normal,0,0.0033,runaway_usage,0.9574
2026-04-08,i-0fbgpu00000003,AmazonEC2,ml-research,normal,0,0.0333,runaway_usage,0.8623
2026-04-09,i-0fbgpu00000003,AmazonEC2,ml-research,normal,0,0.0907,runaway_usage,0.8458
2026-04-10,i-0fbgpu00000003,AmazonEC2,ml-research,normal,0,0.0475,runaway_usage,0.8438
2026-04-11,i-0fbgpu00000003,AmazonEC2,ml-research,normal,0,0.021,runaway_usage,0.8825
2026-04-12,i-0fbgpu00000003,AmazonEC2,ml-research,benign,0,0.2708,runaway_usage,0.9789
2026-04-13,i-0fbgpu00000003,AmazonEC2,ml-research,benign,0,0.0919,runaway_usage,0.9871
2026-04-14,i-0fbgpu00000003,AmazonEC2,ml-research,normal,0,0.0784,runaway_usage,0.9488
2026-04-15,i-0fbgpu00000003,AmazonEC2,ml-research,normal,0,0.0192,runaway_usage,0.9499
2026-04-16,i-0fbgpu00000003,AmazonEC2,ml-research,normal,0,0.0184,runaway_usage,0.9577
2026-04-17,i-0fbgpu00000003,AmazonEC2,ml-research,normal,0,0.0598,runaway_usage,0.9718
2026-04-18,i-0fbgpu00000003,AmazonEC2,ml-research,normal,0,0.0097,runaway_usage,0.9486
2026-04-19,i-0fbgpu00000003,AmazonEC2,ml-research,benign,0,0.0778,runaway_usage,0.99
2026-04-20,i-0fbgpu00000003,AmazonEC2,ml-research,benign,0,0.1383,runaway_usage,0.9854
2026-04-21,i-0fbgpu00000003,AmazonEC2,ml-research,normal,0,0.0074,runaway_usage,0.9418
2026-04-22,i-0fbgpu00000003,AmazonEC2,ml-research,normal,0,0.0018,runaway_usage,0.9381
2026-04-23,i-0fbgpu00000003,AmazonEC2,ml-research,normal,0,0.0081,runaway_usage,0.9609
2026-04-24,i-0fbgpu00000003,AmazonEC2,ml-research,normal,0,0.0164,runaway_usage,0.9739
2026-04-25,i-0fbgpu00000003,AmazonEC2,ml-research,normal,0,0.1182,runaway_usage,0.9832
2026-04-08,i-0fbgpu00000004,AmazonEC2,ml-research,anomaly,1,0.7455,runaway_usage,0.909
2026-04-09,i-0fbgpu00000004,AmazonEC2,ml-research,anomaly,1,0.7356,runaway_usage,0.9096
2026-04-10,i-0fbgpu00000004,AmazonEC2,ml-research,anomaly,1,0.3583,runaway_usage,0.9065
2026-04-11,i-0fbgpu00000004,AmazonEC2,ml-research,anomaly,1,0.8255,runaway_usage,0.9022
2026-04-12,i-0fbgpu00000004,AmazonEC2,ml-research,benign,0,0.7072,runaway_usage,0.9863
2026-04-13,i-0fbgpu00000004,AmazonEC2,ml-research,normal,0,0.0221,runaway_usage,0.9318
2026-04-14,i-0fbgpu00000004,AmazonEC2,ml-research,anomaly,1,0.945,runaway_usage,0.99
2026-04-15,i-0fbgpu00000004,AmazonEC2,ml-research,anomaly,1,0.9244,runaway_usage,0.99
2026-04-16,i-0fbgpu00000004,AmazonEC2,ml-research,anomaly,1,0.8699,runaway_usage,0.99
2026-04-17,i-0fbgpu00000004,AmazonEC2,ml-research,normal,0,0.2742,runaway_usage,0.9247
2026-04-18,i-0fbgpu00000004,AmazonEC2,ml-research,normal,0,0.1182,runaway_usage,0.9338
2026-04-19,i-0fbgpu00000004,AmazonEC2,ml-research,benign,0,0.489,runaway_usage,0.9461
2026-04-20,i-0fbgpu00000004,AmazonEC2,ml-research,normal,0,0.0028,runaway_usage,0.8949
2026-04-21,i-0fbgpu00000004,AmazonEC2,ml-research,normal,0,0.0013,runaway_usage,0.9218
2026-04-22,i-0fbgpu00000004,AmazonEC2,ml-research,normal,0,0.0372,runaway_usage,0.9446
2026-04-23,i-0fbgpu00000004,AmazonEC2,ml-research,normal,0,0.0195,runaway_usage,0.8936
2026-04-24,i-0fbgpu00000004,AmazonEC2,ml-research,normal,0,0.0035,runaway_usage,0.9319
2026-04-25,i-0fbgpu00000004,AmazonEC2,ml-research,normal,0,0.0096,runaway_usage,0.9155
2026-03-22,i-0untaggedfleet01,AmazonEC2,prod,normal,0,0.0071,untagged_spend,0.99
2026-03-23,i-0untaggedfleet01,AmazonEC2,prod,normal,0,0.0055,untagged_spend,0.99
2026-03-24,i-0untaggedfleet01,AmazonEC2,prod,normal,0,0.0065,untagged_spend,0.99
2026-03-25,i-0untaggedfleet01,AmazonEC2,prod,normal,0,0.0256,untagged_spend,0.99
2026-03-26,i-0untaggedfleet01,AmazonEC2,prod,normal,0,0.0042,untagged_spend,0.99
2026-03-27,i-0untaggedfleet01,AmazonEC2,prod,normal,0,0.0054,untagged_spend,0.99
2026-03-28,i-0untaggedfleet01,AmazonEC2,prod,benign,0,0.9982,untagged_spend,0.99
2026-03-29,i-0untaggedfleet01,AmazonEC2,prod,benign,0,0.9985,untagged_spend,0.99
2026-03-30,i-0untaggedfleet01,AmazonEC2,prod,benign,0,0.0364,untagged_spend,0.99
2026-03-31,i-0untaggedfleet01,AmazonEC2,prod,normal,0,0.006,untagged_spend,0.99
2026-04-01,i-0untaggedfleet01,AmazonEC2,prod,normal,0,0.0047,untagged_spend,0.99
2026-04-02,i-0untaggedfleet01,AmazonEC2,prod,normal,0,0.0097,untagged_spend,0.99
2026-04-03,i-0untaggedfleet01,AmazonEC2,prod,normal,0,0.0083,untagged_spend,0.99
2026-04-04,i-0untaggedfleet01,AmazonEC2,prod,normal,0,0.0029,untagged_spend,0.99
2026-04-05,i-0untaggedfleet01,AmazonEC2,prod,normal,0,0.0033,untagged_spend,0.99
2026-04-06,i-0untaggedfleet01,AmazonEC2,prod,normal,0,0.0013,untagged_spend,0.99
2026-04-07,i-0untaggedfleet01,AmazonEC2,prod,normal,0,0.0022,untagged_spend,0.99
2026-04-08,i-0untaggedfleet01,AmazonEC2,prod,normal,0,0.0061,untagged_spend,0.99
2026-04-09,i-0untaggedfleet01,AmazonEC2,prod,normal,0,0.0038,untagged_spend,0.99
2026-04-10,i-0untaggedfleet01,AmazonEC2,prod,normal,0,0.0324,untagged_spend,0.99
2026-04-11,i-0untaggedfleet01,AmazonEC2,prod,normal,0,0.005,untagged_spend,0.99
2026-04-12,i-0untaggedfleet01,AmazonEC2,prod,normal,0,0.0021,untagged_spend,0.99
2026-04-13,i-0untaggedfleet01,AmazonEC2,prod,normal,0,0.0126,untagged_spend,0.99
2026-04-14,i-0untaggedfleet01,AmazonEC2,prod,normal,0,0.0037,untagged_spend,0.99
2026-04-15,i-0untaggedfleet01,AmazonEC2,prod,normal,0,0.0045,untagged_spend,0.99
2026-04-16,i-0untaggedfleet01,AmazonEC2,prod,normal,0,0.0045,untagged_spend,0.99
2026-04-17,i-0untaggedfleet01,AmazonEC2,prod,normal,0,0.0037,untagged_spend,0.99
2026-04-18,i-0untaggedfleet01,AmazonEC2,prod,normal,0,0.0053,untagged_spend,0.99
2026-04-19,i-0untaggedfleet01,AmazonEC2,prod,normal,0,0.0017,untagged_spend,0.99
2026-04-20,i-0untaggedfleet01,AmazonEC2,prod,normal,0,0.001,untagged_spend,0.99
2026-04-21,i-0untaggedfleet01,AmazonEC2,prod,normal,0,0.0034,untagged_spend,0.99
2026-04-22,i-0untaggedfleet01,AmazonEC2,prod,normal,0,0.0063,untagged_spend,0.99
2026-04-23,i-0untaggedfleet01,AmazonEC2,prod,normal,0,0.0005,untagged_spend,0.99
2026-04-24,i-0untaggedfleet01,AmazonEC2,prod,normal,0,0.0258,untagged_spend,0.99
2026-04-25,i-0untaggedfleet01,AmazonEC2,prod,normal,0,0.0009,untagged_spend,0.99
2026-04-26,i-0untaggedfleet01,AmazonEC2,prod,normal,0,0.0011,untagged_spend,0.99
2026-04-27,i-0untaggedfleet01,AmazonEC2,prod,normal,0,0.0006,untagged_spend,0.99
2026-04-28,i-0untaggedfleet01,AmazonEC2,prod,normal,0,0.0011,untagged_spend,0.99
2026-04-29,i-0untaggedfleet01,AmazonEC2,prod,normal,0,0.0007,untagged_spend,0.99
2026-04-30,i-0untaggedfleet01,AmazonEC2,prod,normal,0,0.0129,untagged_spend,0.99
2026-05-01,i-0untaggedfleet01,AmazonEC2,prod,normal,0,0.0011,untagged_spend,0.99
2026-05-02,i-0untaggedfleet01,AmazonEC2,prod,normal,0,0.0048,untagged_spend,0.99
2026-05-03,i-0untaggedfleet01,AmazonEC2,prod,anomaly,1,0.7041,untagged_spend,0.99
2026-03-22,res-amazonathena-1241,AmazonAthena,data-analytics,normal,0,0.0549,idle_resource,0.0
2026-03-23,res-amazonathena-1241,AmazonAthena,data-analytics,normal,0,0.0139,idle_resource,0.0
2026-03-24,res-amazonathena-1241,AmazonAthena,data-analytics,normal,0,0.0337,idle_resource,0.0
2026-03-25,res-amazonathena-1241,AmazonAthena,data-analytics,normal,0,0.0075,idle_resource,0.0
2026-03-26,res-amazonathena-1241,AmazonAthena,data-analytics,normal,0,0.0059,idle_resource,0.0
2026-03-27,res-amazonathena-1241,AmazonAthena,data-analytics,normal,0,0.007,idle_resource,0.0
2026-03-28,res-amazonathena-1241,AmazonAthena,data-analytics,benign,0,0.425,idle_resource,0.0
2026-03-29,res-amazonathena-1241,AmazonAthena,data-analytics,benign,0,0.4928,idle_resource,0.0
2026-03-30,res-amazonathena-1241,AmazonAthena,data-analytics,benign,0,0.0082,sudden_spike,0.5168
2026-03-31,res-amazonathena-1241,AmazonAthena,data-analytics,normal,0,0.0052,idle_resource,0.0
2026-04-01,res-amazonathena-1241,AmazonAthena,data-analytics,normal,0,0.0128,idle_resource,0.0
2026-04-02,res-amazonathena-1241,AmazonAthena,data-analytics,normal,0,0.0112,idle_resource,0.0
2026-04-03,res-amazonathena-1241,AmazonAthena,data-analytics,normal,0,0.0091,idle_resource,0.0
2026-04-04,res-amazonathena-1241,AmazonAthena,data-analytics,normal,0,0.0138,idle_resource,0.0
2026-04-05,res-amazonathena-1241,AmazonAthena,data-analytics,normal,0,0.0222,idle_resource,0.0
2026-04-06,res-amazonathena-1241,AmazonAthena,data-analytics,normal,0,0.0032,idle_resource,0.0
2026-04-07,res-amazonathena-1241,AmazonAthena,data-analytics,normal,0,0.0278,idle_resource,0.0
2026-04-08,res-amazonathena-1241,AmazonAthena,data-analytics,normal,0,0.0131,idle_resource,0.0
2026-04-09,res-amazonathena-1241,AmazonAthena,data-analytics,normal,0,0.1389,idle_resource,0.0
2026-04-10,res-amazonathena-1241,AmazonAthena,data-analytics,normal,0,0.0295,idle_resource,0.0
2026-04-11,res-amazonathena-1241,AmazonAthena,data-analytics,normal,0,0.0121,idle_resource,0.0
2026-04-12,res-amazonathena-1241,AmazonAthena,data-analytics,benign,0,0.0484,idle_resource,0.0
2026-04-13,res-amazonathena-1241,AmazonAthena,data-analytics,normal,0,0.0146,idle_resource,0.0
2026-04-14,res-amazonathena-1241,AmazonAthena,data-analytics,normal,0,0.0081,idle_resource,0.0
2026-04-15,res-amazonathena-1241,AmazonAthena,data-analytics,normal,0,0.014,idle_resource,0.0
2026-04-16,res-amazonathena-1241,AmazonAthena,data-analytics,normal,0,0.0832,idle_resource,0.0
2026-04-17,res-amazonathena-1241,AmazonAthena,data-analytics,normal,0,0.0274,idle_resource,0.0
2026-04-18,res-amazonathena-1241,AmazonAthena,data-analytics,normal,0,0.0743,idle_resource,0.0
2026-04-19,res-amazonathena-1241,AmazonAthena,data-analytics,normal,0,0.0152,idle_resource,0.0
2026-04-20,res-amazonathena-1241,AmazonAthena,data-analytics,normal,0,0.001,idle_resource,0.0
2026-04-21,res-amazonathena-1241,AmazonAthena,data-analytics,normal,0,0.0006,idle_resource,0.0
2026-04-22,res-amazonathena-1241,AmazonAthena,data-analytics,normal,0,0.0907,idle_resource,0.0
2026-04-23,res-amazonathena-1241,AmazonAthena,data-analytics,normal,0,0.0106,idle_resource,0.0
2026-04-24,res-amazonathena-1241,AmazonAthena,data-analytics,normal,0,0.0036,idle_resource,0.0
2026-04-25,res-amazonathena-1241,AmazonAthena,data-analytics,normal,0,0.0005,idle_resource,0.0
2026-04-26,res-amazonathena-1241,AmazonAthena,data-analytics,benign,0,0.0029,idle_resource,0.0
2026-04-27,res-amazonathena-1241,AmazonAthena,data-analytics,normal,0,0.005,idle_resource,0.0
2026-04-28,res-amazonathena-1241,AmazonAthena,data-analytics,normal,0,0.0303,idle_resource,0.0
2026-04-29,res-amazonathena-1241,AmazonAthena,data-analytics,normal,0,0.0023,idle_resource,0.0
2026-04-30,res-amazonathena-1241,AmazonAthena,data-analytics,normal,0,0.0195,idle_resource,0.0
2026-05-01,res-amazonathena-1241,AmazonAthena,data-analytics,normal,0,0.0169,idle_resource,0.0
2026-05-02,res-amazonathena-1241,AmazonAthena,data-analytics,normal,0,0.0078,idle_resource,0.0
2026-05-03,res-amazonathena-1241,AmazonAthena,data-analytics,normal,0,0.0076,idle_resource,0.0
2026-03-22,res-amazoncloudwatch-1046,AmazonCloudWatch,prod,normal,0,0.0416,sudden_spike,0.43
2026-03-23,res-amazoncloudwatch-1046,AmazonCloudWatch,prod,normal,0,0.0015,sudden_spike,0.3816
2026-03-24,res-amazoncloudwatch-1046,AmazonCloudWatch,prod,normal,0,0.004,sudden_spike,0.2884
2026-03-25,res-amazoncloudwatch-1046,AmazonCloudWatch,prod,normal,0,0.0042,sudden_spike,0.2946
2026-03-26,res-amazoncloudwatch-1046,AmazonCloudWatch,prod,normal,0,0.0019,sudden_spike,0.3141
2026-03-27,res-amazoncloudwatch-1046,AmazonCloudWatch,prod,normal,0,0.0054,sudden_spike,0.3811
2026-03-28,res-amazoncloudwatch-1046,AmazonCloudWatch,prod,benign,0,0.9974,sudden_spike,0.3558
2026-03-29,res-amazoncloudwatch-1046,AmazonCloudWatch,prod,benign,0,0.9971,sudden_spike,0.4742
2026-03-30,res-amazoncloudwatch-1046,AmazonCloudWatch,prod,benign,0,0.0048,sudden_spike,0.542
2026-03-31,res-amazoncloudwatch-1046,AmazonCloudWatch,prod,normal,0,0.0034,sudden_spike,0.4668
2026-04-01,res-amazoncloudwatch-1046,AmazonCloudWatch,prod,normal,0,0.0035,sudden_spike,0.4324
2026-04-02,res-amazoncloudwatch-1046,AmazonCloudWatch,prod,normal,0,0.0024,sudden_spike,0.3602
2026-04-03,res-amazoncloudwatch-1046,AmazonCloudWatch,prod,normal,0,0.0058,sudden_spike,0.3373
2026-04-04,res-amazoncloudwatch-1046,AmazonCloudWatch,prod,normal,0,0.0037,sudden_spike,0.43
2026-04-05,res-amazoncloudwatch-1046,AmazonCloudWatch,prod,normal,0,0.0044,sudden_spike,0.43
2026-04-06,res-amazoncloudwatch-1046,AmazonCloudWatch,prod,normal,0,0.0009,sudden_spike,0.43
2026-04-07,res-amazoncloudwatch-1046,AmazonCloudWatch,prod,normal,0,0.0024,sudden_spike,0.3767
2026-04-08,res-amazoncloudwatch-1046,AmazonCloudWatch,prod,normal,0,0.0004,sudden_spike,0.3901
2026-04-09,res-amazoncloudwatch-1046,AmazonCloudWatch,prod,normal,0,0.0037,sudden_spike,0.349
2026-04-10,res-amazoncloudwatch-1046,AmazonCloudWatch,prod,normal,0,0.0016,sudden_spike,0.3282
2026-04-11,res-amazoncloudwatch-1046,AmazonCloudWatch,prod,normal,0,0.0116,sudden_spike,0.3301
2026-04-12,res-amazoncloudwatch-1046,AmazonCloudWatch,prod,benign,0,0.0046,sudden_spike,0.3945
2026-04-13,res-amazoncloudwatch-1046,AmazonCloudWatch,prod,normal,0,0.0005,sudden_spike,0.2849
2026-04-14,res-amazoncloudwatch-1046,AmazonCloudWatch,prod,normal,0,0.0018,sudden_spike,0.4366
2026-04-15,res-amazoncloudwatch-1046,AmazonCloudWatch,prod,normal,0,0.0021,sudden_spike,0.2864
2026-04-16,res-amazoncloudwatch-1046,AmazonCloudWatch,prod,normal,0,0.0007,sudden_spike,0.4298
2026-04-17,res-amazoncloudwatch-1046,AmazonCloudWatch,prod,normal,0,0.0035,sudden_spike,0.4406
2026-04-18,res-amazoncloudwatch-1046,AmazonCloudWatch,prod,normal,0,0.0039,sudden_spike,0.4099
2026-04-19,res-amazoncloudwatch-1046,AmazonCloudWatch,prod,normal,0,0.0186,sudden_spike,0.43
2026-04-20,res-amazoncloudwatch-1046,AmazonCloudWatch,prod,normal,0,0.012,sudden_spike,0.2972
2026-04-21,res-amazoncloudwatch-1046,AmazonCloudWatch,prod,normal,0,0.0084,sudden_spike,0.3165
2026-04-22,res-amazoncloudwatch-1046,AmazonCloudWatch,prod,normal,0,0.0091,sudden_spike,0.5042
2026-04-23,res-amazoncloudwatch-1046,AmazonCloudWatch,prod,normal,0,0.0415,sudden_spike,0.3451
2026-04-24,res-amazoncloudwatch-1046,AmazonCloudWatch,prod,normal,0,0.0415,sudden_spike,0.3925
2026-04-25,res-amazoncloudwatch-1046,AmazonCloudWatch,prod,normal,0,0.0223,sudden_spike,0.43
2026-04-26,res-amazoncloudwatch-1046,AmazonCloudWatch,prod,benign,0,0.0518,sudden_spike,0.3626
2026-04-27,res-amazoncloudwatch-1046,AmazonCloudWatch,prod,normal,0,0.0336,sudden_spike,0.3767
2026-04-28,res-amazoncloudwatch-1046,AmazonCloudWatch,prod,normal,0,0.0494,sudden_spike,0.489
2026-04-29,res-amazoncloudwatch-1046,AmazonCloudWatch,prod,normal,0,0.0387,sudden_spike,0.4059
2026-04-30,res-amazoncloudwatch-1046,AmazonCloudWatch,prod,normal,0,0.3574,sudden_spike,0.4642
2026-05-01,res-amazoncloudwatch-1046,AmazonCloudWatch,prod,normal,0,0.0163,sudden_spike,0.2975
2026-05-02,res-amazoncloudwatch-1046,AmazonCloudWatch,prod,normal,0,0.0217,sudden_spike,0.3761
2026-05-03,res-amazoncloudwatch-1046,AmazonCloudWatch,prod,normal,0,0.0315,sudden_spike,0.3747
2026-03-22,res-amazoncloudwatch-1165,AmazonCloudWatch,staging,normal,0,0.2437,sudden_spike,0.43
2026-03-23,res-amazoncloudwatch-1165,AmazonCloudWatch,staging,normal,0,0.0276,sudden_spike,0.43
2026-03-24,res-amazoncloudwatch-1165,AmazonCloudWatch,staging,normal,0,0.0203,sudden_spike,0.311
2026-03-25,res-amazoncloudwatch-1165,AmazonCloudWatch,staging,normal,0,0.0252,sudden_spike,0.2888
2026-03-26,res-amazoncloudwatch-1165,AmazonCloudWatch,staging,normal,0,0.057,sudden_spike,0.2987
2026-03-27,res-amazoncloudwatch-1165,AmazonCloudWatch,staging,normal,0,0.1057,sudden_spike,0.4565
2026-03-28,res-amazoncloudwatch-1165,AmazonCloudWatch,staging,benign,0,0.9947,sudden_spike,0.3627
2026-03-29,res-amazoncloudwatch-1165,AmazonCloudWatch,staging,benign,0,0.9985,sudden_spike,0.3728
2026-03-30,res-amazoncloudwatch-1165,AmazonCloudWatch,staging,benign,0,0.0502,sudden_spike,0.518
2026-03-31,res-amazoncloudwatch-1165,AmazonCloudWatch,staging,normal,0,0.0263,sudden_spike,0.4861
2026-04-01,res-amazoncloudwatch-1165,AmazonCloudWatch,staging,normal,0,0.0204,sudden_spike,0.4658
2026-04-02,res-amazoncloudwatch-1165,AmazonCloudWatch,staging,normal,0,0.1033,sudden_spike,0.3106
2026-04-03,res-amazoncloudwatch-1165,AmazonCloudWatch,staging,normal,0,0.0176,sudden_spike,0.2912
2026-04-04,res-amazoncloudwatch-1165,AmazonCloudWatch,staging,normal,0,0.0291,sudden_spike,0.43
2026-04-05,res-amazoncloudwatch-1165,AmazonCloudWatch,staging,normal,0,0.1645,sudden_spike,0.43
2026-04-06,res-amazoncloudwatch-1165,AmazonCloudWatch,staging,normal,0,0.0021,sudden_spike,0.43
2026-04-07,res-amazoncloudwatch-1165,AmazonCloudWatch,staging,normal,0,0.0041,sudden_spike,0.3429
2026-04-08,res-amazoncloudwatch-1165,AmazonCloudWatch,staging,normal,0,0.003,sudden_spike,0.3203
2026-04-09,res-amazoncloudwatch-1165,AmazonCloudWatch,staging,normal,0,0.0032,sudden_spike,0.3698
2026-04-10,res-amazoncloudwatch-1165,AmazonCloudWatch,staging,normal,0,0.0106,sudden_spike,0.3487
2026-04-11,res-amazoncloudwatch-1165,AmazonCloudWatch,staging,normal,0,0.0012,sudden_spike,0.4278
2026-04-12,res-amazoncloudwatch-1165,AmazonCloudWatch,staging,normal,0,0.0012,sudden_spike,0.43
2026-04-13,res-amazoncloudwatch-1165,AmazonCloudWatch,staging,normal,0,0.0011,sudden_spike,0.2995
2026-04-14,res-amazoncloudwatch-1165,AmazonCloudWatch,staging,normal,0,0.0034,sudden_spike,0.4063
2026-04-15,res-amazoncloudwatch-1165,AmazonCloudWatch,staging,normal,0,0.0035,sudden_spike,0.4275
2026-04-16,res-amazoncloudwatch-1165,AmazonCloudWatch,staging,normal,0,0.0022,sudden_spike,0.3744
2026-04-17,res-amazoncloudwatch-1165,AmazonCloudWatch,staging,normal,0,0.0048,sudden_spike,0.3687
2026-04-18,res-amazoncloudwatch-1165,AmazonCloudWatch,staging,normal,0,0.0022,sudden_spike,0.43
2026-04-19,res-amazoncloudwatch-1165,AmazonCloudWatch,staging,normal,0,0.0037,sudden_spike,0.43
2026-04-20,res-amazoncloudwatch-1165,AmazonCloudWatch,staging,normal,0,0.0067,sudden_spike,0.3773
2026-04-21,res-amazoncloudwatch-1165,AmazonCloudWatch,staging,normal,0,0.0048,sudden_spike,0.293
2026-04-22,res-amazoncloudwatch-1165,AmazonCloudWatch,staging,normal,0,0.0687,sudden_spike,0.5249
2026-04-23,res-amazoncloudwatch-1165,AmazonCloudWatch,staging,normal,0,0.0294,sudden_spike,0.3836
2026-04-24,res-amazoncloudwatch-1165,AmazonCloudWatch,staging,normal,0,0.023,sudden_spike,0.4085
2026-04-25,res-amazoncloudwatch-1165,AmazonCloudWatch,staging,normal,0,0.0101,sudden_spike,0.3925
2026-04-26,res-amazoncloudwatch-1165,AmazonCloudWatch,staging,normal,0,0.0014,sudden_spike,0.2976
2026-04-27,res-amazoncloudwatch-1165,AmazonCloudWatch,staging,normal,0,0.0053,sudden_spike,0.4473
2026-04-28,res-amazoncloudwatch-1165,AmazonCloudWatch,staging,normal,0,0.0112,sudden_spike,0.3933
2026-04-29,res-amazoncloudwatch-1165,AmazonCloudWatch,staging,normal,0,0.0095,sudden_spike,0.379
2026-04-30,res-amazoncloudwatch-1165,AmazonCloudWatch,staging,normal,0,0.0281,sudden_spike,0.4604
2026-05-01,res-amazoncloudwatch-1165,AmazonCloudWatch,staging,normal,0,0.1079,sudden_spike,0.2817
2026-05-02,res-amazoncloudwatch-1165,AmazonCloudWatch,staging,normal,0,0.0156,sudden_spike,0.43
2026-05-03,res-amazoncloudwatch-1165,AmazonCloudWatch,staging,normal,0,0.0047,sudden_spike,0.43
2026-03-22,res-amazondynamodb-1067,AmazonDynamoDB,prod,normal,0,0.023,gradual_drift,0.4184
2026-03-23,res-amazondynamodb-1067,AmazonDynamoDB,prod,normal,0,0.0112,gradual_drift,0.4186
2026-03-24,res-amazondynamodb-1067,AmazonDynamoDB,prod,normal,0,0.002,gradual_drift,0.4211
2026-03-25,res-amazondynamodb-1067,AmazonDynamoDB,prod,normal,0,0.0095,gradual_drift,0.4236
2026-03-26,res-amazondynamodb-1067,AmazonDynamoDB,prod,normal,0,0.0028,gradual_drift,0.4259
2026-03-27,res-amazondynamodb-1067,AmazonDynamoDB,prod,normal,0,0.0021,gradual_drift,0.4274
2026-03-28,res-amazondynamodb-1067,AmazonDynamoDB,prod,benign,0,0.9951,gradual_drift,0.4327
2026-03-29,res-amazondynamodb-1067,AmazonDynamoDB,prod,benign,0,0.9678,gradual_drift,0.4332
2026-03-30,res-amazondynamodb-1067,AmazonDynamoDB,prod,benign,0,0.0042,sudden_spike,0.5376
2026-03-31,res-amazondynamodb-1067,AmazonDynamoDB,prod,normal,0,0.0111,gradual_drift,0.4374
2026-04-01,res-amazondynamodb-1067,AmazonDynamoDB,prod,normal,0,0.0025,gradual_drift,0.4399
2026-04-02,res-amazondynamodb-1067,AmazonDynamoDB,prod,normal,0,0.0036,gradual_drift,0.4435
2026-04-03,res-amazondynamodb-1067,AmazonDynamoDB,prod,normal,0,0.0036,gradual_drift,0.4463
2026-04-04,res-amazondynamodb-1067,AmazonDynamoDB,prod,normal,0,0.0099,gradual_drift,0.4488
2026-04-05,res-amazondynamodb-1067,AmazonDynamoDB,prod,normal,0,0.0543,gradual_drift,0.4513
2026-04-06,res-amazondynamodb-1067,AmazonDynamoDB,prod,normal,0,0.0004,gradual_drift,0.4538
2026-04-07,res-amazondynamodb-1067,AmazonDynamoDB,prod,normal,0,0.0007,gradual_drift,0.4564
2026-04-08,res-amazondynamodb-1067,AmazonDynamoDB,prod,normal,0,0.0013,gradual_drift,0.4623
2026-04-09,res-amazondynamodb-1067,AmazonDynamoDB,prod,normal,0,0.0009,gradual_drift,0.4661
2026-04-10,res-amazondynamodb-1067,AmazonDynamoDB,prod,normal,0,0.0074,gradual_drift,0.4685
2026-04-11,res-amazondynamodb-1067,AmazonDynamoDB,prod,normal,0,0.0018,gradual_drift,0.4841
2026-04-12,res-amazondynamodb-1067,AmazonDynamoDB,prod,normal,0,0.0047,gradual_drift,0.4838
2026-04-13,res-amazondynamodb-1067,AmazonDynamoDB,prod,normal,0,0.0112,gradual_drift,0.4857
2026-04-14,res-amazondynamodb-1067,AmazonDynamoDB,prod,normal,0,0.004,gradual_drift,0.4896
2026-04-15,res-amazondynamodb-1067,AmazonDynamoDB,prod,normal,0,0.0032,gradual_drift,0.4918
2026-04-16,res-amazondynamodb-1067,AmazonDynamoDB,prod,normal,0,0.0055,gradual_drift,0.5001
2026-04-17,res-amazondynamodb-1067,AmazonDynamoDB,prod,normal,0,0.0016,gradual_drift,0.503
2026-04-18,res-amazondynamodb-1067,AmazonDynamoDB,prod,normal,0,0.0008,gradual_drift,0.5061
2026-04-19,res-amazondynamodb-1067,AmazonDynamoDB,prod,normal,0,0.0056,gradual_drift,0.5095
2026-04-20,res-amazondynamodb-1067,AmazonDynamoDB,prod,normal,0,0.0062,gradual_drift,0.5129
2026-04-21,res-amazondynamodb-1067,AmazonDynamoDB,prod,normal,0,0.0064,gradual_drift,0.5137
2026-04-22,res-amazondynamodb-1067,AmazonDynamoDB,prod,normal,0,0.0379,gradual_drift,0.5202
2026-04-23,res-amazondynamodb-1067,AmazonDynamoDB,prod,normal,0,0.0116,gradual_drift,0.5293
2026-04-24,res-amazondynamodb-1067,AmazonDynamoDB,prod,normal,0,0.0275,gradual_drift,0.5298
2026-04-25,res-amazondynamodb-1067,AmazonDynamoDB,prod,normal,0,0.0137,gradual_drift,0.533
2026-04-26,res-amazondynamodb-1067,AmazonDynamoDB,prod,normal,0,0.0188,gradual_drift,0.528
2026-04-27,res-amazondynamodb-1067,AmazonDynamoDB,prod,normal,0,0.0054,gradual_drift,0.5325
2026-04-28,res-amazondynamodb-1067,AmazonDynamoDB,prod,normal,0,0.0022,gradual_drift,0.5311
2026-04-29,res-amazondynamodb-1067,AmazonDynamoDB,prod,normal,0,0.031,gradual_drift,0.5378
2026-04-30,res-amazondynamodb-1067,AmazonDynamoDB,prod,normal,0,0.0035,gradual_drift,0.5379
2026-05-01,res-amazondynamodb-1067,AmazonDynamoDB,prod,normal,0,0.0244,gradual_drift,0.5379
2026-05-02,res-amazondynamodb-1067,AmazonDynamoDB,prod,normal,0,0.0116,gradual_drift,0.5379
2026-05-03,res-amazondynamodb-1067,AmazonDynamoDB,prod,normal,0,0.0056,gradual_drift,0.5379
2026-03-22,res-amazondynamodb-1230,AmazonDynamoDB,data-analytics,normal,0,0.0128,gradual_drift,0.4182
2026-03-23,res-amazondynamodb-1230,AmazonDynamoDB,data-analytics,normal,0,0.0167,gradual_drift,0.4185
2026-03-24,res-amazondynamodb-1230,AmazonDynamoDB,data-analytics,normal,0,0.0288,gradual_drift,0.4205
2026-03-25,res-amazondynamodb-1230,AmazonDynamoDB,data-analytics,normal,0,0.0061,gradual_drift,0.4202
2026-03-26,res-amazondynamodb-1230,AmazonDynamoDB,data-analytics,normal,0,0.0227,gradual_drift,0.4238
2026-03-27,res-amazondynamodb-1230,AmazonDynamoDB,data-analytics,normal,0,0.0528,gradual_drift,0.4263
2026-03-28,res-amazondynamodb-1230,AmazonDynamoDB,data-analytics,benign,0,0.9763,gradual_drift,0.4319
2026-03-29,res-amazondynamodb-1230,AmazonDynamoDB,data-analytics,benign,0,0.9686,gradual_drift,0.4349
2026-03-30,res-amazondynamodb-1230,AmazonDynamoDB,data-analytics,benign,0,0.0085,sudden_spike,0.5458
2026-03-31,res-amazondynamodb-1230,AmazonDynamoDB,data-analytics,normal,0,0.0055,gradual_drift,0.4386
2026-04-01,res-amazondynamodb-1230,AmazonDynamoDB,data-analytics,normal,0,0.0064,gradual_drift,0.4411
2026-04-02,res-amazondynamodb-1230,AmazonDynamoDB,data-analytics,normal,0,0.0103,gradual_drift,0.4433
2026-04-03,res-amazondynamodb-1230,AmazonDynamoDB,data-analytics,normal,0,0.0133,gradual_drift,0.4473
2026-04-04,res-amazondynamodb-1230,AmazonDynamoDB,data-analytics,normal,0,0.0068,gradual_drift,0.4498
2026-04-05,res-amazondynamodb-1230,AmazonDynamoDB,data-analytics,normal,0,0.0081,gradual_drift,0.4523
2026-04-06,res-amazondynamodb-1230,AmazonDynamoDB,data-analytics,normal,0,0.0021,gradual_drift,0.4557
2026-04-07,res-amazondynamodb-1230,AmazonDynamoDB,data-analytics,normal,0,0.0009,gradual_drift,0.4557
2026-04-08,res-amazondynamodb-1230,AmazonDynamoDB,data-analytics,normal,0,0.001,gradual_drift,0.4596
2026-04-09,res-amazondynamodb-1230,AmazonDynamoDB,data-analytics,normal,0,0.001,gradual_drift,0.4642
2026-04-10,res-amazondynamodb-1230,AmazonDynamoDB,data-analytics,normal,0,0.0038,gradual_drift,0.4667
2026-04-11,res-amazondynamodb-1230,AmazonDynamoDB,data-analytics,normal,0,0.0019,gradual_drift,0.4837
2026-04-12,res-amazondynamodb-1230,AmazonDynamoDB,data-analytics,normal,0,0.0014,gradual_drift,0.4863
2026-04-13,res-amazondynamodb-1230,AmazonDynamoDB,data-analytics,anomaly,1,0.051,gradual_drift,0.4841
2026-04-14,res-amazondynamodb-1230,AmazonDynamoDB,data-analytics,anomaly,1,0.0174,gradual_drift,0.4857
2026-04-15,res-amazondynamodb-1230,AmazonDynamoDB,data-analytics,anomaly,1,0.0223,gradual_drift,0.4788
2026-04-16,res-amazondynamodb-1230,AmazonDynamoDB,data-analytics,anomaly,1,0.0083,gradual_drift,0.4823
2026-04-17,res-amazondynamodb-1230,AmazonDynamoDB,data-analytics,normal,0,0.0003,gradual_drift,0.4852
2026-04-18,res-amazondynamodb-1230,AmazonDynamoDB,data-analytics,normal,0,0.0015,gradual_drift,0.4879
2026-04-19,res-amazondynamodb-1230,AmazonDynamoDB,data-analytics,normal,0,0.0006,gradual_drift,0.4908
2026-04-20,res-amazondynamodb-1230,AmazonDynamoDB,data-analytics,normal,0,0.0249,gradual_drift,0.4969
2026-04-21,res-amazondynamodb-1230,AmazonDynamoDB,data-analytics,normal,0,0.0178,gradual_drift,0.5004
2026-04-22,res-amazondynamodb-1230,AmazonDynamoDB,data-analytics,normal,0,0.0058,sudden_spike,0.5292
2026-04-23,res-amazondynamodb-1230,AmazonDynamoDB,data-analytics,normal,0,0.0072,gradual_drift,0.5222
2026-04-24,res-amazondynamodb-1230,AmazonDynamoDB,data-analytics,normal,0,0.0332,gradual_drift,0.5243
2026-04-25,res-amazondynamodb-1230,AmazonDynamoDB,data-analytics,normal,0,0.007,gradual_drift,0.5272
2026-04-26,res-amazondynamodb-1230,AmazonDynamoDB,data-analytics,normal,0,0.0036,gradual_drift,0.5264
2026-04-27,res-amazondynamodb-1230,AmazonDynamoDB,data-analytics,normal,0,0.0094,gradual_drift,0.5303
2026-04-28,res-amazondynamodb-1230,AmazonDynamoDB,data-analytics,normal,0,0.0409,gradual_drift,0.5281
2026-04-29,res-amazondynamodb-1230,AmazonDynamoDB,data-analytics,normal,0,0.0051,gradual_drift,0.5297
2026-04-30,res-amazondynamodb-1230,AmazonDynamoDB,data-analytics,normal,0,0.0478,gradual_drift,0.528
2026-05-01,res-amazondynamodb-1230,AmazonDynamoDB,data-analytics,normal,0,0.2627,gradual_drift,0.5311
2026-05-02,res-amazondynamodb-1230,AmazonDynamoDB,data-analytics,normal,0,0.1417,gradual_drift,0.5311
2026-05-03,res-amazondynamodb-1230,AmazonDynamoDB,data-analytics,anomaly,1,0.8066,gradual_drift,0.5311
2026-03-22,res-amazoneks-1029,AmazonEKS,prod,normal,0,0.0068,idle_resource,0.0
2026-03-23,res-amazoneks-1029,AmazonEKS,prod,benign,0,0.0021,idle_resource,0.0
2026-03-24,res-amazoneks-1029,AmazonEKS,prod,benign,0,0.0054,idle_resource,0.0
2026-03-25,res-amazoneks-1029,AmazonEKS,prod,normal,0,0.0053,idle_resource,0.0
2026-03-26,res-amazoneks-1029,AmazonEKS,prod,normal,0,0.0058,idle_resource,0.0
2026-03-27,res-amazoneks-1029,AmazonEKS,prod,normal,0,0.0033,idle_resource,0.0
2026-03-28,res-amazoneks-1029,AmazonEKS,prod,normal,0,0.0048,idle_resource,0.0
2026-03-29,res-amazoneks-1029,AmazonEKS,prod,normal,0,0.0072,idle_resource,0.0
2026-03-30,res-amazoneks-1029,AmazonEKS,prod,benign,0,0.0096,sudden_spike,0.5357
2026-03-31,res-amazoneks-1029,AmazonEKS,prod,benign,0,0.005,idle_resource,0.0
2026-04-01,res-amazoneks-1029,AmazonEKS,prod,normal,0,0.0048,idle_resource,0.0
2026-04-02,res-amazoneks-1029,AmazonEKS,prod,normal,0,0.0019,idle_resource,0.0
2026-04-03,res-amazoneks-1029,AmazonEKS,prod,normal,0,0.0055,idle_resource,0.0
2026-04-04,res-amazoneks-1029,AmazonEKS,prod,normal,0,0.0055,idle_resource,0.0
2026-04-05,res-amazoneks-1029,AmazonEKS,prod,normal,0,0.0075,idle_resource,0.0
2026-04-06,res-amazoneks-1029,AmazonEKS,prod,benign,0,0.0023,idle_resource,0.0
2026-04-07,res-amazoneks-1029,AmazonEKS,prod,benign,0,0.0013,idle_resource,0.0
2026-04-08,res-amazoneks-1029,AmazonEKS,prod,normal,0,0.0025,idle_resource,0.0
2026-04-09,res-amazoneks-1029,AmazonEKS,prod,normal,0,0.0029,idle_resource,0.0
2026-04-10,res-amazoneks-1029,AmazonEKS,prod,normal,0,0.0009,idle_resource,0.0
2026-04-11,res-amazoneks-1029,AmazonEKS,prod,normal,0,0.0008,idle_resource,0.0
2026-04-12,res-amazoneks-1029,AmazonEKS,prod,normal,0,0.0016,idle_resource,0.0
2026-04-13,res-amazoneks-1029,AmazonEKS,prod,benign,0,0.0016,idle_resource,0.0
2026-04-14,res-amazoneks-1029,AmazonEKS,prod,benign,0,0.0021,idle_resource,0.0
2026-04-15,res-amazoneks-1029,AmazonEKS,prod,normal,0,0.0135,idle_resource,0.0
2026-04-16,res-amazoneks-1029,AmazonEKS,prod,normal,0,0.007,idle_resource,0.0
2026-04-17,res-amazoneks-1029,AmazonEKS,prod,anomaly,1,0.005,idle_resource,0.0
2026-04-18,res-amazoneks-1029,AmazonEKS,prod,normal,0,0.0026,idle_resource,0.0
2026-04-19,res-amazoneks-1029,AmazonEKS,prod,normal,0,0.0016,idle_resource,0.0
2026-04-20,res-amazoneks-1029,AmazonEKS,prod,benign,0,0.7199,idle_resource,0.0
2026-04-21,res-amazoneks-1029,AmazonEKS,prod,anomaly,1,0.8215,idle_resource,0.0
2026-04-22,res-amazoneks-1029,AmazonEKS,prod,anomaly,1,0.6926,idle_resource,0.0
2026-04-23,res-amazoneks-1029,AmazonEKS,prod,anomaly,1,0.2621,idle_resource,0.0
2026-04-24,res-amazoneks-1029,AmazonEKS,prod,anomaly,1,0.7647,idle_resource,0.0
2026-04-25,res-amazoneks-1029,AmazonEKS,prod,anomaly,1,0.1404,idle_resource,0.0
2026-04-26,res-amazoneks-1029,AmazonEKS,prod,anomaly,1,0.1267,idle_resource,0.0
2026-04-27,res-amazoneks-1029,AmazonEKS,prod,anomaly,1,0.9633,idle_resource,0.0
2026-04-28,res-amazoneks-1029,AmazonEKS,prod,benign,0,0.9138,idle_resource,0.0
2026-04-29,res-amazoneks-1029,AmazonEKS,prod,normal,0,0.1156,idle_resource,0.0
2026-04-30,res-amazoneks-1029,AmazonEKS,prod,normal,0,0.3553,idle_resource,0.0
2026-05-01,res-amazoneks-1029,AmazonEKS,prod,normal,0,0.1776,idle_resource,0.0
2026-05-02,res-amazoneks-1029,AmazonEKS,prod,normal,0,0.051,idle_resource,0.0
2026-05-03,res-amazoneks-1029,AmazonEKS,prod,normal,0,0.0211,idle_resource,0.0
2026-03-22,res-amazoneks-1030,AmazonEKS,prod,normal,0,0.005,idle_resource,0.0
2026-03-23,res-amazoneks-1030,AmazonEKS,prod,benign,0,0.0042,idle_resource,0.0
2026-03-24,res-amazoneks-1030,AmazonEKS,prod,benign,0,0.0038,idle_resource,0.0
2026-03-25,res-amazoneks-1030,AmazonEKS,prod,normal,0,0.0017,idle_resource,0.0
2026-03-26,res-amazoneks-1030,AmazonEKS,prod,normal,0,0.006,idle_resource,0.0
2026-03-27,res-amazoneks-1030,AmazonEKS,prod,normal,0,0.0091,idle_resource,0.0
2026-03-28,res-amazoneks-1030,AmazonEKS,prod,normal,0,0.0071,idle_resource,0.0
2026-03-29,res-amazoneks-1030,AmazonEKS,prod,normal,0,0.0264,idle_resource,0.0
2026-03-30,res-amazoneks-1030,AmazonEKS,prod,benign,0,0.0088,sudden_spike,0.5313
2026-03-31,res-amazoneks-1030,AmazonEKS,prod,benign,0,0.0103,idle_resource,0.0
2026-04-01,res-amazoneks-1030,AmazonEKS,prod,normal,0,0.0058,idle_resource,0.0
2026-04-02,res-amazoneks-1030,AmazonEKS,prod,normal,0,0.0058,idle_resource,0.0
2026-04-03,res-amazoneks-1030,AmazonEKS,prod,normal,0,0.0044,idle_resource,0.0
2026-04-04,res-amazoneks-1030,AmazonEKS,prod,normal,0,0.007,idle_resource,0.0
2026-04-05,res-amazoneks-1030,AmazonEKS,prod,normal,0,0.0116,idle_resource,0.0
2026-04-06,res-amazoneks-1030,AmazonEKS,prod,benign,0,0.0027,idle_resource,0.0
2026-04-07,res-amazoneks-1030,AmazonEKS,prod,benign,0,0.0094,idle_resource,0.0
2026-04-08,res-amazoneks-1030,AmazonEKS,prod,normal,0,0.0075,idle_resource,0.0
2026-04-09,res-amazoneks-1030,AmazonEKS,prod,normal,0,0.0054,idle_resource,0.0
2026-04-10,res-amazoneks-1030,AmazonEKS,prod,normal,0,0.0028,idle_resource,0.0
2026-04-11,res-amazoneks-1030,AmazonEKS,prod,normal,0,0.0023,idle_resource,0.0
2026-04-12,res-amazoneks-1030,AmazonEKS,prod,anomaly,1,0.0011,idle_resource,0.0
2026-04-13,res-amazoneks-1030,AmazonEKS,prod,anomaly,1,0.0024,idle_resource,0.0
2026-04-14,res-amazoneks-1030,AmazonEKS,prod,anomaly,1,0.0015,idle_resource,0.0
2026-04-15,res-amazoneks-1030,AmazonEKS,prod,anomaly,1,0.0066,idle_resource,0.0
2026-04-16,res-amazoneks-1030,AmazonEKS,prod,anomaly,1,0.0108,idle_resource,0.0
2026-04-17,res-amazoneks-1030,AmazonEKS,prod,normal,0,0.006,idle_resource,0.0
2026-04-18,res-amazoneks-1030,AmazonEKS,prod,normal,0,0.0036,idle_resource,0.0
2026-04-19,res-amazoneks-1030,AmazonEKS,prod,normal,0,0.0066,idle_resource,0.0
2026-04-20,res-amazoneks-1030,AmazonEKS,prod,benign,0,0.8291,idle_resource,0.0
2026-04-21,res-amazoneks-1030,AmazonEKS,prod,benign,0,0.7583,idle_resource,0.0
2026-04-22,res-amazoneks-1030,AmazonEKS,prod,normal,0,0.8305,idle_resource,0.0
2026-04-23,res-amazoneks-1030,AmazonEKS,prod,normal,0,0.9433,idle_resource,0.0
2026-04-24,res-amazoneks-1030,AmazonEKS,prod,normal,0,0.5364,idle_resource,0.0
2026-04-25,res-amazoneks-1030,AmazonEKS,prod,normal,0,0.1543,idle_resource,0.0
2026-04-26,res-amazoneks-1030,AmazonEKS,prod,normal,0,0.067,idle_resource,0.0
2026-04-27,res-amazoneks-1030,AmazonEKS,prod,benign,0,0.9068,idle_resource,0.0
2026-04-28,res-amazoneks-1030,AmazonEKS,prod,benign,0,0.7841,idle_resource,0.0
2026-04-29,res-amazoneks-1030,AmazonEKS,prod,normal,0,0.8278,idle_resource,0.0
2026-04-30,res-amazoneks-1030,AmazonEKS,prod,normal,0,0.619,idle_resource,0.0
2026-05-01,res-amazoneks-1030,AmazonEKS,prod,normal,0,0.741,idle_resource,0.0
2026-05-02,res-amazoneks-1030,AmazonEKS,prod,normal,0,0.0577,idle_resource,0.0
2026-05-03,res-amazoneks-1030,AmazonEKS,prod,normal,0,0.0363,idle_resource,0.0
2026-03-22,res-amazoneks-1031,AmazonEKS,prod,benign,0,0.0029,idle_resource,0.0
2026-03-23,res-amazoneks-1031,AmazonEKS,prod,benign,0,0.0019,idle_resource,0.0
2026-03-24,res-amazoneks-1031,AmazonEKS,prod,benign,0,0.0031,idle_resource,0.0
2026-03-25,res-amazoneks-1031,AmazonEKS,prod,benign,0,0.002,idle_resource,0.0
2026-03-26,res-amazoneks-1031,AmazonEKS,prod,benign,0,0.0014,idle_resource,0.0
2026-03-27,res-amazoneks-1031,AmazonEKS,prod,benign,0,0.0019,idle_resource,0.0
2026-03-28,res-amazoneks-1031,AmazonEKS,prod,benign,0,0.0022,idle_resource,0.0
2026-03-29,res-amazoneks-1031,AmazonEKS,prod,benign,0,0.0033,idle_resource,0.0
2026-03-30,res-amazoneks-1031,AmazonEKS,prod,benign,0,0.0021,sudden_spike,0.5399
2026-03-31,res-amazoneks-1031,AmazonEKS,prod,benign,0,0.0018,idle_resource,0.0
2026-04-01,res-amazoneks-1031,AmazonEKS,prod,benign,0,0.0016,idle_resource,0.0
2026-04-02,res-amazoneks-1031,AmazonEKS,prod,benign,0,0.0015,idle_resource,0.0
2026-04-03,res-amazoneks-1031,AmazonEKS,prod,benign,0,0.0015,idle_resource,0.0
2026-04-04,res-amazoneks-1031,AmazonEKS,prod,benign,0,0.0016,idle_resource,0.0
2026-04-05,res-amazoneks-1031,AmazonEKS,prod,benign,0,0.0048,idle_resource,0.0
2026-04-06,res-amazoneks-1031,AmazonEKS,prod,benign,0,0.0015,idle_resource,0.0
2026-04-07,res-amazoneks-1031,AmazonEKS,prod,benign,0,0.0289,idle_resource,0.0
2026-04-08,res-amazoneks-1031,AmazonEKS,prod,benign,0,0.011,idle_resource,0.0
2026-04-09,res-amazoneks-1031,AmazonEKS,prod,benign,0,0.0005,idle_resource,0.0
2026-04-10,res-amazoneks-1031,AmazonEKS,prod,benign,0,0.0003,idle_resource,0.0
2026-04-11,res-amazoneks-1031,AmazonEKS,prod,benign,0,0.0004,idle_resource,0.0
2026-04-12,res-amazoneks-1031,AmazonEKS,prod,benign,0,0.0017,idle_resource,0.0
2026-04-13,res-amazoneks-1031,AmazonEKS,prod,benign,0,0.0203,idle_resource,0.0
2026-04-14,res-amazoneks-1031,AmazonEKS,prod,anomaly,1,0.0008,idle_resource,0.0
2026-04-15,res-amazoneks-1031,AmazonEKS,prod,anomaly,1,0.0002,idle_resource,0.0
2026-04-16,res-amazoneks-1031,AmazonEKS,prod,anomaly,1,0.0052,idle_resource,0.0
2026-04-17,res-amazoneks-1031,AmazonEKS,prod,anomaly,1,0.0036,idle_resource,0.0
2026-04-18,res-amazoneks-1031,AmazonEKS,prod,benign,0,0.0019,idle_resource,0.0
2026-04-19,res-amazoneks-1031,AmazonEKS,prod,benign,0,0.001,idle_resource,0.0
2026-04-20,res-amazoneks-1031,AmazonEKS,prod,benign,0,0.896,idle_resource,0.0
2026-04-21,res-amazoneks-1031,AmazonEKS,prod,benign,0,0.9286,idle_resource,0.0
2026-04-22,res-amazoneks-1031,AmazonEKS,prod,benign,0,0.517,sudden_spike,0.5036
2026-04-23,res-amazoneks-1031,AmazonEKS,prod,benign,0,0.5384,idle_resource,0.0
2026-04-24,res-amazoneks-1031,AmazonEKS,prod,benign,0,0.9184,idle_resource,0.0
2026-04-25,res-amazoneks-1031,AmazonEKS,prod,benign,0,0.087,idle_resource,0.0
2026-04-26,res-amazoneks-1031,AmazonEKS,prod,benign,0,0.0329,idle_resource,0.0
2026-04-27,res-amazoneks-1031,AmazonEKS,prod,benign,0,0.818,idle_resource,0.0
2026-04-28,res-amazoneks-1031,AmazonEKS,prod,benign,0,0.4831,idle_resource,0.0
2026-04-29,res-amazoneks-1031,AmazonEKS,prod,benign,0,0.3225,idle_resource,0.0
2026-04-30,res-amazoneks-1031,AmazonEKS,prod,benign,0,0.7156,idle_resource,0.0
2026-05-01,res-amazoneks-1031,AmazonEKS,prod,benign,0,0.5835,idle_resource,0.0
2026-05-02,res-amazoneks-1031,AmazonEKS,prod,benign,0,0.2191,idle_resource,0.0
2026-05-03,res-amazoneks-1031,AmazonEKS,prod,benign,0,0.0992,idle_resource,0.0
2026-03-22,res-amazoneks-1163,AmazonEKS,staging,normal,0,0.0225,idle_resource,0.0
2026-03-23,res-amazoneks-1163,AmazonEKS,staging,benign,0,0.0058,idle_resource,0.0
2026-03-24,res-amazoneks-1163,AmazonEKS,staging,benign,0,0.0051,idle_resource,0.0
2026-03-25,res-amazoneks-1163,AmazonEKS,staging,anomaly,1,0.0044,idle_resource,0.0
2026-03-26,res-amazoneks-1163,AmazonEKS,staging,anomaly,1,0.0018,idle_resource,0.0
2026-03-27,res-amazoneks-1163,AmazonEKS,staging,anomaly,1,0.0025,idle_resource,0.0
2026-03-28,res-amazoneks-1163,AmazonEKS,staging,anomaly,1,0.0058,idle_resource,0.0
2026-03-29,res-amazoneks-1163,AmazonEKS,staging,anomaly,1,0.0064,idle_resource,0.0
2026-03-30,res-amazoneks-1163,AmazonEKS,staging,anomaly,1,0.0016,sudden_spike,0.5412
2026-03-31,res-amazoneks-1163,AmazonEKS,staging,anomaly,1,0.0017,idle_resource,0.0
2026-04-01,res-amazoneks-1163,AmazonEKS,staging,normal,0,0.0058,idle_resource,0.0
2026-04-02,res-amazoneks-1163,AmazonEKS,staging,normal,0,0.0083,idle_resource,0.0
2026-04-03,res-amazoneks-1163,AmazonEKS,staging,normal,0,0.006,idle_resource,0.0
2026-04-04,res-amazoneks-1163,AmazonEKS,staging,normal,0,0.0102,idle_resource,0.0
2026-04-05,res-amazoneks-1163,AmazonEKS,staging,normal,0,0.0092,idle_resource,0.0
2026-04-06,res-amazoneks-1163,AmazonEKS,staging,benign,0,0.0171,idle_resource,0.0
2026-04-07,res-amazoneks-1163,AmazonEKS,staging,benign,0,0.0209,idle_resource,0.0
2026-04-08,res-amazoneks-1163,AmazonEKS,staging,normal,0,0.046,idle_resource,0.0
2026-04-09,res-amazoneks-1163,AmazonEKS,staging,normal,0,0.0118,idle_resource,0.0
2026-04-10,res-amazoneks-1163,AmazonEKS,staging,normal,0,0.0094,idle_resource,0.0
2026-04-11,res-amazoneks-1163,AmazonEKS,staging,normal,0,0.0269,idle_resource,0.0
2026-04-12,res-amazoneks-1163,AmazonEKS,staging,normal,0,0.0032,idle_resource,0.0
2026-04-13,res-amazoneks-1163,AmazonEKS,staging,benign,0,0.0234,idle_resource,0.0
2026-04-14,res-amazoneks-1163,AmazonEKS,staging,benign,0,0.0228,idle_resource,0.0
2026-04-15,res-amazoneks-1163,AmazonEKS,staging,normal,0,0.0098,idle_resource,0.0
2026-04-16,res-amazoneks-1163,AmazonEKS,staging,normal,0,0.0101,idle_resource,0.0
2026-04-17,res-amazoneks-1163,AmazonEKS,staging,normal,0,0.0123,idle_resource,0.0
2026-04-18,res-amazoneks-1163,AmazonEKS,staging,normal,0,0.0183,idle_resource,0.0
2026-04-19,res-amazoneks-1163,AmazonEKS,staging,normal,0,0.0059,idle_resource,0.0
2026-04-20,res-amazoneks-1163,AmazonEKS,staging,benign,0,0.2583,idle_resource,0.0
2026-04-21,res-amazoneks-1163,AmazonEKS,staging,benign,0,0.6662,idle_resource,0.0
2026-04-22,res-amazoneks-1163,AmazonEKS,staging,normal,0,0.6766,idle_resource,0.0
2026-04-23,res-amazoneks-1163,AmazonEKS,staging,normal,0,0.4779,idle_resource,0.0
2026-04-24,res-amazoneks-1163,AmazonEKS,staging,normal,0,0.8781,idle_resource,0.0
2026-04-25,res-amazoneks-1163,AmazonEKS,staging,normal,0,0.0385,idle_resource,0.0
2026-04-26,res-amazoneks-1163,AmazonEKS,staging,normal,0,0.0279,idle_resource,0.0
2026-04-27,res-amazoneks-1163,AmazonEKS,staging,benign,0,0.5657,idle_resource,0.0
2026-04-28,res-amazoneks-1163,AmazonEKS,staging,benign,0,0.7522,idle_resource,0.0
2026-04-29,res-amazoneks-1163,AmazonEKS,staging,normal,0,0.3994,idle_resource,0.0
2026-04-30,res-amazoneks-1163,AmazonEKS,staging,normal,0,0.5493,idle_resource,0.0
2026-05-01,res-amazoneks-1163,AmazonEKS,staging,normal,0,0.2833,idle_resource,0.0
2026-05-02,res-amazoneks-1163,AmazonEKS,staging,normal,0,0.1926,idle_resource,0.0
2026-05-03,res-amazoneks-1163,AmazonEKS,staging,normal,0,0.1941,idle_resource,0.0
2026-03-22,res-amazoneks-1164,AmazonEKS,staging,normal,0,0.004,idle_resource,0.0
2026-03-23,res-amazoneks-1164,AmazonEKS,staging,normal,0,0.0019,idle_resource,0.0
2026-03-24,res-amazoneks-1164,AmazonEKS,staging,normal,0,0.0013,idle_resource,0.0
2026-03-25,res-amazoneks-1164,AmazonEKS,staging,normal,0,0.002,idle_resource,0.0
2026-03-26,res-amazoneks-1164,AmazonEKS,staging,normal,0,0.0013,idle_resource,0.0
2026-03-27,res-amazoneks-1164,AmazonEKS,staging,normal,0,0.002,idle_resource,0.0
2026-03-28,res-amazoneks-1164,AmazonEKS,staging,normal,0,0.0042,idle_resource,0.0
2026-03-29,res-amazoneks-1164,AmazonEKS,staging,normal,0,0.0033,idle_resource,0.0
2026-03-30,res-amazoneks-1164,AmazonEKS,staging,normal,0,0.0022,sudden_spike,0.5364
2026-03-31,res-amazoneks-1164,AmazonEKS,staging,normal,0,0.0032,idle_resource,0.0
2026-04-01,res-amazoneks-1164,AmazonEKS,staging,normal,0,0.0023,idle_resource,0.0
2026-04-02,res-amazoneks-1164,AmazonEKS,staging,normal,0,0.0023,idle_resource,0.0
2026-04-03,res-amazoneks-1164,AmazonEKS,staging,normal,0,0.0021,idle_resource,0.0
2026-04-04,res-amazoneks-1164,AmazonEKS,staging,normal,0,0.0047,idle_resource,0.0
2026-04-05,res-amazoneks-1164,AmazonEKS,staging,normal,0,0.0042,idle_resource,0.0
2026-04-06,res-amazoneks-1164,AmazonEKS,staging,normal,0,0.0009,idle_resource,0.0
2026-04-07,res-amazoneks-1164,AmazonEKS,staging,normal,0,0.0022,idle_resource,0.0
2026-04-08,res-amazoneks-1164,AmazonEKS,staging,normal,0,0.0029,idle_resource,0.0
2026-04-09,res-amazoneks-1164,AmazonEKS,staging,normal,0,0.0028,idle_resource,0.0
2026-04-10,res-amazoneks-1164,AmazonEKS,staging,normal,0,0.0066,idle_resource,0.0
2026-04-11,res-amazoneks-1164,AmazonEKS,staging,normal,0,0.0009,idle_resource,0.0
2026-04-12,res-amazoneks-1164,AmazonEKS,staging,normal,0,0.0011,idle_resource,0.0
2026-04-13,res-amazoneks-1164,AmazonEKS,staging,normal,0,0.0053,idle_resource,0.0
2026-04-14,res-amazoneks-1164,AmazonEKS,staging,normal,0,0.0045,idle_resource,0.0
2026-04-15,res-amazoneks-1164,AmazonEKS,staging,normal,0,0.0101,idle_resource,0.0
2026-04-16,res-amazoneks-1164,AmazonEKS,staging,normal,0,0.0235,idle_resource,0.0
2026-04-17,res-amazoneks-1164,AmazonEKS,staging,normal,0,0.0235,idle_resource,0.0
2026-04-18,res-amazoneks-1164,AmazonEKS,staging,normal,0,0.0049,idle_resource,0.0
2026-04-19,res-amazoneks-1164,AmazonEKS,staging,normal,0,0.0025,idle_resource,0.0
2026-04-20,res-amazoneks-1164,AmazonEKS,staging,normal,0,0.132,idle_resource,0.0
2026-04-21,res-amazoneks-1164,AmazonEKS,staging,normal,0,0.3919,idle_resource,0.0
2026-04-22,res-amazoneks-1164,AmazonEKS,staging,normal,0,0.3273,idle_resource,0.0
2026-04-23,res-amazoneks-1164,AmazonEKS,staging,normal,0,0.1926,idle_resource,0.0
2026-04-24,res-amazoneks-1164,AmazonEKS,staging,normal,0,0.177,idle_resource,0.0
2026-04-25,res-amazoneks-1164,AmazonEKS,staging,normal,0,0.0311,idle_resource,0.0
2026-04-26,res-amazoneks-1164,AmazonEKS,staging,normal,0,0.0255,idle_resource,0.0
2026-04-27,res-amazoneks-1164,AmazonEKS,staging,normal,0,0.1239,idle_resource,0.0
2026-04-28,res-amazoneks-1164,AmazonEKS,staging,normal,0,0.1849,idle_resource,0.0
2026-04-29,res-amazoneks-1164,AmazonEKS,staging,normal,0,0.1725,idle_resource,0.0
2026-04-30,res-amazoneks-1164,AmazonEKS,staging,normal,0,0.1444,idle_resource,0.0
2026-05-01,res-amazoneks-1164,AmazonEKS,staging,normal,0,0.1243,idle_resource,0.0
2026-05-02,res-amazoneks-1164,AmazonEKS,staging,normal,0,0.4769,idle_resource,0.0
2026-05-03,res-amazoneks-1164,AmazonEKS,staging,normal,0,0.0347,idle_resource,0.0
2026-03-22,res-amazonelasticache-1040,AmazonElastiCache,prod,normal,0,0.0006,gradual_drift,0.4197
2026-03-23,res-amazonelasticache-1040,AmazonElastiCache,prod,normal,0,0.0004,gradual_drift,0.4201
2026-03-24,res-amazonelasticache-1040,AmazonElastiCache,prod,normal,0,0.0002,gradual_drift,0.4226
2026-03-25,res-amazonelasticache-1040,AmazonElastiCache,prod,normal,0,0.0003,gradual_drift,0.4234
2026-03-26,res-amazonelasticache-1040,AmazonElastiCache,prod,normal,0,0.0007,gradual_drift,0.4276
2026-03-27,res-amazonelasticache-1040,AmazonElastiCache,prod,normal,0,0.0003,gradual_drift,0.4313
2026-03-28,res-amazonelasticache-1040,AmazonElastiCache,prod,normal,0,0.0004,gradual_drift,0.4338
2026-03-29,res-amazonelasticache-1040,AmazonElastiCache,prod,normal,0,0.0013,gradual_drift,0.4368
2026-03-30,res-amazonelasticache-1040,AmazonElastiCache,prod,normal,0,0.0004,sudden_spike,0.5297
2026-03-31,res-amazonelasticache-1040,AmazonElastiCache,prod,normal,0,0.0012,gradual_drift,0.4405
2026-04-01,res-amazonelasticache-1040,AmazonElastiCache,prod,normal,0,0.0009,gradual_drift,0.4423
2026-04-02,res-amazonelasticache-1040,AmazonElastiCache,prod,normal,0,0.0003,gradual_drift,0.4448
2026-04-03,res-amazonelasticache-1040,AmazonElastiCache,prod,normal,0,0.0002,gradual_drift,0.4473
2026-04-04,res-amazonelasticache-1040,AmazonElastiCache,prod,normal,0,0.0005,gradual_drift,0.4498
2026-04-05,res-amazonelasticache-1040,AmazonElastiCache,prod,normal,0,0.0005,gradual_drift,0.4523
2026-04-06,res-amazonelasticache-1040,AmazonElastiCache,prod,normal,0,0.0296,gradual_drift,0.4539
2026-04-07,res-amazonelasticache-1040,AmazonElastiCache,prod,normal,0,0.0122,gradual_drift,0.4568
2026-04-08,res-amazonelasticache-1040,AmazonElastiCache,prod,normal,0,0.0085,gradual_drift,0.4603
2026-04-09,res-amazonelasticache-1040,AmazonElastiCache,prod,normal,0,0.0032,gradual_drift,0.4653
2026-04-10,res-amazonelasticache-1040,AmazonElastiCache,prod,normal,0,0.0013,gradual_drift,0.4685
2026-04-11,res-amazonelasticache-1040,AmazonElastiCache,prod,normal,0,0.0002,gradual_drift,0.4898
2026-04-12,res-amazonelasticache-1040,AmazonElastiCache,prod,normal,0,0.0001,gradual_drift,0.4915
2026-04-13,res-amazonelasticache-1040,AmazonElastiCache,prod,normal,0,0.0003,gradual_drift,0.4932
2026-04-14,res-amazonelasticache-1040,AmazonElastiCache,prod,normal,0,0.0008,gradual_drift,0.4945
2026-04-15,res-amazonelasticache-1040,AmazonElastiCache,prod,normal,0,0.0016,gradual_drift,0.4975
2026-04-16,res-amazonelasticache-1040,AmazonElastiCache,prod,normal,0,0.0026,gradual_drift,0.4988
2026-04-17,res-amazonelasticache-1040,AmazonElastiCache,prod,normal,0,0.0135,gradual_drift,0.4952
2026-04-18,res-amazonelasticache-1040,AmazonElastiCache,prod,normal,0,0.0004,gradual_drift,0.5002
2026-04-19,res-amazonelasticache-1040,AmazonElastiCache,prod,normal,0,0.0011,gradual_drift,0.504
2026-04-20,res-amazonelasticache-1040,AmazonElastiCache,prod,normal,0,0.081,gradual_drift,0.5088
2026-04-21,res-amazonelasticache-1040,AmazonElastiCache,prod,normal,0,0.0274,gradual_drift,0.5084
2026-04-22,res-amazonelasticache-1040,AmazonElastiCache,prod,normal,0,0.0369,gradual_drift,0.5146
2026-04-23,res-amazonelasticache-1040,AmazonElastiCache,prod,normal,0,0.0395,gradual_drift,0.5197
2026-04-24,res-amazonelasticache-1040,AmazonElastiCache,prod,normal,0,0.0283,gradual_drift,0.525
2026-04-25,res-amazonelasticache-1040,AmazonElastiCache,prod,normal,0,0.0645,gradual_drift,0.5288
2026-04-26,res-amazonelasticache-1040,AmazonElastiCache,prod,normal,0,0.0129,gradual_drift,0.5217
2026-04-27,res-amazonelasticache-1040,AmazonElastiCache,prod,normal,0,0.0421,gradual_drift,0.5241
2026-04-28,res-amazonelasticache-1040,AmazonElastiCache,prod,normal,0,0.1724,gradual_drift,0.5223
2026-04-29,res-amazonelasticache-1040,AmazonElastiCache,prod,normal,0,0.0382,gradual_drift,0.5262
2026-04-30,res-amazonelasticache-1040,AmazonElastiCache,prod,normal,0,0.0959,gradual_drift,0.5289
2026-05-01,res-amazonelasticache-1040,AmazonElastiCache,prod,normal,0,0.0912,gradual_drift,0.5275
2026-05-02,res-amazonelasticache-1040,AmazonElastiCache,prod,normal,0,0.0144,gradual_drift,0.5275
2026-05-03,res-amazonelasticache-1040,AmazonElastiCache,prod,normal,0,0.0051,gradual_drift,0.5275
2026-03-22,res-amazonelasticache-1041,AmazonElastiCache,prod,normal,0,0.0004,gradual_drift,0.4196
2026-03-23,res-amazonelasticache-1041,AmazonElastiCache,prod,normal,0,0.0003,gradual_drift,0.4199
2026-03-24,res-amazonelasticache-1041,AmazonElastiCache,prod,normal,0,0.0003,gradual_drift,0.4227
2026-03-25,res-amazonelasticache-1041,AmazonElastiCache,prod,normal,0,0.0003,gradual_drift,0.4248
2026-03-26,res-amazonelasticache-1041,AmazonElastiCache,prod,normal,0,0.0004,gradual_drift,0.4265
2026-03-27,res-amazonelasticache-1041,AmazonElastiCache,prod,normal,0,0.0005,gradual_drift,0.429
2026-03-28,res-amazonelasticache-1041,AmazonElastiCache,prod,normal,0,0.0008,gradual_drift,0.4318
2026-03-29,res-amazonelasticache-1041,AmazonElastiCache,prod,normal,0,0.0008,gradual_drift,0.4349
2026-03-30,res-amazonelasticache-1041,AmazonElastiCache,prod,normal,0,0.0004,sudden_spike,0.5243
2026-03-31,res-amazonelasticache-1041,AmazonElastiCache,prod,normal,0,0.0004,gradual_drift,0.4393
2026-04-01,res-amazonelasticache-1041,AmazonElastiCache,prod,normal,0,0.0004,gradual_drift,0.4417
2026-04-02,res-amazonelasticache-1041,AmazonElastiCache,prod,normal,0,0.0002,gradual_drift,0.4442
2026-04-03,res-amazonelasticache-1041,AmazonElastiCache,prod,normal,0,0.0003,gradual_drift,0.4461
2026-04-04,res-amazonelasticache-1041,AmazonElastiCache,prod,normal,0,0.0004,gradual_drift,0.4486
2026-04-05,res-amazonelasticache-1041,AmazonElastiCache,prod,normal,0,0.0002,gradual_drift,0.4511
2026-04-06,res-amazonelasticache-1041,AmazonElastiCache,prod,normal,0,0.0021,gradual_drift,0.4536
2026-04-07,res-amazonelasticache-1041,AmazonElastiCache,prod,normal,0,0.0046,gradual_drift,0.4587
2026-04-08,res-amazonelasticache-1041,AmazonElastiCache,prod,normal,0,0.0004,gradual_drift,0.4619
2026-04-09,res-amazonelasticache-1041,AmazonElastiCache,prod,normal,0,0.0008,gradual_drift,0.4659
2026-04-10,res-amazonelasticache-1041,AmazonElastiCache,prod,normal,0,0.0004,gradual_drift,0.4683
2026-04-11,res-amazonelasticache-1041,AmazonElastiCache,prod,normal,0,0.0002,gradual_drift,0.4868
2026-04-12,res-amazonelasticache-1041,AmazonElastiCache,prod,normal,0,0.0002,gradual_drift,0.4885
2026-04-13,res-amazonelasticache-1041,AmazonElastiCache,prod,normal,0,0.0014,gradual_drift,0.4885
2026-04-14,res-amazonelasticache-1041,AmazonElastiCache,prod,normal,0,0.0006,gradual_drift,0.4907
2026-04-15,res-amazonelasticache-1041,AmazonElastiCache,prod,normal,0,0.0003,gradual_drift,0.4897
2026-04-16,res-amazonelasticache-1041,AmazonElastiCache,prod,normal,0,0.0109,gradual_drift,0.4961
2026-04-17,res-amazonelasticache-1041,AmazonElastiCache,prod,normal,0,0.0008,gradual_drift,0.499
2026-04-18,res-amazonelasticache-1041,AmazonElastiCache,prod,normal,0,0.0003,gradual_drift,0.5016
2026-04-19,res-amazonelasticache-1041,AmazonElastiCache,prod,normal,0,0.0002,gradual_drift,0.5052
2026-04-20,res-amazonelasticache-1041,AmazonElastiCache,prod,normal,0,0.0326,gradual_drift,0.5103
2026-04-21,res-amazonelasticache-1041,AmazonElastiCache,prod,normal,0,0.0024,gradual_drift,0.5112
2026-04-22,res-amazonelasticache-1041,AmazonElastiCache,prod,normal,0,0.0088,gradual_drift,0.521
2026-04-23,res-amazonelasticache-1041,AmazonElastiCache,prod,normal,0,0.0038,gradual_drift,0.5231
2026-04-24,res-amazonelasticache-1041,AmazonElastiCache,prod,normal,0,0.005,gradual_drift,0.5236
2026-04-25,res-amazonelasticache-1041,AmazonElastiCache,prod,normal,0,0.0049,gradual_drift,0.5272
2026-04-26,res-amazonelasticache-1041,AmazonElastiCache,prod,normal,0,0.0059,gradual_drift,0.5238
2026-04-27,res-amazonelasticache-1041,AmazonElastiCache,prod,normal,0,0.01,gradual_drift,0.5257
2026-04-28,res-amazonelasticache-1041,AmazonElastiCache,prod,normal,0,0.0248,gradual_drift,0.5247
2026-04-29,res-amazonelasticache-1041,AmazonElastiCache,prod,normal,0,0.0193,gradual_drift,0.5258
2026-04-30,res-amazonelasticache-1041,AmazonElastiCache,prod,normal,0,0.0082,gradual_drift,0.5217
2026-05-01,res-amazonelasticache-1041,AmazonElastiCache,prod,normal,0,0.0036,gradual_drift,0.5217
2026-05-02,res-amazonelasticache-1041,AmazonElastiCache,prod,normal,0,0.0047,gradual_drift,0.5217
2026-05-03,res-amazonelasticache-1041,AmazonElastiCache,prod,normal,0,0.0127,gradual_drift,0.5217
2026-03-22,res-amazonelasticache-1042,AmazonElastiCache,prod,normal,0,0.0044,gradual_drift,0.4199
2026-03-23,res-amazonelasticache-1042,AmazonElastiCache,prod,normal,0,0.001,gradual_drift,0.4215
2026-03-24,res-amazonelasticache-1042,AmazonElastiCache,prod,normal,0,0.0006,gradual_drift,0.4233
2026-03-25,res-amazonelasticache-1042,AmazonElastiCache,prod,anomaly,1,0.0005,gradual_drift,0.4241
2026-03-26,res-amazonelasticache-1042,AmazonElastiCache,prod,anomaly,1,0.0008,gradual_drift,0.4257
2026-03-27,res-amazonelasticache-1042,AmazonElastiCache,prod,anomaly,1,0.0003,gradual_drift,0.4277
2026-03-28,res-amazonelasticache-1042,AmazonElastiCache,prod,anomaly,1,0.0006,gradual_drift,0.4309
2026-03-29,res-amazonelasticache-1042,AmazonElastiCache,prod,normal,0,0.0009,gradual_drift,0.4356
2026-03-30,res-amazonelasticache-1042,AmazonElastiCache,prod,anomaly,1,0.0021,sudden_spike,0.5316
2026-03-31,res-amazonelasticache-1042,AmazonElastiCache,prod,anomaly,1,0.0007,gradual_drift,0.4406
2026-04-01,res-amazonelasticache-1042,AmazonElastiCache,prod,normal,0,0.0005,gradual_drift,0.4418
2026-04-02,res-amazonelasticache-1042,AmazonElastiCache,prod,normal,0,0.0005,gradual_drift,0.4453
2026-04-03,res-amazonelasticache-1042,AmazonElastiCache,prod,normal,0,0.0005,gradual_drift,0.4481
2026-04-04,res-amazonelasticache-1042,AmazonElastiCache,prod,normal,0,0.0026,gradual_drift,0.4506
2026-04-05,res-amazonelasticache-1042,AmazonElastiCache,prod,normal,0,0.0033,gradual_drift,0.4531
2026-04-06,res-amazonelasticache-1042,AmazonElastiCache,prod,normal,0,0.0086,gradual_drift,0.4548
2026-04-07,res-amazonelasticache-1042,AmazonElastiCache,prod,normal,0,0.2865,gradual_drift,0.4562
2026-04-08,res-amazonelasticache-1042,AmazonElastiCache,prod,normal,0,0.199,gradual_drift,0.4586
2026-04-09,res-amazonelasticache-1042,AmazonElastiCache,prod,normal,0,0.0138,gradual_drift,0.4641
2026-04-10,res-amazonelasticache-1042,AmazonElastiCache,prod,normal,0,0.0462,gradual_drift,0.4653
2026-04-11,res-amazonelasticache-1042,AmazonElastiCache,prod,normal,0,0.0121,gradual_drift,0.4748
2026-04-12,res-amazonelasticache-1042,AmazonElastiCache,prod,normal,0,0.0205,gradual_drift,0.4795
2026-04-13,res-amazonelasticache-1042,AmazonElastiCache,prod,normal,0,0.1974,gradual_drift,0.4782
2026-04-14,res-amazonelasticache-1042,AmazonElastiCache,prod,normal,0,0.0042,gradual_drift,0.4774
2026-04-15,res-amazonelasticache-1042,AmazonElastiCache,prod,normal,0,0.0025,gradual_drift,0.4796
2026-04-16,res-amazonelasticache-1042,AmazonElastiCache,prod,normal,0,0.1844,gradual_drift,0.4814
2026-04-17,res-amazonelasticache-1042,AmazonElastiCache,prod,normal,0,0.0248,gradual_drift,0.483
2026-04-18,res-amazonelasticache-1042,AmazonElastiCache,prod,normal,0,0.0065,gradual_drift,0.4866
2026-04-19,res-amazonelasticache-1042,AmazonElastiCache,prod,normal,0,0.0084,gradual_drift,0.4907
2026-04-20,res-amazonelasticache-1042,AmazonElastiCache,prod,normal,0,0.021,gradual_drift,0.4966
2026-04-21,res-amazonelasticache-1042,AmazonElastiCache,prod,normal,0,0.0515,gradual_drift,0.503
2026-04-22,res-amazonelasticache-1042,AmazonElastiCache,prod,normal,0,0.4567,gradual_drift,0.5144
2026-04-23,res-amazonelasticache-1042,AmazonElastiCache,prod,normal,0,0.3172,gradual_drift,0.5188
2026-04-24,res-amazonelasticache-1042,AmazonElastiCache,prod,normal,0,0.1916,gradual_drift,0.5206
2026-04-25,res-amazonelasticache-1042,AmazonElastiCache,prod,normal,0,0.1833,gradual_drift,0.5247
2026-04-26,res-amazonelasticache-1042,AmazonElastiCache,prod,normal,0,0.1325,gradual_drift,0.5186
2026-04-27,res-amazonelasticache-1042,AmazonElastiCache,prod,normal,0,0.1085,gradual_drift,0.5199
2026-04-28,res-amazonelasticache-1042,AmazonElastiCache,prod,normal,0,0.0623,gradual_drift,0.5172
2026-04-29,res-amazonelasticache-1042,AmazonElastiCache,prod,normal,0,0.0909,gradual_drift,0.5145
2026-04-30,res-amazonelasticache-1042,AmazonElastiCache,prod,normal,0,0.1912,gradual_drift,0.5137
2026-05-01,res-amazonelasticache-1042,AmazonElastiCache,prod,normal,0,0.0822,gradual_drift,0.5159
2026-05-02,res-amazonelasticache-1042,AmazonElastiCache,prod,normal,0,0.0152,gradual_drift,0.5159
2026-05-03,res-amazonelasticache-1042,AmazonElastiCache,prod,normal,0,0.0243,gradual_drift,0.5159
2026-03-22,res-amazonelasticache-1043,AmazonElastiCache,prod,normal,0,0.007,gradual_drift,0.4193
2026-03-23,res-amazonelasticache-1043,AmazonElastiCache,prod,normal,0,0.0014,gradual_drift,0.4185
2026-03-24,res-amazonelasticache-1043,AmazonElastiCache,prod,normal,0,0.0009,gradual_drift,0.4209
2026-03-25,res-amazonelasticache-1043,AmazonElastiCache,prod,normal,0,0.0008,gradual_drift,0.4233
2026-03-26,res-amazonelasticache-1043,AmazonElastiCache,prod,normal,0,0.0009,gradual_drift,0.4248
2026-03-27,res-amazonelasticache-1043,AmazonElastiCache,prod,normal,0,0.0007,gradual_drift,0.4289
2026-03-28,res-amazonelasticache-1043,AmazonElastiCache,prod,normal,0,0.0022,gradual_drift,0.4341
2026-03-29,res-amazonelasticache-1043,AmazonElastiCache,prod,normal,0,0.0038,gradual_drift,0.4359
2026-03-30,res-amazonelasticache-1043,AmazonElastiCache,prod,normal,0,0.0031,sudden_spike,0.5382
2026-03-31,res-amazonelasticache-1043,AmazonElastiCache,prod,normal,0,0.0025,gradual_drift,0.4399
2026-04-01,res-amazonelasticache-1043,AmazonElastiCache,prod,normal,0,0.0011,gradual_drift,0.4406
2026-04-02,res-amazonelasticache-1043,AmazonElastiCache,prod,normal,0,0.0013,gradual_drift,0.4433
2026-04-03,res-amazonelasticache-1043,AmazonElastiCache,prod,normal,0,0.0009,gradual_drift,0.4465
2026-04-04,res-amazonelasticache-1043,AmazonElastiCache,prod,normal,0,0.002,gradual_drift,0.449
2026-04-05,res-amazonelasticache-1043,AmazonElastiCache,prod,normal,0,0.003,gradual_drift,0.4515
2026-04-06,res-amazonelasticache-1043,AmazonElastiCache,prod,normal,0,0.0014,gradual_drift,0.454
2026-04-07,res-amazonelasticache-1043,AmazonElastiCache,prod,normal,0,0.0073,gradual_drift,0.4566
2026-04-08,res-amazonelasticache-1043,AmazonElastiCache,prod,normal,0,0.0012,gradual_drift,0.4611
2026-04-09,res-amazonelasticache-1043,AmazonElastiCache,prod,normal,0,0.0012,gradual_drift,0.4665
2026-04-10,res-amazonelasticache-1043,AmazonElastiCache,prod,normal,0,0.0066,gradual_drift,0.4698
2026-04-11,res-amazonelasticache-1043,AmazonElastiCache,prod,normal,0,0.0025,gradual_drift,0.4723
2026-04-12,res-amazonelasticache-1043,AmazonElastiCache,prod,normal,0,0.0026,gradual_drift,0.4719
2026-04-13,res-amazonelasticache-1043,AmazonElastiCache,prod,normal,0,0.0057,gradual_drift,0.4828
2026-04-14,res-amazonelasticache-1043,AmazonElastiCache,prod,normal,0,0.001,gradual_drift,0.4822
2026-04-15,res-amazonelasticache-1043,AmazonElastiCache,prod,normal,0,0.0021,gradual_drift,0.4794
2026-04-16,res-amazonelasticache-1043,AmazonElastiCache,prod,normal,0,0.0231,gradual_drift,0.4908
2026-04-17,res-amazonelasticache-1043,AmazonElastiCache,prod,normal,0,0.0053,gradual_drift,0.4931
2026-04-18,res-amazonelasticache-1043,AmazonElastiCache,prod,normal,0,0.0013,gradual_drift,0.4958
2026-04-19,res-amazonelasticache-1043,AmazonElastiCache,prod,normal,0,0.0019,gradual_drift,0.501
2026-04-20,res-amazonelasticache-1043,AmazonElastiCache,prod,normal,0,0.2642,gradual_drift,0.5074
2026-04-21,res-amazonelasticache-1043,AmazonElastiCache,prod,normal,0,0.0775,gradual_drift,0.5129
2026-04-22,res-amazonelasticache-1043,AmazonElastiCache,prod,normal,0,0.3245,gradual_drift,0.5181
2026-04-23,res-amazonelasticache-1043,AmazonElastiCache,prod,normal,0,0.3324,gradual_drift,0.5289
2026-04-24,res-amazonelasticache-1043,AmazonElastiCache,prod,normal,0,0.098,gradual_drift,0.5264
2026-04-25,res-amazonelasticache-1043,AmazonElastiCache,prod,normal,0,0.1644,gradual_drift,0.5341
2026-04-26,res-amazonelasticache-1043,AmazonElastiCache,prod,normal,0,0.1135,gradual_drift,0.525
2026-04-27,res-amazonelasticache-1043,AmazonElastiCache,prod,normal,0,0.2058,gradual_drift,0.5262
2026-04-28,res-amazonelasticache-1043,AmazonElastiCache,prod,normal,0,0.1146,gradual_drift,0.5223
2026-04-29,res-amazonelasticache-1043,AmazonElastiCache,prod,normal,0,0.0656,gradual_drift,0.5209
2026-04-30,res-amazonelasticache-1043,AmazonElastiCache,prod,normal,0,0.3012,gradual_drift,0.5189
2026-05-01,res-amazonelasticache-1043,AmazonElastiCache,prod,normal,0,0.03,gradual_drift,0.5191
2026-05-02,res-amazonelasticache-1043,AmazonElastiCache,prod,normal,0,0.0389,gradual_drift,0.5191
2026-05-03,res-amazonelasticache-1043,AmazonElastiCache,prod,normal,0,0.0292,gradual_drift,0.5191
2026-03-22,res-amazonelasticache-1044,AmazonElastiCache,prod,normal,0,0.0022,gradual_drift,0.4182
2026-03-23,res-amazonelasticache-1044,AmazonElastiCache,prod,normal,0,0.0009,gradual_drift,0.42
2026-03-24,res-amazonelasticache-1044,AmazonElastiCache,prod,normal,0,0.0004,gradual_drift,0.4224
2026-03-25,res-amazonelasticache-1044,AmazonElastiCache,prod,normal,0,0.0009,gradual_drift,0.4245
2026-03-26,res-amazonelasticache-1044,AmazonElastiCache,prod,normal,0,0.001,gradual_drift,0.426
2026-03-27,res-amazonelasticache-1044,AmazonElastiCache,prod,normal,0,0.0019,gradual_drift,0.4287
2026-03-28,res-amazonelasticache-1044,AmazonElastiCache,prod,normal,0,0.0009,gradual_drift,0.4321
2026-03-29,res-amazonelasticache-1044,AmazonElastiCache,prod,anomaly,1,0.0014,gradual_drift,0.4359
2026-03-30,res-amazonelasticache-1044,AmazonElastiCache,prod,anomaly,1,0.0004,sudden_spike,0.5316
2026-03-31,res-amazonelasticache-1044,AmazonElastiCache,prod,anomaly,1,0.0004,gradual_drift,0.4409
2026-04-01,res-amazonelasticache-1044,AmazonElastiCache,prod,anomaly,1,0.0005,gradual_drift,0.4421
2026-04-02,res-amazonelasticache-1044,AmazonElastiCache,prod,normal,0,0.0011,gradual_drift,0.4451
2026-04-03,res-amazonelasticache-1044,AmazonElastiCache,prod,normal,0,0.0009,gradual_drift,0.4481
2026-04-04,res-amazonelasticache-1044,AmazonElastiCache,prod,normal,0,0.0018,gradual_drift,0.4506
2026-04-05,res-amazonelasticache-1044,AmazonElastiCache,prod,normal,0,0.0011,gradual_drift,0.4531
2026-04-06,res-amazonelasticache-1044,AmazonElastiCache,prod,anomaly,1,0.1248,gradual_drift,0.4553
2026-04-07,res-amazonelasticache-1044,AmazonElastiCache,prod,anomaly,1,0.944,gradual_drift,0.4566
2026-04-08,res-amazonelasticache-1044,AmazonElastiCache,prod,anomaly,1,0.4346,gradual_drift,0.4595
2026-04-09,res-amazonelasticache-1044,AmazonElastiCache,prod,normal,0,0.0046,gradual_drift,0.4659
2026-04-10,res-amazonelasticache-1044,AmazonElastiCache,prod,normal,0,0.0093,gradual_drift,0.4672
2026-04-11,res-amazonelasticache-1044,AmazonElastiCache,prod,normal,0,0.0006,gradual_drift,0.4787
2026-04-12,res-amazonelasticache-1044,AmazonElastiCache,prod,normal,0,0.0079,gradual_drift,0.4789
2026-04-13,res-amazonelasticache-1044,AmazonElastiCache,prod,normal,0,0.0132,gradual_drift,0.4824
2026-04-14,res-amazonelasticache-1044,AmazonElastiCache,prod,normal,0,0.003,gradual_drift,0.4848
2026-04-15,res-amazonelasticache-1044,AmazonElastiCache,prod,normal,0,0.0008,gradual_drift,0.4841
2026-04-16,res-amazonelasticache-1044,AmazonElastiCache,prod,normal,0,0.0508,gradual_drift,0.4939
2026-04-17,res-amazonelasticache-1044,AmazonElastiCache,prod,normal,0,0.0185,gradual_drift,0.4949
2026-04-18,res-amazonelasticache-1044,AmazonElastiCache,prod,normal,0,0.0042,gradual_drift,0.4989
2026-04-19,res-amazonelasticache-1044,AmazonElastiCache,prod,normal,0,0.0051,gradual_drift,0.5018
2026-04-20,res-amazonelasticache-1044,AmazonElastiCache,prod,normal,0,0.2233,gradual_drift,0.5065
2026-04-21,res-amazonelasticache-1044,AmazonElastiCache,prod,normal,0,0.0877,gradual_drift,0.5087
2026-04-22,res-amazonelasticache-1044,AmazonElastiCache,prod,normal,0,0.4331,gradual_drift,0.5107
2026-04-23,res-amazonelasticache-1044,AmazonElastiCache,prod,normal,0,0.3636,gradual_drift,0.5153
2026-04-24,res-amazonelasticache-1044,AmazonElastiCache,prod,normal,0,0.1657,gradual_drift,0.5157
2026-04-25,res-amazonelasticache-1044,AmazonElastiCache,prod,normal,0,0.1878,gradual_drift,0.5188
2026-04-26,res-amazonelasticache-1044,AmazonElastiCache,prod,normal,0,0.0664,gradual_drift,0.5204
2026-04-27,res-amazonelasticache-1044,AmazonElastiCache,prod,normal,0,0.0993,gradual_drift,0.5237
2026-04-28,res-amazonelasticache-1044,AmazonElastiCache,prod,normal,0,0.3009,gradual_drift,0.5248
2026-04-29,res-amazonelasticache-1044,AmazonElastiCache,prod,normal,0,0.1029,gradual_drift,0.5278
2026-04-30,res-amazonelasticache-1044,AmazonElastiCache,prod,normal,0,0.0441,gradual_drift,0.5249
2026-05-01,res-amazonelasticache-1044,AmazonElastiCache,prod,normal,0,0.1241,gradual_drift,0.5286
2026-05-02,res-amazonelasticache-1044,AmazonElastiCache,prod,normal,0,0.0443,gradual_drift,0.5286
2026-05-03,res-amazonelasticache-1044,AmazonElastiCache,prod,normal,0,0.0771,gradual_drift,0.5286
2026-03-22,res-amazonelasticache-1045,AmazonElastiCache,prod,normal,0,0.0051,gradual_drift,0.4173
2026-03-23,res-amazonelasticache-1045,AmazonElastiCache,prod,normal,0,0.0007,gradual_drift,0.4171
2026-03-24,res-amazonelasticache-1045,AmazonElastiCache,prod,normal,0,0.0005,gradual_drift,0.4191
2026-03-25,res-amazonelasticache-1045,AmazonElastiCache,prod,normal,0,0.0005,gradual_drift,0.4225
2026-03-26,res-amazonelasticache-1045,AmazonElastiCache,prod,normal,0,0.0005,gradual_drift,0.425
2026-03-27,res-amazonelasticache-1045,AmazonElastiCache,prod,normal,0,0.0007,gradual_drift,0.4276
2026-03-28,res-amazonelasticache-1045,AmazonElastiCache,prod,normal,0,0.001,gradual_drift,0.4309
2026-03-29,res-amazonelasticache-1045,AmazonElastiCache,prod,normal,0,0.0016,gradual_drift,0.4349
2026-03-30,res-amazonelasticache-1045,AmazonElastiCache,prod,normal,0,0.0015,sudden_spike,0.5444
2026-03-31,res-amazonelasticache-1045,AmazonElastiCache,prod,normal,0,0.0008,gradual_drift,0.4399
2026-04-01,res-amazonelasticache-1045,AmazonElastiCache,prod,normal,0,0.0007,gradual_drift,0.4402
2026-04-02,res-amazonelasticache-1045,AmazonElastiCache,prod,normal,0,0.0007,gradual_drift,0.4424
2026-04-03,res-amazonelasticache-1045,AmazonElastiCache,prod,normal,0,0.0007,gradual_drift,0.4453
2026-04-04,res-amazonelasticache-1045,AmazonElastiCache,prod,normal,0,0.0043,gradual_drift,0.4478
2026-04-05,res-amazonelasticache-1045,AmazonElastiCache,prod,normal,0,0.0044,gradual_drift,0.4503
2026-04-06,res-amazonelasticache-1045,AmazonElastiCache,prod,normal,0,0.1142,gradual_drift,0.4528
2026-04-07,res-amazonelasticache-1045,AmazonElastiCache,prod,normal,0,0.0567,gradual_drift,0.4551
2026-04-08,res-amazonelasticache-1045,AmazonElastiCache,prod,normal,0,0.005,gradual_drift,0.4605
2026-04-09,res-amazonelasticache-1045,AmazonElastiCache,prod,normal,0,0.0025,gradual_drift,0.4661
2026-04-10,res-amazonelasticache-1045,AmazonElastiCache,prod,normal,0,0.0011,gradual_drift,0.4686
2026-04-11,res-amazonelasticache-1045,AmazonElastiCache,prod,anomaly,1,0.0015,gradual_drift,0.4879
2026-04-12,res-amazonelasticache-1045,AmazonElastiCache,prod,anomaly,1,0.0004,gradual_drift,0.4877
2026-04-13,res-amazonelasticache-1045,AmazonElastiCache,prod,normal,0,0.0004,gradual_drift,0.4862
2026-04-14,res-amazonelasticache-1045,AmazonElastiCache,prod,normal,0,0.0007,gradual_drift,0.4894
2026-04-15,res-amazonelasticache-1045,AmazonElastiCache,prod,normal,0,0.0003,gradual_drift,0.4906
2026-04-16,res-amazonelasticache-1045,AmazonElastiCache,prod,normal,0,0.0021,gradual_drift,0.4935
2026-04-17,res-amazonelasticache-1045,AmazonElastiCache,prod,normal,0,0.0074,gradual_drift,0.4904
2026-04-18,res-amazonelasticache-1045,AmazonElastiCache,prod,normal,0,0.0025,gradual_drift,0.498
2026-04-19,res-amazonelasticache-1045,AmazonElastiCache,prod,normal,0,0.0013,gradual_drift,0.5012
2026-04-20,res-amazonelasticache-1045,AmazonElastiCache,prod,normal,0,0.0068,gradual_drift,0.505
2026-04-21,res-amazonelasticache-1045,AmazonElastiCache,prod,normal,0,0.1177,gradual_drift,0.5075
2026-04-22,res-amazonelasticache-1045,AmazonElastiCache,prod,anomaly,1,0.8374,gradual_drift,0.5177
2026-04-23,res-amazonelasticache-1045,AmazonElastiCache,prod,normal,0,0.0159,gradual_drift,0.5269
2026-04-24,res-amazonelasticache-1045,AmazonElastiCache,prod,normal,0,0.4594,gradual_drift,0.5311
2026-04-25,res-amazonelasticache-1045,AmazonElastiCache,prod,normal,0,0.4058,gradual_drift,0.5355
2026-04-26,res-amazonelasticache-1045,AmazonElastiCache,prod,normal,0,0.0432,gradual_drift,0.5295
2026-04-27,res-amazonelasticache-1045,AmazonElastiCache,prod,normal,0,0.1077,gradual_drift,0.5334
2026-04-28,res-amazonelasticache-1045,AmazonElastiCache,prod,normal,0,0.137,gradual_drift,0.5329
2026-04-29,res-amazonelasticache-1045,AmazonElastiCache,prod,normal,0,0.0659,gradual_drift,0.5343
2026-04-30,res-amazonelasticache-1045,AmazonElastiCache,prod,normal,0,0.1372,gradual_drift,0.5243
2026-05-01,res-amazonelasticache-1045,AmazonElastiCache,prod,normal,0,0.0126,gradual_drift,0.5227
2026-05-02,res-amazonelasticache-1045,AmazonElastiCache,prod,normal,0,0.158,gradual_drift,0.5227
2026-05-03,res-amazonelasticache-1045,AmazonElastiCache,prod,normal,0,0.0506,gradual_drift,0.5227
2026-03-22,res-awsdatatransfer-1053,AWSDataTransfer,prod,anomaly,1,0.9962,sudden_spike,0.43
2026-03-23,res-awsdatatransfer-1053,AWSDataTransfer,prod,benign,0,0.0285,sudden_spike,0.3406
2026-03-24,res-awsdatatransfer-1053,AWSDataTransfer,prod,benign,0,0.0293,sudden_spike,0.312
2026-03-25,res-awsdatatransfer-1053,AWSDataTransfer,prod,normal,0,0.0051,sudden_spike,0.3702
2026-03-26,res-awsdatatransfer-1053,AWSDataTransfer,prod,normal,0,0.0038,sudden_spike,0.3271
2026-03-27,res-awsdatatransfer-1053,AWSDataTransfer,prod,normal,0,0.0063,sudden_spike,0.4942
2026-03-28,res-awsdatatransfer-1053,AWSDataTransfer,prod,benign,0,0.9969,sudden_spike,0.3179
2026-03-29,res-awsdatatransfer-1053,AWSDataTransfer,prod,benign,0,0.9914,sudden_spike,0.4718
2026-03-30,res-awsdatatransfer-1053,AWSDataTransfer,prod,benign,0,0.0332,sudden_spike,0.543
2026-03-31,res-awsdatatransfer-1053,AWSDataTransfer,prod,benign,0,0.2006,sudden_spike,0.431
2026-04-01,res-awsdatatransfer-1053,AWSDataTransfer,prod,normal,0,0.0468,sudden_spike,0.3336
2026-04-02,res-awsdatatransfer-1053,AWSDataTransfer,prod,normal,0,0.1054,sudden_spike,0.3153
2026-04-03,res-awsdatatransfer-1053,AWSDataTransfer,prod,normal,0,0.0152,sudden_spike,0.3014
2026-04-04,res-awsdatatransfer-1053,AWSDataTransfer,prod,normal,0,0.1529,sudden_spike,0.43
2026-04-05,res-awsdatatransfer-1053,AWSDataTransfer,prod,normal,0,0.0255,sudden_spike,0.43
2026-04-06,res-awsdatatransfer-1053,AWSDataTransfer,prod,benign,0,0.0026,sudden_spike,0.43
2026-04-07,res-awsdatatransfer-1053,AWSDataTransfer,prod,benign,0,0.0074,sudden_spike,0.4219
2026-04-08,res-awsdatatransfer-1053,AWSDataTransfer,prod,normal,0,0.0062,sudden_spike,0.4123
2026-04-09,res-awsdatatransfer-1053,AWSDataTransfer,prod,normal,0,0.0014,sudden_spike,0.3403
2026-04-10,res-awsdatatransfer-1053,AWSDataTransfer,prod,normal,0,0.0232,sudden_spike,0.3157
2026-04-11,res-awsdatatransfer-1053,AWSDataTransfer,prod,normal,0,0.0119,sudden_spike,0.3887
2026-04-12,res-awsdatatransfer-1053,AWSDataTransfer,prod,normal,0,0.0043,sudden_spike,0.43
2026-04-13,res-awsdatatransfer-1053,AWSDataTransfer,prod,benign,0,0.0097,sudden_spike,0.3086
2026-04-14,res-awsdatatransfer-1053,AWSDataTransfer,prod,benign,0,0.0028,sudden_spike,0.371
2026-04-15,res-awsdatatransfer-1053,AWSDataTransfer,prod,normal,0,0.0012,sudden_spike,0.3443
2026-04-16,res-awsdatatransfer-1053,AWSDataTransfer,prod,anomaly,1,0.0345,sudden_spike,0.3529
2026-04-17,res-awsdatatransfer-1053,AWSDataTransfer,prod,anomaly,1,0.0497,sudden_spike,0.3329
2026-04-18,res-awsdatatransfer-1053,AWSDataTransfer,prod,anomaly,1,0.0083,sudden_spike,0.43
2026-04-19,res-awsdatatransfer-1053,AWSDataTransfer,prod,anomaly,1,0.0017,sudden_spike,0.43
2026-04-20,res-awsdatatransfer-1053,AWSDataTransfer,prod,anomaly,1,0.9933,sudden_spike,0.289
2026-04-21,res-awsdatatransfer-1053,AWSDataTransfer,prod,anomaly,1,0.9908,sudden_spike,0.2922
2026-04-22,res-awsdatatransfer-1053,AWSDataTransfer,prod,anomaly,1,0.9832,sudden_spike,0.4865
2026-04-23,res-awsdatatransfer-1053,AWSDataTransfer,prod,normal,0,0.5578,sudden_spike,0.4162
2026-04-24,res-awsdatatransfer-1053,AWSDataTransfer,prod,normal,0,0.0249,sudden_spike,0.4768
2026-04-25,res-awsdatatransfer-1053,AWSDataTransfer,prod,normal,0,0.4064,sudden_spike,0.3855
2026-04-26,res-awsdatatransfer-1053,AWSDataTransfer,prod,normal,0,0.0245,sudden_spike,0.3276
2026-04-27,res-awsdatatransfer-1053,AWSDataTransfer,prod,benign,0,0.0349,sudden_spike,0.3965
2026-04-28,res-awsdatatransfer-1053,AWSDataTransfer,prod,benign,0,0.3239,sudden_spike,0.3646
2026-04-29,res-awsdatatransfer-1053,AWSDataTransfer,prod,normal,0,0.0263,sudden_spike,0.4724
2026-04-30,res-awsdatatransfer-1053,AWSDataTransfer,prod,normal,0,0.5385,sudden_spike,0.4578
2026-05-01,res-awsdatatransfer-1053,AWSDataTransfer,prod,normal,0,0.0239,sudden_spike,0.3818
2026-05-02,res-awsdatatransfer-1053,AWSDataTransfer,prod,normal,0,0.1252,sudden_spike,0.43
2026-05-03,res-awsdatatransfer-1053,AWSDataTransfer,prod,normal,0,0.2177,sudden_spike,0.43
2026-03-22,res-awsdatatransfer-1146,AWSDataTransfer,prod,benign,0,0.0018,sudden_spike,0.43
2026-03-23,res-awsdatatransfer-1146,AWSDataTransfer,prod,benign,0,0.0014,sudden_spike,0.3628
2026-03-24,res-awsdatatransfer-1146,AWSDataTransfer,prod,benign,0,0.0035,sudden_spike,0.3143
2026-03-25,res-awsdatatransfer-1146,AWSDataTransfer,prod,benign,0,0.0029,sudden_spike,0.2871
2026-03-26,res-awsdatatransfer-1146,AWSDataTransfer,prod,benign,0,0.0425,sudden_spike,0.2806
2026-03-27,res-awsdatatransfer-1146,AWSDataTransfer,prod,benign,0,0.005,sudden_spike,0.4284
2026-03-28,res-awsdatatransfer-1146,AWSDataTransfer,prod,benign,0,0.9966,sudden_spike,0.43
2026-03-29,res-awsdatatransfer-1146,AWSDataTransfer,prod,benign,0,0.9408,sudden_spike,0.4682
2026-03-30,res-awsdatatransfer-1146,AWSDataTransfer,prod,benign,0,0.0069,sudden_spike,0.54
2026-03-31,res-awsdatatransfer-1146,AWSDataTransfer,prod,benign,0,0.0053,sudden_spike,0.4725
2026-04-01,res-awsdatatransfer-1146,AWSDataTransfer,prod,benign,0,0.0043,sudden_spike,0.4063
2026-04-02,res-awsdatatransfer-1146,AWSDataTransfer,prod,benign,0,0.0076,sudden_spike,0.2991
2026-04-03,res-awsdatatransfer-1146,AWSDataTransfer,prod,benign,0,0.0036,sudden_spike,0.3046
2026-04-04,res-awsdatatransfer-1146,AWSDataTransfer,prod,benign,0,0.0067,sudden_spike,0.43
2026-04-05,res-awsdatatransfer-1146,AWSDataTransfer,prod,benign,0,0.0482,sudden_spike,0.43
2026-04-06,res-awsdatatransfer-1146,AWSDataTransfer,prod,benign,0,0.0057,sudden_spike,0.43
2026-04-07,res-awsdatatransfer-1146,AWSDataTransfer,prod,benign,0,0.0068,sudden_spike,0.4543
2026-04-08,res-awsdatatransfer-1146,AWSDataTransfer,prod,benign,0,0.1004,sudden_spike,0.3144
2026-04-09,res-awsdatatransfer-1146,AWSDataTransfer,prod,benign,0,0.0041,sudden_spike,0.3256
2026-04-10,res-awsdatatransfer-1146,AWSDataTransfer,prod,benign,0,0.0169,sudden_spike,0.2955
2026-04-11,res-awsdatatransfer-1146,AWSDataTransfer,prod,benign,0,0.0027,sudden_spike,0.43
2026-04-12,res-awsdatatransfer-1146,AWSDataTransfer,prod,benign,0,0.0045,sudden_spike,0.43
2026-04-13,res-awsdatatransfer-1146,AWSDataTransfer,prod,benign,0,0.0038,sudden_spike,0.3612
2026-04-14,res-awsdatatransfer-1146,AWSDataTransfer,prod,benign,0,0.0084,sudden_spike,0.301
2026-04-15,res-awsdatatransfer-1146,AWSDataTransfer,prod,anomaly,1,0.3129,sudden_spike,0.4263
2026-04-16,res-awsdatatransfer-1146,AWSDataTransfer,prod,anomaly,1,0.4143,sudden_spike,0.3659
2026-04-17,res-awsdatatransfer-1146,AWSDataTransfer,prod,anomaly,1,0.0732,sudden_spike,0.3332
2026-04-18,res-awsdatatransfer-1146,AWSDataTransfer,prod,benign,0,0.0007,sudden_spike,0.43
2026-04-19,res-awsdatatransfer-1146,AWSDataTransfer,prod,benign,0,0.0036,sudden_spike,0.43
2026-04-20,res-awsdatatransfer-1146,AWSDataTransfer,prod,benign,0,0.0622,sudden_spike,0.3642
2026-04-21,res-awsdatatransfer-1146,AWSDataTransfer,prod,benign,0,0.045,sudden_spike,0.3505
2026-04-22,res-awsdatatransfer-1146,AWSDataTransfer,prod,benign,0,0.0374,sudden_spike,0.5038
2026-04-23,res-awsdatatransfer-1146,AWSDataTransfer,prod,benign,0,0.0446,sudden_spike,0.4118
2026-04-24,res-awsdatatransfer-1146,AWSDataTransfer,prod,benign,0,0.0761,sudden_spike,0.4579
2026-04-25,res-awsdatatransfer-1146,AWSDataTransfer,prod,benign,0,0.0246,sudden_spike,0.3513
2026-04-26,res-awsdatatransfer-1146,AWSDataTransfer,prod,benign,0,0.0128,sudden_spike,0.2997
2026-04-27,res-awsdatatransfer-1146,AWSDataTransfer,prod,benign,0,0.0484,sudden_spike,0.378
2026-04-28,res-awsdatatransfer-1146,AWSDataTransfer,prod,benign,0,0.2379,sudden_spike,0.463
2026-04-29,res-awsdatatransfer-1146,AWSDataTransfer,prod,benign,0,0.9704,sudden_spike,0.4106
2026-04-30,res-awsdatatransfer-1146,AWSDataTransfer,prod,benign,0,0.1582,sudden_spike,0.4122
2026-05-01,res-awsdatatransfer-1146,AWSDataTransfer,prod,benign,0,0.5055,sudden_spike,0.3025
2026-05-02,res-awsdatatransfer-1146,AWSDataTransfer,prod,benign,0,0.0885,sudden_spike,0.43
2026-05-03,res-awsdatatransfer-1146,AWSDataTransfer,prod,benign,0,0.0193,sudden_spike,0.43
2026-03-22,res-awslambda-1214,AWSLambda,dev,benign,0,0.0061,idle_resource,0.0
2026-03-23,res-awslambda-1214,AWSLambda,dev,benign,0,0.0035,idle_resource,0.0
2026-03-24,res-awslambda-1214,AWSLambda,dev,benign,0,0.0054,idle_resource,0.0
2026-03-25,res-awslambda-1214,AWSLambda,dev,benign,0,0.0032,idle_resource,0.0
2026-03-26,res-awslambda-1214,AWSLambda,dev,benign,0,0.0485,idle_resource,0.0
2026-03-27,res-awslambda-1214,AWSLambda,dev,benign,0,0.0027,idle_resource,0.0
2026-03-28,res-awslambda-1214,AWSLambda,dev,benign,0,0.2408,idle_resource,0.0
2026-03-29,res-awslambda-1214,AWSLambda,dev,benign,0,0.3488,idle_resource,0.0
2026-03-30,res-awslambda-1214,AWSLambda,dev,benign,0,0.0071,sudden_spike,0.5444
2026-03-31,res-awslambda-1214,AWSLambda,dev,benign,0,0.0087,idle_resource,0.0
2026-04-01,res-awslambda-1214,AWSLambda,dev,benign,0,0.0679,idle_resource,0.0
2026-04-02,res-awslambda-1214,AWSLambda,dev,benign,0,0.0027,idle_resource,0.0
2026-04-03,res-awslambda-1214,AWSLambda,dev,benign,0,0.0035,idle_resource,0.0
2026-04-04,res-awslambda-1214,AWSLambda,dev,benign,0,0.0032,idle_resource,0.0
2026-04-05,res-awslambda-1214,AWSLambda,dev,benign,0,0.0123,idle_resource,0.0
2026-04-06,res-awslambda-1214,AWSLambda,dev,benign,0,0.0019,idle_resource,0.0
2026-04-07,res-awslambda-1214,AWSLambda,dev,benign,0,0.0005,idle_resource,0.0
2026-04-08,res-awslambda-1214,AWSLambda,dev,benign,0,0.0031,idle_resource,0.0
2026-04-09,res-awslambda-1214,AWSLambda,dev,benign,0,0.0025,idle_resource,0.0
2026-04-10,res-awslambda-1214,AWSLambda,dev,benign,0,0.0028,idle_resource,0.0
2026-04-11,res-awslambda-1214,AWSLambda,dev,benign,0,0.0017,idle_resource,0.0
2026-04-12,res-awslambda-1214,AWSLambda,dev,benign,0,0.0007,idle_resource,0.0
2026-04-13,res-awslambda-1214,AWSLambda,dev,benign,0,0.001,idle_resource,0.0
2026-04-14,res-awslambda-1214,AWSLambda,dev,benign,0,0.0024,idle_resource,0.0
2026-04-15,res-awslambda-1214,AWSLambda,dev,benign,0,0.0031,idle_resource,0.0
2026-04-16,res-awslambda-1214,AWSLambda,dev,benign,0,0.0025,idle_resource,0.0
2026-04-17,res-awslambda-1214,AWSLambda,dev,benign,0,0.0056,idle_resource,0.0
2026-04-18,res-awslambda-1214,AWSLambda,dev,benign,0,0.001,idle_resource,0.0
2026-04-19,res-awslambda-1214,AWSLambda,dev,benign,0,0.0041,idle_resource,0.0
2026-04-20,res-awslambda-1214,AWSLambda,dev,benign,0,0.0262,idle_resource,0.0
2026-04-21,res-awslambda-1214,AWSLambda,dev,benign,0,0.0077,idle_resource,0.0
2026-04-22,res-awslambda-1214,AWSLambda,dev,benign,0,0.0076,idle_resource,0.0
2026-04-23,res-awslambda-1214,AWSLambda,dev,benign,0,0.0121,idle_resource,0.0
2026-04-24,res-awslambda-1214,AWSLambda,dev,benign,0,0.029,idle_resource,0.0
2026-04-25,res-awslambda-1214,AWSLambda,dev,benign,0,0.0109,idle_resource,0.0
2026-04-26,res-awslambda-1214,AWSLambda,dev,benign,0,0.0335,idle_resource,0.0
2026-04-27,res-awslambda-1214,AWSLambda,dev,benign,0,0.0776,idle_resource,0.0
2026-04-28,res-awslambda-1214,AWSLambda,dev,anomaly,1,0.8526,idle_resource,0.0
2026-04-29,res-awslambda-1214,AWSLambda,dev,anomaly,1,0.9149,idle_resource,0.0
2026-04-30,res-awslambda-1214,AWSLambda,dev,anomaly,1,0.9805,idle_resource,0.0
2026-05-01,res-awslambda-1214,AWSLambda,dev,anomaly,1,0.9818,idle_resource,0.0
2026-05-02,res-awslambda-1214,AWSLambda,dev,anomaly,1,0.0339,idle_resource,0.0
2026-05-03,res-awslambda-1214,AWSLambda,dev,anomaly,1,0.1184,idle_resource,0.0
