resource_id,timestamp,cpu_percent,memory_mib,network_in_bytes,network_out_bytes,disk_io_ops,label,cpu_h0,cpu_h1,cpu_h2,cpu_h3,cpu_h4,cpu_h5,cpu_h6,cpu_h7,cpu_h8,cpu_h9,cpu_h10,cpu_h11,cpu_h12,cpu_h13,cpu_h14,cpu_h15,cpu_h16,cpu_h17,cpu_h18,cpu_h19,cpu_h20,cpu_h21,cpu_h22,cpu_h23
res-amazondynamodb-1067,2026-03-01T00:00:00+00:00,12.586500890080629,3066.8626256651323,3167810286.9632063,4003595857.5760503,635240.4201742477,normal,4.412319102693738,3.2654996818763187,2.0619277590787983,2.0,2.028359287356761,3.3820268197964336,4.703812572950574,7.232109636734521,9.559459552710935,12.489065871403781,15.344625513678261,18.192434513583464,20.3767472675445,22.037241379850155,22.917225313155477,23.294616445027373,23.28359240873683,22.476139131628976,20.385265087912703,18.015348096093373,15.398846552914534,12.489065871403781,9.769989750764978,6.960303745038839
res-amazondynamodb-1230,2026-03-01T00:00:00+00:00,12.294707140802894,2587.140075683463,2291123915.847743,2621318790.2917566,440322.623571761,normal,4.936203037110545,2.9125620268132253,2.252978153706872,2.0,2.0,2.8247689371694595,5.017468857577176,7.033413430428395,9.462035447368812,12.239112627898079,14.986248789021937,17.56806007534563,19.995845746446136,21.635987816138332,22.40372121733538,22.882449978539828,22.31946361044387,21.972872982193685,19.55232684485853,17.539850981582383,14.886807068135486,12.239112627898079,9.381669167485825,7.030011955771803
res-amazondynamodb-1067,2026-03-02T00:00:00+00:00,28.868687813873166,4313.641643750224,3907264315.074372,4706081963.247549,826377.3751936093,normal,18.568761099352212,15.500009671656203,14.355907221284394,13.264418814565756,14.495418832660858,16.14550700969458,18.390464597568332,21.175842663253306,24.93178105846992,28.83542150839098,32.75737201992759,36.33018516475211,39.74510975939344,42.40716609084052,43.11544566678653,43.460235823639195,43.49269497954388,41.824338316884536,39.96088288205748,36.30719284650178,32.55245053281801,28.83542150839098,24.819745564100852,21.57673390042251
res-amazondynamodb-1230,2026-03-02T00:00:00+00:00,33.84717962039835,4412.80012426877,3003010598.879508,3654432966.9647865,627377.3872251749,normal,22.8109902950891,21.11046956048656,19.497517937085462,18.54704435407207,19.012608736486698,21.282005697555764,22.863111905835645,26.150019176292115,30.230347306209783,33.92558651766816,37.80635697941668,41.396303153253044,44.753220115564964,46.38298701760199,48.62435313472485,49.10014141437003,48.02851834783322,46.971038949470085,44.237544483919535,41.160778787993614,37.83626526513217,33.92558651766816,30.14543083017888,26.534084405651797
res-amazondynamodb-1067,2026-03-03T00:00:00+00:00,30.090221422016825,4139.304877978765,3981709388.1711335,4423629768.85601,754129.2976692772,normal,19.723803609873386,16.718516499993903,15.737775271911996,15.723660435887343,14.937379938388052,17.112821730653582,19.374773593547538,22.490610124339675,26.289837831913708,30.11870801420685,34.144741710238115,37.534098246517246,40.89183431938926,43.443102716197124,44.15862231106249,44.8676021408008,44.04078411554458,43.24186176075453,41.04450236014944,37.70183700664555,33.876676626105294,30.11870801420685,26.106391332928293,22.76666441714819
res-amazondynamodb-1230,2026-03-03T00:00:00+00:00,30.08859132390067,4016.7973524574872,2988859312.640725,3321371186.7663517,590897.0322420928,normal,19.364598697346935,16.72160611915247,16.157656377319235,14.50632091513535,16.333504682523262,16.564827631613536,19.197563111293533,22.56342954819697,26.21011649225805,30.183634135268598,33.88790919573751,37.38495848268212,40.352564843205215,43.235565219805935,44.26023152679277,45.72394259107869,44.59391732046919,43.42799075101348,40.952382254117055,37.54852391446588,33.96621012674926,30.183634135268598,26.186177203168565,22.618926498953886
res-amazondynamodb-1067,2026-03-04T00:00:00+00:00,29.718019397637153,4200.638567161475,3863284054.494117,4613660238.661113,760058.5349127601,normal,19.60796861247009,16.864589975256273,14.766405699643899,14.638627988976843,15.924068641649857,16.751504509247717,19.317308752818835,22.21954854783635,25.857426871085686,29.702711539384225,33.40686913589141,37.34040254784568,40.68163318711513,43.289661017208786,43.724529692358956,44.74966874233352,43.53031101173503,42.69203196330561,39.91205157009623,37.45613404540826,33.43509052010536,29.702711539384225,25.812235766198235,21.848973665935524
res-amazondynamodb-1230,2026-03-04T00:00:00+00:00,26.585498116624862,3890.04268200895,2771227519.9701443,3420484271.8535123,559376.098017961,normal,15.620273992694901,13.78041739751089,11.56974841628399,10.827342624005643,12.29535278917996,14.056075245412494,16.33557112586279,18.870920430050575,22.820542018865144,26.56497609826246,30.332500767164113,33.956735021285695,36.72012539454371,40.018779233589754,41.575675428315485,41.43437544598649,41.216265909187086,39.73975765479439,37.435955971501,34.0804936639205,30.451274522917302,26.56497609826246,22.603861233909335,19.179958315490524
res-amazondynamodb-1067,2026-03-05T00:00:00+00:00,31.528073192545833,4441.646700903589,3918540542.75603,4789322776.150635,818842.9703216843,normal,20.496063072947404,19.04854901508055,16.693882405556614,16.234489314518584,17.58468662142444,18.30297933973624,20.857598378205736,24.197575229101723,27.72925168875553,31.538216981959785,35.3160749918954,39.04780237903054,42.336957011243875,44.04782623682357,46.653537031751654,46.17916845450236,45.76461633625655,44.744388712482895,41.69742337975124,39.13392649939875,35.58201737404157,31.538216981959785,27.709542670856443,24.238966513818845
res-amazondynamodb-1230,2026-03-05T00:00:00+00:00,32.23085446507067,4607.806624110446,2953332470.724075,3608570386.4615474,633569.4538053308,normal,21.696464035945013,18.953858755178246,17.158314091500053,17.294096526836242,18.382986320704894,18.94113404224433,21.52086739774211,24.494655838296715,28.43917790573218,32.33513427396247,36.39710770752043,39.863967710039624,42.428276423236134,45.29131037484508,46.10302280082165,47.69169599394691,46.91956880075433,44.81863210641191,43.273734618674276,39.86246220187316,36.06758716372724,32.33513427396247,28.32779868037707,24.943519117363582
res-amazondynamodb-1067,2026-03-06T00:00:00+00:00,31.87993946268325,4457.573246389206,4250809184.7425513,4932170187.641117,792657.1731702342,normal,21.035923358671578,18.27107242985807,17.852439702403366,17.41310542101064,17.405883992706073,18.256245986943107,20.748130466673864,24.558769288111396,28.042554265348876,31.854705343901074,35.82816319605806,39.70894266539429,42.87830387195032,44.47498531356742,46.71990806016859,46.177553191241245,46.80409707237851,44.97701250497235,42.94507518707822,39.69972968550289,35.56260461360369,31.854705343901074,27.978550942761753,24.070085200191464
res-amazondynamodb-1230,2026-03-06T00:00:00+00:00,29.552228880875266,4218.018712296851,2990244628.6740804,3624818865.001118,570019.0777170368,normal,19.072228629663798,15.995258288310469,14.334388779850045,15.137883459291974,15.179082335285905,16.98385103582372,19.14703765887075,21.657833135174243,25.448282128619795,29.518635860801425,33.27790694185862,37.053899805747086,39.935045520060854,43.06608451978458,44.46858038174217,44.2318968594888,43.30960672890747,43.1560010737513,40.31970324175371,36.962931502653696,33.31879400608453,29.518635860801425,25.770693027041553,22.389232359638456
res-amazondynamodb-1067,2026-03-07T00:00:00+00:00,11.268942749106836,2665.6090726946854,2943724666.608321,3526311010.50351,630571.059798063,normal,4.177731505567207,2.6815895206208267,2.0,2.0,2.0,3.1565505082477303,4.377679338080868,6.182518539900764,8.703238797808089,11.25158627268808,13.8532079766838,16.0300630264493,18.200280486659114,19.81143374077243,20.8885957786346,20.578961545703564,21.00459046067433,19.370599621523557,17.867413461391056,16.10635721030426,13.743222482316286,11.25158627268808,8.811988028610283,6.405431403239869
res-amazondynamodb-1230,2026-03-07T00:00:00+00:00,15.667455028312562,3170.0193769243037,2468308091.187347,2942888602.2870293,474326.92761420103,normal,7.681050349750398,5.6638097708415955,4.699388589235409,4.353920872359236,5.220926365129992,6.005160001446473,7.589183345564452,10.086967468548167,12.740360263370341,15.686364190867737,18.559126010033125,21.496137918067845,23.266673217200143,25.77274128398915,26.1256191093911,26.73548500522398,26.567639654322548,25.575326007261587,24.001763842973237,21.202818770183967,18.477343854774986,15.686364190867737,12.819703412070844,10.005047186027426
res-amazondynamodb-1067,2026-03-08T00:00:00+00:00,21.62365496033547,3867.683978158014,3978834501.421638,4541427139.207519,802098.1740749625,normal,14.061191899753387,12.32322685248882,10.256520270937969,10.48914524154841,11.1180383246216,11.683004942249939,13.381436640757574,16.146491739518016,18.707996294407025,21.640419867278418,24.64605206788418,27.032994550224956,29.493965757804606,31.2661908563806,32.65587662383477,32.52840589051567,32.47992618384975,31.433912770090195,29.906314826104293,27.28041180040804,24.44496066673875,21.640419867278418,18.605208837825092,15.745606275550845
res-amazondynamodb-1230,2026-03-08T00:00:00+00:00,21.209366099280466,3865.3886891332704,2815362371.997242,3329495564.543015,543515.6974199576,normal,13.126590709604795,11.718198432852004,9.922352193115382,9.891826777124932,10.872700764839813,11.10292715421996,13.150957291526357,15.56495369402101,18.460136240678807,21.30000387552446,24.328492696640144,26.817090713190318,29.193966015505673,30.805798334765427,31.85794926302393,32.03668331177386,32.4241004600469,30.644075124865736,29.279873434403086,26.67176383334135,24.352609271407452,21.30000387552446,18.350325338792135,15.851407575943156
res-amazondynamodb-1067,2026-03-09T00:00:00+00:00,32.4357036065042,4596.244244627368,4332648627.299345,5025713429.248209,831771.2889115076,normal,21.75103921966477,18.921093494551158,18.07145545587135,17.562174733685183,18.01086019800204,19.61263789866922,21.94262918353978,25.02109170979096,28.417871622651365,32.49352071896519,36.29246203504889,39.77661121714698,43.14699088890596,44.83803163699389,47.59253318779717,47.54020206986172,47.556279913737306,45.282505681852115,42.728817047859245,39.76274013326659,36.36444387167433,32.49352071896519,28.50183063741111,24.775543280189247
res-amazondynamodb-1230,2026-03-09T00:00:00+00:00,31.497513042692436,4256.710329666947,2840386953.8381615,3644106546.252012,589202.767484125,normal,20.471974348737128,18.7583608232481,17.291636750657638,16.720755526440243,17.112715135975726,17.924500726633717,21.359994873117692,24.01542545599459,27.763519629580358,31.514258140764795,35.21452062803624,38.98061633363896,42.0092158538586,43.97486676332307,45.824525010349376,46.97780388780326,45.47788664261559,45.132731599281726,41.65252996842019,38.8560852206328,35.50326750665688,31.514258140764795,27.63959980089484,24.24926425719211
res-amazondynamodb-1067,2026-03-10T00:00:00+00:00,33.129448900514916,4522.820966343313,4088858646.1191707,5014570033.88427,857599.7874920154,normal,22.282964980629828,20.698979804732502,18.242068135874966,17.553729620226644,18.65059481311357,20.710008026235847,22.980839248141024,25.917199897460648,29.427742330164723,33.18783676613723,37.18670540670597,40.551443134440525,44.13021888961071,46.531731737181794,47.467019092192146,47.48281429091724,46.96495034803792,45.95169591335736,43.31225748527845,40.40365804778154,36.97478884693861,33.18783676613723,29.443460581935284,25.86622944912625
res-amazondynamodb-1230,2026-03-10T00:00:00+00:00,32.56716839710263,4455.381283050019,2882075428.1960025,3630087358.910237,597757.8440303723,normal,21.62882285617426,20.149213275500692,17.497707445941984,17.271307363616636,17.80400323312123,20.0776485166675,21.729173336113952,25.379072726141466,28.85170603758958,32.56155066223191,36.25871716901393,39.806269581689556,43.40799600971502,45.987012667405956,46.58610025257797,48.04649697448765,47.02222833136668,46.14675431206057,42.78558175305281,39.72672424894863,36.577806216312766,32.56155066223191,28.695892740627514,25.052705157872815
res-amazondynamodb-1067,2026-03-11T00:00:00+00:00,26.544151797311315,3766.944624909692,3699652994.507939,4678735024.032788,781706.7778082574,normal,16.137820880483375,12.90927659568942,12.724712787328906,10.915536415412973,11.640257028870428,13.475779725970298,15.536210124744816,19.35881180528037,22.62333084076474,26.52278680243912,30.214764627140664,34.11207212822643,37.29671893939275,39.631089372694156,40.853012456112836,41.9791944195608,40.784428657292196,39.648213595746306,37.655537398567134,34.28217312871634,30.461084181313463,26.52278680243912,22.508114721681814,19.265929699603138
res-amazondynamodb-1230,2026-03-11T00:00:00+00:00,29.660409930437606,4332.032557918572,2890610804.490941,3548270150.4628077,598426.1168278136,normal,18.66304334046095,16.55243088988815,15.686947314088934,14.845917812584391,15.776352150819836,16.671653652572978,19.20236285848158,22.28862402290769,25.639471849807,29.654996206790415,33.60692271221114,37.46947194654184,40.42568612910485,42.79997026448436,43.55517180308127,43.92065653843342,43.72352103269671,43.0179129264361,40.71682928325355,36.95221999016428,33.408624038990006,29.654996206790415,25.81947360818343,21.796581751729338
res-amazondynamodb-1067,2026-03-12T00:00:00+00:00,30.136960219236073,4143.667925778012,4100185935.0062103,4613551042.005785,764769.3662526853,normal,19.150223943862937,17.649807968981307,15.507616967758741,15.12793472450249,15.768496173330085,17.346816911653224,19.899005166395753,22.5249537250926,26.403563342259517,30.137433434571587,33.999424781661176,37.71649745762251,40.296230347941105,42.599616407320916,44.243669735054226,45.55704624271611,44.605793629972105,42.88211328328377,41.1146970797057,37.406366282404086,33.92634360442552,30.137433434571587,26.438762362945237,22.847198253633437
res-amazondynamodb-1230,2026-03-12T00:00:00+00:00,27.0063518112844,4017.0182513807918,2851977662.750336,3511960581.6728125,582413.0296866649,normal,16.007946818369955,14.477341849936437,12.594282093729507,12.157309145698509,12.942497165092913,14.45356010489216,16.550786479841072,19.294177711067185,23.165884159176358,26.933978390614165,30.62413024084284,34.4857388647981,37.60297217748557,39.631165271738375,41.5612166998002,42.025655065364376,41.69507109727985,40.40916152706879,37.11683571063851,34.685438057822275,30.630097351739806,26.933978390614165,22.89346794025035,19.27975115696403
res-amazondynamodb-1067,2026-03-13T00:00:00+00:00,37.282818402839105,4753.174784867165,4417858472.093718,4955486220.423481,810956.8404202478,normal,26.455654707696773,24.724171555581897,22.08777405615347,22.17136241770121,23.2040256566467,24.561132460037832,26.09347985027923,29.743795594682478,33.345169558069344,37.19627043834491,41.15640385698111,44.59503554669323,47.71912533828498,50.50636856651265,51.62893629813294,52.51662901818,52.354859598699576,50.7874892713495,47.74666402573787,44.496936593370776,40.98197753354366,37.19627043834491,33.47714941963717,30.040959867476346
res-amazondynamodb-1230,2026-03-13T00:00:00+00:00,36.223588610421196,4758.338214904308,3384507488.4187484,3838366565.7499905,678544.1541438461,normal,26.061591843996844,22.635112347462602,21.151705056636708,20.872648068428933,22.39556492734259,22.977809698050258,25.48076177452817,28.947978810646525,32.39152404014939,36.257806177467586,39.952818990409654,43.73486333756459,46.95336814019125,49.72652703486471,51.044024097985826,50.65803279004548,50.569099699245086,48.76056501876092,47.32146691574553,43.901294240290014,40.043053261515475,36.257806177467586,32.52159337056713,28.74911083074591
res-amazondynamodb-1067,2026-03-14T00:00:00+00:00,16.851588137632994,3266.500477625866,3257178956.162334,4051710107.212647,715746.6481103983,normal,8.548321420763209,6.971531644163936,6.451008172657858,5.630291354069573,5.723523445431085,6.749345116339041,9.003023249654078,11.55573826164201,14.015029234708495,16.899617017906944,19.698067807190327,22.606800212029263,24.90445363982031,26.620768145972008,27.81230371265328,27.620676198334756,28.04108289309036,26.836057829566606,24.61654469026377,22.286480930148798,19.78007174113964,16.899617017906944,14.018373587857685,11.149387979881887
res-amazondynamodb-1230,2026-03-14T00:00:00+00:00,15.011963811611745,3141.1247320492744,2490182953.0622706,2896535096.356699,476225.5004492158,normal,7.483774613692303,4.91330103407048,3.7037060781913214,3.3391554608477256,4.496771837461739,4.984203238339968,7.211773641236276,9.341326840530805,12.256698869494933,15.077806231167985,18.10441866417635,20.678955541474338,23.37520724991443,24.681419598803842,26.04753633987731,26.26243906113104,25.541757992183033,24.800552335071785,22.92144138928326,20.53213725374274,17.967289251708255,15.077806231167985,12.236697111733157,9.250955613380809
res-amazondynamodb-1067,2026-03-15T00:00:00+00:00,15.09434012235323,2848.9806884415384,3440605774.7235727,4062567380.156121,685725.2072869882,normal,7.313461965757272,5.5401375284168015,4.330171008478607,3.650942251882287,4.4594322858554865,5.306484979920574,6.982035832898615,9.407175268267025,12.27632026034441,15.044406954425588,17.914113022792005,20.413940231717284,23.32963303621024,24.932774717020838,26.360273895002763,26.075578504616125,26.371948897297074,24.730146463711513,22.858820454392042,20.861569113652422,17.823277780536888,15.044406954425588,12.026579711572762,9.210531817283297
res-amazondynamodb-1230,2026-03-15T00:00:00+00:00,13.875438523494422,3030.1984169746393,2438177193.7246604,3006010915.960565,499087.8169441734,normal,5.92813876584522,4.293968629053822,3.0197196243248263,3.0654867134096935,3.1702860595599875,3.620477655950888,6.160359590406999,8.427308649397446,10.845729751241262,13.812568792514988,16.606870647114853,19.694628793622243,21.399034077724853,23.921546216426158,25.038798846168284,25.25201633231184,24.824519251852657,23.83162827077138,21.43178433721734,19.368433704093004,16.605513233753516,13.812568792514988,10.805109693663574,8.074028134926285
res-amazondynamodb-1067,2026-03-16T00:00:00+00:00,30.663884954005187,4464.896004750972,3898818095.5345745,4769288248.720638,844546.2844592681,normal,19.826875468658802,17.996559519699048,15.61557783964939,15.018126659663162,15.82274644337577,17.418249171736093,19.913628082621777,23.47527387058421,27.001503846895282,30.749382208955343,34.8045085847498,37.89925603032763,41.695982398524635,43.62518885849737,44.56073164921876,45.26687055642458,45.935528881193804,44.149186096842406,41.70399853475234,38.28612907167297,34.452866002355584,30.749382208955343,26.87738885807481,23.08829805269569
res-amazondynamodb-1230,2026-03-16T00:00:00+00:00,32.63999939670864,4626.5788434467395,3109823099.4918637,3843960227.513231,628911.3592222168,normal,22.388949003332446,19.347448950228767,18.44557410996404,17.48756460942167,18.215009230754784,20.140060003395725,21.57512627578427,25.270635789378723,28.858788685214147,32.67202378940369,36.43743033166493,39.808037347343486,43.150321964513395,46.06617202991593,46.47595623754457,48.17848626700995,46.76374390227248,45.93961409866924,43.23193531877662,39.879750216234044,36.5349854793688,32.67202378940369,28.871504128568215,24.948843962843693
res-amazondynamodb-1067,2026-03-17T00:00:00+00:00,40.85103890559737,4978.669481381481,4359188760.396528,5326633255.193901,940706.4499468654,normal,30.018503234824465,27.947978488533305,26.734725668690587,25.49359558864417,27.055268664692278,27.388321765471492,30.53965634928229,33.747514519738445,36.9943376958746,40.971163345079916,44.863014053960214,48.12632397643044,51.38110901781572,53.599634124873425,55.336093452813564,55.33665372011144,55.08225919824234,53.54223798791232,51.35918895269165,48.45694504195825,45.031718657705554,40.971163345079916,36.91290982265367,33.534617061256824
res-amazondynamodb-1230,2026-03-17T00:00:00+00:00,34.203063112257716,4579.086298940293,3263664068.4431524,3874951269.0354996,610220.8312917881,normal,23.386694482703206,20.605846532628924,19.5580516522213,19.92404234060563,19.94268483584724,21.09191563939738,24.00798101292765,26.780905495685296,30.344003568121448,34.207241203135446,38.11687312550701,41.742950414995875,44.67094466409677,47.04691204216586,48.78793975601046,48.70249790795918,48.65064863405072,47.207221238642326,45.01190771608292,41.77837024932823,38.02239342266475,34.207241203135446,30.51148466922573,26.56676288704635
res-amazondynamodb-1067,2026-03-18T00:00:00+00:00,30.217536160433127,4163.058444750322,3833433530.324962,4737503329.55877,779811.2860620169,normal,19.82849544093216,17.439468082422223,15.200468865745105,15.584609276099755,15.425299898216037,17.398958580652916,19.436884812539258,22.714338564088877,26.37199241476554,30.160637455557683,34.11831125884752,37.853343603178644,41.10915347125652,42.85166002261226,44.48742081164579,45.388374332436335,44.90462507146921,43.7902513993591,40.45693872137713,37.72078476358241,33.894555028939784,30.160637455557683,26.305987170595373,22.61767134851773
res-amazondynamodb-1230,2026-03-18T00:00:00+00:00,30.958472552805983,4460.850609622702,3031025013.7193284,3472294499.0823407,612859.3427033136,normal,20.75165939350478,18.634508775119507,15.822329633116885,15.754801887810071,16.27434798588508,17.726973679488296,19.927888450937843,23.5317911899201,27.065652193652095,31.012290850474255,34.87858170283983,38.56432419419716,41.3131542781163,44.07452832759285,45.71480135288622,45.43799044033391,45.555659722692305,43.605308657634914,41.88516783293905,38.80681441412718,35.08652667414817,31.012290850474255,27.110178571499375,23.45577020795311
res-amazondynamodb-1067,2026-03-19T00:00:00+00:00,31.32390045430294,4250.649065695528,3852749897.103636,4545105259.722317,753254.7594824014,normal,21.08726222771076,18.94245820172837,16.8912204891424,16.067522181950686,16.85099607718026,18.744426106222953,20.749803681547693,24.087820602184767,27.29421757326306,31.336605469739343,35.14782421470674,39.051220903762534,41.994152850869625,43.85611412926859,45.26216688459368,45.98816132575033,46.20908858030305,44.264013013732416,41.611241197253904,38.490835133995176,35.168984950755345,31.336605469739343,27.280052207384745,24.060817430484647
res-amazondynamodb-1230,2026-03-19T00:00:00+00:00,30.664045452411695,4166.019747233622,2948152454.2982154,3452371361.398156,581166.9383507188,normal,20.31765144231256,18.20053250800153,16.01983663774768,15.298509237084419,16.610858204678642,17.520782137745222,19.560635939704085,23.02177898191244,26.742066633767156,30.663273035464595,34.73426077717479,38.1394323040712,41.271747167512004,44.038690394617774,45.100325954542505,45.67183004821166,45.61915574472588,43.28134191018178,40.945220834652616,38.01699743518808,34.56215758046028,30.663273035464595,26.66297356277751,23.273759349881637
res-amazondynamodb-1067,2026-03-20T00:00:00+00:00,37.21683861763038,4926.256363509719,4557052255.632014,5154602633.79051,904584.4421294496,normal,26.162634631618445,24.682316529925508,22.53235724423295,22.576990987485267,22.265939037879306,24.657413285498208,27.043408079852796,29.81085849904852,33.20381440584431,37.197636716803906,40.996621639442225,44.8090117757189,47.6493787757748,50.37505933148445,52.0216051715809,51.81271136848831,51.609474413929725,49.874442014261504,48.04237916026963,44.705080341458554,40.91304617678699,37.197636716803906,33.202774879674635,29.861535639265373
res-amazondynamodb-1230,2026-03-20T00:00:00+00:00,36.57601455054007,4908.615858563691,3370193432.1617913,4067055294.863847,665556.6503597744,normal,26.39021397412508,23.628372497942827,21.832076007936937,21.61313480583013,22.242618943769003,23.587481629462246,25.792799911374665,28.807950155841187,32.81123719754749,36.50488356032592,40.24194262158871,44.267408942723094,47.16961565089127,49.36253565656019,51.43521408510381,51.85254399012713,51.596419993440385,49.78728705408643,46.76397661669109,44.28339288152245,40.22971856750658,36.50488356032592,32.451703621884135,28.666937286355004
res-amazondynamodb-1067,2026-03-21T00:00:00+00:00,13.01169042503391,2694.6498413795075,3278005389.673685,3931338779.84378,611706.5108711012,normal,4.957749113637699,3.660301158359202,2.0,2.0,2.0,3.515965958020392,4.928281293210834,7.388609866204289,10.038650191830195,12.980537740976322,15.957594799181004,18.50488117080637,21.112778486837332,22.44824158184398,23.30674896238499,24.705798422463758,24.252900249259884,22.882859948792817,21.16768746454954,18.554260620508963,15.779361537546906,12.980537740976322,10.006407826140386,7.150416067282642
res-amazondynamodb-1230,2026-03-21T00:00:00+00:00,12.315639462144794,2650.1051339727096,2415573624.0994296,2836302338.0668597,455292.9514685286,normal,4.554031937591637,2.854774858452824,2.0,2.0,2.0,2.8329005856006124,4.732123198009744,7.152082840456762,9.443982219048173,12.315151516304098,15.129602995712577,17.45709650787931,20.12559999002834,21.385637759366084,22.603994597689947,23.38909515707753,22.86149073813384,21.408336016135156,19.836558405050976,17.694049433091855,15.084873345335286,12.315151516304098,9.53817277196473,6.860640702241497
res-amazondynamodb-1067,2026-03-22T00:00:00+00:00,11.48712850226569,2538.598326708851,2973949877.199022,3777075118.471876,616297.16785694,normal,4.539052802118567,2.9037093719946703,2.0,2.0,2.0,3.0232905840612334,4.407597099154296,6.6514011194250395,8.727394691919393,11.39068507989894,14.014836662303752,16.485033297504295,18.43533310306688,20.3162499628865,20.82853145782395,21.420965973515735,20.585416047723744,20.377918770930982,18.25391415957534,16.573088673203735,13.997431474782932,11.39068507989894,8.819508038605651,6.549040603982061
res-amazondynamodb-1230,2026-03-22T00:00:00+00:00,10.946280114071612,2612.420827339479,2209383340.7775407,2606082832.9207106,426723.7073627424,normal,4.240018413363444,3.092873699958058,2.1789691826394257,2.0,2.0,2.419715715171402,4.3582256220059525,6.2137664231008145,8.381650304023875,10.877354497269822,13.230502293569133,15.601661681735226,17.764889021181148,18.793181817212805,19.922006814606547,20.430920857498645,20.34531548564949,18.833424050809214,17.695088899647057,15.78856862467103,13.242554544540646,10.877354497269822,8.40198116796415,6.02069912383096
res-amazondynamodb-1067,2026-03-23T00:00:00+00:00,26.289417782283948,3731.710904089078,3621933877.838492,4204440624.2424335,745359.8409587309,normal,16.065554097154518,13.958789154206617,12.109762510084117,10.84790796875534,11.141760758080105,13.372326669924268,16.073231761241992,19.02048249025246,22.31091288715824,26.33204540344384,30.148820481430583,34.08445004206723,36.699107291177654,39.39690154752205,40.47126282172213,40.671024505525764,40.58951722137258,38.69372573279598,37.38273795842673,33.57215243537298,30.25833491279243,26.33204540344384,22.28629116637074,19.12688155449265
res-amazondynamodb-1230,2026-03-23T00:00:00+00:00,27.057872193179048,3657.8243926381333,2819123408.4918537,3249721393.0538855,554212.3582954011,normal,16.552796687076473,14.224024484688103,13.277736315938979,12.016144660348306,11.860438361388434,14.424199693631435,16.187616997138278,19.827769745069688,23.239283932362046,27.067778788758037,30.840935266270655,34.462405408995004,38.084461024876276,39.5120516860087,42.114631967692794,41.74162187825527,40.97166050154017,40.03454223017056,37.43492371574074,34.9188153616394,30.85500043952938,27.067778788758037,23.002904681775945,19.669410018644363
res-amazondynamodb-1067,2026-03-24T00:00:00+00:00,31.34392243481604,4270.560089167145,3918781906.6293716,4643744632.450109,813627.8794422145,normal,20.25652092829294,18.373370956454423,17.35810450682571,16.201280849203485,17.540705905640216,18.409160103539847,20.37951228484767,23.65624531583262,27.654897465819044,31.368753207435688,35.07139474545369,39.08336403308837,42.43572950441348,44.05559052808157,46.17798765517654,46.26754357769272,45.57760585219964,44.23328634900738,41.48791260939188,38.61376996448446,35.14320573800233,31.368753207435688,27.57688973576415,23.962553411501432
res-amazondynamodb-1230,2026-03-24T00:00:00+00:00,29.51755658285832,4041.7134889328872,2849714845.138604,3330109380.2068706,565959.8652478724,normal,19.298297292196043,17.03645620369346,15.070850928467081,14.601920800875973,15.113661709141176,16.53484833397045,19.05886502134436,22.192414261426496,25.758679754941454,29.47577742213935,33.176904794159476,36.865240814258044,39.57563357869815,42.217145424484514,43.54900909602776,44.7319536652294,44.180364559122395,42.384770449098475,40.31708770414761,36.86678945208556,33.222805726528165,29.47577742213935,25.769876685773045,21.946226888651857
res-amazondynamodb-1067,2026-03-25T00:00:00+00:00,29.768925251091343,4081.358880129385,3987971416.2672095,4385628880.368974,758240.3477168834,normal,19.357231053698055,16.58510629537987,15.826184525891199,15.169389048220127,15.81774992732447,17.15245033198855,18.65719966027017,22.060417242764636,25.742059509059338,29.772044995757078,33.569270235455946,37.08458436159634,39.85627695938462,43.409267931587074,44.61051175747359,44.55389290088877,43.794922037685225,42.32846005221081,40.363857583735,37.32549621498762,33.59853022107067,29.772044995757078,25.862809663445297,22.18444852056061
res-amazondynamodb-1230,2026-03-25T00:00:00+00:00,28.414116266016162,3919.422537287851,2793667382.1579823,3342601847.1473103,558171.2219122248,normal,17.870899893101374,14.872792111226916,13.839596847813432,14.055822327118074,13.815052825844832,14.859700967643889,18.00679079964113,20.78543075150541,24.66978325072327,28.451207170384635,32.29028709130188,35.727298155878174,39.267891308881644,41.50941394037303,42.71606359384194,42.94068567670332,43.27317755563432,41.48289854683223,39.04944184998639,36.12636987596652,32.51985188049298,28.451207170384635,24.453278563924776,20.903848229183087
res-amazondynamodb-1067,2026-03-26T00:00:00+00:00,27.88535625280905,3687.7350448947814,3707387449.8954225,4472225712.392897,777622.8078310831,normal,17.688863939406968,14.421469169497728,14.049013232032156,13.427271720427182,13.05817009898601,14.268482336878632,17.49572783644248,20.047776462369484,23.962257487139308,27.888635099738117,31.94085830652677,35.750581343862116,38.667743080768545,41.185305318429386,42.71471931196811,42.29510022360161,42.02595767374396,40.30905346816131,38.7930179790388,35.391993317782514,31.757015681167434,27.888635099738117,24.147055982400286,20.07384589731022
res-amazondynamodb-1230,2026-03-26T00:00:00+00:00,28.589201690299205,3936.5335506592337,2791834582.5787783,3563733340.553485,553511.644910407,normal,18.168759642250034,15.625837858338198,14.075099412772456,13.216792520725877,13.638691697652918,15.673629915554091,18.28371888167351,21.31015227295035,24.52383527217447,28.551486060516627,32.53680931116692,36.2595120203278,39.142632928787435,41.83237725000155,43.45913967552809,44.037494018211866,42.41596973665735,41.38733662266184,39.449847193550816,35.92941785852394,32.31313445788015,28.551486060516627,24.822681485215462,20.934998413542527
res-amazondynamodb-1067,2026-03-27T00:00:00+00:00,35.666608303341626,4843.997382098073,4294947542.046121,5401228074.169788,824354.8944599611,normal,24.806743193039004,22.433709938871154,21.45803415599346,21.402873724417674,21.49680868390557,22.21499644806941,25.671080640101984,27.948995681997385,31.869867211066783,35.76752274936081,39.48784047966289,42.985546893796666,46.681360739155856,48.51608266261718,49.85886463950313,50.2733640875761,49.72296436297557,48.55903102804484,46.473483800752746,43.22210378124763,39.47087781508808,35.76752274936081,31.838471399651233,28.07045241394295
res-amazondynamodb-1230,2026-03-27T00:00:00+00:00,35.88419101359131,4588.169227246898,3177470224.959902,3848052462.53055,623899.005299415,normal,25.605742161023684,23.13527547318307,22.085909408800262,21.315540322642462,20.928193547910276,22.42425622519829,25.38647859193894,28.092256479405783,32.03634347284458,35.886842988601586,39.62961438156396,43.287812265869476,46.84972715722943,48.44513701730332,50.512097226991756,50.765647235942936,50.23422239723061,49.38353498281987,46.31860624768773,43.03273083592018,39.75940249522593,35.886842988601586,32.17217320750015,28.04619721475555
res-amazondynamodb-1067,2026-03-28T00:00:00+00:00,17.647999507689082,3490.504579245931,3792092162.7242923,4217566139.7439604,705836.8557511442,normal,9.735295303494729,7.864318036643525,7.173947066874185,6.471510235602758,6.62233348506323,7.805988768230543,9.552092179359638,11.849758804367582,14.865119731845642,17.636796215458233,20.457240718714743,23.501222050764063,25.56394886475493,27.359157088891074,28.926881485201715,28.705330990061427,28.330735120935337,27.43097882259827,25.44208813765175,23.5227278462594,20.564906230633472,17.636796215458233,14.604294047466588,11.928520738206974
res-amazondynamodb-1230,2026-03-28T00:00:00+00:00,19.19650860262718,3537.154633223848,2812296057.0646644,3294423191.3285866,554425.5947663698,normal,11.539815701479984,9.869242163358752,7.978957572028759,8.334513713819375,8.724909734151842,9.26145675298382,11.591976057251266,13.849766045879452,16.167098081762845,19.22057841252021,22.108910803347083,24.83696168314107,26.857952263131512,28.924799085596554,29.77931544086337,29.980787923164364,29.658004617359488,28.51623253370871,27.084079102861274,25.09940177957977,22.140850211321734,19.22057841252021,16.42970719280232,13.540311178418587
res-amazondynamodb-1067,2026-03-29T00:00:00+00:00,27.843431028732056,4793.088023548527,4137616244.689936,5098075965.718246,888115.2213506132,normal,19.60215381208464,18.366930028804028,17.043452673868757,17.099537405247965,17.425912298256584,18.36381077028475,20.153658860173977,21.97758386189001,24.83919531121386,27.83234803543283,30.666862667636646,33.534490284115435,36.01794179476843,37.906167644095966,38.325579183275295,38.6773390270903,38.2872491328192,37.28191342411273,35.768514370994666,33.5498101598496,30.730186996910874,27.83234803543283,24.97582546839919,21.983533442810767
res-amazondynamodb-1230,2026-03-29T00:00:00+00:00,23.334183707006034,4265.062611140251,3113408543.337784,3534040993.7011585,628793.1767819223,normal,15.1592769027303,14.013924858737811,12.495420688435887,12.197952866996902,12.120389260859401,13.92250863336292,14.977344713210188,17.470742466170716,20.461984897953084,23.324351946536158,26.14178172580143,29.045092404536838,31.4001988346064,32.91888889627576,34.68479723812021,34.86800732088054,34.58402656408956,32.88954286459626,30.94554262831584,29.025509789313574,26.167995101225067,23.324351946536158,20.315775365505175,17.56500105334856
res-amazondynamodb-1067,2026-03-30T00:00:00+00:00,45.29033917205843,5691.681979849319,4684906195.149632,6082811297.916533,959619.3760886393,normal,34.63949612810758,32.35059171197246,30.37839060807539,30.578614880001684,31.201376909449415,31.684516820492526,34.9050339336543,37.49447926755608,41.31876209665758,45.28768815048862,48.995786183851,52.86720965852735,56.370108970066774,58.50465243255425,59.06553429400024,59.72756303157518,59.72052906864484,58.71070897771512,56.018235432587055,53.131256972769236,49.31015889695896,45.28768815048862,41.578086069021914,37.84167148418614
res-amazondynamodb-1230,2026-03-30T00:00:00+00:00,47.530071179414506,5662.304835337784,3638710358.033668,4496654074.454723,696327.1783515223,normal,37.13373441315997,33.86523985268067,33.31933829687264,33.09873677739691,32.816418940630385,34.36474663637086,36.75609451921857,39.86074886913349,43.64453413328826,47.464755022023624,51.36984096190969,55.17478803036752,57.75218827556263,60.97136855361341,61.595550782080075,61.76512752013954,62.12204408817094,61.01440126615559,58.44200874369069,55.302908469505354,51.38771883080462,47.464755022023624,43.70126689992446,40.33339340122453
res-amazondynamodb-1067,2026-03-31T00:00:00+00:00,37.64591768532627,5075.290249862083,4466234711.027894,5234609738.284233,844135.5097032376,normal,26.629672259964735,24.624859111806064,22.94557122620269,22.888874262559398,23.193592428480045,25.260736941178124,26.591908362258703,29.85886679071786,33.98669851911653,37.68847307622767,41.45085200507424,45.37015119629575,48.153605971592384,50.80297789486298,52.10015851937812,53.07185923603005,52.07355588537506,50.457307469783636,48.43220813307187,44.9603092503838,41.522110412282906,37.68847307622767,33.83950870295488,29.90969371600515
res-amazondynamodb-1230,2026-03-31T00:00:00+00:00,39.79436789962174,5192.860889188879,3476378152.9491878,4091100484.7883134,688658.7339618738,normal,29.266601113080796,26.934869205727328,25.863154776029972,24.68670340820437,24.942113307430546,27.103142979478832,28.98430451091881,31.966996644413356,36.032318942680305,39.835618892513125,43.602483806656714,47.09369251815223,50.27788342695877,53.06779099092168,53.61345383539434,55.44913724396851,54.88682647059765,52.687589972129956,50.49204141229271,47.04969945901967,43.56624898400949,39.835618892513125,35.80903418901333,32.017504608816196
res-amazondynamodb-1067,2026-04-01T00:00:00+00:00,32.00817580841011,4493.129061292883,3965240235.873329,4797593823.369839,800438.4794487112,normal,21.48349556025765,18.662990764619693,17.89883493934021,16.36324389512407,17.771869447348188,19.11363314613275,21.704115607027543,24.285016707920015,27.999503561009284,31.964423098354665,35.77333245143802,39.83101322322862,43.01938610001668,44.47224575979149,46.692877665514075,47.28598007980999,47.012229292610876,44.37199332884567,42.08972669981473,39.632817501952424,36.013245663800454,31.964423098354665,28.02757934482026,24.762242464710468
res-amazondynamodb-1230,2026-04-01T00:00:00+00:00,32.68044543434886,4543.668615640666,2997676997.6108623,3650168517.9982457,599452.7182159302,normal,21.54336756992534,19.20627137442925,17.58685005914964,16.942982694917557,18.139330442637466,20.190977772792557,22.441486756955584,25.089895995310844,28.65963589802399,32.65731989122486,36.49368868378256,40.46687901771437,43.737261695848275,45.884069383931994,47.525390587626674,48.311172759547034,46.88554593929367,45.57754174465878,43.56578363046185,40.48091230384088,36.489357783505476,32.65731989122486,28.769533392596642,25.028115154972518
ddb-table-events-prod,2026-04-01T00:00:00+00:00,14.95922706463953,2657.5926461868003,650934780.4855272,717462866.4399827,123681.26289960592,anomaly,5.755385424318167,3.1781598982313906,2.7162180269937846,2.0,2.350797169027464,3.5306276184580323,5.989519839732052,8.744652914347906,11.47222268493224,14.908410554355072,18.365773267183332,21.14333701782619,24.181597922930457,26.387321298291567,27.07846842384111,28.100257607066247,27.330116345689852,26.252117002055094,24.476386411926626,21.547238482659637,18.393330499961714,14.908410554355072,11.576068895872384,8.635031691293346
res-amazondynamodb-1067,2026-04-02T00:00:00+00:00,35.23128498170194,4766.513258344966,4133630707.6248727,5282326941.799711,834901.4970249017,normal,24.834390283633,22.575673674754466,21.089130890243418,19.735044816498526,20.262591455067646,22.678729995822323,24.22958081049151,27.963729548235577,31.296049657323728,35.1685533811091,39.03119275809056,42.62358559496559,45.88093971705112,48.33532619205724,50.14956388812785,50.87037984221105,49.20381830119144,47.640325685468426,45.87928011978043,42.81726845269388,39.2164033981992,35.1685533811091,31.384140222115345,27.516587494606043
res-amazondynamodb-1230,2026-04-02T00:00:00+00:00,35.19929498995147,4483.517323952428,3045778428.2288127,3841114048.9051313,596834.9865725491,normal,24.45452916971641,22.089189707527403,20.306905535422544,20.542993862036987,20.281785977703763,21.869980325553378,24.89569672723796,27.598294706537814,31.464746650330316,35.15967428502756,39.10894514100829,42.9224599304737,46.24252821307486,48.580524960740945,49.98416281445015,50.708396613315514,49.84270745307775,47.8989672097608,45.516447040584524,42.35907969329997,38.93047394087052,35.15967428502756,31.34666102812845,27.51825448792806
ddb-table-events-prod,2026-04-02T00:00:00+00:00,14.031217681952825,2420.8399073879445,628795947.0868422,772576720.0971756,135458.42817786615,anomaly,5.492720872482165,3.7289066748300375,2.6526053816170947,2.327894407538471,2.62100691213875,3.1560042733272606,5.885631146388208,7.750190102846346,10.942778546996319,13.967989538174802,16.98357679096214,20.18124450720112,22.80644162601682,24.72595188953599,25.332182856098036,26.25040034655366,25.119830345670465,24.787522522543142,22.31676607564497,19.693088067574053,17.010628959223315,13.967989538174802,10.77831201159489,8.269560973734963
res-amazondynamodb-1067,2026-04-03T00:00:00+00:00,35.70480851804445,4859.225515888233,4462681446.751159,5224924040.604335,902509.2674099887,normal,25.301614334306592,22.690166441614533,20.574518886527724,20.626942302617966,20.864347158575782,22.043511513276343,24.948388043697896,28.28188804931749,31.686291098390576,35.66523821998728,39.6296843954152,43.20683687268826,46.502762415056615,48.86398669207182,50.865853373019334,51.36661465992596,49.95245179966206,48.67452023490206,46.539459625364145,43.40003243368158,39.395961514140566,35.66523821998728,31.697816657862553,28.471279490977164
res-amazondynamodb-1230,2026-04-03T00:00:00+00:00,31.85097463492922,4274.5993240708785,3182595004.603931,3656488514.308502,590114.1449029709,normal,20.819307799904465,19.27409424700342,17.322178958936036,16.914175855547278,18.06211549834411,18.851800703579844,20.709301339049553,23.990520676687083,27.83775285877668,31.8403125492192,35.89329151658178,39.67047681807853,42.4079210277458,44.90453790214326,45.60859258757446,47.022926068269065,46.422669210581866,44.27615770240032,42.57797180276418,39.56967799742526,35.83081953596674,31.8403125492192,28.129364177401825,24.64711185510133
ddb-table-events-prod,2026-04-03T00:00:00+00:00,14.715537046275701,2705.6577010889764,651694551.003314,814300150.7556556,135946.14743404312,anomaly,6.036427011096675,4.19798646941592,2.584773364476751,2.0,2.4362699667191876,3.749704486417432,5.964274754776435,8.090358115510778,11.440498598052347,14.675251168413455,17.870229316365744,21.316274757797437,23.505103240240853,26.200965450463478,27.05775681405098,27.305101907216088,26.687661358135763,25.2797076636394,23.60705830531964,20.702896686711792,17.895287892313885,14.675251168413455,11.431881472149767,8.462169142919558
res-amazondynamodb-1067,2026-04-04T00:00:00+00:00,13.485381412476888,2839.6354756107103,3188307430.787836,3873348710.349561,610770.9849055503,normal,5.384483726393843,3.360879758256577,2.4971182060138912,2.108367747128109,3.002885360618785,4.056732789126295,5.161541844100505,7.993941932015658,10.616529893096132,13.485380416571836,16.47343032755072,19.067065810576306,21.056528644659707,23.399546302654088,24.632008797253377,25.169392064136122,24.421393208793432,22.74543796681213,21.486950891934498,18.977230735654803,16.340456521890893,13.485380416571836,10.683999248763877,8.042471288871894
res-amazondynamodb-1230,2026-04-04T00:00:00+00:00,14.923547045076974,3057.924494989625,2463429352.5155773,2891837398.5370307,470026.723648833,normal,6.92987636968579,5.59917975851628,4.360426243791032,3.3443547001340224,3.8961705260372588,4.821712373153246,7.2247478427626515,9.394860742823274,12.08394167564398,14.944564052211884,17.75976192925007,20.66291763361537,22.720211258849503,24.833879407418166,25.500301354321408,26.580345583138797,25.82855678911671,24.44731619024565,23.091276201837985,20.37195322134243,17.783192473298744,14.944564052211884,11.908855150933302,9.132163551507949
ddb-table-events-prod,2026-04-04T00:00:00+00:00,11.589329308427764,2561.294473962772,708665969.0111287,840184076.7106192,142214.79391159044,anomaly,4.622090463617074,3.262474857259016,2.0,2.0,2.0,2.8272672084979913,4.260052189155461,6.579965111263688,8.98174701288054,11.493898632111076,13.973540247326115,16.584837822965127,18.6997177039614,20.249180094954603,21.494894968185093,21.433484254251233,21.455073972227503,20.222905561393304,18.61040062030315,16.41560637425206,14.08980113653206,11.493898632111076,8.789455509918362,6.603611029100385
res-amazondynamodb-1067,2026-04-05T00:00:00+00:00,11.889998376062275,2687.333681427048,3124072244.4922323,3899088406.4193454,644242.6714929963,normal,4.222798620733665,2.59584012695667,2.179276624132668,2.0,2.3324983844729488,3.050610486738232,4.692877226618329,6.533874906908173,9.025414124349407,11.802639017829211,14.428771247520537,16.7775365350421,19.05455441833034,20.936476172440095,22.080005217688175,22.468397106522037,21.857569503897015,20.915300881637986,19.302572061993807,16.789950733783577,14.563354548617596,11.802639017829211,9.2003687343347,6.7466353271180886
res-amazondynamodb-1230,2026-04-05T00:00:00+00:00,14.14728523718918,3204.5024052201143,2511415347.2805095,2894836356.5400195,478894.8093836388,normal,6.298479148390788,4.121689077084314,3.092142679225259,3.0596224253559723,2.881784020886679,4.37349271815023,6.529203293725948,8.506092313838945,11.292871920399271,14.092070975327982,16.884034831761056,19.90956659248167,22.04224183038,23.75980071032091,25.44420122821966,25.830287231753786,24.66570131601432,24.282273680452107,22.07962167141614,19.584748759003016,16.893499401368363,14.092070975327982,11.172322711769278,8.647026179886657
ddb-table-events-prod,2026-04-05T00:00:00+00:00,11.828120282999485,2476.853146059978,686319383.7155439,901135136.1168938,138650.7158179099,anomaly,4.820711427760111,2.526354296842783,2.0,2.0,2.0,3.3034262323918986,4.731977889135617,6.853721398750497,9.074382928651666,11.771636215437457,14.310656297853267,16.670643900736472,18.912810828167743,20.76510480525174,22.10831140963512,22.25762175197021,21.65011993541785,20.53609209110045,18.717134370611873,16.86721373931276,14.365740621566914,11.771636215437457,9.018873152817582,6.840717283138163
res-amazondynamodb-1067,2026-04-06T00:00:00+00:00,23.38916188470901,3536.8912067710294,3466220489.245387,4317889828.24076,693274.8035097842,normal,13.071927326425508,10.129548577019102,8.899618864048477,8.749780669918014,8.633562576937976,9.889561928391844,13.128335449064616,15.80294636414457,19.458419180791164,23.409946006706218,27.159249090156752,30.936211235604322,33.9096381536443,36.39498217602399,37.57537083613463,38.10953735195073,37.340590561780175,36.966305666974634,34.363411152747,31.21635456537979,27.186008481498167,23.409946006706218,19.38452752756097,16.214105483407025
res-amazondynamodb-1230,2026-04-06T00:00:00+00:00,26.10219571475535,3824.0440945583014,2673865240.1427565,3165620514.6720796,559280.2000122842,normal,15.865652167752767,13.049555577753583,11.25365514461652,11.539944617644007,11.82068122627212,12.82759475616749,15.415468005177575,18.806710468428392,22.041364811089604,26.0637605400893,30.11768288846271,33.260365699970635,37.02495312321505,38.46908151398089,41.23655617978505,41.48386186295373,40.66755548229324,38.46952708044991,36.743516229771004,33.5136695854015,30.082975398738526,26.0637605400893,22.281221343425052,18.35358291060036
ddb-table-events-prod,2026-04-06T00:00:00+00:00,15.085217367087253,2649.2266538237427,765954302.4243553,932808850.9739473,149159.28029248575,anomaly,6.093052122903961,3.63017415867038,2.742225643466309,2.050595725539484,3.0559611998640026,3.7568703277345197,5.932039352869062,8.534872847927666,11.805433031684885,15.088504977134884,18.438066673604688,21.57873427520318,24.487578220085325,26.054106456810405,27.507340423599366,28.058885549631647,27.546269787344144,26.166753160725513,24.033744874350695,21.75813033866901,18.56750687643963,15.088504977134884,11.657294205450523,8.4125716032499
res-amazondynamodb-1067,2026-04-07T00:00:00+00:00,35.077963943086154,4763.000995273284,4335284438.341147,4876737262.011974,856034.4042229382,normal,24.85817755326385,22.644172336468657,20.820196182999176,19.849265120040673,20.541501816247866,21.58283252469784,24.67109625376615,27.402495680304057,31.212238155260327,35.15276132731603,39.06122750442257,42.93208028664402,45.7457979517484,47.65844434957635,48.958858277790675,49.82002800693565,49.2217836212755,48.70422051993955,45.49837571838924,42.61741684150423,39.13862054634056,35.15276132731603,31.22394273851623,27.402839993304053
res-amazondynamodb-1230,2026-04-07T00:00:00+00:00,37.53541788122056,5087.752214724146,3140963531.566828,4101534007.5550036,647290.006973223,normal,27.19421063445406,25.164998797989373,22.970207617162217,22.98516667914184,23.49958846710456,24.144513185719482,27.374774600873206,29.900883372680582,33.76740633263712,37.55176330969039,41.279513586726296,45.0756569748278,48.111060033552896,50.491183335483655,51.63492751832348,52.00947970084953,52.48685400076395,50.113221054542365,48.08913199682992,44.70090992653179,41.3086250551578,37.55176330969039,33.59478374588448,29.849405912676254
ddb-table-events-prod,2026-04-07T00:00:00+00:00,15.838358321264943,2452.5531252188434,767383145.9952382,939411608.6271216,161759.47791507663,anomaly,6.129662259894264,4.435322547148779,2.46655397421209,2.0,2.3398725737718706,3.330325097127428,6.117893350152157,8.92034264669298,12.062723399949471,15.816132861986874,19.437035623695557,22.859122793800875,25.67318419761109,27.798788540625225,28.973581865830642,29.84410699155819,28.789153187483834,28.300949775883957,26.008868720288,22.721046094184604,19.422882501899945,15.816132861986876,12.211999667819097,8.64491817675489
res-amazondynamodb-1067,2026-04-08T00:00:00+00:00,40.70375785414161,5187.365850069821,4556702435.470261,5644963677.175498,922510.1867027549,normal,30.02535055007185,28.014530261827254,26.33330241855616,25.014925158069197,26.61184045660964,27.598880928054278,30.000517202249192,32.91567183140426,36.76515236505021,40.75306132212944,44.759578144701436,47.9852060156003,51.44709263523796,53.68589588580983,55.32507244360639,55.83840122711767,54.57401683751278,53.63582575270046,51.705960444867564,48.324216344045205,44.53267804298779,40.75306132212944,36.70125700098166,33.58869390807854
res-amazondynamodb-1230,2026-04-08T00:00:00+00:00,36.378345657336645,4728.426947581321,3283115227.495683,3908978687.401662,646806.3261812412,normal,25.76641111714023,24.011222605277894,21.50733216599044,21.443535278118347,22.01200262603143,23.256991331600382,25.752903622139492,28.812562046734786,32.40992655492529,36.41244034662345,40.25591388437773,44.177468785306274,46.7539653421976,48.75769472855236,50.47229842346985,51.088935468912126,51.28570496035054,49.95377361210495,47.1706783444093,43.753472723496856,40.17757751886828,36.41244034662345,32.36127326694226,29.073770675886255
ddb-table-events-prod,2026-04-08T00:00:00+00:00,15.226596049425135,2704.8228688938952,761397211.849755,987562874.9690096,164452.77921693944,anomaly,5.840597642530769,3.298319921475384,2.7076828823175134,2.046159775227,2.523683199982461,3.576888455355066,6.089883823182095,8.427304312194579,11.752922045639693,15.249034834844046,18.742025515836986,22.008158963262378,24.312044232959686,26.918635823527637,27.73759657536214,28.364653509162174,27.442769297742466,26.562378174986367,25.000426681869612,21.944880856169735,18.823056403857464,15.249034834844046,11.888324152923046,8.931843270950921
res-amazondynamodb-1067,2026-04-09T00:00:00+00:00,34.3706610503851,4455.019016187015,4048256511.168359,5030641264.636879,849859.9133157048,normal,23.28156884219962,21.665684170340075,20.46812541438051,19.805203858885072,20.52918346138857,21.75970598398653,23.351220354280095,27.139650213609766,30.581068859017652,34.3226017979708,38.02839617096839,42.193641029458334,44.545450633929875,47.37900969682602,48.10216369997468,49.1012906464525,48.90044589982597,46.89743921990592,45.41747429638111,42.00032438737306,38.053632591388606,34.3226017979708,30.413193442662234,26.636788740066258
res-amazondynamodb-1230,2026-04-09T00:00:00+00:00,33.891153309352276,4643.0027035238045,3162269227.2833157,3901938955.6282454,614969.0406631214,normal,23.365465374514137,20.539389469329855,19.035390807726614,18.856774717514064,18.862831246010035,21.511993827099268,23.417199297789807,26.063927247470392,30.095992415617463,33.90630647267303,37.818378300857525,41.51030251990199,44.5324169981382,47.11893204034554,48.09564680303005,49.46297367808222,49.00197794911075,46.40170654941246,44.03158596108982,41.55966458868695,37.89469252479155,33.90630647267303,29.963310555955125,26.434513606634795
ddb-table-events-prod,2026-04-09T00:00:00+00:00,13.380674678262933,2565.9964138901387,831511692.1930346,989281497.2337638,164432.77264675757,anomaly,5.280058426184912,3.3647489626155522,2.311054747728999,2.0,2.711857841049415,3.974011396259387,5.524223143279061,7.50494358553978,10.520859199234982,13.33136383016381,16.120292037724177,19.167878928750966,21.64231694124892,22.94579670945108,24.62274191642394,24.15631268754364,24.806138667441495,23.241790645687338,21.477767286810998,18.973650182512966,16.308419955337325,13.33136383016381,10.341923664109704,7.476677693048129
res-amazondynamodb-1067,2026-04-10T00:00:00+00:00,36.81553908497243,4839.555889604603,4394876672.179556,5234148030.377886,881560.7385938435,normal,26.50706619474441,24.000422044003656,22.7507873133403,22.174309103347017,22.375041501973453,23.737144786458238,25.793580975952835,29.288882199691116,32.70698757947691,36.69272985421614,40.43081969283607,44.381323656406536,47.04366789029641,49.9925917041837,51.79694621710026,52.21696417476376,50.61472374082518,50.114104433365185,47.24404866048991,44.42314944727638,40.50550068989972,36.69272985421614,32.68924920144141,29.40016712303353
res-amazondynamodb-1230,2026-04-10T00:00:00+00:00,32.96379171046104,4450.194349033727,3189599532.040787,3680741433.445373,592075.665091899,normal,22.439984127041306,19.615260247253225,18.710421998059953,18.539554895200475,18.108361038971378,19.665914769560075,22.178215011381162,25.107647288269508,29.00980455333387,32.930759972651735,36.86716703107632,40.58370672917806,43.66140576914795,46.490228715149506,47.49844354294601,48.53795960368043,47.07540354792148,45.96914096132057,43.39380415065476,40.35080699358427,36.77252900695122,32.930759972651735,29.12014979639937,25.57357132868051
ddb-table-events-prod,2026-04-10T00:00:00+00:00,12.567221554981524,2546.1727682953247,821574227.9360037,1037216933.5995202,168594.52273888903,anomaly,5.225821900176656,3.6931463382479226,2.0,2.2806062591490903,2.8495730980213203,3.4326998872546017,5.274829359751851,7.227959195342701,9.66380794231018,12.496246602775571,15.231579611936066,17.91966798302711,19.69358327092422,21.988297876486662,22.21183048363904,23.08258030336829,23.07928398977589,21.854481489492244,19.999976776288843,17.648571055170397,15.288672175643423,12.496246602775571,9.889105831887798,7.084749286111162
res-amazondynamodb-1067,2026-04-11T00:00:00+00:00,19.981193171245106,3820.7537372366214,3929151638.994156,4658049706.328037,777741.083608826,normal,11.820313048180235,10.42731709104359,9.250714388552527,8.152358063315079,9.046478916395325,10.599737751332558,12.245238755078429,14.554599943403248,16.974170836285964,19.944931718265437,22.725865039254188,25.84727175794871,27.5052919861929,30.095943763922314,30.993454720956066,31.65875056736213,30.63365199913426,29.242988043968072,27.665121249028783,25.612468701760797,22.99205250689384,19.944931718265437,17.045005077894807,14.569978465447846
res-amazondynamodb-1230,2026-04-11T00:00:00+00:00,19.130158373952685,3361.78968981159,2557608440.8788443,3237340859.314107,543363.367782802,normal,11.120788368002694,9.123026095810715,8.602799722408097,7.848903691337414,8.779437940318104,9.637756527028333,10.931089337921703,13.564346543062276,16.252360727771823,19.12433003034787,22.063524518393628,24.57111790952422,27.282414966965796,28.66005281308381,29.757281044626144,30.868320019630193,29.81899333369852,28.565733252966286,26.764261307651218,24.8585187132429,21.916642287993092,19.12433003034787,16.27521663829627,13.612555154435466
ddb-table-events-prod,2026-04-11T00:00:00+00:00,16.196799407413767,3380.7869238689364,1971147389.2222362,2274360293.089527,401716.7307739202,anomaly,7.896163502095166,6.698648026300022,5.434657274716596,4.462025556209777,5.38779417516195,6.597570908500887,8.326782765662237,10.708636888158152,13.343111183521339,16.15626632221514,18.974520541547477,21.543751253661924,24.029377853361627,26.343515928691616,26.677008917647782,27.70620479374341,27.323949546312278,25.654846595851733,24.42757965880805,21.911999098563307,18.98024229249953,16.15626632221514,13.239324510841374,10.742941861643976
res-amazondynamodb-1067,2026-04-12T00:00:00+00:00,17.634968747855865,3244.663316479772,3491899419.322228,3974518515.4640303,657238.5369405673,normal,9.904561261471622,7.694397735507462,6.714649938339752,6.7785110010341425,6.436128156437661,7.924306366941894,9.87347142946792,12.207187304330054,14.824946543590135,17.605282051443815,20.465181622090263,23.15425326617514,25.185668604044533,27.712608763227056,27.92922832592597,28.82528648630651,28.797492044340224,27.415367965616305,25.8383395741019,23.14633311136685,20.500000478986365,17.605282051443815,14.70802414848627,11.992741717865096
res-amazondynamodb-1230,2026-04-12T00:00:00+00:00,17.662944271662592,3156.9572408792665,2503367621.431344,3206909000.0164614,499832.4310450639,normal,9.58158009212892,7.932946399092596,6.833842964442356,6.649937500699345,7.3286569160237836,7.588126678497831,9.454914402366741,11.811919978087456,14.656296024654342,17.652569336605353,20.52271174572696,23.319051763873862,25.803873537571505,27.247010064180593,28.14894011534756,29.049200236289245,29.01022229014232,27.823835038526372,25.315252950165803,23.353885588763873,20.568127884731283,17.652569336605353,14.598036713426357,12.00715496195242
ddb-table-events-prod,2026-04-12T00:00:00+00:00,18.06462154028884,3351.2494623881034,1995209152.3284147,2482431656.2989655,414278.86314656684,anomaly,10.541620785794047,8.595795356079822,7.319448018096365,6.363030116629179,6.848385149881484,8.447819749817308,9.976888620707559,12.555286477444035,15.13733382654548,18.11367659875075,21.01326594557881,23.60252201913336,25.889352521333283,28.316676046671958,29.458346369574613,28.871434359817282,28.74980388302345,27.577351720914283,25.7170500905856,23.611565639126113,20.947313710525272,18.11367659875075,15.2704300813105,12.512843280840848
res-amazondynamodb-1067,2026-04-13T00:00:00+00:00,33.09439895779655,4247.8244859892,4196366002.4947796,4861871102.755907,812133.1843474155,normal,22.421027264338896,20.58067795285407,18.67815769095567,18.151267593952078,18.466891253294584,20.40475507995707,22.447582438629162,25.548901773194494,28.982049382455642,33.04690609927326,36.74320600824594,40.45714012006311,43.34308925715388,46.14529831641538,47.832768905630694,48.62997889793003,47.926080411942436,46.40090989474655,43.47254068046221,40.323972834467334,36.82862262143708,33.04690609927326,29.0820215210726,25.30482288937182
res-amazondynamodb-1230,2026-04-13T00:00:00+00:00,29.6009968514131,4104.232243732874,2980941406.419557,3386635803.3356056,587058.4874094344,normal,18.78750332436497,16.660842450860315,15.496078698301636,15.439727796221277,14.859569215668738,16.277534657124406,18.707431739379178,22.408403270226813,25.93837366118641,29.746057048806517,33.67580749639662,37.1661771294663,40.627829207824,42.14906036755577,43.674726286542466,44.005708180137404,43.534421136253556,42.59072277993726,40.50596151755719,36.94782228516777,33.65572328293141,29.746057048806517,25.730660297842064,22.091725555355893
ddb-table-events-prod,2026-04-13T00:00:00+00:00,20.768557147247666,3285.9629133736503,1938511064.1892571,2458182483.8589187,385861.0083813152,anomaly,10.28753048712029,7.9973350304908895,5.705738133344269,6.110377775272692,6.68746184742475,7.259958310750266,9.984382474266607,13.371148096971307,16.850957717136076,20.798067008266397,24.76670464299647,28.481064899528754,31.57786327400912,33.36727586301224,34.66878270585043,35.417747152148856,35.446389845940374,34.31719813198711,31.36217786589879,28.456813215802185,24.77918436848251,20.798067008266397,16.947880225212366,13.005265453764906
res-amazondynamodb-1067,2026-04-14T00:00:00+00:00,36.62402489203169,4575.411485550046,4445758778.543073,5239235216.693778,873819.5143121149,normal,26.12049330259478,24.273186181437858,21.75345723394379,21.818091556959654,21.890039461626166,23.84128218815529,26.46045528810665,29.018223340998844,32.86335698456128,36.617824082774185,40.6075454635067,44.11299530558475,46.777247341819404,49.190658057483674,50.63465209247176,51.724770225609795,51.08080237087286,49.348538447616356,47.746198955411415,43.941629026348785,40.48828277759808,36.617824082774185,32.78481656558509,29.264227074919283
res-amazondynamodb-1230,2026-04-14T00:00:00+00:00,34.56111625193409,4587.272185873419,3075727675.617515,3703221098.733531,618687.3916320615,normal,24.351609807448167,21.794057308847382,19.968820868733417,20.05431130469865,19.901580220210096,21.430376479471928,24.1534584815521,27.089153951203272,30.847762226836693,34.56348445256571,38.57833123470431,41.936172960547154,44.68954325392388,47.180412092060465,49.27908719100106,49.6929623953515,48.8819018327994,47.45702375017059,45.10138729969164,42.37823901202881,38.25714354405239,34.56348445256571,30.498359331429253,26.81812659452465
ddb-table-events-prod,2026-04-14T00:00:00+00:00,22.092426508117722,3169.580850988556,2078085606.1404052,2438355761.904109,429030.54022211523,anomaly,11.363588383719044,8.952003802340148,8.155805437812333,7.3955666002529306,7.998890148754372,9.093074397194204,11.849462181852955,14.280003237721886,18.18647196018676,21.931334933839764,25.67411132046443,29.29167238174674,32.539648376213016,35.49529770271746,36.74302004359436,36.50005511673636,36.95742801528521,34.615992745528,32.81910695661161,29.783906320702336,25.97093813823385,21.931334933839764,18.17662331143153,14.512899748046191
res-amazondynamodb-1067,2026-04-15T00:00:00+00:00,33.01091474006039,4329.200863647771,3917156420.702975,5074262551.747921,829786.7251057968,normal,22.794140377150153,19.801089463670937,18.623140193258205,18.46475353024775,18.374373814260917,20.61839924723118,21.93427092899487,25.83725990567051,29.237789833161155,33.01990249350838,36.79570604182232,40.495954115182904,43.660202665053134,46.31844423265685,47.39310754942274,47.72673236914022,46.989267733942995,45.65850267466338,43.80166135513093,40.22505513608754,36.997906760161605,33.01990249350838,29.2532211861363,25.22116966138601
res-amazondynamodb-1230,2026-04-15T00:00:00+00:00,26.738990248200395,3909.107679406357,2974976572.6384616,3541262081.9043565,586734.8301505783,normal,15.902585608194594,13.771480666210476,12.373596302120308,11.291899930643892,11.75405132273801,13.705262056824376,16.11325023679283,19.258738397913756,22.634724711068255,26.69242836221314,30.736222636787073,34.34026531754043,37.34292902658584,39.81248134863327,40.888754322959144,41.88561048605926,41.737827335310854,40.14413887664419,37.76396267626181,34.27164346797485,30.546219329312173,26.69242836221314,22.65464522585606,19.42061994995173
ddb-table-events-prod,2026-04-15T00:00:00+00:00,21.55366479326558,3443.6420234915668,2259659475.9266353,2640251094.2308955,442626.82431234134,anomaly,10.596316320002725,8.051198376452623,7.367512701250609,6.918050503947974,6.913258066026744,8.711973292913806,11.494357615294733,13.8202121152339,17.753070701901475,21.601532359697046,25.44550270046059,29.10930425845079,31.778217509427485,34.567234100617284,36.25632648909385,36.1233681027624,36.737733113269286,34.41774134740196,31.705632626615973,28.95012661977306,25.589575057272295,21.601532359697046,17.783488258523082,13.994690442287109
res-amazondynamodb-1067,2026-04-16T00:00:00+00:00,34.550772488306784,4563.021456854664,4399135128.868943,5258008642.475619,873853.5979042363,normal,24.372967946306517,21.01068622625807,19.715345566820034,19.694226231841327,19.976595946884448,21.172542622862125,24.53485974643054,26.922467928687546,30.80376698789134,34.629158675089705,38.501342458669335,41.91892451054497,45.21979452594282,47.3303869302315,48.76014446993628,49.50310665696649,48.84571236371821,47.612627758783105,44.713463851919464,42.472829750935965,38.69876167859245,34.629158675089705,30.925829968695957,27.253838240264944
res-amazondynamodb-1230,2026-04-16T00:00:00+00:00,35.95132729939451,4700.866218327726,3339076401.6775117,3944462333.1369925,640362.1147262336,normal,25.78728402562423,23.068442784927214,21.024857855455544,20.79637250963281,20.905188354261952,23.490235440095127,25.079999487157266,28.294044463955647,32.04657635223195,35.93284844556601,39.685978078597884,43.2612008902355,46.459184562753684,48.53633209268607,51.0207474334687,51.39574758548246,49.875327841176805,49.53007524403314,47.001151455008696,43.50757894378986,39.93175303739317,35.93284844556601,32.16049079211582,28.10758906425249
ddb-table-events-prod,2026-04-16T00:00:00+00:00,21.382965820738537,3411.155807876214,2198794966.1443906,2714885336.2776093,468065.94514316204,anomaly,10.446272036595918,8.99755860268803,7.104639058572834,5.799591637561182,6.401855136370392,8.99353520813831,10.621754348145867,13.845620326887861,17.633782464495955,21.348117216339126,25.29471610057849,28.499154345071574,31.676081414222374,34.53340578383891,35.85523584519577,37.070754679412005,36.501134703237234,34.37888684929831,31.67353823234115,29.025575915357027,25.04343638616948,21.348117216339126,17.32036107701703,13.778055113850922
res-amazondynamodb-1067,2026-04-17T00:00:00+00:00,34.58387874190897,4730.541495568509,4218432178.2258277,4868608178.967642,854252.505389464,normal,23.66154156735746,21.778651056041845,20.30078067680413,19.753812636883943,19.652318903590185,21.531976805775233,24.325118989085265,26.96423390327287,30.636645539235644,34.54621870274766,38.6004944382516,41.75326009435983,45.472876412505016,47.99618150294826,49.534202795389476,49.215209561030306,49.077005990747615,47.18398008633615,45.01914387774093,41.94347561287802,38.495637872140286,34.54621870274766,30.73915977612218,27.284944301823668
res-amazondynamodb-1230,2026-04-17T00:00:00+00:00,33.54590382662787,4621.090434236604,3133949919.207092,3683220763.8802943,596484.0240251998,normal,23.01331047818497,21.061254213319245,18.927711334001586,18.261868444890787,19.5816739929533,20.25504216068795,22.89353008940205,26.183233653575236,29.848841062320393,33.62164280187029,37.556515627524064,41.07913288119547,44.16991264257847,46.22755886107278,48.67786725105084,48.03653707678503,48.16918332934137,46.0053043424871,43.9447883977482,40.999089095183194,37.62347414883638,33.62164280187029,29.54755045170441,25.795026700485565
ddb-table-events-prod,2026-04-17T00:00:00+00:00,21.587910758735205,3515.9104949107705,2294590971.747687,2787792828.229401,493192.1610014564,anomaly,11.068504921283669,9.084573271151356,7.467626758570752,7.213794088319611,7.061997533337701,8.112799363695684,10.84049519968216,13.855177900307073,17.630136360915024,21.569379219807146,25.40963530843595,28.923773786378916,31.775023156765858,34.11482547814075,36.64774626211592,36.55135202254345,35.7133585799673,34.25408082300136,32.69789801560758,29.201357080324794,25.46626420288449,21.569379219807146,17.543584586787134,14.337095069814183
res-amazondynamodb-1067,2026-04-18T00:00:00+00:00,16.943226599944428,3251.888217999339,3661715894.066493,4376015575.88292,701386.6716404792,normal,8.95432177211787,7.564607986537724,5.78675222549646,6.167235104377619,6.193582740730933,7.137937929026197,9.006089586231786,11.410173727876963,13.946819732103057,16.926659696144256,19.919961025531556,22.74196421141887,24.499326179880878,26.319945425802963,27.42882191711658,28.478840769267045,27.963591909010148,26.655808650796622,25.077108835924236,22.485786356877387,19.933350227560318,16.926659696144256,13.925474302362913,11.186618390329643
res-amazondynamodb-1230,2026-04-18T00:00:00+00:00,15.261645263301562,3182.743275193777,2534935506.649975,3076405454.756736,496435.5079138338,normal,7.336909937358884,5.5480490264134295,4.647110659010421,3.8115497973570425,4.315710343729096,5.049552184494603,7.487962245377307,9.418724681229664,12.393562934845848,15.225010220726434,18.241338085478155,20.614172687663647,23.088309522056953,25.28763702686605,26.55383125612709,26.852057346968124,26.532568279350706,25.05992185711112,22.885975180353366,20.839722818563786,18.139074907069993,15.225010220726434,12.284256264922792,9.441468835436552
ddb-table-events-prod,2026-04-18T00:00:00+00:00,16.647255872114386,3455.8089823814084,2565306620.372136,2835086744.678754,506399.0766566552,anomaly,8.561993791154082,7.055106282334842,6.09394095133107,5.448391293215258,5.347976480771724,6.668558722666878,8.381475930150899,10.787737362641542,13.658888162986171,16.636316762201183,19.61365537680871,22.452716620918736,24.602064217339958,26.645532322991457,27.163330245876757,28.402814700726246,27.44622028321224,26.695497048282647,24.832193805375105,22.075385646000072,19.412677562462253,16.636316762201183,13.769888671634025,11.145461927462176
res-amazondynamodb-1067,2026-04-19T00:00:00+00:00,12.391225042973607,2680.6044312366826,3093845638.1359625,3556212213.868678,641864.2781726196,normal,4.486880772639911,3.1780169287411413,2.0,2.0,2.0,2.553258600601615,5.015067138492977,6.761095247435198,9.630407569109227,12.315730146618318,15.187920999321733,17.59093375944566,20.162120471956218,21.490813978930014,22.694937641792553,23.010549778652504,23.280965569384414,21.711256567781394,20.328113338983314,17.97495399821327,15.024463425851714,12.315730146618318,9.553028615482301,7.123156335314723
res-amazondynamodb-1230,2026-04-19T00:00:00+00:00,12.151347140355142,2809.6729325041238,2244789811.1015625,2765429959.888958,464008.99322146515,normal,4.823554505666134,3.3355464737608314,2.0,2.0,2.0,2.821390847580837,4.290351683328778,6.819296691498795,9.274995273372962,12.082863549978093,14.716558581840985,17.486582590823225,19.240223217529287,21.39036341390979,22.340139172941512,23.183213282225218,22.122517198874743,21.613669297746746,19.469898388879713,17.60518330440288,14.846257270545824,12.082863549978093,9.208710116804513,6.878152956834471
ddb-table-events-prod,2026-04-19T00:00:00+00:00,16.662044637016418,3295.7591284945165,2475059665.5566907,2764417755.9899144,467486.3301037846,anomaly,8.529476620979475,7.035566272566674,5.375278910276197,5.014492877117435,5.546818876571875,7.001123614959644,8.865668278945764,11.0825475883726,13.880631980632295,16.75287161858897,19.774005111672324,22.273345082871305,24.33808744976266,26.441552913418874,28.01060927013027,28.252354172468678,27.27917663585825,26.036128708216992,24.451493510446202,22.3149461025603,19.790304327604208,16.75287161858897,13.720154538156628,11.369565207627424
res-amazondynamodb-1067,2026-04-20T00:00:00+00:00,33.10687533999735,4204.725303985837,3905341953.9534464,4940454475.974609,810753.9920005461,normal,22.19315483795402,20.09916077189185,18.552739901273597,17.811318862455877,18.470056729244142,20.034603048509535,22.91854872153293,25.51173386999168,29.228245977480892,33.092242493915016,37.138297855105534,40.64754279410738,43.98281217630679,46.51309328365284,47.54314807476658,48.16009822741851,48.05552140035164,45.67552396632429,43.74542088113776,40.438449626983044,36.98260900677628,33.092242493915016,29.089831355012528,25.58861180382865
res-amazondynamodb-1230,2026-04-20T00:00:00+00:00,32.02022974001304,4201.031685143463,2816182191.1715198,3402887015.221906,591552.7770958594,normal,21.677112545326686,19.567562336841924,17.498624315970368,16.33141316255076,17.19206068564109,18.5744378049749,21.390970541277568,24.701493740898655,28.241757270215984,31.97608231056549,35.82449371311348,39.630625745956564,42.87419934964519,45.51878881453067,47.00743867720152,47.458458172811206,46.00271646961227,44.84747290777613,42.43636700019849,39.298262035505836,35.760522767934205,31.97608231056549,28.131537893967092,24.56703318723154
ddb-table-events-prod,2026-04-20T00:00:00+00:00,23.161825189265926,3305.0848037370097,2556559394.8640127,3081998792.9378443,502709.1652032684,anomaly,12.972505242188532,10.161389837493484,8.118508139673052,7.600336554794843,8.30691132146267,9.997086693455836,12.623855998121025,15.733312444507433,19.439221580101627,23.26572159315365,27.134333947482286,30.599004079044192,33.38505731026582,36.53254667433486,37.79319312845145,38.516616550858686,37.76857304221967,35.82130679955483,33.82024808242147,30.687228095516424,27.221918499588273,23.26572159315365,19.41853683301882,15.70067050151954
res-amazondynamodb-1067,2026-04-21T00:00:00+00:00,26.060403983097785,3624.370117902438,3771697042.1816525,4379380191.688639,753904.5244997985,normal,15.610450494209623,12.701939586773149,11.971571590424363,11.702831894885142,11.10314039487678,13.441483052811186,14.981313780215956,18.73253748630026,22.303804988167027,25.993736205614926,29.92232882881801,33.53935972261624,36.25666008266569,39.077309755657346,40.6726568021867,40.74409339492952,40.46925677888183,39.38921824872398,36.73194684802027,33.35230045341572,29.98845596820527,25.993736205614926,21.96798776854342,18.801575261789583
res-amazondynamodb-1230,2026-04-21T00:00:00+00:00,27.210443886817135,3937.508022425008,2877420784.2719007,3262064964.4362555,547379.3637940129,normal,16.36348643015593,13.989679774415992,13.306980194371254,12.044326923501043,13.43884921602644,13.90885209316342,16.779098932930793,19.622985571092123,23.187092436170563,27.224470805381927,31.19939658229197,34.497283335281494,38.307990935805805,39.75193872729578,41.70671892494933,42.5526955332482,41.39993090738488,40.09460916359601,38.049666392000105,34.561165093200515,30.943648120312506,27.224470805381927,23.486562687198983,19.408753698454344
ddb-table-events-prod,2026-04-21T00:00:00+00:00,31.473511573049475,4202.917944876662,3948060265.7192526,4837570732.53991,833873.2645717176,anomaly,20.687861638040573,18.445783996872464,17.327995469493196,16.029751441046148,17.053052492678148,18.272162750339795,21.20200524215328,23.677350287168984,27.52811398119933,31.517550013018983,35.56735644871973,39.312629712457664,41.83007753827087,44.34886934339642,45.95234696072543,45.82749143974921,46.38741690264412,44.423906121410596,41.91482727395393,39.38756317813679,35.24233810859888,31.517550013018983,27.568304392820107,24.341973007273822
res-amazondynamodb-1067,2026-04-22T00:00:00+00:00,40.31784294657677,5264.272388757862,4466222297.128109,5603659023.106014,872831.6752962209,normal,29.329686136205,27.70715132663687,25.60388899265257,24.856515326066646,26.19771265611083,27.75380455362693,29.842184855242195,33.14898426591606,36.308149170709896,40.35794027045967,44.387818712596236,48.11432814498645,50.72095094662531,53.515868802758455,54.841951715220475,55.162928079850275,54.775560516460274,52.950817721927166,50.79043552931704,47.626580115386204,44.20241801432868,40.35794027045967,36.576567866463904,32.49804672783552
res-amazondynamodb-1230,2026-04-22T00:00:00+00:00,42.12322266493797,5199.729185056335,3308491684.65751,4238716710.9951587,679721.8685959417,normal,30.966838770809893,28.559540348899127,28.129208063934925,27.243876292514706,28.079179185166034,28.78299069606274,31.481286158413575,34.86133051648293,38.21834285075445,42.070680368506004,46.11773081618936,49.73060748590012,53.092012858042565,54.82245916952941,56.19318888553051,57.56434084982479,56.74634456358483,55.64761813591254,52.79512713792337,49.22726741688875,45.90024739370298,42.070680368506004,38.34151791199836,34.314927713433235
ddb-table-events-prod,2026-04-22T00:00:00+00:00,32.22307779665116,4547.567375512334,4404083335.19771,5281592094.844006,855546.9791962681,anomaly,21.972215212243547,18.66585316916929,17.5950837196117,17.677756733253133,17.954821171716716,19.047246714046,21.833488196646396,24.975790252143597,28.16379364088063,32.13600889625515,36.20695515944225,39.2786237052137,42.70838778191904,45.20377887473076,46.06715666547592,47.62394322904063,47.236217207910016,45.21724128527728,42.784637144577985,39.547065336236955,36.08258206131199,32.13600889625515,28.434385212308754,24.80482685396129
res-amazondynamodb-1067,2026-04-23T00:00:00+00:00,36.27430471558634,4633.347201588531,4232648697.9852514,4927251582.285668,821638.2937167374,normal,25.124315594852767,23.233760155536665,21.38647457657765,21.75652632413661,21.114908509139006,23.498221515525778,25.457561559759746,29.06182163251211,32.29765966131549,36.259456872334034,40.21818773490257,44.03018596456202,46.34051763275651,49.67078220269973,51.39755824350842,50.89881142655534,51.434751804004435,49.579624721018064,46.829902415776544,43.535313646262495,40.21124535552688,36.259456872334034,32.535255174293894,28.451013578181353
res-amazondynamodb-1230,2026-04-23T00:00:00+00:00,36.589732616315075,4981.51860738619,3363627891.990271,3780842539.3582616,653558.115811192,normal,26.343733053900973,23.25902765498142,21.467699999492183,22.192085150705424,21.617563999870903,23.47589578732761,25.720719944054334,28.951115866982104,32.83282007181163,36.55910005405349,40.61840378711887,44.23637135317403,47.39854777807719,49.804919281466624,51.36468113205766,52.15734445460772,50.78773265271665,48.93017104097264,47.679912224564944,44.14065249174146,40.287462595667066,36.55910005405349,32.51102223891529,29.257500123248207
ddb-table-events-prod,2026-04-23T00:00:00+00:00,33.089923314122814,4400.613386862308,4238365060.509361,5480999532.309559,899206.5460477369,anomaly,22.971220749125504,19.996841532536948,18.338458490371067,17.814876737907195,18.253762290764378,20.381640010371363,22.620385849225542,25.55529488825877,29.310942950622717,33.180895391419426,37.111158529457754,40.965955605633674,43.71891849804049,46.482096418357706,47.50961781881168,47.51516620079246,47.62969797204947,45.714723256476425,43.44006487748681,40.36278997927806,37.16696766955076,33.180895391419426,29.46571595274265,25.470072478247303
res-amazondynamodb-1067,2026-04-24T00:00:00+00:00,37.83900853840147,4798.968589763735,4331473816.807574,5472922499.64327,885141.0688187497,normal,27.202871763025502,25.157347435830133,23.7652215712146,23.242265289145053,23.383128376362116,24.787146111545262,26.74265642809926,30.57361838018474,33.86656506142052,37.82539742767851,41.522426170725375,45.19321877320573,48.57067490365784,50.23045519792944,52.28268217554296,53.0498547032539,51.95281828065673,51.069460280085345,48.27528642465542,45.30893518952813,41.78459404742026,37.82539742767851,33.88060067690359,30.64358282588639
res-amazondynamodb-1230,2026-04-24T00:00:00+00:00,35.95335074002539,4660.759409507176,3048049682.6977525,3919373739.603923,642661.8900397761,normal,25.63469205004226,22.587589595437517,21.289244616192075,21.59758223564461,21.29744150724305,22.516960620771968,25.809905298434607,28.17179033298589,32.131526149010156,35.94137904632085,39.72388376691561,43.595614459795165,46.977402479576426,49.31181792093867,49.885126736019174,51.53445330612627,50.0380643084593,48.54807890626407,46.90984692380597,43.16627753729622,39.69707937517579,35.94137904632085,32.13244450211335,28.440837039719593
ddb-table-events-prod,2026-04-24T00:00:00+00:00,31.568220365975602,4323.544933924054,4575146675.4507065,5504891754.094161,957322.9037989329,anomaly,20.610876814396605,18.80906691643663,16.57057458585435,16.677842257530394,16.99585056434066,18.454354030937303,20.782364644568517,24.006299210398875,27.668828975356085,31.64389405117568,35.44743819947194,39.11921029798083,42.18236672623456,45.276729992738524,45.61304076116043,46.71077682141181,45.905574670641,44.75740630677146,42.44772284582387,39.13137420730479,35.4867674778276,31.64389405117568,27.88977234454232,23.80526202933453
res-amazondynamodb-1067,2026-04-25T00:00:00+00:00,15.797062737999283,3138.616503095744,3366030423.3349895,4225817175.1893363,716776.2800411821,normal,8.026038004512387,5.862021798930547,4.903753649174416,4.340951351931195,4.954371702113553,6.270545196789375,7.442975566931125,10.352648999095592,12.96677100804838,15.794779917084139,18.809669082182722,21.27194214050736,24.055486410398345,25.226327004210436,26.307774096781785,27.471560626308467,26.7263453595625,25.67058317534378,23.884541287559006,21.440587113915235,18.765103624638193,15.794779917084139,12.837071816839494,9.952876862040625
res-amazondynamodb-1230,2026-04-25T00:00:00+00:00,15.199618523492859,3326.7034262358425,2454079826.245638,3185253856.4783664,527517.9759669511,normal,6.939887481703171,5.725115964279899,4.042221565533624,4.537350232357477,4.025832258688965,5.16653248692107,7.059478702285882,9.730586844364478,12.34440667820987,15.248936621101958,18.269719808237994,20.99791970108711,23.34126783289667,25.076864297155538,25.889302653039067,26.728406664861964,25.89763266550221,24.87285672978247,22.83972684348335,21.032731997550073,18.10165855081181,15.248936621101958,12.262645939448902,9.410825423423063
ddb-table-events-prod,2026-04-25T00:00:00+00:00,22.807979417172913,4103.634612018788,4572174278.965983,5304870316.627745,962391.6403553893,anomaly,14.642066429404473,13.322501470801663,11.5085819166857,11.529363872122788,12.060642939913814,12.762053699113917,14.648246544627147,17.21303613846333,19.897318822073306,22.890304899712294,25.748948226177482,28.752496884393054,30.96341886348291,32.58917039762747,33.490488601213805,33.9208121098324,34.03230493797863,32.29349501165068,30.877133164918057,28.38941703557138,25.910206210708928,22.890304899712294,20.032522010862888,17.02667092510155
res-amazondynamodb-1067,2026-04-26T00:00:00+00:00,21.016043244421862,3844.542322149645,3693964728.234002,4534826740.139782,743943.7951379822,normal,13.27507645907626,11.438830250468065,9.722868302714705,9.197487519498104,10.601514680526437,11.387655371208012,12.920014454979112,15.405974935501343,17.955878280405642,20.996610120287908,23.823690879185,26.83862399559781,29.07715915856621,30.69982999485758,32.26497064921489,32.17926209206719,31.76065941310972,30.776093467797324,29.08760719693232,26.751811083607848,23.840876106050942,20.996610120287908,18.016431934782283,15.369501399402054
res-amazondynamodb-1230,2026-04-26T00:00:00+00:00,19.655650889624447,3752.722698551824,2794261602.343194,3117797516.0473137,513688.96187757776,normal,11.836839031859121,9.98793592595294,8.37656157841973,7.978696969646906,8.802483650217896,9.598711038626508,11.55101365156731,13.947396006171836,16.758812641664775,19.76317865834681,22.76378506377312,25.45991636750108,27.616578751511234,29.830487506479297,30.15234247386495,30.5904989630589,30.52257217810876,29.95089421317069,27.585660124372435,25.518908648436387,22.651711976126002,19.76317865834681,16.751409359167823,13.97604791459539
ddb-table-events-prod,2026-04-26T00:00:00+00:00,22.850024726913478,4106.1115108773565,4883019470.175386,5879507241.65991,936872.12020164,anomaly,14.783928064813203,13.179135400187949,11.513331927778307,11.9968078133159,11.997999001941624,13.414021742328265,15.055774012166822,17.258633566743494,20.07262289351695,22.86328026403461,25.680765179333875,28.75716969869268,30.480406978806293,33.01141690845757,33.39450076375338,33.55394563660778,33.7119696635498,32.70692129798328,30.944415644908382,28.497721656629906,25.651335688718287,22.86328026403461,19.903351250174257,17.107858127446235
res-amazondynamodb-1067,2026-04-27T00:00:00+00:00,36.54059173515495,5013.255082693977,4286297909.2530217,5260523259.275815,889080.3337112153,normal,26.31704645610852,23.965810714536104,21.76575015157018,20.893597562356327,22.334040675861527,23.797709801756262,26.0229539326118,28.70186259867973,32.62789507368346,36.57340540304535,40.541501218547246,43.7396973622396,46.873825145904675,49.414073430824146,51.36459518404659,51.38169842365557,50.572123011232144,49.736993101281726,47.6148717320185,43.7546285157249,40.32191405471099,36.57340540304535,32.702803167311544,29.381999522966506
res-amazondynamodb-1230,2026-04-27T00:00:00+00:00,38.28854300623501,4900.995391717609,3261567746.611691,3772490171.875953,625744.3232250063,normal,27.82600491156127,25.007945233993638,23.44116483052443,23.673550461833912,23.18746472824126,25.30967424005633,28.263310875167267,30.604613395260607,34.540166143888804,38.36750104541956,42.25468518017952,46.12285486926636,48.84429934364683,51.526685693784,52.38696347230314,52.69159698565045,52.406871584576365,51.180789472640846,49.155081282978784,45.76969177978266,42.44016785111751,38.36750104541956,34.65686994718015,30.899577775167067
ddb-table-events-prod,2026-04-27T00:00:00+00:00,29.80383395671409,4132.334559404601,4861499169.701184,5467070773.035537,945542.1346695012,anomaly,19.04569288211711,16.411411109370974,15.887912370715975,14.551865714087743,15.349982484582062,17.003583067761436,19.058485150777646,22.133929672629236,25.974183648836306,29.729686561444144,33.540973924063536,36.9836334277667,40.601830930994105,42.81849812106011,43.512925413637355,45.16529044631253,44.27521667879256,43.23368260348255,40.76375106806202,37.60370308343622,33.69576717377381,29.729686561444144,26.02122124760198,22.199101618387886
res-amazondynamodb-1067,2026-04-28T00:00:00+00:00,42.72823021865806,5161.045712849593,4700498873.800074,5697016185.6973295,954537.6101071304,normal,32.279158050026055,29.905840650858384,27.84745434303109,27.279578534940825,28.035526954316545,29.87316827295662,32.395302512931465,35.17881408978332,38.68462056277025,42.730867492090304,46.7632382106292,50.172536242889464,53.53996418800172,55.155999202508866,57.447333440894354,57.92809076660051,57.2301227100981,55.88121058092726,53.463880176996,50.25730489324718,46.504486687167464,42.730867492090304,38.71064386774836,35.48151532428983
res-amazondynamodb-1230,2026-04-28T00:00:00+00:00,38.17246372930225,5118.139932738374,3326338481.5470657,4034962841.970108,639610.1467368741,normal,28.11216256594909,24.755330544069363,23.091730639115518,22.505505273415544,24.093171166464998,25.466734297264416,27.940906296196946,31.049173549815166,34.29654200187992,38.251705246473236,42.22636929718825,45.65990685110076,48.9930732787901,51.38362979589467,52.33304092444091,52.961796708428665,52.790740094787424,50.64287139093203,48.57063408602714,45.841520194103744,42.102374933089116,38.251705246473236,34.222440073196175,30.596065048157694
ddb-table-events-prod,2026-04-28T00:00:00+00:00,34.13963553194327,4484.282474312463,5196338790.26203,6071647358.979697,986883.0394089718,anomaly,23.095348426917244,21.36071712619308,19.729037010461433,19.40895230152988,20.03820383260885,20.889607065916266,23.3325512261883,26.3162620411673,30.345247192062786,34.103656216472984,38.073176453263855,41.328062250666996,45.165923306351885,46.97777949764294,48.80204062920677,48.77457794058699,48.79899128438224,46.762970628085945,44.96231540533839,41.88496320917059,37.84993661174871,34.103656216472984,30.288821083523366,26.958455810678778
res-amazondynamodb-1067,2026-04-29T00:00:00+00:00,37.900234456177806,5070.879693663367,4184345023.880024,5421018129.939419,850694.4602072434,normal,27.20405346744097,25.179195770128167,23.57002813517117,22.15373170653438,23.784838219033084,24.644230565284793,26.928470743330244,30.153679521904984,33.95283829370041,37.868378242531556,41.824434927413726,45.44256492369643,48.11027470087473,51.3333797017375,52.643020891860985,52.41966572827825,52.7020940609299,51.495381098448476,48.94813285430067,45.20360342017154,41.58276157484442,37.868378242531556,33.985082081332685,30.607408076786694
res-amazondynamodb-1230,2026-04-29T00:00:00+00:00,40.82020355079626,5252.521410351978,3458615692.084934,4317595031.031267,703135.6172989948,normal,29.800976455532798,27.35790192459426,26.903833633905844,25.59934883401918,26.278558261205767,28.32438099898264,30.219601144600865,33.37373424687974,36.9276178700426,40.8557100134205,44.654204216712834,48.59754112476633,50.979408342644135,53.9530000788618,55.51424734264885,55.876783653397965,55.329520714283795,53.582329639239646,51.355770710241345,48.37509542183319,44.71527021801677,40.8557100134205,36.79317840436654,33.46116195549238
ddb-table-events-prod,2026-04-29T00:00:00+00:00,33.337429414345614,4349.265137070692,5341680862.908734,6178462224.486758,1016421.7465511878,anomaly,22.699481867181547,20.436528340722447,18.566656656218903,18.254790769757108,18.06932970772214,20.79358647775525,22.6257367855209,25.976474126741987,29.232533316234207,33.27534880343564,36.96502590202694,41.008087320696944,44.11456304439949,46.78702621032597,48.25919300358984,48.99377952485522,47.10290334956612,46.63836087870303,43.80728492961206,40.43419370764459,37.26203011362795,33.27534880343564,29.532806304571245,25.987235999949526
res-amazondynamodb-1067,2026-04-30T00:00:00+00:00,41.78820634345521,5277.740782858717,4444218623.972457,5407040211.816771,931642.8231738373,normal,30.964519242685405,28.96433236242588,27.249053393300688,27.27063782188709,26.658663395554676,28.982993279168724,31.067623677364438,34.18477123497736,37.84478469122985,41.82085568925153,45.547720482026705,49.20888212203234,52.303912066278315,55.40715998126332,55.699546796417515,57.42663432619825,56.3048254450113,54.88320438308236,52.28725044818097,49.25068631708467,45.605816539010576,41.82085568925153,38.05584685403267,34.10637600520882
res-amazondynamodb-1230,2026-04-30T00:00:00+00:00,44.18136919553124,5477.554474928987,3379710505.620024,4288546623.176937,682398.8385598058,normal,33.79828311652515,30.963664969080078,29.6615851361278,29.05764461846593,29.358960407178344,31.693256094375734,33.30699691053451,37.1584988860999,40.2766527154705,44.288880546208475,48.314069940269874,51.65479540908177,54.644731655511904,56.780858907393636,58.937391427450656,58.87332706355064,59.09607491473576,56.667692088582726,54.48609391160785,51.92211334744583,48.07198158285871,44.288880546208475,40.43060516616523,36.61982133182029
ddb-table-events-prod,2026-04-30T00:00:00+00:00,29.87152608462202,4225.1821261790465,4955275842.273007,6050819161.8814125,986480.1073363776,anomaly,18.991932694093563,16.636174981167102,15.948768094517028,14.253569378519337,15.971588361114362,16.90265120600137,19.050977937887986,22.046731157492538,25.860047942000673,29.833811674368377,33.85147355323252,37.38155669179799,39.961363995526284,43.35318776286693,44.798508805458916,44.68032591709603,44.304358896462034,43.46386940544952,40.09560541861363,37.304066687146374,33.90076717620999,29.833811674368377,26.017158631207934,22.474317988329638
res-amazondynamodb-1067,2026-05-01T00:00:00+00:00,34.88461967566473,4582.849077083734,4307324813.443397,5222758495.915632,889515.0270539428,normal,24.257372334685563,22.499189448681058,19.827985660921144,20.125439972658395,20.317576125931602,21.677622546320634,23.796299205524008,27.416089811831533,31.00527626585894,34.85703160145577,38.873167000994975,42.03702724276302,45.73726435588891,47.61491289281105,49.231772715441856,49.11417247481273,50.052941231000986,48.17950410129139,45.836059777913675,42.401936297566166,38.73019020908685,34.85703160145577,31.10050946045132,27.68449988060619
res-amazondynamodb-1230,2026-05-01T00:00:00+00:00,35.20305765353701,4756.212071227625,3298069912.313033,3886727783.20722,660495.5961070221,normal,24.37603633000102,21.781868148906486,21.30834865247132,19.835424934343756,21.360799877175452,21.65593695897357,24.30464698765185,27.615094859340577,31.25680426229153,35.26860999684695,39.25057321706094,42.61075330407373,45.38098700576618,48.15170566208158,49.67501803978765,50.56550204655147,50.45846853012989,47.796533589630116,45.51445251091799,43.031552991005825,39.00397675428457,35.26860999684695,31.436576103268145,27.96510292548066
ddb-table-events-prod,2026-05-01T00:00:00+00:00,40.04506651770257,5205.024405716854,7533862136.966477,8550708882.002022,1515363.2323608054,anomaly,29.85844138296507,27.122068928372002,25.495397217187143,25.542953248786684,25.290401930876655,27.057271146136493,28.95003606221252,32.457703227571294,36.22505242473507,40.00902896527822,44.0748728003569,47.47405698209679,51.015320480751704,52.773121540749194,54.09917315913587,54.443184262819955,54.63268993664176,53.21200999240331,50.83754871552078,47.57735318099605,44.01332835556595,40.00902896527822,36.2398890824183,32.67166443600586
res-amazondynamodb-1067,2026-05-02T00:00:00+00:00,17.02263237881087,3350.8347653632936,3451548485.797199,4151319380.545003,726997.9369187801,normal,9.151329028454873,7.324300865145811,6.058502604629301,5.8190101824873715,6.63646186721888,6.93807339191003,8.963230057848495,11.572441360771602,14.070986825929872,17.024036584789695,19.8997405860721,22.635697426801638,24.962332505471203,26.40131552674398,27.694663466010113,28.38424725430944,28.21991077055527,26.6560593199409,24.65223118041505,22.89257408450787,19.958732384818262,17.024036584789695,14.055175590844128,11.548087640995309
res-amazondynamodb-1230,2026-05-02T00:00:00+00:00,16.935061593442143,3486.303584798746,2623388742.568446,3124766654.0554237,514046.47218473046,normal,9.278579296867582,7.503437143671329,5.989767060284045,5.289390866307141,6.4974298674881314,7.008285661413344,9.21559684354088,11.17527952732251,14.06101485124356,16.981982431936146,19.809749105114975,22.38254636114258,24.803363819494724,26.37497225235584,27.860120383287803,27.741831751831185,27.46150983035473,26.927880491185604,24.642392199513054,22.75581861487254,19.88529166081842,16.981982431936146,14.18229142179036,11.63096436883875
ddb-table-events-prod,2026-05-02T00:00:00+00:00,29.707298118509048,5168.917625873589,7021566279.743133,8532425428.273576,1443405.1685583775,anomaly,21.496435572531617,20.264042577987688,18.591204713391342,18.963794290568064,18.84579292190999,19.73114813539221,22.07195088360358,24.20566006498766,26.80694738738339,29.652986530421806,32.42523250911082,35.05542405380067,37.714088015509546,39.70745863391177,40.62052275653736,40.85598007082663,40.14348571235,39.737330857512106,37.76636832298921,35.39021297126595,32.547280310776834,29.652986530421806,26.632611159730512,24.096209861296607
res-amazondynamodb-1067,2026-05-03T00:00:00+00:00,17.89101859980492,3462.916247305213,3620891580.138891,4118689884.726692,725959.1758783477,normal,10.255352364408328,8.522800571269435,6.765994569080144,6.258765919646755,7.546602112672292,8.16932073882042,9.680379580660766,12.262780849463255,14.88266301700307,17.932639725270512,20.860949689375367,23.59604506794238,25.57329518603028,27.682955140818983,28.858217424950126,28.635889050523083,28.755366219110343,27.21657360947727,25.89533142736612,23.526146538742655,20.9512471634983,17.932639725270512,15.16385982286654,12.458630881051134
res-amazondynamodb-1230,2026-05-03T00:00:00+00:00,18.551400889741014,3631.7539868302456,2736704198.9899974,3412869541.8791933,561419.6626804243,normal,10.278926524270842,8.805042372578466,7.813924158154628,7.75215816380968,7.412113803807286,9.23182684203896,10.780835244776409,13.155176141419188,15.632838622833422,18.54053033756525,21.379939244429046,24.054582426244487,26.710608218816418,28.56554480315518,28.88710169908365,29.498793394692754,29.416769650835484,27.927635614096417,26.538414537263705,24.42619887548885,21.452319233087078,18.54053033756525,15.507071102451036,12.924740005320865
ddb-table-events-prod,2026-05-03T00:00:00+00:00,29.892767223332445,5084.812142545071,7794710329.892163,9079774834.829725,1459178.6418746556,anomaly,22.313363568970004,19.754198623908984,18.505883851886267,18.58787695201918,19.37377059478724,20.33454941417599,21.634968465253486,24.54839057800276,27.01083797126593,29.90220125048603,32.89843538564175,35.457444089778434,38.234236124544765,39.79937738132199,41.234556212119415,40.71708618845778,40.29742350193635,39.85580950387272,37.70787068496209,35.25024100903502,32.78870389877119,29.90220125048603,26.845945291308738,24.47104156698665
res-amazondynamodb-1067,2026-05-04T00:00:00+00:00,34.72154891519795,4460.267219577157,4367518994.412283,5022719062.063072,793601.4642731511,normal,23.727607495477613,21.187693792786547,19.618860137126248,19.845106597250087,19.73968386961172,21.545459475714665,24.54947514572896,27.297060601434488,30.847755233448407,34.770753913404015,38.5089982387302,42.43936437633467,45.5644034920546,48.083329185742144,49.15464657338582,49.47623989588955,49.492119528989996,47.92765197225947,45.598356590687864,42.425736713043705,38.669058669658185,34.770753913404015,30.813745201985963,27.263313350601855
res-amazondynamodb-1230,2026-05-04T00:00:00+00:00,35.71843539024072,4485.425358902013,3196392718.9273763,3851735621.8456354,636136.784171318,normal,24.681446255320814,22.305991974379772,21.517163777731,20.319210764407245,20.730033162072175,22.886928381240722,24.74270932055174,28.427686635813057,32.048370552119515,35.74517945924734,39.46226727204054,43.54491775599179,46.804539320929976,48.30196903785877,50.05454118040449,50.387696503213384,50.7684814829342,49.37297217922941,46.24078940063636,43.27884975096101,39.59788002033363,35.74517945924734,31.841165767298502,28.43647995181444
ddb-table-events-prod,2026-05-04T00:00:00+00:00,38.104694578695565,5090.288278319986,7112297290.440845,8534770481.282187,1529176.9206499916,anomaly,27.855298997215506,24.543065541809227,23.78078988559048,22.867360623416857,24.128238344650406,24.895824842685336,27.426038288389044,30.714470766262984,34.196887032182836,37.99449007949142,42.04358034885058,45.59571042409799,48.28484302158199,50.61380641424064,53.19889301255673,53.71807707258233,52.95060732747176,50.70782952268138,48.920437967016426,45.23309891923767,41.79918866997479,37.99449007949142,34.19645400534158,30.853188701874277
res-amazondynamodb-1067,2026-05-05T00:00:00+00:00,33.55006993789118,4518.248760923794,4153260358.6502876,5028982044.8922,849928.6946871184,normal,23.374012906526943,20.3294354515344,18.437398580613092,18.48823285225412,18.845779537471824,20.409871384212757,22.679038601154847,26.506405762575575,29.66359537704651,33.63600083084612,37.66141027797599,40.76520421281105,43.886396602510466,46.231716971889064,48.83516857490631,48.57781375758048,48.093052304182606,46.86474099670372,43.768169995731505,41.18265651381586,37.51975245344959,33.63600083084612,29.66052006134846,26.149303671400837
res-amazondynamodb-1230,2026-05-05T00:00:00+00:00,33.0716510328951,4313.528942108059,3062148436.217093,3478215430.595323,618951.74388149,normal,22.20639452795661,20.48787579370059,18.32192249808444,18.044661773553177,19.27888835911572,20.277704030795988,22.042351195683857,25.427924172610027,29.012435270105236,33.0649150408382,36.773771821010754,40.29874048368031,43.35326900046456,45.658005027980636,47.50443044156541,48.67709733225432,48.025092560855114,46.70138311903129,43.221624062218275,40.657486115117955,36.89958103555951,33.0649150408382,29.36396747745111,25.355188609011112
ddb-table-events-prod,2026-05-05T00:00:00+00:00,38.74478510328762,5290.651978759459,7332277700.776782,9165565755.419401,1547130.085691696,anomaly,28.504289115230705,25.84943782987206,24.359435911248816,23.329338282617435,23.851179408177707,26.151355392043257,28.283322629464593,31.348950196887372,34.7847178955242,38.73619688616111,42.66522903428168,46.29790743331092,48.83004701335243,52.295115422952385,53.12697836115137,54.26810824714306,53.88254733390199,51.317306257747916,48.954229626806075,45.89270618023025,42.44040002040357,38.73619688616111,35.013176155203,30.95667095902987
res-amazondynamodb-1067,2026-05-06T00:00:00+00:00,34.798231292881034,4425.084279239206,4348869520.644686,5056886277.349681,824023.6291379363,normal,24.56947123830714,21.66346762012209,20.213276306465215,20.462829853547994,20.940237839104498,21.666865217785606,23.932287776625948,27.01128337598007,30.84154208957146,34.83197258636783,38.53502502976786,42.52589782035826,45.24859571840366,48.34533851198188,49.891326764416874,49.38765281608357,48.61746061226691,47.25436444666338,45.06072746300565,42.540153222403156,38.84143132680514,34.83197258636783,30.87749404568554,27.066876761057273
res-amazondynamodb-1230,2026-05-06T00:00:00+00:00,35.28137757761221,4786.730830639345,3077581589.2330146,3778615399.6872034,624226.5738626356,normal,25.036411474974265,22.65722659325217,20.39812951287803,20.594438341299266,20.43493296683851,22.553884801438407,24.432557527479748,27.699236593031316,31.305094304887998,35.145433019422384,38.92277822350394,42.89679941251139,45.78430896110561,48.45408566398007,49.490995283743715,50.890473983818765,50.041524211215616,48.56891630336111,45.676926105410885,42.443723878665836,39.19625168868595,35.145433019422384,31.120949624138326,27.862550367627367
ddb-table-events-prod,2026-05-06T00:00:00+00:00,42.24568659438999,5174.547616313113,8240868443.934948,9188752970.28326,1566161.4469074165,anomaly,32.156871309346485,29.181588586408296,27.76068109777298,27.46954556767586,27.227718574781523,29.52962091912618,31.76866198241146,34.402075188666785,38.53665421383717,42.24745558719111,46.17403467401024,49.69088500800891,52.750819284436616,55.473916304418275,56.71867182283136,57.10692063496461,57.255427512662735,54.656655137869045,52.89708424484887,49.864899192735834,46.0513299073219,42.24745558719111,38.30294451629062,34.424561410551746
res-amazondynamodb-1067,2026-05-07T00:00:00+00:00,32.738461894837265,4549.127852469651,3975398454.6524363,4943186692.2095375,837792.2476035231,normal,22.375425900438405,19.939157051196247,18.579909021567147,17.22462846797651,17.64894508819876,19.843052177263697,21.624417079658297,25.354959126988753,28.882355597085024,32.73248763710421,36.46923763711277,40.427517811670654,43.33112142645993,46.2379064630973,46.51274056910365,47.81729098849531,47.89735446136178,45.44353811143761,43.791781841884216,40.24809702254045,36.65564022580162,32.73248763710421,29.009459385667164,24.943574746880675
res-amazondynamodb-1230,2026-05-07T00:00:00+00:00,34.040903626037874,4285.887191970487,3105256861.834134,3582765132.2867503,595701.0587508192,normal,23.28106335274357,21.11830057916098,20.188898818376835,19.217015434530822,19.48083237156752,20.6357811292912,23.80443148717437,26.693779891984136,29.947805761518588,34.0052821146072,37.73869856269563,41.28371935981838,44.980741527770974,46.79380049105039,48.1282917047288,49.732737565407675,48.175253767608666,47.055816849063675,44.4194702805118,41.76947752699575,37.879233365186266,34.0052821146072,29.97122998529079,26.674742983217723
ddb-table-events-prod,2026-05-07T00:00:00+00:00,37.48431627370986,5024.019176606076,7956147817.935727,9101271528.495747,1561502.1210355184,anomaly,26.83757453502461,24.818629715372996,23.181167849022774,22.124889100997706,22.811542228079396,24.791260825070452,27.03372126121843,30.084309680543946,33.475652165966046,37.48003230044928,41.24792228117547,44.89436464966076,48.441766424105936,50.101393310208564,51.996296692103265,51.913970220300236,52.02721580993883,50.85154973997805,48.183051719411694,45.20919940936132,41.454860401342074,37.48003230044928,33.56041840970827,29.622769539547214
res-amazondynamodb-1067,2026-05-08T00:00:00+00:00,33.55029059486166,4388.774981702056,4005010390.1947284,5124205107.942834,857128.1468340048,normal,23.239588061591654,21.02488239446264,19.514039181975,18.7501083243307,19.57620885703147,20.776102332870828,23.211472408813847,25.56091125842585,29.649838022331664,33.40996376614762,37.23355918150164,40.9364736032735,44.20282391956118,46.99760878841509,48.29260125176037,48.69724347402183,47.278379562987624,45.97304353193189,44.390244225890605,40.67137802341223,37.179946194708926,33.40996376614762,29.41856709145165,25.81202705363434
res-amazondynamodb-1230,2026-05-08T00:00:00+00:00,32.65318488520335,4418.548259575538,3043272232.5704737,3590714878.0852523,623850.8734249162,normal,22.252975251839498,19.240930261016246,18.006000916682368,17.498022367090886,17.749359449651706,20.22052603442517,22.053871392482858,25.47436764294636,28.785163135491594,32.70694183443899,36.66359184729158,40.44138081145685,43.54540902759648,45.93461374904573,46.68532150410225,47.173721284265525,46.61840513780349,45.68947140208685,43.365974807296105,40.106214763316096,36.757757953917235,32.70694183443899,28.684854293380845,25.314620542816723
ddb-table-events-prod,2026-05-08T00:00:00+00:00,41.2836168847262,4957.553387953232,7772115632.159227,9583389514.019073,1615697.2413630618,anomaly,30.189598073768636,27.63510485242908,27.14776405428954,26.91663006592909,26.597884967590346,28.35432442809227,30.98206849143628,34.07034753185957,37.379897811780744,41.203394600848775,44.89913489828382,48.56122981070654,51.361934854135086,54.72949558093708,55.308833301760764,55.845482382161094,56.08628809625679,54.605382348257436,52.303001876163094,49.044620846772155,45.223835925547164,41.203394600848775,37.335805003009106,33.82135083056553
res-amazondynamodb-1067,2026-05-09T00:00:00+00:00,10.966230844147995,2496.1204459746687,3073839069.4132185,3797895586.359501,608953.9451597716,normal,4.315872548625114,3.1375872747967564,2.098688059610968,2.0,2.267875116177423,2.586755032020351,4.533915090145607,6.3926426534015,8.408324642799277,10.901616060894483,13.36273424995826,15.465816491952943,17.820453737027556,19.34742597579222,19.884740251898794,20.744738797897586,20.011581232777544,18.64851380131646,17.31737288008015,15.392964750959232,13.234411250666438,10.901616060894483,8.446665337446046,5.967228962412724
res-amazondynamodb-1230,2026-05-09T00:00:00+00:00,12.762702971016607,2907.1820050293377,2329834527.682143,2682664313.5195675,475907.63279231585,normal,4.552395137752866,2.630860061262524,2.393748547813413,2.0,2.021935685704348,2.9835286935347773,4.599619914752668,7.059997992255678,9.858451660655385,12.723781782496989,15.746087902495589,18.194168881518202,20.520255953932526,22.213312960034333,23.797744324183803,24.36008721505194,24.001745473318575,22.924453448597184,20.32367423945025,18.160453468956618,15.51502408638833,12.723781782496989,9.917233898561534,7.082528193183997
ddb-table-events-prod,2026-05-09T00:00:00+00:00,29.451333406240384,4869.88491597199,8136421064.968197,9481680643.135973,1487885.7310594418,anomaly,21.048957461521958,19.500765440890255,18.221319512049845,18.621114604315757,19.009812548881484,19.898895190317667,21.75518879860054,24.013872785507026,26.46713785702428,29.366772945461857,32.19600391248464,34.953543436156615,37.69582112883682,39.437361436460634,40.158738959677635,40.502236207388705,40.248003527443466,39.34010344614143,37.430957346642074,35.15074541358935,32.13701773553954,29.366772945461857,26.342320716796934,23.968538392578896
res-amazondynamodb-1067,2026-05-10T00:00:00+00:00,19.211226701116587,3761.014219788023,3591442564.7273846,4222048468.479462,735394.1504204952,normal,11.211154627941513,9.430318990972408,7.98861033635885,8.094089184697372,8.484006505359476,9.790112456188906,11.405373978202093,13.452231531160697,16.326071177102158,19.246418269395544,22.24055369851492,24.80409899037866,27.328824359045797,28.871147972999726,29.921911559029454,30.273045144379893,30.23064161710527,28.795453454839414,26.925400120976494,24.96197901715348,22.266471236170478,19.246418269395544,16.299345307575702,13.475763021854256
res-amazondynamodb-1230,2026-05-10T00:00:00+00:00,19.682388823457472,3733.382814293848,2777903463.0397363,3231026969.5497503,559853.3340603296,normal,11.436364967410734,9.499620547105291,8.54970739611929,8.290759454512965,9.09922381972386,10.060553344799754,11.411441319428327,14.307681725324112,16.889433203390443,19.72891057162356,22.62750278622989,25.58222210853387,27.524093629839243,29.491505375646618,31.09222646743317,31.43637216992208,30.224915164181628,29.128188337573178,27.305055861966906,25.14068246846027,22.775811378032685,19.72891057162356,16.81885969950942,14.227289394588453
ddb-table-events-prod,2026-05-10T00:00:00+00:00,29.96058330741447,5081.252641188949,8669277673.852564,10534229819.551226,1719137.2978610308,anomaly,21.792758160662558,20.216589398233292,18.91160349464812,18.811344631784472,19.01406460112562,19.86528560261994,21.904124119830776,24.47072190231321,27.096879673605372,29.975764524515995,32.94691973568824,35.39763956991926,38.277182998986106,40.000894733147675,41.31122975107753,41.37742141312807,40.46088166546427,39.466479833653224,37.92371153207555,35.55775099784771,32.79692354214753,29.975764524515995,27.170688756586365,24.33137421437047
res-amazondynamodb-1067,2026-05-11T00:00:00+00:00,37.77759552654417,4885.221269501911,4406505243.374685,5435000660.980725,918751.1963237445,normal,26.98294566214238,25.273816331802312,23.831794001221702,23.24672984966741,23.289733095402163,24.817336907086116,27.5349546982993,30.126410534043384,33.79218919356669,37.656379020326185,41.46886404297107,44.94667456530256,47.78381228791318,51.27272721202782,52.67475680762604,52.6086250539182,52.65256609369918,50.33502646943996,48.405806036189404,45.11435838714853,41.47378057836982,37.656379020326185,33.83968617846704,29.876940610103407
res-amazondynamodb-1230,2026-05-11T00:00:00+00:00,38.93606798446959,4902.483857552068,3120181555.9616585,4070940587.1402206,664744.2334256973,normal,28.140971167471015,25.89368175337261,25.09867344345357,24.132192715160038,24.960388238818958,26.35875451705943,28.475539701688415,31.73064980680767,34.817377607503644,38.86377841127785,42.885646310904946,46.11421965892548,49.384960412827866,51.75012150768693,52.83358597175645,53.59054912569467,53.53131834728539,52.16714067775866,49.15940693197357,46.27024535168427,42.654525079063625,38.86377841127785,35.10588905326935,31.682237424547854
ddb-table-events-prod,2026-05-11T00:00:00+00:00,38.66028029737979,5209.3655328118275,8151276060.85121,9851166938.370022,1633471.2193338764,anomaly,28.145478866660028,25.71765694208498,23.395273348542702,23.52463821194717,24.22307704726576,26.199165947935597,28.33698186830476,31.462036783246564,34.88160214961682,38.58911783482006,42.63624280347802,46.0547742794958,49.70866271938604,51.86065366298906,53.69130476501766,53.6595515437528,52.37625654852586,51.32548943307934,49.05438037733503,46.432747564181795,42.431684795522635,38.58911783482006,34.6450727667973,30.905759042309192
res-amazondynamodb-1067,2026-05-12T00:00:00+00:00,34.84295896940112,4452.663251102456,4195317006.5176215,4928985261.145862,841249.7994435624,normal,24.049057317647726,22.432500227914392,20.271386540034364,20.229579995400343,20.399268286977772,21.781550913178457,24.048859848976157,27.047576974265287,31.139700365094555,34.85725980903916,38.60309572606067,42.486296699048964,45.18638769563754,47.77940310411881,49.25646035200689,50.443067778629256,48.890771971846554,47.51042516412933,45.383871254120805,42.10375025699823,38.73179265595772,34.85725980903916,31.12456516339873,27.61712735610591
res-amazondynamodb-1230,2026-05-12T00:00:00+00:00,33.64689904411682,4358.519601907732,2975773564.2221217,3511097913.371395,629262.1869559716,normal,22.898894917703608,20.254822299337526,18.82707693460199,18.961351680797534,19.328451428952654,20.326284334768637,23.04579899310162,26.326964675673338,29.716867228123803,33.6357068487352,37.60320464565847,40.95304354876851,44.333174831585424,46.69972339289385,47.992120680318806,48.6838636109428,48.61402620506292,47.22786650627016,43.87356846003002,40.79928815144062,37.644303587129194,33.6357068487352,29.880782518469783,26.262684729702027
ddb-table-events-prod,2026-05-12T00:00:00+00:00,39.87961540343232,5014.271079967764,8735278522.152617,10284314018.631824,1739116.2685018613,anomaly,28.932448143587486,26.373419443592496,25.636926241579815,24.33526278397575,25.49979404311211,27.179173007250043,29.032588173842274,32.29825807514389,36.224698420714205,39.92858174470256,43.96728240767029,47.69405885726108,50.34495811279413,52.478477788096455,54.16294779289967,55.27877775668886,54.41982039989862,52.871632151838405,50.806319205301065,47.15566716281887,43.900794684191744,39.92858174470256,36.21752551466673,32.44277602604661
res-amazondynamodb-1067,2026-05-13T00:00:00+00:00,35.472414205656555,4743.388045602936,4235636504.0193176,4985369885.743013,866551.4290850415,normal,24.744704275911424,22.681918178632834,20.510511021225213,20.62414004309843,21.314200742954704,22.615295266307456,24.81503192870388,27.91335243254431,31.45468672242359,35.52016856546071,39.41106567101901,42.798342189919204,46.62743781013661,48.410324141701935,49.727547996937226,50.20259196693679,50.01092134859516,48.5824323097635,46.14121854417805,42.936554925885645,39.38138491941368,35.52016856546071,31.697548053635693,27.69639331491159
res-amazondynamodb-1230,2026-05-13T00:00:00+00:00,37.85063954457758,4703.177374033012,3147714412.5146804,4000249698.7563257,671114.9365619628,normal,27.445931044771193,24.314332041008452,23.92504010710134,22.404051605383387,23.391469012931953,24.320166252554998,27.762608334267252,30.527502367703956,34.193655150344135,37.899640653176405,41.82652109839194,45.63932936308348,48.68114921476543,50.254747680914434,51.678473393031794,52.15953404238909,52.845755739590814,51.11579870259965,48.48747637554839,45.30565835934745,41.8038042922014,37.899640653176405,34.130343087384475,30.402720498194267
ddb-table-events-prod,2026-05-13T00:00:00+00:00,39.431038929566256,4998.491507180671,8617235079.064571,10509327145.091904,1659396.1502683614,anomaly,29.234398412704937,26.12363129956529,24.888511791608572,24.190507286584836,24.42515245528195,26.550262178756014,29.028137092348246,32.19205919273903,35.614184490963225,39.390110995472085,43.413807533514586,47.14763200878681,50.14703236245038,52.90420557467873,53.45955111121985,53.760739176502256,54.201593484694655,52.3467280260562,50.23624234436282,46.720393496817756,43.236181498112295,39.390110995472085,35.50325854111013,32.24050295978738
res-amazondynamodb-1067,2026-05-14T00:00:00+00:00,33.710388232479204,4633.833717006374,4318892790.437854,4988076635.37511,819979.1610218327,normal,23.251728696077528,20.56726902059436,18.672948888533604,18.14711352507497,19.292694419356145,20.26939435004294,23.16022284764246,25.99572865704557,29.941087467282262,33.85485553684373,37.78600984079989,41.14662555872289,44.22489649758503,46.8798476329542,48.447997369548915,48.3376695368408,48.20824886756017,46.87266882848559,44.44325307152389,41.53126752035662,37.74437832941558,33.85485553684373,30.12708531260919,26.291470267760783
res-amazondynamodb-1230,2026-05-14T00:00:00+00:00,34.14877780552475,4436.346957701531,3036671264.3504043,3785859555.4085355,623283.0863522695,normal,23.63934276248431,21.67429120802033,19.55921419607412,18.58252848928269,20.312977346063747,21.05285125401436,23.1439685812689,26.69365437963749,30.3196591169551,34.18135340886485,38.21295811775652,42.0380075209079,44.38762049958432,47.02094190057289,48.3233470369706,49.34839541130262,48.51992440176548,46.950249502918375,44.78639214618515,41.95047661064629,37.94264941268895,34.18135340886485,30.26309912811502,26.48541149164926
ddb-table-events-prod,2026-05-14T00:00:00+00:00,40.71048355144733,5004.686000791691,8605730255.569704,10928970968.369297,1783165.061569336,anomaly,29.980513923141622,27.694402158209357,26.70506415732176,25.037875650073012,26.32996266754118,28.18342822817329,30.211662162470617,33.065370042977314,36.922924075160594,40.7153813629682,44.471829170709256,48.445008071047866,51.00258732462067,53.29138970606461,55.09784594078195,55.91911918632507,54.962673457931565,54.20625894702371,50.985902501970884,48.49811227422099,44.41783776564329,40.7153813629682,36.93540900177911,33.25566609561186
res-amazondynamodb-1067,2026-05-15T00:00:00+00:00,40.935392936228546,5168.499420094782,4718448710.813327,5682339939.599272,925879.8854876559,normal,30.66525145016893,28.442768492119036,25.966665723196005,25.770515236242957,26.034436965794953,28.181955872880465,29.873820103971582,33.80558216719866,37.2874539163655,41.00772594707378,44.76157045832043,48.737750495175774,51.62422536969119,53.54708037927813,55.22853793555276,55.45344764319655,55.517308184094034,53.52546804406895,52.095657128284984,48.42303302553917,44.751721594859376,41.00772594707378,37.20855435999153,33.531174029346694
res-amazondynamodb-1230,2026-05-15T00:00:00+00:00,36.88281661564016,4685.2706466167765,3277489910.5573535,3847006107.5303626,642748.7541393276,normal,26.102959308774587,23.93209634896464,23.062995464198522,22.19921646572016,22.06799367188786,23.399851426364023,26.5629771688289,29.625759321992216,32.90731828998268,36.90732562522395,40.608105938304824,44.42442777170381,47.59255884461636,49.27524276613645,51.06501998974139,51.65096547785176,51.42094745068736,50.47905829388049,47.646206238083025,44.04411415568624,40.728703182411984,36.90732562522395,32.878195292673915,29.69823465642471
ddb-table-events-prod,2026-05-15T00:00:00+00:00,40.67788386813837,5177.21491784409,8625427171.406136,10866810077.397087,1731980.3562435424,anomaly,30.377353517948762,27.996044723301246,26.532648631351872,25.927777983487488,25.974441525879833,27.889644681366157,29.789953481252603,33.165321242535924,36.64089164788668,40.626673522529344,44.526053617679885,47.936642994376854,50.8659102766006,53.698489636559906,55.435377973492145,55.67069496585071,55.63190658544933,54.180471644281525,50.72662266908432,47.79336525577204,44.609292153789156,40.626673522529344,36.8410064011759,32.805954181139406
res-amazondynamodb-1067,2026-05-16T00:00:00+00:00,20.098586524217307,4039.9059419890127,3910312422.701093,4736139770.411759,762368.4948443322,normal,12.143418722764887,10.18764614428933,9.035940898705844,9.461004583420602,8.999908026457977,10.645769739450234,11.921438742822453,14.433548820597743,17.312203648046463,20.16053327134062,23.091869518208192,25.50645090631866,27.944263327461513,29.958168955551727,30.878368354256303,31.92493727293226,30.667948244544863,29.709113164657406,27.83508286798203,25.9971517096417,22.9272086059008,20.16053327134062,17.106167506237906,14.357400278285246
res-amazondynamodb-1230,2026-05-16T00:00:00+00:00,21.053227149234225,3886.265596485153,2724395834.2442446,3356346847.7780204,557655.8904649407,normal,13.146074667951186,11.48128169520105,9.794972938458546,9.412468217979725,10.734958069531203,10.890495782480116,13.02526065232567,15.17428392002893,18.280603552786733,21.079740686402737,24.040780492232546,26.705504160218577,29.383799674223194,30.43589895239262,32.462415645539494,32.293478758317335,32.13039031203762,30.61254709760523,29.149906012258437,26.60301037840523,23.89518676249152,21.079740686402737,18.15177169879371,15.312880767557285
ddb-table-events-prod,2026-05-16T00:00:00+00:00,33.60589153865218,5452.354450047192,10280260068.880173,12959917980.12562,2156218.839138867,anomaly,25.99644588384851,24.176725825432218,23.208366417187904,21.908219696374104,23.080385065437145,24.0176599268066,25.73674023763311,28.10728661684715,30.69740010878177,33.638015120827234,36.440648251507255,38.9993312342601,41.33371265530965,43.44651714064285,44.06578024158462,45.20447764516167,44.18367331395794,43.04855435326196,41.34092835226642,39.13279116745026,36.60176220013353,33.638015120827234,30.662648489757668,27.8753118623554
res-amazondynamodb-1067,2026-05-17T00:00:00+00:00,18.164638703101478,3568.633717995351,3508942626.2427797,4450910154.974896,713025.2715079007,normal,10.356817178665242,8.028808401702841,7.180095234079932,6.529249025346676,7.6216623356527675,8.541060944207768,10.096772118918704,12.512183065579748,15.220371545720749,18.23787882952692,21.201366116538253,23.774337530645262,25.92113043647354,28.203756470930415,28.58935282663185,29.864039654435246,29.529102707085933,27.66891328965288,25.840058490176734,23.810297241923543,21.013323088968438,18.23787882952692,15.365542474219554,12.60733103782555
res-amazondynamodb-1230,2026-05-17T00:00:00+00:00,22.31365522913345,4009.856964061728,2923004464.711025,3264801236.549033,596622.1988197706,normal,14.58092996681201,12.880043026774233,11.521460243915772,10.649895100565056,11.784452290917265,12.373213068977755,14.196985023255701,16.56676038472859,19.24369342484472,22.2861519581719,25.297707993152763,28.141185024756826,30.152740095856537,32.11883111871547,33.08161862582246,33.69655320877861,33.20925959770946,32.36908965698237,30.41954259054977,27.694704344428388,25.204009354138172,22.2861519581719,19.380126327641776,16.3926211135353
ddb-table-events-prod,2026-05-17T00:00:00+00:00,32.84362513599686,5470.176473004621,10267762639.099138,12577501343.306206,2037982.3941393406,anomaly,24.744964487015586,23.21769032615545,22.217168181182757,22.135217537764383,22.133809891645306,22.870246814151322,24.65509677136497,27.443395720397312,29.919600827122068,32.86565740670163,35.90868664998747,38.49103199059833,40.77250247052516,42.724320444297845,44.045928740403724,43.96780446961138,43.233610940149255,42.133776223688,40.65013249522897,38.283862804739634,35.68175911539193,32.86565740670163,30.056715770774055,27.228365778326427
res-amazondynamodb-1067,2026-05-18T00:00:00+00:00,35.32773894646673,4848.8959178583655,4235634090.9339776,5009077362.214996,861050.2100425711,normal,25.16705021970722,22.42008918253867,20.404087119049333,19.860321478205968,20.24728412655432,22.082918467072403,25.290924770086647,27.709397876917965,31.461253531846875,35.43684143694524,39.34002517923533,42.66486456212482,45.51311644337599,49.047209120544046,49.67683598075067,50.276269108791766,49.226603412857806,48.959395619177606,45.81798681440506,43.262013928836524,39.24479741347088,35.43684143694524,31.587516708577056,27.73209077718423
res-amazondynamodb-1230,2026-05-18T00:00:00+00:00,38.57191468222218,5108.626950379411,3342931057.880451,3806891146.852115,651200.6454891443,normal,27.629941524507494,25.640046846335178,24.5071977674281,23.89020557610373,24.712622358208208,25.79379263565856,27.750884330704885,31.20699396355257,34.703752699465866,38.495430051514596,42.20868834243971,46.26523192932214,48.861057551174866,51.78192524383963,53.12023377466557,53.681376468707015,52.8044561115019,51.45693213540694,49.356253869831605,45.636216318699404,42.37120638268061,38.495430051514596,34.43932254761494,30.916753892454075
ddb-table-events-prod,2026-05-18T00:00:00+00:00,42.79398751036009,5581.569809466995,10328241263.44547,12884793272.640003,2185312.0592613225,anomaly,32.40945170435174,29.91702990643999,27.777452592250604,27.870913929563333,28.47755431406977,30.253401492411328,31.900412773329908,35.39153061746065,39.079189980103564,42.936514349135756,46.897184325698305,50.25210333831355,53.05874165950726,55.83388110798323,57.18732918236257,57.360788566676625,56.78615690694699,55.56729505976259,53.2756226015375,50.76960144956533,46.764284376756905,42.936514349135756,39.10769373848114,35.245051926797636
res-amazondynamodb-1067,2026-05-19T00:00:00+00:00,36.73822799039421,5059.684456663601,4583409992.716708,5066185695.69623,864524.3709092769,normal,26.340253872961974,23.41495203966644,22.57214594962241,22.143624412636484,22.777286638414267,23.380531507892908,25.77106837842379,29.049949667216772,32.82127282077302,36.66326776142973,40.585178726083676,43.96592532261233,47.4448036494756,50.160665605670395,51.530704400478,51.52726221583293,51.5104975307929,49.98100021033032,46.84854953092534,44.197310573950425,40.4172064850818,36.66326776142973,32.71564509057573,29.235101617184007
res-amazondynamodb-1230,2026-05-19T00:00:00+00:00,38.46970365929648,5081.335391454854,3212994280.052834,3921863879.585341,700593.7778423373,normal,27.96767978935396,25.541443309672662,24.52510786228207,22.98699427264354,23.229923860021614,25.52518429702331,27.839441340455956,30.654902288901532,34.52390188751297,38.43640978924594,42.23345315742331,46.05663912969436,49.16085125558708,52.0536131309487,53.50055410726072,52.8342184414726,53.48138669659424,51.704070219122016,48.74117190474194,45.95350687430663,42.413377407881086,38.43640978924594,34.507011070988774,30.965635940734593
ddb-table-events-prod,2026-05-19T00:00:00+00:00,44.35973120044654,5616.362410905135,10919348525.096552,12818628040.928894,2051088.7793219876,anomaly,33.99429552346919,31.26314923406646,30.41287128899181,29.966652301787498,29.93087452108083,30.913627873126494,33.286576514771326,36.58909370453072,40.43251062816661,44.35424770001659,48.27720393991394,52.14234040013348,55.27065981517619,56.90591236186655,59.14544065617342,58.95984887284442,58.738344709130324,57.231286535153444,55.07253234745907,51.641942445089384,48.258450950088786,44.35424770001659,40.344055627588595,37.1473831600753
res-amazondynamodb-1067,2026-05-20T00:00:00+00:00,35.66252108736051,4736.803226875281,4424064438.269514,5001140542.173697,828215.9459571458,normal,24.536668470644866,23.11291691614651,21.244823182823083,21.355874237978313,21.23955957472301,22.06138964538645,24.6883051284142,27.854068630918565,31.89224213079533,35.66683304474773,39.72585337063278,43.198374833882085,45.97035837052006,48.74237904580304,49.6341621292664,51.394112311532375,50.18065739256367,48.820464436672225,46.07424565270417,42.89881138447405,39.719253069643116,35.66683304474773,31.870347379408727,28.35197271222372
res-amazondynamodb-1230,2026-05-20T00:00:00+00:00,38.61088436911135,4953.221806855304,3332717659.6804595,4178266913.2791276,646314.9201809356,normal,28.380612429185078,25.23179483313117,23.665192447305465,23.73025802383283,23.466197531425074,25.625385235620733,28.45762389297893,31.046972699836008,34.69538420252949,38.63602974761811,42.60043557905719,46.21736370456744,49.259615335060495,51.78462367158868,52.7935146005565,53.78831430588142,53.835875137491286,51.6473200816733,48.83589938161872,45.81435254875045,42.47773556638099,38.63602974761811,34.73887387682044,31.295820278144507
ddb-table-events-prod,2026-05-20T00:00:00+00:00,46.24561594284518,5543.5131424957335,10967465740.43878,13541189531.445593,2160803.5807533967,anomaly,36.183880022266436,32.693995655696995,31.492997482204544,32.02315986462233,31.5142475105717,32.67263536565255,35.25878902553752,39.003600596940466,42.50864568949929,46.29652374629767,50.092501077844766,53.83901953010894,56.96195638093014,59.32662616690728,60.16039977700919,61.9030089441844,60.32995151383774,58.648495823975736,57.24047868240712,54.062393917493516,50.28698530352775,46.29652374629767,42.365366604676055,38.73260019979451
res-amazondynamodb-1067,2026-05-21T00:00:00+00:00,35.308402387776084,4647.773005399707,4132732381.3905215,5145689345.030747,846181.0137466167,normal,24.646695222927413,21.792986995126583,21.197002533182207,20.13144835726984,21.205738237595277,21.91931286165397,24.87896470580879,27.766613872450055,31.578655292891902,35.3780912105461,39.28549862433071,43.06890347109207,46.39660242563042,48.30453767235663,49.19076967213144,49.84852567741477,49.66686209242906,47.76256162827208,46.25100585710682,43.07193183024841,39.41835124895481,35.3780912105461,31.476310536413962,27.78619607024664
res-amazondynamodb-1230,2026-05-21T00:00:00+00:00,28.965005015924934,4078.944691408209,2834612267.8250833,3695863780.708353,591644.2401437137,normal,18.44477012859799,16.283067667858013,14.360479887936878,13.536305123991577,13.9634373482355,15.698526245143064,18.603466800415177,21.29914864871469,25.004522500142134,29.07069501884467,33.05687737846282,36.23136591345786,39.552305264954185,41.657954361081124,44.15651495846995,43.7289833355041,43.35529467743683,42.41259256014435,39.44515239335893,36.405306606671495,33.12832006754041,29.07069501884467,25.090519067562408,21.603819408829604
ddb-table-events-prod,2026-05-21T00:00:00+00:00,43.553038990084865,5473.9001063238275,10996491546.811892,13593294105.45459,2195450.1569559895,anomaly,32.82676098583283,30.204921949086753,29.61587808174661,27.978911604455213,28.564594572382813,30.471648197236114,33.297246997582455,36.1028958039949,39.76439628323688,43.483204690325934,47.53048962004731,50.87984228644038,54.069645619475786,56.07361313192661,58.641278342540204,58.438049706618244,58.49157864924196,56.56297431465978,54.61739792230627,51.1518283970654,47.546594661648676,43.483204690325934,39.664027785393635,35.81195146846614
res-amazondynamodb-1067,2026-05-22T00:00:00+00:00,30.92061107102901,4246.741965746879,3789140562.3384185,4642396393.931359,821954.5605728282,normal,20.82406844539596,17.435115984433203,16.837925530070265,15.820596118174048,15.852979176740735,18.196628247019568,20.078615463934483,23.659448113013624,26.85273868214809,30.9285130412782,34.928394674303405,38.07217907453504,41.08102653177542,44.45036941553889,45.08235762603378,45.81208021380516,45.66697095906261,44.19298119093622,41.504003346965376,38.11798793712775,34.9421078094957,30.9285130412782,27.184350715424056,23.644714366206347
res-amazondynamodb-1230,2026-05-22T00:00:00+00:00,33.3769294858533,4438.777669420699,3120735803.884355,3605338822.005653,616699.6800117473,normal,22.77929264303578,20.119414796130087,19.39982766771928,18.28040776004117,19.036130606199706,19.861916178645828,22.557936622800014,25.909630255064126,29.346891062930826,33.34277499102828,37.32752079708374,40.53951194456357,44.3263498193782,46.880115439483504,48.42649547067464,49.09151310181647,47.160165344562415,46.707754103401754,43.52067704333907,40.59893091289379,37.08541151978267,33.34277499102828,29.32380112369924,26.081063465176868
ddb-table-events-prod,2026-05-22T00:00:00+00:00,42.07626491116588,5388.7502591014,11368106513.134377,12589042477.541641,2242460.969250518,anomaly,31.825060263514505,28.67053110528483,27.789355923162177,26.946511234452014,27.077752642924395,29.428568066660283,31.135736138700146,34.8282636957814,38.396386071021674,42.11593727170613,45.81884118028056,49.33078641922676,52.60386776297453,55.39920530641112,57.109192342654026,56.82693948195265,56.605964519900745,54.69508433278978,52.79526004354212,49.82605178042146,46.01463391471517,42.11593727170613,38.21053480963414,34.26395628856436
res-amazondynamodb-1067,2026-05-23T00:00:00+00:00,11.322857540508181,2782.586041809811,3001155549.82529,3659485216.8031826,623622.5515779176,normal,4.552303756735464,2.38575151247574,2.0,2.0,2.0,2.7936058840258826,4.020822379287656,6.6132495875820005,8.694326224976667,11.248726165735466,13.702872365985439,16.23429905040402,18.42397118383431,19.705566446371677,21.048813598656118,21.35131682265608,20.597411317414235,19.903614086872494,18.075061471208812,16.017298068677018,13.865586365226097,11.248726165735466,8.666970394831562,6.59828812350412
res-amazondynamodb-1230,2026-05-23T00:00:00+00:00,13.097667451148256,2861.742264909542,2524660363.9151273,2780308727.754107,463207.35534086276,normal,5.212073463166249,3.184839983513272,2.0277188901585705,2.2630974205330485,2.0,3.5760225741820255,4.977011464236077,7.156933833812602,10.180199343389305,13.056485709909172,16.030998755503322,18.405155145447782,21.24972046674632,22.799246985548088,24.377560220648135,24.725562103109212,23.477033762197166,23.25201439031835,20.937326658769678,18.905400575360076,16.089394499165103,13.056485709909172,10.24255276250771,7.161184109427738
ddb-table-events-prod,2026-05-23T00:00:00+00:00,31.824119439618613,5385.533146725197,10732406815.80356,13432929834.648382,2267886.9353909763,anomaly,23.858631634661172,21.634915752476413,20.920408839320096,20.05440314727651,20.76905162616855,22.222957345587346,23.68547384432796,26.340999272640204,28.86199520554293,31.84235555608911,34.880400576707,37.31263297185759,40.059537214224804,41.90044475640576,42.2142280164436,43.22412667812671,43.13078266554451,41.65278495097822,40.144320200921875,37.44231268474722,34.62416607923922,31.84235555608911,28.807406902957847,26.35217507251295
res-amazondynamodb-1067,2026-05-24T00:00:00+00:00,16.078841696807146,3053.454296488765,3507746620.033452,3910181492.164529,660176.4043231154,normal,7.77583021148416,6.141730536202228,5.746523593315247,4.59019765466549,5.454555032588622,6.222429310659598,8.515655146649888,10.613164060930508,13.262199591662835,16.07418218231596,18.954074091102047,21.930774503985724,23.891885089669668,25.898253056715852,26.695172597066055,26.82425352741639,26.85819314948116,25.876384367179845,24.22125785921049,21.631044133381664,18.861234109703855,16.07418218231596,13.225160701471417,10.553864034196794
res-amazondynamodb-1230,2026-05-24T00:00:00+00:00,16.610078400634844,3593.6067132680446,2764628015.1319327,3072930776.917362,525737.0054880598,normal,8.666073956177224,6.934849717643038,5.423553209027032,5.142754221360651,5.201194531890094,6.492312791736321,8.306083222914939,11.060583884595104,13.774827222583099,16.606292523170268,19.44256209353174,22.42343998552806,24.540993836075458,26.792174957051074,27.885620028808994,27.968432049761258,27.947302532580316,26.617032628411913,24.375791963105755,21.968372997170636,19.54663870837493,16.606292523170268,13.680233549401088,11.23846848116694
ddb-table-events-prod,2026-05-24T00:00:00+00:00,32.90037645983872,5508.4453472526975,11233292941.604656,14153743627.85544,2296757.2261311496,anomaly,25.225907281381282,22.707122482874045,22.100269165277496,21.343463138280075,21.57655198669704,22.95404198118887,25.297121382729117,27.289074616234466,30.129300137447153,32.912234740955924,35.81470456845628,38.457561310247215,40.58466382668517,42.668600334508675,43.99918333907697,44.56374960099698,43.99362437333296,42.94046638920339,40.68995299503568,38.40208627631459,35.96915193694849,32.912234740955924,30.0359110760426,27.042057355258695
res-amazondynamodb-1067,2026-05-25T00:00:00+00:00,42.363504313372324,5312.1971707228995,4525748843.802993,5640148782.31364,939569.3556140014,normal,32.08928919973749,28.719601076869438,28.391355030921474,28.003787842108725,28.048416835616564,29.35878408356104,31.713152906849132,34.77392726153995,38.414318029372474,42.34692547096824,46.29763047351788,49.928219389599484,52.50001098263078,55.6693759030477,56.25514715296263,56.62828579604584,57.35123495049939,54.72706841578934,53.35600586993253,49.99246864886812,46.18337396542449,42.34692547096824,38.41275239483285,35.21604636927207
res-amazondynamodb-1230,2026-05-25T00:00:00+00:00,42.5801438439615,5409.811267701423,3311805585.6536794,4081412880.6380033,681284.7632736717,normal,31.563179456405294,30.003161747200082,27.57146788897971,27.922938723289754,27.774320914115656,30.05985015829831,31.839708286729145,34.901388180070526,38.57537553960703,42.51076538586047,46.550997712690275,50.214442649601644,53.546598627966425,56.064801616260766,56.988467723614846,57.48058853852125,56.638566151637335,56.04697336716608,52.86522874049989,50.227458404105015,46.53685998129083,42.51076538586047,38.641308549539204,34.888238525765864
ddb-table-events-prod,2026-05-25T00:00:00+00:00,46.69363770621781,5694.132229697586,12571312540.488436,14658185480.46798,2557644.3053393876,anomaly,36.523543548213475,34.07742166669231,31.61278209165431,31.371920842899897,32.64624276873939,33.535124427066904,35.733122957599285,39.08564301771336,42.99120691503968,46.6949488774146,50.717233914906544,54.048444340245624,56.89874774666448,60.207463123246484,61.50117730594081,61.285148851852846,61.64938401950772,59.57621617854552,57.40134520379983,53.8640731919429,50.442813802927176,46.6949488774146,42.874417086695814,39.21393419250367
res-amazondynamodb-1067,2026-05-26T00:00:00+00:00,39.45716982130888,5088.631638417539,4599666397.13134,5417663385.17536,898435.0816249673,normal,28.57390736555853,25.98155771117132,24.47086057723175,24.353199935655724,24.564897026493615,25.94461650417594,29.20342236211837,32.40732149091712,35.80197182204841,39.538787407406566,43.55982144716009,47.35491212935173,50.6535406653222,52.800162009614425,53.807549518965914,54.60972928543968,53.562075001592085,51.950343411018984,49.77383811634956,47.2250118435263,43.24302672464672,39.538787407406566,35.72410412599362,32.32863182224793
res-amazondynamodb-1230,2026-05-26T00:00:00+00:00,39.45123332427175,4894.658624768055,3395788231.5115533,3764101215.4607716,670951.4856368203,normal,29.005391977254668,26.606751110890322,24.864077798478203,23.806972200483436,24.63574353516826,26.884989361043406,28.97561934517968,32.16284929376085,35.73029503882849,39.42147299028237,43.14468358267142,47.1214364087449,50.267299636885376,52.653867588511076,53.64936904400365,54.51711718243968,53.29475901113038,52.734956882125246,50.098551695469375,46.8076480997735,43.37167019295894,39.42147299028237,35.6405364845896,32.0120683315667
ddb-table-events-prod,2026-05-26T00:00:00+00:00,45.60973594077556,5757.172699525626,12761477908.947014,15360798073.411247,2519582.2661472126,anomaly,35.364862350814406,33.11466874387185,31.438215394377394,30.54324309732084,31.71237235779408,32.28985937820795,35.438080008826795,37.8735927725597,41.65274867651003,45.54292259209336,49.26409962143803,53.21054155609476,55.70993356037516,58.043462040847494,59.85814434773074,60.88046149833733,60.141933094050856,58.99192965272121,56.04606144271119,53.17953648305471,49.41062516571578,45.54292259209336,41.579897404190454,37.803548746876075
res-amazondynamodb-1067,2026-05-27T00:00:00+00:00,32.314615750035685,4581.633316270188,4324298146.210035,5208296729.612233,873173.6820072589,normal,21.576950162570604,19.299564636169094,17.521414565089756,17.521478716267662,18.214989147620784,19.16334371833029,21.631961325120916,24.54146821361283,28.637408759981824,32.37344379433996,36.24081753843231,39.93511022117032,43.078719086270965,44.91355508274846,46.1417978017776,47.86328079213279,46.7252906549366,45.78251769054903,42.45333551852732,39.65204682391079,36.34059536681398,32.37344379433996,28.371381099483653,25.19686349065894
res-amazondynamodb-1230,2026-05-27T00:00:00+00:00,35.12089705035566,4781.473654037761,3095920238.1720176,3827395160.094448,646931.4250333691,normal,24.144042592317827,22.28359929133572,20.942228918462764,19.81492205555289,21.14785787169927,21.69252697787357,24.47848161666583,27.51056088904446,31.35912590420187,35.22588964421309,39.019742486515206,42.6912956472238,45.42531397131498,48.52477890427936,49.755430628181905,49.69307232731082,49.25161699782797,48.59904607616256,45.556687001774165,42.49734323897682,39.11429909681713,35.22588964421309,31.418590079557962,27.52918734701261
ddb-table-events-prod,2026-05-27T00:00:00+00:00,44.881015236539696,5457.721073670816,11862278642.62898,14316952294.559378,2329732.0904344586,anomaly,34.159466786542254,31.71702383944818,29.75965207185624,29.451323087045665,30.934114169039532,31.335209845656024,34.45897784170896,37.59972262846587,41.120063568228396,44.89194169654747,48.67452624210158,52.438271254124345,55.89614978803774,57.35487173441908,59.160055911924054,59.968736307468845,60.00331868919805,57.782759673342426,55.9610882008502,52.376716253672896,48.69781692175101,44.89194169654747,40.88835710214923,37.622260366827106
res-amazondynamodb-1067,2026-05-28T00:00:00+00:00,41.18594011546634,5056.734066841382,4463718091.495592,5219897626.357375,878508.7560972004,normal,30.922065202282376,27.72415571622338,27.33867687823256,26.426178569573135,26.566037559727977,28.2834339873399,30.625986462206296,33.907208961670484,37.17256326605989,41.11913694483081,44.959160865777264,48.52693025331308,51.25115395027106,54.42263774730584,56.219511482742156,55.72137616759779,56.097030968980796,54.597045291773014,51.302144444260435,48.56463416857066,44.94394792216729,41.11913694483081,37.19067113819729,33.4617378772579
res-amazondynamodb-1230,2026-05-28T00:00:00+00:00,41.98936161425005,5249.225000151139,3393813702.3048215,3983062298.736984,652181.2338808817,normal,31.3530210187623,29.278327985130844,27.024391290819224,27.212037846933328,26.986498735340778,29.273085185855678,31.253376985098015,34.86869445218598,38.008996517487546,42.001179298941956,46.04826621422647,49.85277250952121,52.952705525788595,55.16633407820545,56.58209540542165,56.819464201997036,55.90826116105445,54.54236045534912,52.48306687065001,49.13590023809425,46.060829087884656,42.001179298941956,38.062802210853626,34.86903216745705
ddb-table-events-prod,2026-05-28T00:00:00+00:00,46.927479754651564,5627.4314091789,12932379057.463064,15494780850.80375,2600690.863883909,anomaly,36.27596213947569,34.374991260155724,32.775073364303466,31.578319573123885,32.318236727217254,33.33257879762117,36.14776636840935,39.67204300879744,43.05280908804231,46.86170756000736,50.58798942989361,54.078341830752215,57.948209906554595,60.16164261493318,61.46889111459749,62.09847828860897,61.59432907556983,59.55904140911868,57.66310665226255,54.428755112300294,50.895201230630406,46.86170756000736,42.9061603274331,39.61817167182164
res-amazondynamodb-1067,2026-05-29T00:00:00+00:00,43.89147636052354,5406.581161098872,4677017039.919216,5736262065.172979,905948.9042884602,normal,33.32940205067939,30.492861797935863,29.029656748151016,29.523700714280064,29.815725686510056,31.509449843155487,32.94982530338291,36.51952809700179,39.95160689450249,43.91625337908518,47.954554689456565,51.67254851443394,54.574017795232415,56.319068166493715,58.052193173387984,59.42256567065684,57.9141585338109,56.341337905966846,54.64398522146091,51.43030157239977,47.691542910821056,43.91625337908518,40.07076170997852,36.35413289469621
res-amazondynamodb-1230,2026-05-29T00:00:00+00:00,40.08430859945016,5171.62093853027,3296933036.704054,4273569251.962513,718487.9625685364,normal,29.60130383113232,26.782271752510567,26.169839884091722,24.64138446817657,25.26028016560717,26.756572779170032,29.736640045317312,32.715074892709346,36.167233614534425,40.13257705836523,44.13048309217687,47.32825571545178,50.389082752820194,53.459268430949514,54.964720917229315,55.41786865746092,54.04443890869078,52.880369068966345,50.83959835570248,47.66994849458586,43.936604496527515,40.13257705836523,36.08843402629584,32.77857791996652
ddb-table-events-prod,2026-05-29T00:00:00+00:00,45.43003805351257,5751.555945084209,13551634370.93247,15259186109.866161,2691644.6972913565,anomaly,35.18254834503781,32.493508519280994,31.29277114363812,30.529085620675854,31.47966738006229,31.74815612285819,34.447042752791596,37.52923728814497,41.356408191249656,45.3319422461248,49.388262184340185,52.57066508863118,56.04563068162027,58.444123794580165,59.96126636637308,60.978660132866764,60.35749311795365,58.74232433806993,55.815744114120584,52.575550322466995,49.23396376389505,45.3319422461248,41.616103152660024,37.86881637073482
res-amazondynamodb-1067,2026-05-30T00:00:00+00:00,18.727953024932912,3577.1197134423464,3521212292.987318,4399577653.255318,758271.1615375195,normal,10.738802907742553,8.9744685402972,7.952996884402097,7.591681302362259,7.713837016293835,8.77662017625484,10.460304959087024,13.247453385763018,15.928538518776808,18.747009929638246,21.642130601645036,24.486481511011036,26.545155252251224,28.53072058615942,29.425475260587582,30.526303726075078,29.32976496657465,28.68924565646669,26.99367158506722,24.22145814754839,21.54342282537391,18.747009929638246,15.750149696779527,12.908169232594044
res-amazondynamodb-1230,2026-05-30T00:00:00+00:00,18.0226502214165,3594.378564828561,2608960853.4853115,3306891599.661293,553806.3662947586,normal,9.84561373868978,8.618306355924839,7.530159096542771,6.421636555298552,7.281589128019383,8.612106593073918,10.377183165215257,12.446416433305014,14.902365508135718,17.952692151744728,20.77645584200968,23.576597952635346,26.29720970581326,28.10229147583535,28.751536599474868,29.01494775317173,28.793252678818707,27.830172092954278,25.525706169135034,23.689613127309745,20.91655193355192,17.952692151744728,14.909215317382174,12.41929378820932
ddb-table-events-prod,2026-05-30T00:00:00+00:00,33.75395850619821,5557.401457927915,12712861324.458319,15119474293.697084,2521470.086057403,anomaly,25.53688321395113,23.926296368568323,22.645739764872424,22.10516520974496,23.026135277659105,24.478646761051763,25.92135668833,28.10199916953352,30.70598296767011,33.74481415021518,36.62652123835552,39.44225293115595,41.4370496839947,43.068190220447605,44.72911674277866,45.1783628141796,44.86515595557424,43.59559627920906,41.834231912604736,39.51952688426859,36.65217763833571,33.74481415021518,30.842856438686802,28.366131687354077
res-amazondynamodb-1067,2026-05-31T00:00:00+00:00,22.680931203916213,4108.4480973836335,3781575817.396312,4492176664.767704,776175.5448717816,normal,14.440760683898542,12.664837348574682,11.632250407918663,11.789144658789818,11.904781701396395,12.608756901713425,14.431349565107897,16.80086385081552,19.786357876487532,22.692115794060797,25.623170429853296,28.438043206461394,30.72855320622093,32.52932841212391,34.08204749028064,34.038180436453445,33.66008488319336,32.12980150346132,31.02046852106572,28.57195385576421,25.550423506902803,22.692115794060797,19.66275668698326,16.864202172400752
res-amazondynamodb-1230,2026-05-31T00:00:00+00:00,20.69498358076098,3907.6413389360105,2741904571.7763205,3371542364.9865727,569392.856687894,normal,12.36715263823784,10.818387145704751,9.548542662135475,9.712241656115449,9.900898647582935,11.28967047723461,12.739698636057149,15.296790514515727,17.722546228292106,20.655121716600902,23.44482885632257,26.39608082988419,28.885600722354848,30.48916549978643,31.608017944127788,31.55823386885193,31.734305890693744,30.29720393749682,28.645177765215337,26.39997162145798,23.661586438615945,20.655121716600902,17.824649472844538,15.028611051533588
ddb-table-events-prod,2026-05-31T00:00:00+00:00,33.46372725242071,5325.005689693263,11894681872.006727,14557596486.167006,2560570.0169381835,anomaly,25.29392211336021,24.077698732224984,22.6832554459942,22.495646972226062,22.370099424464403,23.893583829151435,25.666925758538948,28.107981791152824,30.6718756100123,33.47765864249184,36.47839280031113,39.054196879924525,41.142786605192555,42.91992822961906,44.05899446488277,44.58912628101433,44.244877204323366,43.46359972304995,41.24850265972883,39.01274935894366,36.38063933799781,33.47765864249184,30.66064112784388,27.658712423156054
