resource_id,timestamp,cpu_percent,memory_mib,network_in_bytes,network_out_bytes,disk_io_ops,gpu_utilization,label,cpu_h0,cpu_h1,cpu_h2,cpu_h3,cpu_h4,cpu_h5,cpu_h6,cpu_h7,cpu_h8,cpu_h9,cpu_h10,cpu_h11,cpu_h12,cpu_h13,cpu_h14,cpu_h15,cpu_h16,cpu_h17,cpu_h18,cpu_h19,cpu_h20,cpu_h21,cpu_h22,cpu_h23
res-amazonsagemaker-1251,2026-03-01T00:00:00+00:00,13.885950583760694,3003.5180345404697,24381760.464876205,30796309.662677474,4887.255597203909,11.908638910683429,normal,5.928053287974668,3.9156510086793714,2.514269888282432,2.8017777465902283,3.490574077498931,4.120587971046675,5.869444122263214,8.421266373746345,10.87221007559039,13.859764183758045,16.901275301071752,19.31438633059635,22.113315100991436,23.801783745883355,24.67627633402031,25.155451552373364,25.106328547137142,23.58319587354699,21.713852551857677,19.480965898585165,16.79451877902084,13.859764183758045,10.831317050942527,8.13678402504139
res-amazonsagemaker-1252,2026-03-01T00:00:00+00:00,14.487870910899629,3078.0340330054364,30585873.300673716,36091276.78556384,5990.36850532211,12.322329515406611,normal,6.612587891913067,4.6608938097372175,4.069918531724527,3.317849600440268,3.976938400255379,4.272848573898147,6.486609561675376,8.759772311864198,11.629324496861923,14.490205546143434,17.54047980113176,19.994976253546476,22.384546616940582,24.37900054743671,24.840375541991737,26.089247067975386,25.396619387626448,24.016913094832052,22.09641812227215,19.925360904847807,17.516942375444856,14.490205546143434,11.651312761026267,9.109555115861857
res-amazonsagemaker-1253,2026-03-01T00:00:00+00:00,14.088607898382696,2901.7601440792387,21166611.367086872,25444282.172674257,4158.905124448934,12.4734600888903,normal,5.794538666329387,4.697061975072415,3.1517051494701342,2.959195890372165,3.315170115396095,4.620647324135117,5.910309579934742,8.507197800753568,11.199551276812988,14.123904078086388,16.942970052779486,19.515978671450476,22.249186100031125,23.570737438197035,25.197118154084407,25.25057757988921,24.89904491702142,23.83666016534543,21.973618129064214,19.524252815274096,16.98018855819267,14.123904078086388,11.163918140141831,8.619152905263894
res-amazonsagemaker-1254,2026-03-01T00:00:00+00:00,11.077537738305965,2630.442102639582,26597923.67223637,30245536.144727338,5043.552966048911,10.787100898782269,normal,4.461603598756092,2.9521679565798653,2.1647280790715766,2.0,2.212624836588221,3.071633445925195,4.1817032218048364,6.319795536614388,8.480869383754575,10.987469574747156,13.38309746694284,15.802753141685184,17.438694933605042,19.233775433649768,20.094062780535637,20.254709917442852,20.246973638790728,19.508961393309356,18.030821551942644,15.782324161607924,13.41960755760184,10.987469574747156,8.59157773278088,6.253480800859411
res-amazonsagemaker-1255,2026-03-01T00:00:00+00:00,13.609982235984665,2755.332868433554,30485374.71155487,37447599.44288894,6422.025382004474,10.993569788312426,normal,5.557805323861041,3.778689929069516,2.9462736715949704,2.0250657879921095,3.267686993424588,3.528662452095397,5.667614215400743,8.064942229817937,10.721818536437402,13.632707986928605,16.402553458901195,19.46670590618637,21.545290827103045,23.222499423421073,24.106267087885882,24.814606533081854,24.495377611221834,23.281618817907884,21.729782509633743,19.21321228435567,16.678773858335205,13.632707986928605,10.631464940617786,8.227445291429525
res-amazonsagemaker-1256,2026-03-01T00:00:00+00:00,12.363181693860016,2896.885584118712,32501968.46222359,39654704.38446051,6367.610015737486,12.158381141677404,normal,4.3920363487084515,3.2133181161072515,2.0,2.0,2.0,3.295297441010548,4.941591393815147,6.862491887239016,9.369962422879597,12.286269589638328,15.02964914970076,17.736943374574917,20.241619017737193,21.942183536833337,23.221237266974125,22.55756878206244,22.301653062940204,21.729708912571773,20.157819032872716,17.56358376346853,15.005157353244261,12.286269589638328,9.61842211699137,6.963578493632119
res-amazonsagemaker-1257,2026-03-01T00:00:00+00:00,14.97815570234736,3029.5766487490664,23552397.496894736,27714652.7105891,4695.9330847504025,12.77120437813605,normal,6.995704812092505,5.108878820738389,4.383267471288978,4.205804628782628,4.535593671187067,5.514082168920841,7.0334257314724775,9.172035429383204,12.018209349754066,14.988534476565334,17.85685709391719,20.559902206242647,22.858910223112616,24.43111891301075,25.378388840017237,26.340815080995966,26.38681543013071,24.406719587428412,22.58287574731697,20.7707710475913,17.828208848786975,14.988534476565334,12.017439689060804,9.112843111974259
res-amazonsagemaker-1258,2026-03-01T00:00:00+00:00,11.762534308518108,2750.1347427781457,22331818.913758192,27133466.786078643,4717.043400398919,11.649513321644008,normal,4.504462558502874,2.8514786305764623,2.0,2.0,2.0,3.221026963147986,4.349874007410385,6.638579134692982,9.012635739726669,11.777471892971608,14.319148764531503,17.0809770706705,18.708774170206965,20.559797276971445,21.74673977464477,21.69328037081633,21.949269931784073,20.24043219934652,18.80390394033148,16.957727196850428,14.494504562966206,11.777471892971608,9.062804209920007,6.550463115393828
res-amazonsagemaker-1259,2026-03-01T00:00:00+00:00,13.784553926981323,2857.90519698878,25631361.481323328,29265189.847888846,4802.668547077468,12.300727122104874,normal,5.642368454978859,4.016738014712321,3.3768867139604146,2.877305490983858,2.5446935297565965,3.8189103095097043,5.511841247256529,8.370947820692276,10.72637072158553,13.7808237733228,16.550382281229417,19.685624176540426,21.561620403968305,23.687307319379293,24.296150803387558,25.121080872046836,25.08654062573323,23.348415929176173,21.871211270279517,19.23026954202191,16.72887488489692,13.7808237733228,10.953197419008422,8.260908869802007
res-amazonsagemaker-1260,2026-03-01T00:00:00+00:00,13.979975037873812,2971.0877661292693,32040080.882438123,37768736.35406658,6231.616708873895,12.87332246145795,normal,5.838491542985285,3.7859918982913254,3.1885483641598755,2.331714582167131,3.0496404121651195,4.579039313793098,5.881286406016392,8.355320252502633,11.032310583631435,13.987877157135902,16.88224766355235,19.838539570195667,22.142234425295456,23.719560973084707,24.966710745399258,25.041655931219793,25.380051714396927,23.893709603084666,21.57996083864294,19.51535197911916,16.93549705403125,13.987877157135902,11.214794218563664,8.390988522401518
res-amazonsagemaker-1261,2026-03-01T00:00:00+00:00,13.437676674696084,2897.3679191383103,32542924.412732307,37716205.789237164,6279.6514342295495,11.979685866970627,normal,5.680001103102095,3.829410891989483,2.429996398642697,2.6276685102914437,2.9128620050925393,4.069418401045187,5.193028321924542,7.629446333416227,10.410954782160875,13.39642652709798,16.357460979810924,19.008484479498208,21.46455940145612,22.689447871141105,24.395083398521916,24.95903894582697,24.263481491094197,23.000390607729873,21.174321867171948,19.101752680314153,16.364278984390854,13.39642652709798,10.530620079695115,7.619679604193592
res-amazonsagemaker-1262,2026-03-01T00:00:00+00:00,15.454722425496499,3140.5728751941488,32036011.216574043,37346422.99718674,6031.0589964777455,12.325918237425611,normal,7.115627806840342,6.112920404336048,5.058840243773228,3.6979939779297313,4.541107718713324,5.585504769153376,7.499268758478184,10.043805790421288,12.450463883569627,15.44023810751299,18.29712575257324,20.956247682953965,23.663940568690833,24.766380736730365,26.72103787176051,26.416482508645892,26.40794706873651,25.60780368937031,23.536884978169933,21.017104877025698,18.407139310749905,15.44023810751299,12.593379834592898,9.535853763674734
res-amazonsagemaker-1251,2026-03-02T00:00:00+00:00,36.511711281890655,4662.093064562163,31867528.787162226,41090354.565068975,6366.094300773104,21.336631149710396,normal,25.779968207768633,24.01973702460512,21.587861848027927,21.92000334578838,22.618020518940803,23.50159990037086,25.434127275683064,29.190424141370677,32.73538316485173,36.42854621961644,40.257900469398564,43.988675122109925,46.70953813471381,49.81119002545008,51.28443295964699,51.72234164451449,50.89927876031791,49.243838965102945,46.903187621435485,43.930849120833244,40.146733382474416,36.42854621961644,32.603909556575296,29.13497713616243
res-amazonsagemaker-1252,2026-03-02T00:00:00+00:00,35.36914176008245,4651.706882352385,37426986.85026532,46529328.38410844,7819.8026854610525,20.453442102186468,normal,24.307667557082425,22.34732038211778,20.195528793249792,20.736773752931526,20.735880209167725,22.799678610270096,24.753389491909594,27.751582095858925,31.38069805166546,35.30400986834405,39.02181693807419,42.92050442188105,45.89834172126346,47.82268273589593,50.42443304654228,50.98751286161922,50.30958008593906,48.741088950817264,45.4849381926643,43.17407495053098,39.14762047891472,35.30400986834405,31.3005573848982,28.009711791996764
res-amazonsagemaker-1253,2026-03-02T00:00:00+00:00,31.568466267275102,4504.431683693244,27980741.4523212,33282455.78732356,5895.691496650608,19.92555542842627,normal,20.958467909848846,18.59905843029557,17.40559335884463,15.91669265775165,17.179317426350384,18.085713706333326,21.356507368952467,24.184937094083175,27.792466989735352,31.549095057237807,35.28060700110669,39.00487116162202,42.000703292679766,44.18005181714597,46.24398460052794,47.22546228945956,45.613622461468005,44.81460048546574,42.41278053067123,39.0476854445572,35.58576694618349,31.549095057237807,27.720289243308358,23.935820083735422
res-amazonsagemaker-1254,2026-03-02T00:00:00+00:00,28.217207903932387,4172.116418070683,32188330.35160851,40548033.332027614,6443.7225553621565,17.67354536643117,normal,17.90184305387786,14.56599073096253,14.22287422930039,12.822638926382309,14.012280450556375,15.718701840836152,17.965744143968923,20.70012936798739,24.386977499570303,28.10527094574706,32.04472503031619,35.510372374734345,38.96948376505825,41.08271685677741,42.49306720432893,42.965753078932245,42.494339305378006,41.703455888953954,38.904283907007716,35.46667833111788,32.078347704726475,28.10527094574706,24.368293434454166,20.623750677655323
res-amazonsagemaker-1255,2026-03-02T00:00:00+00:00,35.365038450827164,4631.729455630397,42356890.139651336,49763232.382574946,8507.68950383631,19.338843403972383,normal,24.90437861321501,22.10551406506176,20.561607949483925,19.852835098258147,21.604942590861047,22.79920162586804,24.601797649335346,27.945437984608,31.586959203688043,35.492389103906916,39.28971212857883,43.00838966819447,45.862655969685164,48.1064164685189,49.3839808895484,49.97597812179193,50.37083597171427,48.76697265298176,45.617274699329826,42.769852167915,39.398145273113784,35.492389103906916,31.484608697126177,27.77864712316031
res-amazonsagemaker-1256,2026-03-02T00:00:00+00:00,30.755818616711,4293.574246053593,42622601.31667639,46768047.190902464,8230.116913698266,19.278548146495066,normal,20.654933527476487,17.879059765367757,16.654433492939713,16.263329016671904,16.09335361564304,17.115807192319263,20.484528199982407,23.214519507211524,27.014682541392126,30.749335575371973,34.55077465928264,38.53309044040451,41.1258551119624,44.13729046623796,44.81714885626837,45.43851972060214,44.792653989542885,43.433481230428384,41.7111160627452,38.353609948532,34.59508105055536,30.749335575371973,26.88069165782619,22.897015596927837
res-amazonsagemaker-1257,2026-03-02T00:00:00+00:00,33.851552883500396,4583.50469106504,28445882.14424099,36118558.464381844,5806.261048397567,19.576324281542238,normal,23.332966625474654,21.150026590742065,18.78553450320791,18.281494362456325,18.838350076778426,20.383524358738587,23.078866848896684,26.129812288637517,29.961644023106572,33.99625514790726,37.98909943333335,41.805306031751485,44.828359660237794,46.8863275226374,47.8560209133487,49.460800553498146,49.141116592975045,46.80797073878198,44.23364747795189,41.36613302751018,37.91061718421679,33.99625514790726,30.071024120189644,26.146115973723795
res-amazonsagemaker-1258,2026-03-02T00:00:00+00:00,32.2525291156236,4444.045295479122,29987327.321942303,36270759.09794487,6344.2833457672505,18.985770322704518,normal,21.50917311369942,18.848944522173557,17.157437193926675,17.552606688973,18.288967751771537,19.8419626661191,21.419315937896286,24.557362200011003,28.431629154133383,32.278730889547575,36.33736435825997,40.091241883357824,42.60241837305358,45.633891781106584,46.94539750630955,46.76006499822704,46.56009546684645,44.850137006960765,42.6680627762945,39.86520677137759,36.11259105857161,32.278730889547575,28.38105300138564,25.088312785416285
res-amazonsagemaker-1259,2026-03-02T00:00:00+00:00,31.468975526751006,4311.214559037055,28983305.985867187,36062290.13111533,6026.55501275986,18.440772885852706,normal,21.011615907649166,18.0016319034183,16.512902591251596,16.891764828521193,16.73749563799214,19.07867832614304,20.40631722354188,24.117458655154152,27.493084715340114,31.504201236164768,35.43803230738377,39.366894330153016,42.5104065285102,44.053384667911004,46.061894086544406,46.276998909336804,45.89795293203572,44.280478897328145,41.93681146197514,39.036116168997225,35.26689854117865,31.504201236164768,27.70772749134544,24.16246405798342
res-amazonsagemaker-1260,2026-03-02T00:00:00+00:00,35.534139636218896,4477.810639598824,39813842.8536857,51765465.25669302,8342.6449563213,20.403421530376065,normal,25.113169240065865,22.963817694300904,20.535027599339426,19.859994978435004,21.788110830276118,22.530809651589536,25.142851182424984,28.24881073691642,31.76305071446625,35.58155291845682,39.3437657146479,43.391198452200285,46.1522136624565,48.34535163497158,50.455165669038976,49.85607291631111,49.97170269733602,48.383967839169806,46.01655033159248,42.95935644002476,39.28186475335912,35.58155291845682,31.838297653574717,27.715095039842183
res-amazonsagemaker-1261,2026-03-02T00:00:00+00:00,33.31162559983537,4591.050106395179,40594713.0744301,51180775.40035121,7950.707884570127,20.691958278583318,normal,22.525680504362583,20.792361723000383,18.575318019922925,17.59347031320261,18.777022839626817,20.693268931034865,22.57274985647531,25.80253779315924,29.417083385391656,33.312235059002695,37.261971789822425,40.86619408080795,44.43537305930959,46.725925116949405,47.46019658243374,48.65086984186016,47.387175446702145,46.66939485886793,43.545015202676794,40.79240043416313,37.30734236366018,33.312235059002695,29.299070107386324,25.70412202722722
res-amazonsagemaker-1262,2026-03-02T00:00:00+00:00,33.29649545023309,4381.427674011469,39934945.896236405,44786256.010361366,7737.743744167718,19.14856424142375,normal,22.359165006353244,20.146552723640887,18.802571003082114,17.810058479767513,18.44807920241144,20.141860356282216,23.303016063719262,26.008701974611686,29.48035327322689,33.41384228829195,37.225982177524735,40.647160224924285,44.07665537058874,46.126122118347915,47.515877098877944,48.26227962887435,48.316375005416894,46.38844458178186,43.71973858537677,40.62651964500199,37.295734791695644,33.41384228829195,29.472228289319293,26.114730628184518
res-amazonsagemaker-1251,2026-03-03T00:00:00+00:00,30.52442007201058,3971.920036762252,29449818.35371034,34855462.64481517,5907.986614102983,17.549696010184494,normal,19.461272911564052,18.23002075351114,15.896855476567497,15.221506756131593,15.485691746505983,17.090954619512544,19.610658261363934,22.74562060010525,26.68316670893992,30.579964054061527,34.27242708014486,38.113443345774925,41.11791161361425,43.50701057730959,44.924548993640244,46.20655276769838,44.864804956029076,44.03309748244701,41.61386841324683,38.07959038156075,34.44164956084869,30.579964054061527,26.61693789699989,23.208562716614377
res-amazonsagemaker-1252,2026-03-03T00:00:00+00:00,28.71184716353618,3853.9287185490193,33797687.02406815,42156730.08438877,7020.510113239165,17.27334216790061,normal,17.701945921524967,15.558944231982796,13.683558557570489,13.364415087024618,13.97155676001343,15.91186923256149,18.369845249828778,21.030905445582594,24.75094256424291,28.79061347493728,32.48230342127571,36.510011769117135,39.16924627215,41.144320192306296,43.721395358029895,43.816734758162625,43.547850634065206,42.31969241140678,39.44088663448261,36.293009029371504,32.591628206690444,28.79061347493728,24.79320169685569,21.32884154074783
res-amazonsagemaker-1253,2026-03-03T00:00:00+00:00,30.16046475435803,4287.324555808929,27335953.146331985,33427554.72189529,5608.254468233508,17.913197213291173,normal,19.963262441517738,17.191195736965216,15.113433057471878,15.702550920988955,15.427892281515325,17.079405219891672,19.32144634102491,22.953762833348584,26.137983554466185,30.191713038419273,34.20874164561688,37.501668111179455,41.05225047261263,43.54716368898077,44.53199555385386,45.01764321774441,44.909229664275784,42.653915180316964,41.048231907862665,37.348878108298834,33.95387703074304,30.191713038419273,26.465369589266775,22.337831469811682
res-amazonsagemaker-1254,2026-03-03T00:00:00+00:00,28.581004861701754,3903.495999582661,31894641.69246022,38347983.62426753,6412.1292676305775,16.753357256797333,normal,18.3186196010769,15.723691885255677,14.028202122984235,13.28066479638886,14.793386800540825,15.88325643981504,17.879797637852473,21.208474731638074,24.612442981046158,28.60150124099991,32.38067397434596,35.83594797569416,39.34497796518383,41.52753746897898,42.61074421991886,43.341062548977476,42.8050252867799,41.08283079743898,39.257857487230005,36.29923771643433,32.5130853197024,28.60150124099991,24.86380409392587,21.149792347633245
res-amazonsagemaker-1255,2026-03-03T00:00:00+00:00,27.369145972446557,4083.674248946206,40821473.79504159,49190798.94648423,7624.201369686253,17.853901531343585,normal,16.65245429179589,14.183826669737586,12.262324048820883,12.176165308097646,12.706625112224968,14.456584877965927,16.469366069929507,19.59358289167847,23.47559009634364,27.466208963149334,31.18503287522925,35.13626331194656,38.29402363010635,40.814563544631106,41.411118887456354,42.69680771333855,41.65912302363437,40.794692282908045,37.797435674432045,35.10419297076464,31.268905045135813,27.466208963149334,23.53214993546091,20.256257150780147
res-amazonsagemaker-1256,2026-03-03T00:00:00+00:00,27.62583578971785,3812.588022466954,39753520.2639706,47994246.95483619,7752.947742805156,17.497849233030863,normal,16.615778990908158,14.283288614877012,13.775582208810823,12.78642408546178,13.393950551942833,14.286287506575814,17.135684232029206,20.008688278037887,23.72507560718476,27.647129576277695,31.69937587953497,35.09290421233174,38.49087179844143,41.0654918494257,42.71395804770507,41.99933097194242,41.84925117158591,40.40398260600645,38.18420072543592,34.89907813931426,31.527942267022993,27.647129576277695,23.76586730121837,20.02278475487949
res-amazonsagemaker-1257,2026-03-03T00:00:00+00:00,24.413706450718767,3862.847895718696,25886208.27461526,31671970.020776145,4897.923975946638,15.546626323296241,normal,13.483869385506503,11.910323278496898,10.050358871358883,9.670235524131172,9.793062899883076,11.673422451348792,13.653718510139923,17.00542285910462,20.383608516580058,24.405963325968585,28.17771966826691,31.783060392489652,35.381060542116785,37.24887725220293,38.94671958328492,39.62937622989708,38.674343835339194,37.12871477350622,34.986318904516324,31.692124055038178,28.204473387751133,24.405963325968585,20.599781988408118,17.040435255945912
res-amazonsagemaker-1258,2026-03-03T00:00:00+00:00,29.03649753596956,3977.91033515887,26876225.657089993,32611605.00086017,5571.640955566656,16.458028116654404,normal,18.269353710603497,16.418044575610867,14.656052984763596,13.948990764737914,14.020259708178381,16.58766003153113,18.29780831685681,21.34422257352034,24.939182566682558,29.006999514710348,32.80241024171357,36.66418391011905,39.89284959916104,42.2958157400976,43.959740044098304,44.612594479030804,42.91405646813215,41.48395376186406,39.92798089551357,36.32127887210145,32.71789835981336,29.006999514710348,25.000528482868784,21.787075746849865
res-amazonsagemaker-1259,2026-03-03T00:00:00+00:00,31.388664289935168,4022.361406622831,29298676.745066885,34958100.063388765,5921.392073202489,18.246529341195206,normal,20.357018760782275,18.027398422199294,17.234006528896387,16.31490494812676,17.31846385580382,18.64352213210784,20.726197667242083,23.673515204641138,27.624856633753435,31.349775560986732,35.39768783261115,38.79661804932315,42.42186886250255,44.97850464637968,45.87729007717085,46.03184157566401,46.25996619895201,43.897588281005355,41.69338325837138,39.06343549311119,35.20630068992527,31.349775560986732,27.40881855295047,23.675204164950472
res-amazonsagemaker-1260,2026-03-03T00:00:00+00:00,27.0607261088181,3666.453842249295,36409870.00194346,44138624.04453193,6960.385739597372,15.896309053099284,normal,16.151614674031443,14.581571863009037,12.960206159773715,12.345652706882468,12.77212224296752,14.399523369322946,16.419122035317038,19.749213591775053,22.951247597141847,26.930599030535568,30.841717157601522,34.12287768831705,37.95094642995366,40.52585877216232,40.98824433897673,42.23755875969665,41.91491745638684,39.972738341349505,37.3498065967283,34.41451806684584,30.81764778661733,26.930599030535568,22.881436218377615,19.247686697328696
res-amazonsagemaker-1261,2026-03-03T00:00:00+00:00,30.797356146926884,4156.591910702325,39325138.231336206,44605225.49440276,7585.046084243974,17.143176876416845,normal,20.058151014002622,18.113250218875706,16.79365602779457,15.708660223569943,16.178021862317557,17.960721444455416,19.991071758878185,23.55948704911772,26.99148179584492,30.73600056378226,34.44817057477294,38.52168213752559,40.96304118939685,43.95231016431914,45.06725384992918,45.585682185095635,45.60868341331685,43.725682912343714,41.58194604441203,38.23989398534684,34.65435474794122,30.73600056378226,26.812054567683397,23.14928923174067
res-amazonsagemaker-1262,2026-03-03T00:00:00+00:00,30.72798200330124,4167.4800863814235,39241260.82198658,47055427.8807867,7913.921877542543,18.212621797277162,normal,20.195165978416817,17.282614707272884,16.20019031806882,15.361882253091018,16.91649918055638,17.764226131455793,19.676218431569808,23.41524638105937,27.008072607476688,30.708481813038706,34.670133762489385,38.17432944316981,41.27263412197086,43.91944608890986,44.84150591741717,46.08631650050167,44.69476930844216,43.563438933578055,41.48055511796673,38.45475856846136,34.7039481797615,30.708481813038706,26.8808989456978,23.491753575818414
res-amazonsagemaker-1251,2026-03-04T00:00:00+00:00,32.7323205525909,4398.730759694449,32052738.526343983,38325226.36906173,5973.1489720727495,18.81377828793907,normal,22.442166440045725,20.156246920051828,18.19905408801429,17.34806150913382,17.83854846113463,20.05679116883232,22.50868136763635,25.277778824095954,28.646492362002697,32.691124566036294,36.503567832730624,40.058852817290635,42.90749566601985,45.64672223567712,47.602164064363684,48.3939626033273,47.18232293785083,45.24920511748171,43.4917744863166,40.38371807309527,36.40713184976688,32.691124566036294,28.68098652973407,25.21171877550696
res-amazonsagemaker-1252,2026-03-04T00:00:00+00:00,30.185640046881446,4234.1295049282135,37183772.20558309,46413832.033736214,7140.915715810385,18.292905414537373,normal,19.354462065356422,17.319701693770412,15.677433378255266,14.823217860234587,15.973760620965113,16.91855006939362,19.686848159062833,22.824363874747164,26.41478304286759,30.232249015577814,34.220122539795085,37.372395971157964,41.32401312188117,43.58043664717281,44.21282960417803,44.59675620369479,44.443230992060165,43.38394661098613,40.96246716470967,37.56413660943973,34.093444166892034,30.232249015577814,26.5244415323708,22.71952116500766
res-amazonsagemaker-1253,2026-03-04T00:00:00+00:00,30.41970490665578,4296.65962139325,27081441.121770274,34693301.45494803,5327.134452653009,19.507160311921826,normal,19.869007992123933,17.17686223609452,15.83015101512096,15.443713973798722,16.158759665425663,17.69252562033612,19.96067249382582,22.852329669352542,26.682757614144492,30.436055884859343,34.347557019009805,37.762923168067914,41.043880504391026,44.02760409142399,44.230188855310814,44.98533984621119,44.85015199005896,43.60627541555719,40.73742958614254,38.25960884614149,34.37369208956829,30.436055884859343,26.620033863784634,22.689340434129374
res-amazonsagemaker-1254,2026-03-04T00:00:00+00:00,29.358412936994284,4180.34721302097,31202777.758984104,37123247.95509457,6709.209888982314,17.973143936397133,normal,18.22664998400286,16.313943900382256,14.493800813728294,15.095153396624704,14.871701933821909,16.056917756407984,18.449174847760396,22.112223484180515,25.504932036465142,29.35575992113171,33.0841676364767,36.81304405190031,40.2880829092528,42.08656814181715,43.74695529948886,45.04719794872493,43.16614441985932,42.46503124189325,40.22056460585219,37.051421746655095,33.32187890777224,29.35575992113171,25.644678125753114,21.830157456779464
res-amazonsagemaker-1255,2026-03-04T00:00:00+00:00,29.991192871463628,4221.400901258085,41387568.73930226,48850303.22272505,7949.587803488588,17.838453796183156,normal,19.005313360042383,16.742323893046308,14.912260189415347,14.435053144344742,15.617242127328575,16.75776830778339,19.292969748351354,22.34544212609658,26.08505150079163,30.079026033665944,33.85794023710069,37.40332471654912,41.023446487994896,43.47307240485944,44.56115486470917,45.20027442254383,45.041587254109274,42.82595903646526,40.20852029571806,37.565973362375324,34.12192852437394,30.079026033665944,26.248523330492127,22.90544751330382
res-amazonsagemaker-1256,2026-03-04T00:00:00+00:00,31.56499411268365,4273.158766165768,40810340.3210131,45528958.26690169,7533.695762568925,17.755333077213084,normal,21.195609055447886,18.93235928161195,16.617876265492217,15.84274878446806,16.843636902817767,18.41206405455624,21.14949946002576,24.424268604540003,27.801945889115526,31.564578692553848,35.31149545849805,39.35245554775234,41.84040790139965,44.583674276088026,46.07087194340833,46.720497137748325,45.803437253694455,45.04019491027776,42.1121032679315,39.21469387660628,35.499628847973355,31.564578692553848,27.63468091577832,24.02655168406803
res-amazonsagemaker-1257,2026-03-04T00:00:00+00:00,31.3602748120677,4231.152172236855,26092401.35217219,31431379.754695874,5279.6203702888015,17.462399387446762,normal,21.28247307080161,18.166652483951452,16.73551542672687,16.161759727412257,17.300912155813688,18.746250672758855,20.848590611336572,24.184733792798767,27.66448877612259,31.381627148098982,35.29224542378158,38.8049335407724,41.76932640501667,44.13275056070544,45.4464006204355,46.248885151081886,45.44027872263317,44.62927756049085,41.58934906016791,39.217808711534616,35.104668819283695,31.381627148098982,27.369946842161596,23.74609305763895
res-amazonsagemaker-1258,2026-03-04T00:00:00+00:00,28.43172956511141,3970.85223161725,30164806.484372944,33617857.311350085,5528.7256571231455,17.716408251839052,normal,17.70066144133452,16.01002254113694,14.069168357720235,13.767904148848046,13.744099660219813,14.766847335178763,17.762154578897608,20.94321791134812,24.556347783896584,28.38748184068694,32.10359828739101,36.23230972653204,38.90702232933718,41.13585304124044,43.563241190598994,44.041300135551744,43.082016011870714,40.752385629781905,39.257694709041715,35.76414989071844,32.22639471127069,28.38748184068694,24.49608906585036,20.70406739353412
res-amazonsagemaker-1259,2026-03-04T00:00:00+00:00,29.55941859505241,3885.585145132288,29613259.659176234,33552957.863216158,5550.318597028279,17.158492874140038,normal,18.529691134743814,16.279466448774542,15.563199150816057,13.900421051728623,14.520309516905535,17.064090125232497,18.94795932586178,22.075274759485985,25.75693679317311,29.61691282893422,33.32823127738593,37.21231951026691,39.91094183654005,42.642798162120364,44.51111347747364,44.23700303368704,43.95129007100158,43.19285879101352,40.50085675091997,37.1714552173181,33.39126994953622,29.61691282893422,25.628228719052352,21.876505520351742
res-amazonsagemaker-1260,2026-03-04T00:00:00+00:00,27.93409158561539,4172.11675614109,38856640.09188196,47604885.609816864,7550.181464296924,17.132335037247593,normal,17.833559791417457,14.704593478957674,13.507577473713697,12.549114755500863,13.267105914834351,14.704623841349003,17.591253513074584,20.671073402676114,24.072082080530357,27.99353027193854,31.998267942348818,35.51072039866922,38.310561084483105,41.14650963212186,43.12722493148277,42.3666723618247,41.91640233614533,41.430571482703954,38.18604365560494,35.14806179895328,31.81677825577208,27.99353027193854,24.08428428121278,20.488055097515357
res-amazonsagemaker-1261,2026-03-04T00:00:00+00:00,34.11039121221784,4295.41384645851,38103064.287014954,49551986.593510166,7715.206257720313,19.543090520863778,normal,24.020782734482033,20.752376733499055,20.291649826317062,18.709595747090532,18.978004840226628,21.254891069879683,23.769563580672084,26.80670766868412,30.222346803678544,34.10141703306799,38.050836603050314,41.50268130118427,44.52039803469242,47.041506578152394,48.65200898012957,48.56431242645618,48.89133042567611,47.589260965069954,44.47253831526678,41.361710209440105,38.084838357122294,34.10141703306799,30.397229208541034,26.511984617780907
res-amazonsagemaker-1262,2026-03-04T00:00:00+00:00,30.162640194957063,4162.036490010708,38808742.806479976,46590762.88776113,7733.169110766215,18.46731154205538,normal,19.247688911550622,17.199613319248932,16.314298868466246,14.842209028570657,15.135658881361705,17.6399896827892,19.346740666049666,22.733827579731177,26.211771530060737,30.192616969036017,33.89111533111885,37.451657746011385,40.76848843734584,43.7462533775157,44.452686373206404,45.38592717445629,43.974567996461275,43.45725994202628,40.90853908811067,37.854163028997846,34.2320034557544,30.192616969036017,26.402889022153754,22.320781299909914
res-amazonsagemaker-1251,2026-03-05T00:00:00+00:00,33.7135214066526,4362.635703250026,32791834.395433575,36420246.54773381,6225.374666790152,18.841187577266123,normal,22.609818129058127,20.560655873463443,19.763305522396514,18.660451554255673,19.555725587153134,20.71027358971716,22.78112577507096,25.999786536236563,29.634463013772645,33.625449521154415,37.511924992742415,41.45221644958717,44.37119254750936,46.93739528981402,48.3527040869442,48.836177641509124,48.713513479087716,46.42940015611365,44.15535525377566,41.03526232347032,37.610692212548244,33.625449521154415,29.79848548369486,26.393689219432677
res-amazonsagemaker-1252,2026-03-05T00:00:00+00:00,34.88763743438738,4568.9691253920155,38415069.40781613,44121802.076176286,7659.45399996583,19.492591107238002,normal,24.205956913156186,21.77389148143979,21.09015193930923,19.6373949579662,20.658250992848927,21.85875519251791,24.22701093769824,27.29739619606598,30.858671680431762,34.86656459114449,38.65418515113306,42.58842122702646,45.70515238567154,47.500508996539736,48.63221940309842,50.115469067779514,48.85874108903383,48.45060123213402,45.58390695608393,42.62880345728737,38.86750127195748,34.86656459114449,31.008212928755803,27.368965785072596
res-amazonsagemaker-1253,2026-03-05T00:00:00+00:00,32.46846775988077,4432.092372788517,30062122.011513647,35486941.3060967,5802.879832627238,19.821155002546845,normal,21.978023520503122,19.822167135064703,17.479233488287143,18.051193008085463,18.171745921478767,19.214359611129854,21.430592703436872,25.08220466842569,28.535084048017367,32.45869220096942,36.225627846273625,39.827980551705444,43.20943993056581,45.730106302350244,46.76010151412325,46.93749027474691,46.42533853374444,45.85517088544048,43.227865037837226,40.12971530594226,36.33641782924262,32.45869220096942,28.688546295240627,25.207437423557657
res-amazonsagemaker-1254,2026-03-05T00:00:00+00:00,27.813180169848923,3909.3227051647164,33173147.961352017,37658358.61662419,6380.74269741243,17.266017921782314,normal,17.394718287472344,14.881676397023302,13.467184929488862,12.191824581197796,13.034238329434634,15.396443839559808,17.38499088413152,20.618332385311263,24.046429545992176,27.84305435743267,31.805029206105306,34.97394350446971,38.2681360642748,40.75380663479517,42.48045491807012,42.842644884409644,41.708590334719794,40.85363216846591,38.05748681545534,35.3574541839814,31.62675661413762,27.84305435743267,24.04310305447816,20.643337798534176
res-amazonsagemaker-1255,2026-03-05T00:00:00+00:00,31.912727852313655,4583.882013407641,43493951.70732991,50148477.63868851,8728.231665111425,19.57588908480556,normal,21.43197487629039,18.527912704076243,18.095711893336073,16.342600255699757,16.95024002297267,18.52421252769164,21.68997164190655,24.48859448947577,28.049449139885663,31.97682968836313,35.88118441681018,39.731862098509,43.04646678221843,44.679251054169654,46.15962386593453,46.632925614418,45.96360479598236,44.877205271136845,42.88515618360796,39.63589616882678,36.014530773267204,31.97682968836313,28.06650643515937,24.276928067426446
res-amazonsagemaker-1256,2026-03-05T00:00:00+00:00,34.10384837342837,4492.551168224214,41255387.371713914,50032211.072560765,8262.865059158952,18.92542131798937,normal,23.204121838053247,21.475704358569864,18.993067410355305,19.490798573069675,19.023852980970645,20.964583335180528,23.320364571056903,26.897495347207098,30.390801521452435,34.1044954594704,37.923471820542666,41.862773799618225,44.927976143391994,47.230156241618765,48.86173146785401,48.488576214787585,48.46645331266959,47.23397282784602,45.10095656415838,41.765510971671326,37.89081385520909,34.1044954594704,30.1666788921564,26.603507995900227
res-amazonsagemaker-1257,2026-03-05T00:00:00+00:00,31.525010627572883,4130.730116455615,28205459.797085688,32721239.38913458,5385.989917885283,18.5572618553735,normal,21.141638301511403,18.436495626028936,17.571900355574797,16.9202354135505,16.581991967918192,18.650860168286414,20.727255627052422,24.01979768321178,27.697744257087813,31.518184051511536,35.522257086619504,38.854384549334625,42.04146413723254,44.12220946151199,45.79146081416866,47.09584861507729,46.4210515762777,44.34438655757678,41.734881345694085,38.95816156943633,35.50596012838191,31.518184051511536,27.540650113787642,23.883251603404815
res-amazonsagemaker-1258,2026-03-05T00:00:00+00:00,30.957174153548863,4188.113125867928,30867700.940649223,35944794.27912981,5922.716303162572,19.054662610992164,normal,20.08567297134017,17.731769247425405,15.851073252219017,15.985405913210238,17.14282584756375,18.21791072532765,20.07073763456679,23.613870774722294,27.17144068823856,31.036518182845338,34.81607030725773,38.216414591334114,41.30430295891903,43.85015611303069,45.15657311156765,46.14562098283111,45.6904422066344,44.11791774074051,41.20286005396258,38.66166342282018,34.873994318043245,31.036518182845338,27.144288276524936,23.84813218120197
res-amazonsagemaker-1259,2026-03-05T00:00:00+00:00,28.679531716980843,4124.238237678712,30153576.447251104,34525807.25099461,5853.243427164646,18.50638009070949,normal,18.144306637968825,15.886671459890081,13.712512383540446,14.12405943017214,13.776078372115832,15.645436479802493,18.473213523648315,20.78408153043043,24.663127888457524,28.636340441700263,32.55036508037256,36.43629208906074,39.69988195201966,41.927004601117815,43.455096559345314,43.30238231223641,43.834838412121506,41.29349380872935,38.807441914053705,36.49437557192611,32.38385081005066,28.636340441700263,24.766383583008626,20.87518592407113
res-amazonsagemaker-1260,2026-03-05T00:00:00+00:00,34.07851613399945,4703.095837066596,41263949.64645292,49805206.052760586,8505.810886999503,20.06898321128116,normal,23.697090630320893,21.19821563929996,19.840787477493983,18.93397112905852,20.179319758936117,21.38519592737014,23.565533474600265,26.19714176229811,30.08815654080695,34.0183023400459,37.78055684889236,41.56169210518799,45.079937401408095,47.09482171020415,48.0214846403377,49.76398083584266,48.505534502040916,46.77427880798149,44.62848498694782,41.341070436475526,37.71826546418134,34.0183023400459,30.163629641348365,26.328632814861788
res-amazonsagemaker-1261,2026-03-05T00:00:00+00:00,32.07139338931698,4328.27527117704,37983110.79103972,46472490.765858494,7961.6814907420185,19.649621144309908,normal,21.041016906469395,19.664076142016956,18.019178050129252,17.332667151381184,17.196928376859745,18.579499695323037,21.53910049092955,24.754968353558773,28.269266236022155,32.09456412231495,35.844078391583984,39.63013721171836,42.794974123782325,45.35495771934657,46.73398802601419,46.48999755451415,46.85700009908743,44.463676867344915,42.58482075690959,39.53236132560018,35.82801479999367,32.09456412231495,28.378765669865928,24.634839150526368
res-amazonsagemaker-1262,2026-03-05T00:00:00+00:00,33.51343706537718,4568.8618000104425,37551790.41212759,49312699.244143054,8050.076070881061,20.39855827492746,normal,22.754210931446558,20.36474318919764,18.41772222313286,18.961733835326733,19.026087515662546,20.319192343525565,22.853304842515932,26.01806905559814,29.414729265753387,33.48082524499453,37.40638110932243,40.93550702701323,44.35830060744726,46.48800903024377,48.68773788344663,48.75973118782836,47.344024612515256,46.34378450406663,44.33165955673217,41.2376021781963,37.48476991365321,33.48082524499453,29.60276330310256,26.250774963336127
res-amazonsagemaker-1251,2026-03-06T00:00:00+00:00,37.502794761262244,4877.7985324261535,32372089.03227115,38476238.88003357,6495.579680115867,21.006472212225635,normal,26.690225968094083,24.298823125611868,22.569982073981258,22.99179602623963,22.76820581568717,25.026423676305136,27.284650552270367,30.188042125549895,33.531371702023755,37.495109201130035,41.451463564746945,44.932576471320324,48.11620082955232,50.761309561678324,52.14812945165137,52.539310502632084,51.60263818212469,50.637426954511845,47.59118142334343,45.04014968614127,41.501917280034334,37.495109201130035,33.76259805979956,29.64243283473415
res-amazonsagemaker-1252,2026-03-06T00:00:00+00:00,37.37316469162398,4638.779057491889,38665214.35657112,46680379.43703197,8118.617357240027,20.626965466950605,normal,27.085899106060943,24.138617399030096,22.305002345012568,22.596616294114032,23.613702502986207,23.999917335184787,26.588226618738748,30.179082255670153,33.49597742619648,37.41588460854791,41.174337722260205,44.70806101354097,47.70617789147246,51.05253914073335,51.512878921283765,52.06626219847044,51.24976659502956,51.034062789926956,47.753878555400405,45.08480947879021,41.11429301918964,37.41588460854791,33.43630477976312,30.227769993024477
res-amazonsagemaker-1253,2026-03-06T00:00:00+00:00,34.24506152829962,4611.986149767961,29522513.64373477,35155060.85451992,5806.067148519816,19.579809994132596,normal,23.798449663345544,21.279414022636523,20.349481840357544,19.43043268005072,20.104425485348393,21.1215771028602,23.873058203299514,26.365254932235388,30.086177545541425,34.1171181458984,38.186453441921564,41.92810295194187,44.4901496732028,46.86647700125758,48.65332546829057,48.94455461219625,49.28685433371285,46.899044008806705,44.978365683652214,41.67363942266806,38.17662267192327,34.1171181458984,30.311062763889996,26.8443168782552
res-amazonsagemaker-1254,2026-03-06T00:00:00+00:00,32.22192258234964,4482.846713047674,33304295.313565705,39130218.68142939,6614.851819492989,18.698514471478056,normal,21.20244100865341,19.733863307983718,17.768436375256968,17.466698226961746,17.503912218014293,19.08541939775332,21.579660105805445,24.915250538755114,28.499848903766733,32.24996225950374,36.32315906281082,39.50178281105478,42.40662375539608,45.55955705573707,46.512614017121464,46.819467632318066,46.775253932604116,45.46795367239265,42.55411570439931,40.12083993647549,36.06555965716197,32.24996225950374,28.39756984518879,24.566190291772468
res-amazonsagemaker-1255,2026-03-06T00:00:00+00:00,35.13632847381198,4682.021160605914,43899695.31295881,50809302.93669604,8481.927291537238,20.051386512560565,normal,24.238523099262487,22.201926054448222,19.95548461269634,19.759135917724578,20.785895165917715,22.626779953923723,24.500497740994128,27.597545000569554,31.198496671131913,35.10042165361983,38.89123396352758,42.227285003397014,46.03884532690958,48.51108920463424,50.18570319093054,50.80397661338358,49.09548638942293,47.900976444135196,46.079696117031034,42.92592119619006,38.7942338260985,35.10042165361983,31.36823061776684,27.384077954152076
res-amazonsagemaker-1256,2026-03-06T00:00:00+00:00,35.318353883209774,4755.682971659985,41927906.72223243,53477400.382391386,8282.702000597883,21.386411603920312,normal,24.237098294918194,22.954728765035185,21.122191412913978,19.921200922619548,21.03766555197583,21.78115740300516,24.927521674352285,27.59376660439461,31.351470864890143,35.35608536435895,39.20070863584733,42.69156335691536,45.94105868274652,48.29810461607003,50.43253988301653,49.881457386460326,49.38450305440663,47.837330181178785,46.2158148943549,43.16948060647656,39.18732050544081,35.35608536435895,31.607341965326423,28.154297205971602
res-amazonsagemaker-1257,2026-03-06T00:00:00+00:00,34.972162365919594,4610.069837209798,30679618.626054913,33982279.87305996,5731.834558865945,20.783805921604966,normal,24.079872769353138,21.50241725854079,19.882486968937528,19.62067103012663,21.164285573620177,22.663260004562964,24.215188337462926,27.278281307047575,31.323421650368168,35.07606108339768,39.001140337133066,42.29406806456657,45.329498672713406,47.50260176908986,49.04800712216599,50.42424698947212,49.157472206940064,48.14653322436757,45.91715490573742,42.87251935415878,38.99325893939042,35.07606108339768,31.033505707397055,27.729882422122742
res-amazonsagemaker-1258,2026-03-06T00:00:00+00:00,34.34344758606706,4764.514725164239,29966784.082234975,37978932.66989986,6325.054511751841,20.599954418928704,normal,23.541579329744835,21.906651941283773,19.9109830175532,18.903942235630737,19.61224284965462,21.205376425039518,24.03662352276794,26.9465500876413,30.60844121193699,34.36677463044389,38.28173683813629,41.96516049046635,45.37213762848369,46.787955925793355,48.6938392643839,49.503230711908216,48.95726222018523,46.735831115830244,44.64383885668094,42.126083217150196,38.255035852159125,34.36677463044389,30.329129483626897,27.185560578664187
res-amazonsagemaker-1259,2026-03-06T00:00:00+00:00,28.3367304868458,4125.716759494918,30680812.949075256,34718620.51595451,5885.988459647417,18.080959391016993,normal,17.564110966490688,15.71463189255781,14.212643467206842,13.630050553206502,13.55021448604265,15.355480831710404,18.036297227762248,20.861322919849364,24.485164882516678,28.203082863451506,32.10767818439227,35.63384748835019,39.26330431762696,41.21778852400659,43.25346616855502,43.32171043339794,42.51345686792165,41.244122347215345,38.440428906211444,35.834147930385384,32.272546413897174,28.203082863451506,24.389436910853846,20.773514237239148
res-amazonsagemaker-1260,2026-03-06T00:00:00+00:00,34.500558168339914,4595.641003369656,42255788.64839875,47277820.69911341,8332.324015349845,19.942762232627746,normal,23.75171592820727,21.49059118903478,19.60187863976926,19.840457777372116,20.22308589339534,21.478906875275193,23.583205937893652,27.210406737601968,30.664091686940935,34.39716986286666,38.1866514250565,42.2447849496267,45.493165408833256,47.629100542307796,49.20028242509181,49.6236702001223,48.41854568537006,47.388142830869484,45.31456220562274,42.10317844043372,38.4342697026456,34.39716986286666,30.60748235362006,26.730879479333925
res-amazonsagemaker-1261,2026-03-06T00:00:00+00:00,30.209606156790738,4204.823396979907,39309922.0187903,47830111.55198214,7563.598527098957,18.340331375330074,normal,20.12340952466097,16.6478075051617,15.494086769788943,15.10158978743469,16.109288871732602,17.04143555278748,19.158408374094815,22.99017740896372,26.167529222351533,30.237643225590812,34.30559110798892,37.83804389358463,40.65768201705451,43.06492221817665,44.42306786740978,44.98980878726548,44.93884478566509,42.60007589462611,41.34024268856828,37.93903926683914,34.29114130906973,30.237643225590812,26.362720824640554,22.970347633930785
res-amazonsagemaker-1262,2026-03-06T00:00:00+00:00,37.9980953500891,4818.837648586478,41135114.37310149,47122255.51979316,7910.851774624682,22.024516480763236,normal,27.369658880106286,25.661331231739187,23.605400563099398,22.60668050754196,23.143335445790438,25.07056842786833,26.983829352338496,30.3255547599547,34.095804707394926,38.07022746840138,41.987716292403285,45.362653855462526,48.71120193219754,51.094411851148465,52.12845074327031,53.74694992303927,52.189289125562475,50.54647843367856,48.64183716669868,45.70978262183987,41.83416239112938,38.07022746840138,34.28054582570339,30.718189427368202
res-amazonsagemaker-1251,2026-03-07T00:00:00+00:00,14.333730842920389,2976.749463625594,26081030.155216303,30007981.85387813,5099.112777174106,12.265438604135866,normal,6.386562564888167,4.798514017243267,3.580383796833642,3.191168808595686,3.183383118053703,4.223890097594776,6.407894826709449,8.818112530274252,11.36559877634342,14.343486006564776,17.142832866021177,20.13544265586469,22.343917201612264,24.444421579592273,25.225478919126253,26.00138376583272,25.269357504301496,23.74028819397904,21.904624067178496,20.035993734019023,17.28202048374929,14.343486006564776,11.329677847136148,8.511620862010563
res-amazonsagemaker-1252,2026-03-07T00:00:00+00:00,12.766624753745006,2942.008451225169,28452895.782462113,34427743.915323064,5605.785490184909,11.632057025766844,normal,4.792733720867494,3.0866468641012834,2.0,2.0,2.1740535176346656,2.972810882237125,5.06139789084618,7.015762293706162,9.815971182950236,12.841893684137748,15.712369263145458,18.23437098108898,20.602655994165794,22.163693352641385,23.98808507340521,23.732252522327663,23.25100315452226,22.257636810483426,20.699264191323067,18.423296211506393,15.8696626650292,12.841893684137748,9.86678353767352,6.9947566119491515
res-amazonsagemaker-1253,2026-03-07T00:00:00+00:00,12.882074683773737,2883.0561658088795,20691848.10263688,26334397.26541532,4319.255069611385,11.820100708884425,normal,4.7886408273655405,3.077884281519608,2.0,2.0,2.0,3.4871145945355098,4.948933308350231,7.2535287978594045,9.987483991492024,12.779631033570755,15.833252176170461,18.585334977397107,20.974534114903257,22.856890987074625,24.042985368372825,23.83315610255542,23.45315339763866,22.363072290764592,20.987983296861326,18.571869603270336,15.550681189919707,12.779631033570755,9.930353843289392,7.083677194088173
res-amazonsagemaker-1254,2026-03-07T00:00:00+00:00,13.644609448691009,2852.1521220174563,27678257.670133214,31719989.971706517,5429.645737543427,11.79962219980983,normal,5.420116251657668,3.7427165767125947,3.084205913713996,2.082870530834626,2.747736487994221,4.325224027930496,5.745886309482137,8.047464907878275,10.61770340683636,13.617186493242448,16.515080359463486,18.991540322142228,21.87557129032837,23.305241986210035,24.871350104590437,25.066577975982085,24.28809244849004,23.567207995637016,21.54735804318802,19.152880967701016,16.577796562547253,13.617186493242448,10.65055369951869,8.013077613260283
res-amazonsagemaker-1255,2026-03-07T00:00:00+00:00,13.492489715750269,2924.322508081324,31988922.347839914,36902415.565688565,6277.898648003568,11.38980370287327,normal,5.199619690204761,3.821482469856304,2.5956467103884364,2.0,2.32730470497951,3.3216855853465836,5.746003844361168,7.906739858828648,10.616062136009859,13.514860936887468,16.54686561343514,18.97421311729621,21.783951183841832,23.326944044814585,24.421562048557554,24.670923241712394,24.42460636185089,23.553135912297698,21.463634488382482,19.295123702768386,16.402302225859493,13.514860936887468,10.627994472375473,7.764229891064124
res-amazonsagemaker-1256,2026-03-07T00:00:00+00:00,14.503700804735288,2881.349548885866,31291362.31758209,38439552.60647392,6363.581645338111,11.81199589150315,normal,6.556250694344148,4.4598389385775175,4.123412591653691,3.3904772759328936,3.182982787715057,4.8897806605309455,6.58941315670716,8.672113512560491,11.666972056622388,14.460650016590352,17.452281331059666,20.34272235129914,22.64059626672375,23.884274265393948,25.691369731280663,25.683396900194534,25.63484813907794,23.949494550445607,22.28922304460616,20.311570991948255,17.4919774318497,14.460650016590352,11.670193489254974,8.594329112687578
res-amazonsagemaker-1257,2026-03-07T00:00:00+00:00,14.14024471015824,2867.539716640324,21846300.74227,26401785.527497645,4496.706024697726,11.587330524062194,normal,6.356719717516889,4.626596682354269,3.367959935452845,2.993442202005046,3.352858500469314,4.008660000879866,6.5424951793598085,8.274191323344368,11.187591101341951,14.147616661558539,16.959707209488016,19.67649981050965,21.746360653209774,24.039544082403594,24.84025161912856,25.455276836196056,25.288913608192573,23.942559584489004,21.761694275678238,19.526039239342182,17.166236766987417,14.147616661558539,11.276022701399862,8.681018690931415
res-amazonsagemaker-1258,2026-03-07T00:00:00+00:00,15.04048684570233,3110.6088446239633,23545899.70075594,30215820.19069587,4868.088619737476,12.73232972743502,normal,6.899634631969404,5.368295034884618,4.5207069290174,4.113899172961801,3.9612003280670343,5.542306029424191,7.144938182735979,9.648074426535562,12.250794478829192,15.052521331248297,17.843350877054107,20.550711561854257,23.061719521413867,25.033780103030594,25.41139053588703,26.41571521186636,25.770516168748053,24.528979596141497,22.635067749434135,20.579611013326282,18.04858160310623,15.052521331248297,12.060547282424938,9.476821195646842
res-amazonsagemaker-1259,2026-03-07T00:00:00+00:00,12.642713545636227,2794.1910229208374,24435317.39316976,30185452.52892979,5033.33993854473,11.82153862311442,normal,4.7697713289779955,2.766355089861563,2.0,2.0,2.0,3.3160252459842297,4.778469249785056,6.883911191082757,9.647334947098683,12.62651287695677,15.607101720948062,17.91836774479546,20.77388616499846,22.03569014085915,23.457909830835877,23.207414166603876,23.622693155405262,22.19640945956167,20.76620840239966,18.220656516441593,15.602639225814343,12.62651287695677,9.675955026439626,6.925300733462569
res-amazonsagemaker-1260,2026-03-07T00:00:00+00:00,13.222230832628824,3059.2410413560433,31347176.908782385,39663362.62885693,6609.743473877216,11.879400827422309,normal,5.154998242081364,3.218313057474774,2.8705548266833922,2.4398188696853613,2.0628756477910972,3.5512192734572494,5.144115347668784,7.4272254607706865,10.245942099040079,13.23242993177097,16.148185658425323,18.664926918271618,21.166307147195237,23.426587775589866,23.887688344414197,24.391609718376106,24.387534588957383,22.562095686842195,21.39186099610834,18.730424558195395,16.076396568769166,13.23242993177097,10.391969066843988,7.528030266908275
res-amazonsagemaker-1261,2026-03-07T00:00:00+00:00,10.953914625950132,2690.807923972873,29488599.131243713,35609045.08059883,6075.863736760649,10.268171857247946,normal,3.918552251549949,3.056083301209503,2.0,2.0,2.0,3.0288349745841256,4.4275603641453625,6.334748842345357,8.522437725774596,10.865632805509247,13.296477695551754,15.645333085683882,17.40886996546105,18.932896015495167,20.176653366971095,20.254884294794195,19.993356893941723,18.99108687226093,17.680004649670945,15.400229575903403,13.406292591595367,10.865632805509247,8.465805641063001,6.222577303783268
res-amazonsagemaker-1262,2026-03-07T00:00:00+00:00,11.800173630677426,2817.3309955570267,29713084.460974026,37091331.90956161,5706.30021643909,10.772855824612593,normal,4.839068139127408,3.1995814812201844,2.0,2.0,2.0405619754454647,2.929556056248931,4.7923007381559195,6.85005170234926,9.228725735077557,11.75437203707248,14.314667908672421,16.978255026388148,19.00018924567293,20.20770854705633,21.2225604287709,22.43715482426791,21.28723979854088,20.863436511277214,18.821331079823885,16.790071813786945,14.2822770467545,11.75437203707248,9.109091735037818,6.501593268438628
res-amazonsagemaker-1251,2026-03-08T00:00:00+00:00,19.238909924005547,3856.677728140892,30391037.273707215,34649032.17809833,5618.524716657997,17.124908486105735,normal,10.875486882444605,9.68898935745336,8.778838002811248,7.767457168765986,8.08099448379304,9.94137460216441,11.450334862103972,13.768643191010572,16.22593259020102,19.221723968530284,22.056345110426463,25.120567682737423,27.337453561364025,28.8550589171192,30.364249677014346,30.434007447860832,29.77615472108574,28.95279169379563,27.393069308229972,24.66578874061729,22.129225650204514,19.221723968530284,16.210230669724147,13.417395918144788
res-amazonsagemaker-1252,2026-03-08T00:00:00+00:00,21.426647293731577,3806.1506821671164,33627810.5264933,42028983.533840075,7212.324001154623,17.623094036916378,normal,13.488397172613604,12.106139822710292,10.4807291096795,10.011037103764782,10.586340883434884,11.2812324659275,13.276109477766797,16.058396617196056,18.499761580327146,21.423870822719685,24.24816018831222,27.11478163666017,29.198638561619227,31.041445683941458,31.783752560685556,32.88527750786776,32.579291064648885,31.432553550763267,29.753136544855252,27.238927012321803,24.250448299880503,21.423870822719685,18.434125571529595,15.64311098761216
res-amazonsagemaker-1253,2026-03-08T00:00:00+00:00,19.646898698366446,3761.1450313599153,25798760.20866143,30096262.113304824,5043.353417602696,16.54157466403405,normal,11.494157953018947,9.777425962630069,9.196251449108429,8.029978516771632,8.362741972358371,10.185305355120729,12.024434916124878,13.811882007915852,16.927129950009377,19.699921767058125,22.529008807445905,25.290120042803004,27.502417862669347,29.105322779985492,30.406278975140552,30.99407557271554,30.12521252221717,29.743932431318463,27.89382510057334,25.49225520419203,22.66592457600659,19.699921767058125,16.691036557932083,13.877006710620627
res-amazonsagemaker-1254,2026-03-08T00:00:00+00:00,20.295827348434738,3696.4946879266777,29187705.40293595,35182027.18203728,6406.70421899745,16.280491119446992,normal,12.550092893276927,10.518910729084098,9.300792714672028,8.781551057207686,9.951965594507016,10.587662047254147,12.516846577730485,14.493958769859578,17.52999028668762,20.30681909892806,23.164887565579555,25.694354895227697,28.17857578163801,30.287103225353604,30.860866021271715,31.843096395779256,31.20501341551458,29.898322676771205,28.157406249587687,25.71599073124912,23.14567673563674,20.30681909892806,17.289483681703828,14.813670118985012
res-amazonsagemaker-1255,2026-03-08T00:00:00+00:00,20.264359439862222,3802.930213443135,40759814.04607469,46389769.91366137,7725.5955395643305,16.932967404836994,normal,12.047641883569181,10.903490317510153,9.035363287576478,8.543815205067212,9.769318256632198,10.859911136677374,11.964716079396574,14.745698110439337,17.355251183473,20.259003501719697,23.243317279177436,25.72148967728698,28.2092773537534,30.34323848663813,31.606679852230606,31.343331141054932,30.70618347923524,30.303510258595598,27.9043085307974,26.041102685851087,23.225745560261775,20.259003501719697,17.219322463376542,14.73390732465334
res-amazonsagemaker-1256,2026-03-08T00:00:00+00:00,19.87753756949687,3733.667245760484,36941461.34778905,43404874.137762435,7051.163018527327,15.653357747835054,normal,11.793337422571867,10.526185586772232,9.345988999092818,9.217424909325294,8.633220298388197,10.429506198051273,11.62873094042386,14.258358271952932,17.033396090543185,19.923391183469143,22.716386780379402,25.35640097599575,27.564675765398455,29.42865112276622,30.414705780871266,31.357704143673885,30.56949760305066,29.878853823381128,27.588378725915014,25.38476415894478,22.918802558090434,19.923391183469143,17.12918001388139,14.039969131516544
res-amazonsagemaker-1257,2026-03-08T00:00:00+00:00,21.340627384315713,4033.5744908738134,26165415.447324082,31691185.055914283,5170.276528525268,17.469086372701526,normal,13.739095286967505,11.339397725967263,10.583979695634818,9.670438236718631,10.863657504536565,11.79359271047996,13.57946727568532,15.528239884198726,18.444677194327266,21.358643237706964,24.22885008575165,27.2329334110229,29.354552427287693,30.65007845584455,31.744833717462033,32.31128404736318,32.3571479506631,30.85324198997745,29.592108946772136,27.056443037035404,24.212335938363786,21.358643237706964,18.483250367220172,15.838164858883133
res-amazonsagemaker-1258,2026-03-08T00:00:00+00:00,19.65129804879837,3823.6693246309324,27558458.167615604,32907557.791946482,5794.782486329974,17.19171981754696,normal,12.033408396446685,9.719845154263542,9.104989268614442,8.877758443771757,9.207268045463023,10.155122945364894,11.474194778129526,14.254433298169408,16.627185446739208,19.604855848354095,22.520620082137164,25.460077762162218,27.821992581294992,29.26850149447412,29.935469091887345,31.091754351020658,29.98005052022756,29.131404332947454,27.554266139077864,25.004485295850387,22.568768871653056,19.604855848354095,16.733422037730755,13.896423137026598
res-amazonsagemaker-1259,2026-03-08T00:00:00+00:00,20.092262794890132,3762.550209234712,29849191.184094973,34011373.90318205,5578.205420004789,17.105118034264567,normal,12.331434727986249,9.954757293115819,8.74954521458979,8.796435233155526,8.996526911760588,10.15775300167118,12.270535649371535,14.771415374019732,17.1606062491653,20.142406598603575,22.993119985963332,25.663649842179694,27.97731139759108,29.851756982337154,31.010822432191095,31.37387103715406,30.64270340454326,30.030167913125993,28.328230888074113,25.74588577634987,23.152629892110347,20.142406598603575,17.210799816587272,14.759534857113017
res-amazonsagemaker-1260,2026-03-08T00:00:00+00:00,18.322526423622268,3600.760024677464,34987481.20287012,41544690.69050292,7212.1025489982385,15.891496835421826,normal,10.267276314574374,8.441563068928147,7.553002390160421,6.909669686694555,7.1766725690791535,8.920420249859738,10.294753350921194,12.635462226918104,15.545910358271101,18.368657574346315,21.344297491073867,23.800862178615095,26.178373434164847,28.541248687880184,28.76929910772324,29.313722674131558,29.32095320045202,28.56808851780125,26.130418776945007,24.1718468727501,21.241749170319718,18.368657574346315,15.312505708781153,12.565222982196993
res-amazonsagemaker-1261,2026-03-08T00:00:00+00:00,21.7901524568438,3972.8663679480974,36965699.67677029,45714428.15337343,7867.758352968332,17.92409354402961,normal,13.891554567973744,11.570743329907717,11.465488529071802,10.625119763978805,11.398006086222434,11.880590828019885,14.194622728242381,16.01684974482949,18.773139556976375,21.79194231608397,24.593264947104963,27.686318772271818,29.67715713194074,31.663896811979907,32.11532624353481,32.895983487980246,32.49875552909713,31.53843605607195,29.45462264885932,27.52392186461318,24.731522417309325,21.79194231608397,18.739407041824094,16.445046244273176
res-amazonsagemaker-1262,2026-03-08T00:00:00+00:00,19.032886429224305,3891.5286848628225,36680179.412613995,41747894.15827411,6968.593131752174,16.618304393063102,normal,10.82771601938786,9.557840531848715,8.628530855627593,7.8976256360934975,7.771816975961851,9.782408129553897,11.016834623310803,13.540969428954657,16.124344887734612,19.071748854048483,22.119468160466916,24.47952838957023,26.754636018965883,28.37188840640671,30.258978685627206,29.86495026359085,29.695678645595606,28.527708325317654,26.910186933184136,24.846251033365334,22.11454616608525,19.071748854048483,16.060696880982317,13.493171595654754
res-amazonsagemaker-1251,2026-03-09T00:00:00+00:00,28.693138566654415,4229.4841134939315,29607909.524518345,34915436.42298593,5954.661620506705,18.50612234533739,normal,18.396454968675574,15.605617573379341,13.73851731075325,14.186218676540465,14.816797017804962,15.340587359691161,18.272703399681713,21.13329758414241,24.88199711730099,28.782928914270986,32.74308365906775,36.22351255387906,39.16440396010474,42.29643038843967,42.55604472938871,43.64023351224811,42.9827803835291,41.19456185283895,38.94450230520198,36.03714408470614,32.667155627532125,28.782928914270986,24.769476717437165,21.477946988820726
res-amazonsagemaker-1252,2026-03-09T00:00:00+00:00,33.13109710472943,4670.411719918886,39277750.8328264,45741337.9480997,7507.491868615082,20.28339938166463,normal,22.694306730553283,20.784695039431774,18.458373905939673,17.4718315142947,18.81462434206681,20.0456708089335,22.57997939700307,25.28097313646799,29.16206409246377,33.1359711913845,36.86635260545801,40.613831815430494,43.8823105691603,45.854068520650635,47.877899338931584,48.25075928565081,47.53081495276931,46.23325922067656,44.18429918797715,40.443374295439256,37.13131365980159,33.1359711913845,29.41487866611805,25.29870704551897
res-amazonsagemaker-1253,2026-03-09T00:00:00+00:00,36.130630758964436,4695.107271595869,30775360.720210467,33659819.498472415,5762.160420037033,20.430447525709937,normal,25.431659618840147,23.619680035766986,21.77086907393041,21.080657109974126,21.025475382487848,23.126211261269503,25.488704512225084,28.481903300644994,32.3299898368105,36.18079481419344,40.0983740425077,43.89327567213188,46.93332397888891,48.76344827404212,50.521461297190996,51.199690011687196,50.70408518012157,48.96280384411874,46.81117085026873,43.810526358161454,40.050646583041456,36.18079481419344,32.18142606961298,28.488166293036226
res-amazonsagemaker-1254,2026-03-09T00:00:00+00:00,32.89759802568958,4401.795073505792,34668924.80374196,38319833.39113727,7005.858857411773,19.08659534180824,normal,22.007362632419465,19.65611718809812,18.80991173617694,17.5735228774604,18.605850920960187,19.415934265746976,22.597226069106625,25.596720578405595,28.82400271763903,32.88510114995843,36.74657223906462,40.273912677866115,43.843006796970094,45.68414369839715,47.16557599880329,47.32010237604408,47.404018769239414,46.425949592335726,43.97699650536421,40.756737806428816,36.75693204028563,32.88510114995843,28.982419989553392,25.34913284026719
res-amazonsagemaker-1255,2026-03-09T00:00:00+00:00,30.677945313172657,3985.7445420269987,39053302.289474905,45966003.24309442,7710.18378934608,17.622403971223612,normal,19.758043356540377,17.699244342450918,15.853215957982139,15.590058284876841,16.18694255436896,18.12228329258312,19.76294078845142,22.950128528799016,26.67281567704243,30.738031791261157,34.5394006158536,38.37708605093262,41.721411131942844,44.05486654790713,45.162577078739396,46.07699788956054,44.606975780737216,43.93955648486157,40.822802346022094,37.898693369313534,34.72020695379907,30.738031791261157,27.026741005295726,23.251635895560902
res-amazonsagemaker-1256,2026-03-09T00:00:00+00:00,32.152688445603985,4257.449477133278,41030692.99302909,48814026.58117352,7806.675941932394,19.318346913012824,normal,21.89420364699439,19.058517570510517,17.73064223340632,16.57513176753527,17.123812742239807,18.673299079943778,21.510530025457463,24.74183787608318,28.235487298309188,32.084929332665375,35.97877892371598,39.67815741146647,42.896999740380906,45.618780251578784,47.217088311943066,47.5956343304364,45.94363922695008,45.69798482585091,42.907514051463004,39.72997344450991,35.782071127753674,32.084929332665375,28.153532862858253,24.751047279777577
res-amazonsagemaker-1257,2026-03-09T00:00:00+00:00,31.61301193083988,4424.948620531323,27217770.766389195,32918166.799668394,5542.770785143915,20.027233406092193,normal,20.977489195171948,18.81192624698508,16.333517670406902,17.201965070263824,16.928210540367807,18.96585263420984,21.089130746444642,24.24113919693231,27.429549085153624,31.5040649255804,35.402406361013625,39.085096961574195,42.399344290380014,44.65810337074912,45.60370387834136,46.651123250075685,46.681126479135315,44.94709810775499,42.061342884172014,38.98712108891073,35.2438351551294,31.5040649255804,27.707095041812035,24.297979234011883
res-amazonsagemaker-1258,2026-03-09T00:00:00+00:00,33.514118931181194,4261.839496911054,31061313.66522268,36630822.764618404,5881.1879438696615,19.499785175671796,normal,22.854533526392444,20.862453348307312,18.989126440171653,18.28193101929639,19.7343710158126,19.88125320842898,22.76435337281675,25.63924179248758,29.635150514712706,33.5054266484135,37.372750284104335,40.63753938049645,44.48314457390969,46.42955885389455,47.95220381850717,48.295372857442885,47.89674075689311,46.788806680851664,44.32482276307336,41.23671086517085,37.57199164133005,33.5054266484135,29.685661487590195,26.010282849830958
res-amazonsagemaker-1259,2026-03-09T00:00:00+00:00,34.97900842608433,4568.998174810144,31320644.05911247,39288094.81194186,6103.274024036383,20.255136817921436,normal,24.848610641533558,22.364841494006207,19.90544808079025,20.139418090167986,19.770327471961934,21.931956013525593,24.66418747742674,27.390565504893047,31.233079473817355,34.96098642478546,38.89290332259122,42.80894638963168,45.769227904516256,47.365696613630746,49.415720962264345,50.00795178836952,50.05373582285316,47.863639270385505,45.66677426473662,42.22545350330324,38.74412867374725,34.96098642478546,31.002225713206013,27.509390899094722
res-amazonsagemaker-1260,2026-03-09T00:00:00+00:00,33.62409466149017,4788.694626924777,41959663.25095074,52148549.46143213,8530.598253375898,20.763666571954495,normal,22.936525040445403,21.261253733316842,18.515768816539875,18.675333804203248,18.88674858990444,20.192545498199244,23.316289955597274,26.112224020934026,29.618877259493004,33.64226444753502,37.48292134386125,41.043916803245295,44.125944518640836,46.782595146435455,47.47286539172467,48.51533875940832,48.21893874824441,47.0046650599116,44.28067933670209,41.461893998870885,37.50272119343733,33.64226444753502,29.94726756458625,26.33842839699214
res-amazonsagemaker-1261,2026-03-09T00:00:00+00:00,35.775709034731854,4475.2017454706765,40340680.37606707,50673663.75460192,8029.599181894605,20.50009021179766,normal,25.15133097828,22.954001469128798,21.891085425355065,20.17533037261215,21.35232243011376,22.49284110528965,25.485149686465327,27.977043650628154,31.715615867005837,35.72376541834196,39.6728825883376,43.239855799754075,46.38580357105316,49.21921452643354,50.8891617580818,50.52501383299696,49.968852834072884,48.459284858525415,46.6175502048927,43.390938513064924,39.42894125184061,35.72376541834196,31.78471882277421,28.39254645017402
res-amazonsagemaker-1262,2026-03-09T00:00:00+00:00,33.38811445771832,4324.554349521286,39134125.40062517,47691202.156137094,7425.467055140671,18.786934844117074,normal,23.155431009080516,20.27839849624366,18.331746003222925,18.87116664134795,18.21430868565846,20.596166861977288,23.104293687805367,25.65792169431915,29.541459255057074,33.41128628293162,37.28953718307605,41.01893213138489,43.525072208230185,46.20704574498005,48.12810105878974,48.187457155999574,48.29971144116906,47.00037387911651,43.52723874754892,41.17777489936541,37.1650931569971,33.41128628293162,29.35554289853791,25.859401579468724
res-amazonsagemaker-1251,2026-03-10T00:00:00+00:00,32.71523760111163,4447.286322565553,31378985.159773864,36309057.80627746,6122.984619914911,18.734990503536658,normal,22.02643343415643,20.22155377158076,17.67864575503848,18.03975344782341,18.835208832918102,19.63761431153906,21.905613782187295,25.031396006711102,28.704595363345465,32.65276955776278,36.65470422817505,40.35479076447446,43.5911818690223,45.59152961929131,46.50822995587531,47.862133954581786,46.72179036316508,46.11018281642679,43.49448327596905,40.35217197025544,36.45213823498365,32.65276955776278,28.759580894415322,25.326430659217948
res-amazonsagemaker-1252,2026-03-10T00:00:00+00:00,31.79652055659078,4518.043332393492,36185927.643526964,44111747.38596853,7281.991113260946,19.31656978850622,normal,21.475224888339596,18.92809451450222,16.98113266329998,16.062130944450708,17.681593740827566,19.020727997499762,21.672524249491158,24.457101587352497,27.900453732083587,31.751080088383347,35.54264897446112,38.98882231475457,42.424577344630165,44.6234944715209,46.133134939323625,47.343550964545166,46.3289914152264,44.596409759912895,42.09653645801103,39.197528366991044,35.7738534350341,31.751080088383347,27.91645693623418,24.469343482919776
res-amazonsagemaker-1253,2026-03-10T00:00:00+00:00,32.304699176575,4525.520295633242,26803876.563447654,33998707.54838964,5431.54241951166,18.9633543175938,normal,21.99713623761215,19.03956388662204,17.651319535993117,16.63472656856074,18.1615145540806,18.939079460377137,21.980864526732738,25.24621576172847,28.631239595129923,32.37799378048287,36.38063393903191,39.54605322600817,43.336750160355116,45.649063707714014,46.192451115897754,46.787437430057,46.25201620735076,45.60089356015394,43.04932715672793,39.772137501335706,36.100450249500014,32.37799378048287,28.424983315131573,25.182934980733485
res-amazonsagemaker-1254,2026-03-10T00:00:00+00:00,33.95768111791103,4467.020640843855,34261343.106152244,42247444.19095238,7332.8418211576245,20.70131854196646,normal,23.19433006992802,21.47987132029374,19.524310191901254,19.11882503927206,19.594209051054904,20.41158940076238,23.53151196545719,26.109264031804198,30.080795488206114,33.97798571269444,37.80159620657253,41.16656607862715,44.14378093174453,47.06468952025243,49.08977326798209,48.33481694058128,48.74088303099282,47.05053234628061,44.7460735922964,41.26464142969627,37.69353052417823,33.97798571269444,30.194028712976912,26.692756263614754
res-amazonsagemaker-1255,2026-03-10T00:00:00+00:00,32.92943522840445,4460.294864856305,41717665.482826635,51276257.99842393,8819.752100581436,20.384280110952265,normal,22.91426703220545,19.426536781004252,18.606059033277383,17.34331319131936,18.517338265625416,19.568486270509133,22.510143990363453,25.46924749740577,29.164603666743183,33.06076475568943,37.04546446260192,40.22686893590303,43.52143209225395,46.531663532825355,47.55354062355909,47.42723297175209,47.12589602771307,45.544052687050275,43.4315109786578,40.309748629137665,37.02533578128969,33.06076475568943,29.32015188789467,25.602021631235974
res-amazonsagemaker-1256,2026-03-10T00:00:00+00:00,30.728110819186394,4114.271950730129,37988694.67214297,49849354.94887555,7788.0729987324785,18.18322509645754,normal,20.218342610496517,17.69792828032707,16.260277758886563,16.368983142647753,16.108674090470373,17.611208927743917,20.15773409318319,23.276187120906844,26.658963724083737,30.71166067839699,34.71673506898694,38.55204147649637,41.64717490795798,44.27748907940108,45.57623561641248,45.216841461236484,44.80490063707249,43.30440000179088,41.12959862346726,38.10290527509992,34.714756088719994,30.71166067839699,26.74116222015835,22.908798098133172
res-amazonsagemaker-1257,2026-03-10T00:00:00+00:00,35.546254982184344,4789.2961235806615,30767910.89763581,37285530.342202745,5973.553749641343,21.40736520760752,normal,25.24108426889174,22.142820185099616,20.83089183873477,21.0137099525341,20.90470437743128,22.903486167208573,25.228855000678102,27.943081131368906,31.568444495252287,35.514666384226985,39.49921440864062,43.26757725127511,46.562867817737825,48.66880408867904,49.59790099415202,50.887363586757424,49.43536603382426,48.09093339852528,46.474243214340376,43.32278846608739,39.228739247931664,35.514666384226985,31.58223029954525,27.685680579274596
res-amazonsagemaker-1258,2026-03-10T00:00:00+00:00,33.75135430740963,4490.026300204203,31247791.865751054,36593309.01284565,6119.729037718205,19.989117221205046,normal,23.062197371808573,20.838004872753093,19.183177781015495,18.768994421092046,19.1620944870116,20.853422996550428,23.538290826432547,26.20534234258667,30.01329271710826,33.85055618030075,37.86923594583386,41.11156643301659,44.500336284970125,47.128177152967,48.553447945609875,48.34184543077381,47.896283750464036,46.38477738709917,44.00377572521132,41.18801129254312,37.74221304997655,33.85055618030075,29.78546948308084,26.20143331932451
res-amazonsagemaker-1259,2026-03-10T00:00:00+00:00,35.19576784664361,4493.57902752304,32501869.045876075,40081143.15975371,6320.99468900521,20.59214121440696,normal,24.469369533451214,21.59428319610998,20.444970988327256,20.321472366626303,21.336303245231342,22.32114236513946,24.112331202215042,28.011020124515667,31.409683633659665,35.16950751803795,38.99936480014822,42.43393152630788,46.110922683844564,48.235803897085205,49.72861307635941,49.86018493901292,49.91214561201704,48.62991445121792,46.0414920410952,42.75382707699032,38.9937606054932,35.16950751803795,31.261556986510133,27.377318932012734
res-amazonsagemaker-1260,2026-03-10T00:00:00+00:00,36.3099011448096,4788.313843408677,41957356.95799418,49781190.84882059,8819.002271991683,20.919704249354997,normal,25.70287960139559,22.854921622585742,22.10111736471208,20.934579918751048,22.04661373184468,23.131197366014106,25.34408706283784,29.09878501329272,32.520868774241634,36.2433894945674,40.24828922353973,44.0261466350203,46.78522907098251,49.5148198790464,51.45422226890944,51.14218635240041,51.234722279382424,48.687243153601074,46.896514622172965,43.61831935879523,40.13463952369463,36.2433894945674,32.412473471315444,29.060992191759684
res-amazonsagemaker-1261,2026-03-10T00:00:00+00:00,37.196022026718055,4639.058014073145,39876457.83016363,47304077.9955909,7898.522641156432,20.92139609186218,normal,26.670850590566133,24.523801181876138,22.964228753243795,21.52073857587164,22.163949953910283,24.76224751774112,26.89104119342513,29.492308945723156,33.31217872067563,37.1235793011974,41.11709310910534,44.90485837463635,47.404420947172085,49.66021312447418,52.23828512267195,51.97987035975689,51.49034958443311,50.35372464539648,47.62141150150144,44.90497281282913,41.18409096232754,37.1235793011974,33.354633976380356,29.942100085120657
res-amazonsagemaker-1262,2026-03-10T00:00:00+00:00,33.30649792081366,4533.35011733583,36982284.02131156,45699932.76353504,8012.207406787221,19.5853596793312,normal,22.28736571415458,20.8634432307082,18.630439727893457,18.325544695329278,18.949346480238972,20.127979825226546,23.077136272451874,26.04807126769297,29.569051624014005,33.406540077545145,37.2805259933493,40.63044000822685,43.820253488635146,45.89440420671805,47.22297353159581,48.18935502224455,48.06574497637117,45.944713115544026,44.536532198839964,40.73730132953245,37.10352223034757,33.406540077545145,29.4595877014891,25.779137303833892
res-amazonsagemaker-1251,2026-03-11T00:00:00+00:00,28.637221197129282,4127.948700407717,29066592.140884295,36227238.81760538,6132.760327053945,17.712581232113422,normal,18.257380042433606,15.43896874426558,13.65457137255956,13.101055164874225,14.070778603759457,15.569253237242787,17.948563866644164,21.175689345099723,24.78748342773108,28.681771705409886,32.75143230889617,35.853185188952835,39.26754406579385,42.04290540994953,43.29102701073084,43.0759509174495,43.25097477832624,42.19871165472348,39.41775475550682,36.39126444789453,32.54949755071482,28.681771705409886,24.915914256331412,20.91985917040285
res-amazonsagemaker-1252,2026-03-11T00:00:00+00:00,31.997151116773054,4205.78509604641,35348096.84821051,41389033.6309681,7001.901018818109,17.68695667495721,normal,21.755087746093597,18.75854443171538,17.369654534525214,16.39897992772001,17.01314588067063,18.844130736904535,21.488692428928964,24.779302067374008,28.02749924653228,32.027367136839445,35.856117269981006,39.32205267654231,43.09184887821062,44.97734157507773,46.85850008639633,47.20989139053673,46.80549943276518,44.39232203461391,42.767875432917904,39.5646115737101,36.00806554071314,32.027367136839445,28.016995470230622,24.570734166714207
res-amazonsagemaker-1253,2026-03-11T00:00:00+00:00,33.19762188296901,4284.198761138927,28987336.432354495,31686396.536456954,5570.824967790483,18.62904647965164,normal,22.89276236150574,20.68252830318653,18.99063053512343,17.517626887540914,19.005525894080307,19.97388165673935,22.2076332970604,25.421373595468022,29.11351489976971,33.16806295799151,37.04568203556523,40.47123874731491,43.313174482869385,46.77961358820188,48.18819329483985,47.89060806470861,48.07698546578078,46.586747338157416,43.50430848065746,40.99339517110688,36.98065313068354,33.16806295799151,29.170227485819296,25.600494559093654
res-amazonsagemaker-1254,2026-03-11T00:00:00+00:00,27.971017210234425,3734.4258336611447,29904523.428445958,37713511.72448404,6536.414582553061,16.264463947657767,normal,17.821583754345664,15.528332801460518,13.46386106354648,12.661077873633733,13.568452221954535,14.41468549975998,16.883290897747102,20.48130767818057,24.0208687074423,27.94283476906632,31.950031387311242,35.16857407647117,38.09455741233948,41.023306138055936,42.92815341935885,43.328616632486515,42.6150880574756,41.3682646288653,38.15717956700273,35.420958389705014,31.937448037856754,27.94283476906632,24.109687000551354,20.473418261942726
res-amazonsagemaker-1255,2026-03-11T00:00:00+00:00,30.040151134002787,4289.698384508589,42705447.51023685,47287555.8656361,8154.890027538142,18.358245667448806,normal,19.857262719736617,17.18333375888892,15.659363014591724,14.269671894491857,15.037950601249216,17.178972833478696,19.51455546405387,22.557469926012253,26.077288450621424,29.994650752223798,33.771930229505806,37.303822571132784,41.12144626344387,42.9709539957594,44.75081218035909,45.457152675711875,44.46803586378374,42.35682925237079,40.866062425401694,37.55698696469647,34.02358049677132,29.994650752223798,26.15314654441854,22.837697585139388
res-amazonsagemaker-1256,2026-03-11T00:00:00+00:00,30.005769288483805,4007.8817111142894,39637117.38548765,45428156.423638955,7800.551238120799,17.325169906231384,normal,19.16430084134576,17.079368759628135,15.42817985821853,14.899230498109048,14.971616285023833,16.515975778098188,19.336201951122952,22.772561012565355,26.181636794656704,30.11806888015847,34.11256022762078,37.89044890616102,40.87065968228559,43.13035011102622,45.12411538428635,45.037542789611294,44.57385913837464,42.48120031893287,40.270576026930584,37.56525690831215,33.809195275345544,30.11806888015847,26.16606165150713,22.52142696413163
res-amazonsagemaker-1257,2026-03-11T00:00:00+00:00,33.39525486940024,4492.072170818215,28098995.946890935,35342299.58828716,5404.66453762828,19.148942770459914,normal,22.637177772112864,20.045082364456505,18.782449623612408,17.863991900368607,19.044172233917347,19.822822631041845,23.31631148758108,26.20267728161074,29.707568176390176,33.42823865468162,37.34464315822387,40.88515091181498,43.72739918924062,46.07053241118385,48.36220066001259,47.75838361202243,48.62926604917952,46.70533130699572,44.48158404060713,40.6903560044953,37.33351049499559,33.42823865468162,29.499050468984166,25.719977777395187
res-amazonsagemaker-1258,2026-03-11T00:00:00+00:00,29.620917644836606,4213.029625060769,29120121.916793548,35208402.56472746,5837.461322515569,17.577109177066106,normal,18.643717044314837,16.772184513733333,14.742415340221084,14.983589693868423,14.462332524276304,17.270306657822537,19.367409506962325,22.489812370341788,25.936420538215465,29.631245602398163,33.42652895469668,36.93194620061213,39.99084350428505,43.014999950890406,43.84743180533321,44.77090017123906,44.63935049919098,42.38620605643691,39.862169330299,36.806853906756274,33.53811653092402,29.631245602398163,25.604909534157404,22.151087636704872
res-amazonsagemaker-1259,2026-03-11T00:00:00+00:00,32.787621053230566,4423.404215412421,30137996.539298322,37814785.25843522,5996.390089518628,19.103886952430187,normal,21.829964175068433,19.401187029115757,18.924246899027406,17.59443505744288,18.43630518183326,20.376334533948857,22.70235589514862,25.19580166926473,29.00163940034651,32.8441850749412,36.61507819662663,40.42077828860532,43.077852919715816,45.190339218046645,46.62901675083012,47.64596767360247,47.650068151709235,45.967809426862146,43.186353058052546,40.04565000948747,36.672834406694584,32.8441850749412,29.021341998858404,25.62917518736329
res-amazonsagemaker-1260,2026-03-11T00:00:00+00:00,27.736691164514962,4042.1820886708583,39790118.577600054,46178453.12083889,7233.924577187472,18.011214525798348,normal,17.360002942657374,14.418950624908007,13.368776699623394,12.628919417677285,13.539013958470482,14.894680390591596,16.985294511329258,19.985503455214033,23.670366299694336,27.70482417703994,31.637736453106577,35.2032984695386,38.47723060980101,40.853521621496824,42.367918724895944,42.60923748551601,41.894576571174696,40.59289871567053,38.66895974552733,35.08696516353576,31.727430606574732,27.70482417703994,23.801677662492686,20.497979464782723
res-amazonsagemaker-1261,2026-03-11T00:00:00+00:00,29.462413374140898,4149.526428022416,36741649.7522475,44961116.365384154,7372.674678107882,18.16142529339868,normal,18.571920320868067,16.185463971774944,15.322936405168106,14.502130387071277,15.284668385157078,16.787625629292037,18.693376087420262,22.082755610717424,25.59409935679563,29.360476402991935,33.2047756189929,36.637470647971206,39.84363431864202,42.45402745389287,43.992447635750494,44.957562924557806,44.472633986066086,41.965065750446136,39.95681655302966,36.81967929251438,33.34652756878381,29.360476402991935,25.584527503576943,22.116822764908484
res-amazonsagemaker-1262,2026-03-11T00:00:00+00:00,32.94113323338183,4298.939714389417,37502659.87769178,47837318.879044265,7771.8623251601875,19.404737766135366,normal,22.576075884319984,20.46372616342594,18.55521781724255,18.433571485741705,18.948585544613728,20.231158880621777,21.85402400793408,25.530423246112882,29.185460635164333,32.95530011111286,36.82894704919488,40.13418485901617,43.35506666447103,45.48218611630137,46.85059393501031,48.568789587389105,47.13143716266083,45.56783853171785,43.77440666377837,40.12338668882175,37.02131088381094,32.95530011111286,28.97017531261839,25.09003025897004
res-amazonsagemaker-1251,2026-03-12T00:00:00+00:00,28.503393487519446,3861.2301608752573,30349413.564198207,34368156.353195444,5963.059931748598,16.01557065002245,normal,18.367712714740307,15.354612651024217,14.08896950200806,13.525964028074945,13.60679055544556,15.212170839858514,17.45291014378641,21.32274386269355,24.787210116507257,28.573886877970086,32.58786374584863,36.3153887995538,39.13443120725573,41.05503471360635,42.869860617126776,43.24453927554721,43.078413341870856,41.12840190921285,39.32802194116022,36.422920528365,32.547547589071726,28.573886877970086,24.609444783080384,20.892717078688214
res-amazonsagemaker-1252,2026-03-12T00:00:00+00:00,31.797297172609195,4262.74144234443,35144325.77124797,45681936.5628202,7509.935741717182,18.074338658782118,normal,21.334036635757712,19.27246261693326,16.909530011209725,16.689093203352314,17.542973301843848,18.401923078333475,21.194521507652226,24.109782663930954,27.646784622481068,31.722401653364734,35.739773403103506,39.26644425037355,42.19348499562474,45.29905613883447,46.84737181298348,46.06321716309188,46.49544801171688,44.84659992920044,42.51755106049445,39.55871706415459,35.795089264533395,31.722401653364734,27.920176673263214,24.04629142702215
res-amazonsagemaker-1253,2026-03-12T00:00:00+00:00,32.77911613748491,4338.100669367915,29072586.092431754,34139484.31397019,5603.200892209584,19.62726519191125,normal,22.03505366928767,19.391911880707482,17.68131236587265,17.56880356237044,18.266635596505388,19.295393870887445,22.25561430992013,25.58313590331091,29.15427360375475,32.879110469724935,36.79711462863168,40.50836966040949,43.7762878555885,45.61316610798987,47.18035225993428,48.32428053937166,46.854661015286915,46.33823732008466,43.255031065141026,40.349160176862256,36.65542642650329,32.879110469724935,28.897614349282765,25.158730192484676
res-amazonsagemaker-1254,2026-03-12T00:00:00+00:00,31.85034073834102,4340.356868474548,31414366.53512082,39524865.732238814,6637.147773956684,18.624194332031685,normal,21.194647409617296,18.806866450966595,17.150239364548316,16.802919302733848,17.303125503057203,18.788754739072814,21.488870854354325,24.216437359032415,28.079476894186634,31.90671622143065,35.87692380936304,39.44939159684607,42.22999308993464,44.99916390365293,46.85511202180983,46.27704828550867,46.62518148547536,44.38831521685418,42.66997836542334,39.24089373731263,35.94069211202006,31.90671622143065,28.069164359834712,24.14154941571831
res-amazonsagemaker-1255,2026-03-12T00:00:00+00:00,30.250670712399934,3970.525757067081,41041375.04910894,46281728.36716633,7554.927774268772,18.249277177397623,normal,19.58394323462045,16.971095657233413,15.362107172651717,15.319746680072544,16.27484147868691,16.820235841789604,20.021405679205735,22.412683083176226,26.44364488385655,30.272671876026415,34.23327171129452,38.04656521858217,41.3486896877238,43.48319200446306,45.167722899972816,44.82734246733787,44.59057790570903,43.13387928665004,40.53011023252778,37.818093750252245,34.25039220584234,30.272671876026415,26.302495889318216,22.528716374578504
res-amazonsagemaker-1256,2026-03-12T00:00:00+00:00,28.883360937815766,3901.492202342085,38392212.249705896,46450496.65349599,7513.873559457231,16.500118275282034,normal,18.824523454245377,16.48165623819878,13.815993958857176,13.307718719533788,14.39446457301943,15.465146276778142,18.52307410641251,21.67448307424962,24.848448728247945,28.915552809016656,32.718750348368,36.4285668902485,39.62944564533049,41.68668325957502,43.79129650508443,43.22544934578883,43.02978483526738,41.66188276685433,39.75924466475866,36.63790337769522,32.846394733801596,28.915552809016656,25.125832204795206,21.49281318243461
res-amazonsagemaker-1257,2026-03-12T00:00:00+00:00,26.967857926364548,3726.9463779566463,27348488.172739144,31463958.55896153,5124.178959360112,16.95787690166137,normal,16.52431085538213,14.565631020321987,12.921998089888515,12.111642534167784,12.418238449030154,13.935738763533132,16.68267838693751,19.685968136802153,23.019926172222885,26.984094887129352,30.74577271789485,34.449005780823605,37.58352063703859,39.58389687384755,41.4255126296476,42.35646254851903,40.99589875796463,39.790840467668566,37.16785738183239,34.270444062195025,30.840062816169024,26.984094887129352,23.02455667661356,19.160436699989802
res-amazonsagemaker-1258,2026-03-12T00:00:00+00:00,29.691992527808015,4210.539156633659,29341050.159631655,35094046.349394895,5871.735117268486,17.429292202984882,normal,19.45838287423399,16.594667163582443,14.936449460029788,15.354254459942316,15.070087012086768,16.818236700731035,19.070063373489308,22.424192120630323,25.747499688316967,29.63090314925439,33.60563117989557,37.45179461176739,40.001503016838896,42.46862347785627,44.335696003061884,44.99034690991799,43.83593692456426,42.423300570362926,39.846884768619226,37.264933319522356,33.45437884580492,29.63090314925439,25.696599989184943,22.496551898443993
res-amazonsagemaker-1259,2026-03-12T00:00:00+00:00,29.081792303756597,4206.963201464946,30608128.37415301,35604208.172442764,5887.17039266219,17.93706945235125,normal,18.566320554744134,15.644729613006037,15.040285311110672,13.887359064327224,14.037368806025011,16.15743024991318,18.649268946881516,21.52590073055978,25.468899718701547,29.21196107575193,33.03673458950842,36.96488594502427,39.37045508615609,42.32067124711769,43.051044803301295,44.21341576721905,43.164859736108596,42.34208976115408,39.61722725931021,36.614966854343656,32.9245752746836,29.21196107575193,25.289822446295005,21.650781373163397
res-amazonsagemaker-1260,2026-03-12T00:00:00+00:00,29.00100844954702,3926.918918407146,37431820.65460606,43026831.8678212,7483.621353894225,16.600274871912273,normal,18.78110680652526,16.063968540295274,14.366204669265048,14.012785991781842,14.470977917530474,15.606341194777373,18.611503989850235,21.65276462523632,25.284593291623818,29.0371560384113,32.80580558019761,36.55198033192241,40.01939887987277,41.50551673961217,43.04576763427736,43.56239059526976,42.996299303167135,42.60545729162708,39.89826587354359,36.50338369753937,32.84088059923565,29.0371560384113,25.339793250007048,21.424703909148278
res-amazonsagemaker-1261,2026-03-12T00:00:00+00:00,25.90179309333853,3985.988176188368,36929310.33963942,42774101.195918486,7264.9750274997605,17.12985943522781,normal,14.941012512158617,12.526717685225213,11.324742534689724,10.320111561959871,11.059009921368391,13.24488820074297,14.89589593763396,18.526250203391527,21.87241000496918,25.942344079655747,29.711400602073077,33.36402373026988,36.72430873261029,39.30736107620719,40.541998109156395,41.30287779009537,40.40460434747189,38.653677693742246,36.76612435226218,33.68583434937675,29.75388841233477,25.942344079655747,22.12302259615344,18.708185726920323
res-amazonsagemaker-1262,2026-03-12T00:00:00+00:00,28.75186185754927,3982.557062642959,35815797.2835112,44613535.733174056,7023.916381331422,17.591763170289525,normal,18.65754203481329,16.33208520185167,13.59933902709635,13.917992444257646,14.123819795499495,15.664548096391282,18.55748241583011,21.385686066490866,24.84440262278982,28.80993328552671,32.72687841026068,36.21309578314354,39.1673655886522,41.175128559143296,43.18911535952009,43.65472803314788,43.24160325604124,41.159273891795195,39.43495011812055,36.02352122294116,32.69075366792069,28.80993328552671,25.10476807602497,21.560738338396977
res-amazonsagemaker-1251,2026-03-13T00:00:00+00:00,34.53282950579827,4380.843551607711,30422000.06472163,37301936.25486667,6561.854449604987,19.267279086265997,normal,24.10343543723463,21.590632459075007,19.783910540686392,19.38250683546095,19.811914574348542,22.053673960167977,24.161709543261647,26.80929919365285,30.494236097795014,34.54351039305446,38.605240000881615,42.36711251496443,45.52232874620391,47.85925259320201,49.07699474981537,49.11265218237884,48.676396445202386,47.093765921681424,45.51961086597345,41.67330079419452,38.33528555388787,34.54351039305446,30.472593061591994,27.195035281388833
res-amazonsagemaker-1252,2026-03-13T00:00:00+00:00,34.497067510013316,4553.4428365356325,40338723.95974563,46480649.47582839,8106.633850579268,20.851015067505664,normal,24.20044842950695,21.93615100964896,20.007367387175165,18.936810925988073,19.997830364946402,21.38063125962495,23.74535292207682,27.014123798903704,30.608326244279283,34.4281590159551,38.25228945218106,41.640904041380466,45.419483700494936,47.53099146588192,49.393148371522614,49.394024775508235,49.124918461473136,47.9634685327513,45.29866883442609,41.816247748447864,38.24381546169322,34.4281590159551,30.555217537507303,26.613081482990886
res-amazonsagemaker-1253,2026-03-13T00:00:00+00:00,34.604744229128436,4669.110438205055,28827025.420388743,34959537.98882855,5524.640868077879,19.952966256588507,normal,23.663308067248693,21.676454820512255,19.802935788222378,20.275694378341125,20.43218886267354,21.86864590697844,24.047576029782938,27.018132616757928,30.757581598572678,34.62827379542814,38.416681950867414,41.854423699046876,45.09787443369721,47.28411874730244,49.25260518559953,49.733715687868205,49.46029421185646,47.990245520158496,44.85506416907479,42.01164460534099,38.346996576280645,34.62827379542814,30.62896854515067,26.782162506892515
res-amazonsagemaker-1254,2026-03-13T00:00:00+00:00,31.169226935845874,4357.017113591505,32230430.706981637,38842594.20943887,6828.931786914289,19.017838556669208,normal,20.9846962126457,18.198512414167695,16.802075756452403,16.82283801532802,16.029365149953804,17.593308207555268,20.507698352788957,23.34333057589335,27.38820635623042,31.17661987543206,35.23328197027006,38.598087858540445,41.57373282404493,44.41976041037421,45.62750227110986,45.99442426268318,46.06800111977708,43.82830460197502,41.98281125104393,38.59232757057894,34.966242006402005,31.17661987543206,27.392205082401723,23.761494439219916
res-amazonsagemaker-1255,2026-03-13T00:00:00+00:00,34.16924192476311,4409.362557833997,43502879.890299544,51545446.22945325,8749.071285378948,20.252373714795578,normal,23.465909916358616,20.74624713126122,19.92819387889181,19.657963298366138,19.106634999172627,21.103705653151813,23.258251656928323,26.9023872361237,30.3031570233153,34.171349526954245,37.89792370288385,41.63700331182668,44.87880253122411,47.71714544457119,48.00654111244965,48.98031210454879,49.00745018598094,46.90708457056158,45.04622066405512,42.009170477805974,38.088007861740984,34.171349526954245,30.25212925767763,26.81886512151008
res-amazonsagemaker-1256,2026-03-13T00:00:00+00:00,33.533775508406734,4573.722041949585,43719557.80414701,52564145.18938503,8695.718502437241,20.25876648218278,normal,23.30463481688497,20.546910160469967,19.222138072229377,18.300309266946762,18.51443250656779,20.36499236113277,23.412556126446997,25.922688214921628,29.76196471091211,33.50025712362543,37.28171718132607,41.00238513214561,44.41154789822882,45.89069293759215,47.34834684746012,49.188900893831395,47.901432451579616,46.80269281864834,44.505656985260075,40.91156143229892,37.401244421158275,33.50025712362543,29.57933377269473,26.233958945774233
res-amazonsagemaker-1257,2026-03-13T00:00:00+00:00,35.853339887979566,4594.3428974041735,28992407.291374058,33129609.89222905,5551.512901929662,19.965949859287697,normal,25.372786923106673,23.099380405419133,20.67814745181726,20.310944696587875,21.953711737134412,22.490961732904402,25.795041020746186,28.439334306118532,32.16330173920522,35.884176392016066,39.886884374987936,43.12172184229325,46.33351691312088,48.55673371260593,49.8370100802664,51.5879256593943,50.27768245206815,48.253366825625434,46.67908473822999,43.402835370979545,39.89062148409328,35.884176392016066,31.842547236850994,28.738263823921695
res-amazonsagemaker-1258,2026-03-13T00:00:00+00:00,34.87174045427679,4628.597932320911,31086602.23254806,38212207.21956063,5971.47261443527,20.594882946037046,normal,24.588546278353974,22.304028723410305,20.922628785159752,19.242006889077416,20.30123168731524,22.223063865275506,23.777476497666456,27.452605681855506,31.152161500747166,34.88387749441166,38.74093781374931,42.47207854061726,45.70165215383628,47.67420442050423,48.89634836669169,49.75422052048431,49.379854353924244,47.83050335465661,44.9960519551267,42.60456989700323,38.70527618562573,34.88387749441166,31.112849002516427,27.321719440222243
res-amazonsagemaker-1259,2026-03-13T00:00:00+00:00,31.04997637474787,4395.295561877261,31704094.46016146,37855457.512065925,5988.262514851119,19.33400038813103,normal,20.498277556916285,17.762948273822396,17.05491788971463,15.467450915218585,17.110520916884283,17.674926849501286,20.572480847622664,23.82351858234706,27.045881256011242,31.071631518086896,34.84894737930603,38.695548762715426,41.313310955101386,44.67973283570011,45.63087984044328,45.54722789511777,44.9318729922404,44.22992880974803,41.831642383152115,38.93082607089927,34.95264698759327,31.071631518086896,27.10777581007165,23.344906147647897
res-amazonsagemaker-1260,2026-03-13T00:00:00+00:00,36.12098597876283,4551.236194010932,41199152.469958454,50239108.16452147,8263.986843441631,20.98886857502721,normal,25.600895470250606,22.890184521879977,21.101163930718762,20.54906612964939,21.844343798151826,23.59820227282492,25.77935997463029,28.512247702722377,32.20374290215222,36.09244095508688,39.89837452230033,43.27419821513859,46.4879566525605,49.33210563016701,50.75807707818766,50.75737858823404,50.975309839140536,49.679084740298435,46.4365918421249,43.80744664785895,40.085929923225436,36.09244095508688,32.40037662262067,28.7467445752968
res-amazonsagemaker-1261,2026-03-13T00:00:00+00:00,32.023991182351146,4397.099529309928,41700528.59956257,48290192.76773866,8146.12959327279,19.937392409382365,normal,21.731211352342353,19.329942046593665,17.738474727798657,17.275318551723416,17.38193333393989,18.382723366314032,21.435814931562135,24.701970037947817,27.88374544527587,31.890254681159572,35.7785692220835,39.62204459130686,42.567328398347,45.43943378483347,45.69814119773331,47.55296088934014,46.74094853240723,44.65662345353593,42.632261553815894,39.43674208051891,35.931895814311844,31.890254681159572,28.163461541302524,24.713734161073862
res-amazonsagemaker-1262,2026-03-13T00:00:00+00:00,36.02179572833152,4662.793816773648,41149913.64088763,46251717.97997847,8340.257473709651,20.339857401335813,normal,25.176851927014575,23.30593321814049,21.707596767785645,20.321699300617496,21.391480258435035,22.428821342603,25.79855177233874,28.38708578413903,32.08101494870934,35.891589583942,39.9140181707842,43.64525000091771,46.91822875335189,48.790375381544344,51.04925973591805,50.6225549794327,51.08921682790382,49.21600476336819,46.66189790373008,43.68487921052385,39.824969586402695,35.891589583942,32.06314078981809,28.66108688859357
res-amazonsagemaker-1251,2026-03-14T00:00:00+00:00,14.07565752826145,2850.392040890886,24776767.268236425,31371155.306742303,5232.032817049983,12.049457276289047,normal,5.903935885811676,4.293760737972633,2.814377168746245,2.897613441195304,2.7860989605038657,4.74370699046088,5.922757862069432,8.655534220144439,11.29038768807113,14.123480087214856,17.102690025411835,19.829380186165576,21.947246692514266,24.329816126287156,24.50997304279435,25.677074141414806,24.733598498629238,23.444415558734008,22.187213489412,19.652348522287575,17.0207841621368,14.123480087214856,11.345506183902721,8.480600919179095
res-amazonsagemaker-1252,2026-03-14T00:00:00+00:00,15.523661424429081,2992.1628955447777,29579531.724748094,36333013.65490068,5924.467880470546,12.519653377621585,normal,7.924226055157744,5.288670360084968,4.556003740306876,4.386644354455996,4.505312891875416,6.087987797939575,7.551498929216223,9.757149128362514,12.531665299337455,15.488346785386497,18.33727567942244,20.871765023076065,23.341889641792005,24.87337914044187,26.78236416496855,27.27983930011412,26.501177379220103,25.517319802802554,23.599769320049916,21.140327201719323,18.495639038441606,15.488346785386497,12.572945884943426,9.688330481796228
res-amazonsagemaker-1253,2026-03-14T00:00:00+00:00,16.278654741344013,3290.6803973433844,22078453.25028969,26869180.420754865,4607.663434601361,13.748802340092173,normal,8.597627478608128,6.330268576031957,4.994373975946843,5.1737650231013035,4.9092477196224005,6.364678743170634,8.27670695727021,10.776892747360847,13.52068713855958,16.291610778126625,19.32320481620495,22.0876549241025,24.630635257767384,26.33409112024001,27.407692532190715,27.076855440312904,27.67953916373369,25.83172652516911,24.04276463026644,21.65186816595737,19.174660312602203,16.291610778126625,13.301433411701666,10.618117576082199
res-amazonsagemaker-1254,2026-03-14T00:00:00+00:00,14.425070573726904,3101.9750685331487,25851097.69973316,33190071.475092236,5613.601192623478,12.079245527272585,normal,6.813528810498632,4.436811423603257,4.022183902723112,3.5230456445986085,3.1406800332717717,4.323600424923566,6.804186512919055,9.020449600404978,11.539522443099255,14.492988762365037,17.421473004104364,19.994436693714697,22.2766830294283,23.783810789028312,24.822398081987018,25.324736627100457,25.895375296223893,23.939819560340624,22.487125888266036,19.933463737471097,17.51134783380234,14.492988762365037,11.510802098060724,8.690234809145522
res-amazonsagemaker-1255,2026-03-14T00:00:00+00:00,14.06242924518556,2851.3781605072745,31430241.297248945,39316999.57955524,6458.859813449488,11.929566666266712,normal,6.391584716162249,4.622629132202398,2.8471426700310967,2.8807327433864547,3.5616953448829336,4.103023263288723,5.819241806774542,8.35997106118465,11.051345601662039,14.085589890062508,16.977722730904595,19.488594022573402,21.70115958307825,23.734059192829484,25.150193242771618,25.62166727246949,24.572846012178932,23.939190802810963,22.060404408456293,19.883779368738885,17.06389314151535,14.085589890062508,11.247758759003853,8.248487227422231
res-amazonsagemaker-1256,2026-03-14T00:00:00+00:00,13.491781095894742,2868.28517697987,33445500.12785689,38849906.26820482,6388.095553109588,11.64776520984503,normal,5.79687101587486,4.086145025076437,2.8463358280089746,2.567103246967185,2.046836419682162,3.25905031520064,5.314528773608664,7.6319204593647685,10.42023475978675,13.447898084056792,16.44937278555785,19.299337560397632,21.045228976251636,23.489007660989696,23.861347315931404,25.197564081306297,24.50206727763809,23.67620284474648,21.325444315595643,19.275138848664007,16.492463696216056,13.447898084056792,10.431042068558703,7.893706857936315
res-amazonsagemaker-1257,2026-03-14T00:00:00+00:00,12.597891121329889,2656.336012086316,21482551.93270478,26276245.35339576,4265.779116654159,11.179919872499376,normal,4.573527514718644,2.806005217809463,2.0,2.0,2.027968719849244,2.6628472424737075,5.116890173064498,7.317776668738034,9.604543197969324,12.611612880222197,15.459510230971492,18.358013489841987,20.586625436767694,21.917021757443276,23.297533748863664,23.238004143997653,23.16743797767878,21.95258236089238,20.721246640087564,18.29929368180915,15.36128073776904,12.611612880222197,9.67072996075395,6.987322249973429
res-amazonsagemaker-1258,2026-03-14T00:00:00+00:00,14.544326563762212,3159.990054233792,24628036.29251917,30813013.06239424,4798.878175840649,12.762438840071487,normal,6.54815760118794,5.174826733530923,3.3794015232783523,3.197203581736531,3.127795972368627,4.966603467892524,6.730980657087169,8.961009240901664,11.571076794309773,14.495619564577488,17.35012534975962,20.32284416129893,22.130111986276972,24.238228010364892,25.638524581600294,26.25953959960226,25.777053593007523,23.957988736240956,22.419270287201314,20.166425080574506,17.35635294906032,14.495619564577488,11.6755619250115,9.123516568845504
res-amazonsagemaker-1259,2026-03-14T00:00:00+00:00,13.25030185915621,2958.3377323660407,25232182.560927633,27913558.794449754,4774.02662221313,11.923241905902549,normal,5.289341410584566,3.596972084359519,2.3447749200014623,2.241563362399802,2.0,3.1631791643892266,5.151948506221794,7.424247180776407,10.501223751284556,13.32809040749965,16.278083049320013,18.89099350490588,21.06653673505843,22.625868380148866,24.67893704865097,24.27493333108228,24.163572657254214,22.605364250290847,21.31310249253496,19.142815498673947,16.227593218456995,13.32809040749965,10.499661999255606,7.870351259099404
res-amazonsagemaker-1260,2026-03-14T00:00:00+00:00,13.7576216873764,2916.87407821439,32295080.18709049,37790766.01945413,6264.014264194174,12.401384987541151,normal,5.716710511135693,3.9803486015619702,3.1761343184532604,2.0975721932914264,2.599966677839633,3.88965661778541,5.911571777691716,8.23643908547762,10.782585004088544,13.764741345699502,16.54072555053477,19.652945401571944,22.077175982820812,23.938919713199844,24.683060405355057,24.561083391628134,24.631613735210287,23.3711851446536,21.782673483484707,19.61456530966594,16.66688166722998,13.764741345699502,10.855845830909773,7.88577740204445
res-amazonsagemaker-1261,2026-03-14T00:00:00+00:00,14.444583892259198,3064.636309768584,32803228.005439438,38300960.552074045,6060.256358750773,12.443602983921302,normal,6.581746917997853,4.657335787355417,3.9791186540447736,3.60353756843804,3.8309544178018498,4.312858241815604,6.694603967815937,8.438931523534553,11.48928433321272,14.311770027468828,17.354642475129005,19.89593525934331,22.28479857049442,23.879860692647245,25.61261733266761,25.572956586472383,25.701725769616065,24.511438517523846,22.6264147335001,19.855916172921816,17.10187941466713,14.311770027468828,11.291335278579622,8.768581143703774
res-amazonsagemaker-1262,2026-03-14T00:00:00+00:00,14.746928649574059,3079.19060551664,31670265.99083883,40207355.83941552,6516.1689091218195,13.384277270596522,normal,6.727279107405476,5.426134942804078,4.209211700558077,3.3788220954997454,4.375546864823599,5.297385626445684,6.967757648483701,9.332722407232502,11.765607665831698,14.70052057686176,17.47757976502018,20.278415765605843,22.689462515754247,24.465064858483316,25.55079323760119,25.495522814189172,25.294242663141425,24.86005075433174,22.403453501468984,20.485348893744472,17.50945279739307,14.70052057686176,11.73673585123567,8.798654959000043
res-amazonsagemaker-1251,2026-03-15T00:00:00+00:00,13.302081683537162,3092.2606350161577,26039262.67557144,30419184.822995238,4974.58705621972,12.805537912955845,normal,5.587310961789447,3.548369561356142,2.8525290636857497,2.0196036367283012,2.3128141516673777,3.1605449771021097,5.125575729225371,7.582515835935478,10.29064083666653,13.291706686216548,16.212766324316163,18.683556846351713,21.264619625141847,22.926265714331922,24.607145334703937,24.31863048008791,24.36125034320743,23.21729175606763,21.41624826707342,19.018496597938015,16.314805702196395,13.291706686216548,10.276513464964975,7.5690518219209775
res-amazonsagemaker-1252,2026-03-15T00:00:00+00:00,15.698576605411299,3324.8579256503044,33047957.26231467,40260188.458892494,6346.559490437234,14.565220444797296,normal,7.49400762837198,5.851841002893783,4.756507900103541,4.452074284146747,5.101884852367634,5.895009294912759,7.80668968232777,10.174587952954107,12.79009399461593,15.74293966616627,18.68522242192012,21.647845895764938,23.334137114480676,25.460912268480197,26.559230221610903,26.513663140350154,26.602105945581123,25.144862149434132,23.954151684208043,21.593106767622523,18.749011453403128,15.74293966616627,12.788338839161272,9.924674702827234
res-amazonsagemaker-1253,2026-03-15T00:00:00+00:00,16.629901633367854,3319.3595112474586,23304873.825186737,29526591.271857377,4877.428071622647,13.84044092813101,normal,8.576005579556462,6.504962483600467,5.340108829061064,5.098243591679812,5.9577442477500995,7.280699890509521,8.278500113568665,10.957150004360425,13.82234138907031,16.620674214209743,19.519945734551328,22.50570082163315,24.46837695817702,26.762278522885584,27.87130523552706,27.8383397222001,27.28341824031896,26.5977603892969,24.85437996445838,21.988427557529413,19.452269583882597,16.620674214209743,13.794018190997937,11.124313721793733
res-amazonsagemaker-1254,2026-03-15T00:00:00+00:00,16.98709413670476,3295.9166908728203,27142537.532706097,32054534.993854586,5560.923461167164,13.854833672203348,normal,9.25488382842578,7.147832113366689,6.32784689014162,5.976877399969238,6.074210299244421,6.80647057968174,9.094237988339877,11.482666916929976,14.145659450683993,16.984669393498535,19.880269467086592,22.819560128871533,24.792271774476312,26.50572804280028,27.931971669059607,28.337237684636968,27.792286623808142,26.42601903318768,24.693885531117633,22.62102353314608,19.83375236877855,16.984669393498535,14.210846382985222,11.565382787179237
res-amazonsagemaker-1255,2026-03-15T00:00:00+00:00,16.270426857804644,3262.454058682165,32714837.36025467,42106491.81186914,6696.182063118333,13.87766784432742,normal,8.715672187651169,6.334381828933229,5.522304576505139,4.7287204428390925,5.309154746092235,6.889534134596786,8.34847431579528,10.6249965606398,13.369223815937438,16.281058570944804,19.294571545592138,21.99979263998633,23.86795442019242,25.88011662557765,27.0052162703506,27.21885278827737,27.06908170330785,25.719590606856762,24.439320803572684,22.094170497936346,19.319254724042345,16.281058570944804,13.358047930934795,10.819694279804406
res-amazonsagemaker-1256,2026-03-15T00:00:00+00:00,16.43695385628367,3093.448630507292,32758615.91148881,39460004.35388968,6460.400233618573,13.59095307852661,normal,8.519885046656348,6.199497675419289,5.2241486104705,5.258359291052951,5.333443249077077,6.514376603187211,8.830722762090147,10.87015682264423,13.50329184557873,16.42245207729227,19.241556477952496,22.13832314040171,24.765574498571954,26.01003400074366,27.789072132342902,27.960984318969192,27.102439906524996,26.086972870651262,24.478453727229926,22.186825441043247,19.406053787002694,16.42245207729227,13.623582879992739,10.598233308620285
res-amazonsagemaker-1257,2026-03-15T00:00:00+00:00,14.982498951770964,3327.8346365337347,23488993.50013453,30021253.922844503,4595.175493426136,14.001923564055877,normal,7.316667302219015,5.64991408391797,4.57863870934541,3.4546568990604145,4.045493952421083,4.996448464122707,7.1655536786451535,9.158672845471495,12.050272650974536,14.90712109030634,17.924376705751545,20.28726945356992,23.14466703287516,24.485748453619035,25.497377853367535,26.549532354856606,25.98568736609773,24.45114700944481,23.018666853608302,20.759081910407506,17.926710065271884,14.90712109030634,11.850766426310702,9.468382590531945
res-amazonsagemaker-1258,2026-03-15T00:00:00+00:00,13.585643370060225,3062.3918609656757,24377444.11848822,28495081.39487434,5031.043553238645,13.116332694507312,normal,5.276924268162954,3.860155324311907,2.719429763048931,2.341338033528773,2.4741557134316214,3.420018836078869,5.300702246399792,8.147093557670011,10.693258941972557,13.622079451204435,16.424469099528185,19.357957644010035,21.78314572817597,23.72467379490879,24.74468856191473,24.443086475653825,24.94401813849831,23.083198297799562,21.664203464009795,19.328580408078597,16.43246626751743,13.622079451204435,10.768649019431823,7.879068394904084
res-amazonsagemaker-1259,2026-03-15T00:00:00+00:00,17.593420203296628,3260.0158556768356,26823752.143356163,32846382.30279074,5615.908215581294,14.619721836382915,normal,9.403888177683775,7.640831840613536,6.3307942018696295,6.617436955572396,6.676364269006225,8.20840448662413,9.542403937512418,11.789285427983193,14.82686044176352,17.68662742082617,20.73616791525319,23.047920050071426,25.533558250177208,27.487622568277217,28.859660910975453,28.617745243962467,28.06870788113784,27.621253513305177,25.321081914746046,23.16754744685967,20.530721016572244,17.68662742082617,14.751772060301935,12.088801527198028
res-amazonsagemaker-1260,2026-03-15T00:00:00+00:00,16.88518857365069,3343.1747576526377,33843201.08531866,39478396.76817723,6515.362451577885,14.47817169072077,normal,9.128577112402231,6.891052172284615,6.030968347147784,5.8308200150730265,6.491563985091844,6.816893099620017,8.746742072838373,11.481133046221625,13.920542227219663,16.94147490555453,19.931962041450003,22.651568337032927,24.554497996231778,26.439471257247206,27.724181142897727,27.75461070888163,27.669799261520932,26.232251648458135,25.201535961237745,22.309525571524844,19.86727135041184,16.94147490555453,14.090086238738147,11.596522362975442
res-amazonsagemaker-1261,2026-03-15T00:00:00+00:00,14.239982869565873,3216.744329804517,32802678.085592985,40934804.47758292,6735.344600840415,13.43484821842049,normal,6.412395778863633,4.284420199336755,2.9895929696771373,3.171857521069378,3.478123071850554,4.359715083799955,6.628655275149504,8.491574511215774,11.462332231577992,14.307676995961192,17.347041530336245,20.19715210684423,22.20971085251403,23.825227903707095,24.77998132924298,25.17016867771192,25.185428252753134,24.23146507125931,22.153528492569585,19.785875051457126,17.074709883834473,14.307676995961192,11.35816840270067,8.54711068018708
res-amazonsagemaker-1262,2026-03-15T00:00:00+00:00,15.69952421600667,3415.782161289827,32257782.88860665,40683722.864046454,6748.208072398294,14.555248649736518,normal,8.06749893821627,5.662275716628956,5.010466635472156,4.658268657714034,5.01881316735594,5.675312330836107,7.56724273603289,10.291940398667688,12.667033748411404,15.66357926057934,18.64528781343107,21.539779923177072,23.727143826659123,25.584114396421963,26.355934723900745,27.05089100242323,26.765688004426497,25.17335423623998,23.484169094485438,21.057816769870456,18.652797015906817,15.66357926057934,12.785659204018174,10.01993432270536
res-amazonsagemaker-1251,2026-03-16T00:00:00+00:00,32.592191575549414,4258.389115993682,31411734.877665494,39141997.770746656,6241.810968102324,18.860009985246144,normal,21.571696141968136,19.955930589978763,17.679140465900257,17.13130906027749,18.502416102615,20.24007842077544,21.68732987290708,24.956293670110824,28.752491081224647,32.68215583934419,36.454390283299745,40.053669725014025,42.871011834105495,46.09575499988177,46.6461985822481,47.13542709433162,47.73267029743139,45.91820072165966,43.0302778454222,40.011543548224026,36.70675039942454,32.68215583934419,28.83193832452973,24.883767073167583
res-amazonsagemaker-1252,2026-03-16T00:00:00+00:00,33.415558080070745,4245.638475437287,37825786.175902896,44691126.4174157,7163.171485845823,18.963331184185616,normal,22.793974532941483,20.552825273236152,19.183591644152443,18.696712501413256,19.431380765321627,20.073337471083185,22.929676204277527,25.87664576250758,29.47737386360457,33.42761085909507,37.234782735022435,41.13567332344535,44.06857683068857,45.95431187123798,47.54412431223717,47.991706300000885,47.881277270579254,45.88310391532127,44.17129515184333,41.20257397717153,37.37832609592798,33.42761085909507,29.556095309688324,26.10080709180589
res-amazonsagemaker-1253,2026-03-16T00:00:00+00:00,37.13496743545839,4714.635368282336,29141484.63497543,33382915.55385715,5617.852588232784,20.83557543626452,normal,26.180168478572323,24.15432000916401,22.994893318129545,22.409821771572503,23.226549661203777,24.346427683951383,26.31444481414861,29.406427085279883,33.18099957227349,37.082113751617946,40.83571677097636,44.604309144932174,47.28659607871847,49.75711442089749,52.1828412706392,52.76290532201978,51.055698446335086,49.98011041397214,47.95786629760388,44.71310363886401,41.03930552780541,37.082113751617946,33.321600170751594,29.36377104995438
res-amazonsagemaker-1254,2026-03-16T00:00:00+00:00,34.495927019709534,4746.792625070412,36198618.12600258,43441884.129421614,7230.338165664724,20.262211889223344,normal,23.823759338878283,21.018676843943226,20.499066507174696,19.975509664334577,20.140138760071093,21.27427273034359,24.239708330320376,26.969212572856964,30.535226008267106,34.49237104881883,38.31738074479325,42.274646913964354,44.760568480446004,47.833062512883934,48.51912023603259,49.39094350687504,49.312985324107515,47.32092497953542,44.65181563016704,41.882980040579135,38.26928945229015,34.49237104881883,30.56889122412305,27.339326573403568
res-amazonsagemaker-1255,2026-03-16T00:00:00+00:00,33.72441719700159,4810.947410143748,43352356.80623274,52209593.73628215,8239.524747316513,20.8920385437799,normal,22.660681731437382,20.155811816696605,18.64956669679607,18.52276724883025,19.35344731547677,21.19257645201605,23.131926041873985,26.44075033344307,30.02598702684574,33.78984369090397,37.52080101112087,41.49885740854425,44.109667418899186,46.131687494705865,47.791643878372135,49.314219578134065,48.307833143025306,47.12756613197609,44.185622545876136,41.60589748793568,37.827040190712175,33.78984369090397,29.771224071264648,26.480750322247886
res-amazonsagemaker-1256,2026-03-16T00:00:00+00:00,33.53577177407973,4584.665795460745,41902520.56521702,48911947.626524985,8073.3425294320305,20.143500027433987,normal,23.196018677651992,20.625557132441678,19.21361041747267,18.9931976598046,18.54103000821836,20.176188402661772,23.072487158240364,25.956014558663554,29.65355972716971,33.454058989416154,37.29742381275051,40.856089373312926,44.473776512956725,46.64738037725035,48.34376459229478,48.71536578028347,47.61855369271313,46.85375202497394,44.254392041083996,40.655361821142435,37.317619418304766,33.454058989416154,29.627512873480818,25.86174853620856
res-amazonsagemaker-1257,2026-03-16T00:00:00+00:00,30.934914721814806,4164.204074066545,26470077.907219276,32914427.919962913,5772.9980166128635,18.587989746245075,normal,20.051837589370017,18.402384203224912,16.642882916598907,16.12619997473334,16.526926578132745,18.395680816809744,20.119983158751864,23.490111243241746,27.002466138657994,30.901135383189818,34.85870185706952,38.51413620068989,41.434932418564664,43.845566428635436,45.06752755740153,45.59774126761077,46.030373743676094,43.256711720284706,41.56264060688342,38.25848539352859,34.7264797891295,30.901135383189818,27.059547753206708,23.664365200973577
res-amazonsagemaker-1258,2026-03-16T00:00:00+00:00,34.19548850683838,4478.86153262092,30639434.502022877,38756013.003999606,6257.1487757362975,20.011592289103366,normal,23.720197383574916,20.774292387498967,19.880959724734545,18.886851498325115,19.414904401059406,21.279946088055084,23.497198879247662,26.815709088507376,30.28881153420174,34.267919712322225,38.30165485334713,41.46701322188036,44.698126482241456,46.99187216430309,49.258083987082436,49.47957691968713,48.61138601816609,47.07084200298913,44.357768486956864,42.05796102021063,38.265344009497326,34.267919712322225,30.56377790088197,26.4736066870281
res-amazonsagemaker-1259,2026-03-16T00:00:00+00:00,33.997566114178916,4525.95810255476,31909029.346014038,38078021.81866969,6185.590351866514,20.26941507388238,normal,23.315553034046257,21.44743781733741,19.808815240997838,19.679776187331917,18.86327006858992,20.456574663503744,23.224827435263858,26.53186858764503,30.043079243530197,33.95922318695229,37.98289078702592,41.515538388571535,44.86238533996655,46.48402919249804,49.06574924525778,48.38024323201558,48.81328268471613,46.861153572195356,44.74850961370125,41.74938604789942,37.84040618407181,33.95922318695229,30.178139538624826,26.17022426159899
res-amazonsagemaker-1260,2026-03-16T00:00:00+00:00,35.81913106605277,4782.826540555942,39905489.95195805,48245229.18599625,8560.184010039127,21.04598626981952,normal,24.965624005423393,22.3674664423336,21.768134547575,20.566706330088095,21.74259330211475,22.64878487901738,25.47424147496518,28.15577869754378,31.899352672428122,35.89876406771531,39.94587870147771,43.34955085909302,46.47340087091659,48.57954016502102,50.1694373271188,50.86613345447583,49.896445137019455,48.99048110554477,46.5742230367258,43.40750002188286,39.704557438541116,35.89876406771531,31.88207355855965,28.433713421969884
res-amazonsagemaker-1261,2026-03-16T00:00:00+00:00,32.17544774283588,4187.762633405959,39841020.14111321,47325768.4405744,7882.113397148773,18.797411761246376,normal,21.907825360089582,19.1735136070185,17.791766557301774,16.560199225875564,17.679591422739783,19.660110332606216,21.50281242449966,24.67239748650821,28.025383247456094,32.010328299027925,35.96972159121417,39.777293172930705,43.10064710066644,45.62651118331298,47.19692762839776,47.571818028257766,46.63102840290977,44.67390517111754,42.098227345015864,39.39959998525557,36.01841682475297,32.010328299027925,28.26759406591676,24.8847990661616
res-amazonsagemaker-1262,2026-03-16T00:00:00+00:00,32.55737750465972,4339.123209823589,37924617.1339854,46139178.26047295,7966.740264623756,19.632087217964884,normal,21.992023966132173,19.08229033433077,18.52517668388507,17.146685241354483,17.618241977853323,19.83800615415,22.539991592771393,24.825612649709015,28.970665436010353,32.695390148944526,36.51842941993709,40.27752547471187,43.09062285491163,45.523245519278966,46.87056244216791,47.25334244203238,46.984455190747774,46.16048870541051,42.858186726216715,39.828750818035346,36.47518171778659,32.695390148944526,28.646054668753976,24.960739797756975
res-amazonsagemaker-1251,2026-03-17T00:00:00+00:00,37.94450140083544,5207.8529879069165,33712550.704397865,43269055.75851242,6736.120165481206,22.529118285851872,normal,27.594113673572423,24.91049075282858,23.232452090493297,23.00382528593657,23.658186040729124,24.841192922083422,27.77304541044338,30.586102573065162,34.07793284827069,37.91596573544437,41.91756383991067,45.606035723828654,48.49329236336615,50.89621296793259,52.69805667679745,52.91874720945044,51.872074281290864,50.85616451885282,48.63122008127767,45.480422865466984,41.65378487150794,37.91596573544437,34.08512471748369,30.05006043457331
res-amazonsagemaker-1252,2026-03-17T00:00:00+00:00,35.181459043240146,4770.499863336551,39860520.90645025,45798345.8518737,7538.011216343483,21.12029213954289,normal,24.917212849271124,22.740115648377106,20.907963762940618,20.44899072102767,20.040496277832744,22.25225360538515,24.01617240529773,27.92596642276515,31.248732939137483,35.14322944816719,38.95151703159054,42.377567850243715,45.87146451817335,48.24023684522447,49.39381363710092,49.78224646781382,50.14137682860707,48.72094528228944,45.96178242035255,42.64385812437215,38.86696462060902,35.14322944816719,31.276168306114094,27.342711576903223
res-amazonsagemaker-1253,2026-03-17T00:00:00+00:00,35.555675201435264,4828.398322677947,29703094.12980277,36034741.886969514,5720.941149737646,21.133026357224068,normal,25.25384807370401,22.243111052583856,20.68408781970419,20.297980119073316,21.60306940337757,22.993683574865024,24.614790081481182,28.211821542098882,31.673972309557712,35.57756363116372,39.37464928707638,42.83434682264763,46.03006027914631,48.597776357933334,49.97956515881469,50.24252842826532,49.920920681862256,48.89202669328709,46.24488875747977,42.93632982917319,39.462701948442856,35.57756363116372,31.77568407005358,28.313235281490762
res-amazonsagemaker-1254,2026-03-17T00:00:00+00:00,33.8053930814331,4830.253662488621,36278453.52961427,42547336.55676958,7460.759037646236,20.554436718424096,normal,22.913421522453298,21.02123147797724,18.818957885627235,18.209307376572916,20.02835476941583,20.96809218615992,23.33731980684994,26.26650606696324,30.161857973463242,33.87767142707561,37.87077110993205,41.019800247742985,44.15345069171637,47.28986650232086,47.96542917855097,48.67936605309398,48.58643158736675,46.30899814969817,44.66961612306655,41.205433024208254,37.63243701927664,33.87767142707561,30.128884208958315,26.338558138828617
res-amazonsagemaker-1255,2026-03-17T00:00:00+00:00,39.59579762879614,4883.84310250535,43415484.310979344,56945377.42213446,9043.859973009528,22.234577166297328,normal,29.296676068623036,26.91293579529826,25.08056721304003,25.140910763017764,25.359361167363783,26.333114592792747,28.977434218520237,31.996960381351357,35.836575047432376,39.54468879858794,43.530468836805724,47.099934179169324,49.622052787660365,52.66720121202778,53.50199262044475,53.992919417026606,54.655379886305745,53.143332940149776,50.180237312578846,47.1132922743376,43.390856780835875,39.54468879858794,35.65362126790223,31.723940731247296
res-amazonsagemaker-1256,2026-03-17T00:00:00+00:00,38.207687856160064,5174.601354597427,44558667.66895577,53690916.43685154,9109.47235928562,22.338969448083297,normal,28.01544713682453,24.800090235651837,24.259436312856657,23.23002616448452,23.264884748828635,25.034747741452733,27.441659984514107,30.93551187853541,34.34113556251183,38.23339818023329,41.944996225135796,45.90064143186726,49.14350151788062,50.75504027677808,53.37584703648014,52.67939887025484,52.60638418667847,50.82985408571159,48.41444963898967,46.08278437860802,42.09189853280431,38.23339818023329,34.41787658072334,30.952099659802556
res-amazonsagemaker-1257,2026-03-17T00:00:00+00:00,34.63357327092567,4760.276467768607,28304875.488271777,36441895.36288193,5760.597463239702,20.391443431331666,normal,24.24942456609275,21.842966398428715,20.036257818335546,19.1401844148737,20.520141569137174,21.53677209990439,23.76384263575735,26.765339525658764,30.595668298034788,34.63624062434094,38.69203173331306,42.46599477705642,44.759783318567585,47.82256901789753,49.344330941805325,49.90115924149103,49.76051291219514,47.350179410295794,44.96317116015256,42.120948669312035,38.44233296138787,34.63624062434094,30.851816179051628,27.00784960478522
res-amazonsagemaker-1258,2026-03-17T00:00:00+00:00,38.300013056591126,5136.771373611128,32855443.850884218,38313378.82122235,6771.701064952355,22.35397688968026,normal,27.628768519249423,25.077806717535246,23.721631810075635,22.699231288106105,24.562020930899475,24.831157064339216,27.501900428246444,30.528948118060672,34.571053841299744,38.356023588410636,42.43116541409225,45.81524224234678,48.721900815236005,51.72607201526833,52.898411769793604,53.53611574794046,52.19981448411788,51.561381155120856,49.165867032100564,45.584016761849725,42.3332734533064,38.356023588410636,34.631500050265736,30.760986522115175
res-amazonsagemaker-1259,2026-03-17T00:00:00+00:00,36.37611981584042,4616.989784021035,32991078.41971791,37246449.190155074,6706.834794847808,20.1274357632246,normal,26.138991011275216,23.02458637794328,22.22048849580507,20.745427348303167,21.456556300670627,23.429632231204288,26.239618049906937,28.725372183196292,32.49592956193426,36.36340550258049,40.33909483809433,44.049603766327174,46.62151852025343,49.27118838986624,50.8089070242704,51.790668287448504,50.715586957158905,49.828415921127345,46.73144358848663,44.22799966523398,40.08587891243828,36.36340550258049,32.446632289974076,28.90652485409059
res-amazonsagemaker-1260,2026-03-17T00:00:00+00:00,38.23413949104821,4856.696262125907,43096045.95622068,50187759.98889786,8500.287459794712,21.662001122607606,normal,27.79267377526844,25.217561167345117,23.522314267309056,23.326360508833403,24.411061280096067,25.56340506208327,27.40716436908882,30.78481478739935,34.35446559350943,38.33710719472204,42.19557876555493,45.72681932376659,48.531594410663345,51.02964929476813,52.712401322685004,52.7853970815769,52.265483055104696,51.256352182939985,48.80835413392569,46.09702022802927,42.03619464659174,38.33710719472204,34.568006495735425,30.552461643438292
res-amazonsagemaker-1261,2026-03-17T00:00:00+00:00,35.86619022556249,4843.401399528583,43174571.09523278,49061539.95561104,7950.346785490488,21.084872022727385,normal,24.944794293184152,22.6951120580621,21.688941868354185,20.406714943523497,22.099484119991224,22.6814807878637,25.197659613471515,28.532492249921614,32.09004401285743,35.938386231323804,39.875420726917824,43.241882358852315,47.06970018367648,48.28302091128243,50.37783340893483,50.53237652237095,50.21641447227641,49.40045064629531,46.39355076455073,43.22393068287902,39.768983480111366,35.938386231323804,32.05303025313094,28.13847459234409
res-amazonsagemaker-1262,2026-03-17T00:00:00+00:00,42.92379940893621,5355.874267920631,45318867.913120374,51963859.919512615,8698.2921589526,24.110509936928025,normal,32.52873003711376,30.197558666720973,28.99856420904976,28.335557291158445,28.071234642988674,29.897258914893513,32.75018566506483,35.024698559165465,38.98921592512825,42.8976660647438,46.60465376925456,50.44093047356124,53.242107059771165,55.5643498356383,57.37949097813856,57.8440479300101,57.18344712757608,56.28955991314747,53.398183872857196,50.358942146250165,46.82972318284718,42.8976660647438,39.06519904428023,35.38221444036548
res-amazonsagemaker-1251,2026-03-18T00:00:00+00:00,34.738381432040576,4348.902656640479,31215123.703478135,39044794.86217782,6053.603800655216,19.145318767694658,normal,23.828307141315815,21.527866179809397,19.862962994539174,19.684726514288165,20.388163003272943,22.37921216207303,24.666328695442353,26.922881670528955,31.014942103167527,34.742734570902506,38.65112586187256,42.318200571386285,45.35491801987992,48.31300818166823,49.014049939951235,49.45395763831484,49.03425100396206,47.35143495983891,45.58562345995681,42.127518796353414,38.45499017448664,34.742734570902506,30.755828604142085,27.54538755091844
res-amazonsagemaker-1252,2026-03-18T00:00:00+00:00,30.943916848390685,4229.798963545642,36265003.75924021,44824063.671528615,7720.493573945831,19.45359461712271,normal,20.330084227646758,18.035691759004905,15.968256783902687,16.234951257985998,16.952813560351146,18.249426891973393,20.489689731930785,23.333968813740753,27.06156784624262,30.899814294556265,34.63022484332842,38.4654593061099,41.97054807320978,43.51085335237651,44.84654671971052,46.51128917943507,45.527047658424884,43.709506398301706,41.03936490190592,38.59304675848287,34.86674438894432,30.899814294556265,26.99104975444936,23.536243564805645
res-amazonsagemaker-1253,2026-03-18T00:00:00+00:00,30.1981681403481,4235.713818195749,26724415.19006843,33567066.285792,5360.495989547945,18.310542915034652,normal,20.08756141569712,17.710930867955582,15.064038311415338,15.61156915733781,15.254270569746911,16.65770676839532,19.134170014587788,23.00512481468247,26.45179898799035,30.205339449002743,34.01743770787363,37.60437287741115,40.83688911378932,43.761126971349164,44.67749837302756,45.109078861441226,44.92140550060926,42.72826916651077,40.791731169169466,37.87275457016291,34.12367931351543,30.205339449002743,26.173276940005152,22.75066499767518
res-amazonsagemaker-1254,2026-03-18T00:00:00+00:00,29.708563377416894,4182.917337469184,35109614.365317546,38645203.54778177,6662.359512511025,18.638697288373873,normal,19.24054850324563,16.68315016147642,15.045930150586482,15.223891847384946,15.05434827348308,16.426815634297483,19.36596296821799,22.34932853950179,25.697796403380906,29.73931748648053,33.57008655698557,37.405303600657696,40.02221308460558,42.73678007173754,44.584607804797045,44.086445329949,43.8554140089063,42.82285936448989,40.08923954023942,37.4760120412449,33.68806859464166,29.73931748648053,25.99476170838388,22.107321896831188
res-amazonsagemaker-1255,2026-03-18T00:00:00+00:00,32.060545577545724,4282.9348107646965,39851760.90097114,49731974.12280827,8173.05835748262,18.83772590645144,normal,21.301573000408027,18.770557319065222,17.19422672452916,17.496950784165875,17.396974175123614,19.456815275949417,21.40836606595399,24.60580507071638,28.094052757355254,32.08886811384428,35.791223264840006,39.49093182645846,43.05893655460143,45.01172992749128,47.038841992694024,46.716305350377255,46.20864633212467,44.774285604053745,42.94884855037482,39.62294233425917,36.05253084041804,32.08886811384428,28.22690022419043,24.60791365825858
res-amazonsagemaker-1256,2026-03-18T00:00:00+00:00,32.605129075786415,4568.930491234509,42479760.72596911,48086504.63994725,8770.296905104562,20.49791600389758,normal,22.36208854133959,19.71132294997678,17.912213095491754,17.887971025864765,18.634177525222675,19.28424758729482,21.654924997391454,24.96081910208571,28.752037533731148,32.56976980953695,36.37857508409792,40.30353749092211,43.673543938801345,45.08826189068801,47.43402510888767,46.82348011920075,46.96637118880628,45.88245790306706,43.409783036751364,40.395670504479355,36.60917102139837,32.56976980953695,28.560454658019857,24.69842389628119
res-amazonsagemaker-1257,2026-03-18T00:00:00+00:00,31.170691429919582,4197.062919484629,28707902.54465309,34555123.62870962,5577.187648191324,18.698628215532562,normal,20.630196931094638,18.11217653279128,16.388101368743406,15.872086001326124,16.50704044506891,18.49279537368095,20.55441177261984,23.666934194712677,27.33055278276317,31.207245905194714,35.239040889531125,38.57432110215913,41.952132781631825,44.3654743205989,45.152821340151704,46.801624632160504,45.495907646448444,43.63715203641883,42.24916589580917,38.494331797613604,35.1810189079945,31.207245905194714,27.43037345726675,23.554442297095004
res-amazonsagemaker-1258,2026-03-18T00:00:00+00:00,32.20117624105989,4445.028772182589,31359097.23894062,34878593.523107044,5913.485108541338,19.160598887274684,normal,21.30780871864161,19.761735521246976,17.933836313118622,17.665069936726177,17.3704655345513,19.131366439751446,21.668318889415374,24.80130649863269,28.248198083495854,32.26105557834965,36.105952275857724,39.82945168293275,42.52710233125633,45.16746899109855,47.00443558408783,47.17119496745225,46.176978461178905,45.37586080531978,42.50517801431442,39.61828795958151,35.970295118447126,32.26105557834965,28.407521921239244,24.5582845803916
res-amazonsagemaker-1259,2026-03-18T00:00:00+00:00,35.04396991389679,4331.380824893709,31081517.059862074,36866928.28945739,6571.890785461422,19.54580061089489,normal,24.399850183225333,21.977915793548604,20.612933038562623,20.284667931685085,20.807498523557726,22.246487116842196,24.473576743138615,27.4976209279094,31.261561608265463,34.97490311935772,38.702230286468144,42.549988826720714,45.726342775882785,47.3734258139399,49.2468623707589,50.348069956661014,49.181458689753796,48.47655873404388,46.06070952445529,42.77980546046115,38.896098630106856,34.97490311935772,31.095411618556604,27.106397140263383
res-amazonsagemaker-1260,2026-03-18T00:00:00+00:00,32.59521053246055,4532.947099158945,39912878.69138443,51120249.44687581,8172.123995721269,20.635075054963735,normal,21.852242378821202,19.738488353205085,17.701356413620417,18.061260587007027,17.683634628757382,19.692693518082137,21.39098063352759,25.03501079989052,28.69873353041738,32.5205237060259,36.229803958777,40.390768841203965,43.35169090484504,45.94224916447351,47.06925969538149,48.176040665895286,46.98478314961858,45.232549663533746,43.403540607420624,40.17968037791191,36.5250941167721,32.5205237060259,28.756647840051503,25.147495537787886
res-amazonsagemaker-1261,2026-03-18T00:00:00+00:00,29.80899135506,4258.855054497965,38165785.17809642,47254200.418914825,7293.413847896963,18.33457271242068,normal,19.290604094658086,17.09357892948355,15.401209687299405,15.200103181453809,15.28175735814587,17.3235757824452,18.930602411890998,22.611443959833238,25.989751070702436,29.870045564806396,33.89858725361241,37.18452937190641,40.86607421635455,42.2852536274576,43.79844351151044,44.181359174166005,43.862798655077604,42.90349767213623,40.57275073062041,37.08647360936304,33.630204137034106,29.870045564806396,26.107593085335637,22.175509871340196
res-amazonsagemaker-1262,2026-03-18T00:00:00+00:00,31.641437126958337,4580.238233089888,39919048.72074902,47323355.85877461,7454.753435069739,19.701924230886952,normal,21.59723216015263,18.170145041868913,17.67697540866469,16.234175916853594,17.24820837342321,18.843234666843525,20.588000963791373,24.000703529598717,27.683978312562836,31.685759018760603,35.402663478479255,39.03253517945695,42.68220240139247,45.10244367278216,46.64064169812596,46.64740996859585,45.8558743133126,44.22339913629249,41.87318525133325,39.11594703415688,35.63968468987246,31.685759018760603,27.8545062666633,23.909825545255742
res-amazonsagemaker-1251,2026-03-19T00:00:00+00:00,29.436152176277457,3940.093031990726,28854507.040374536,37425834.56065131,6120.040660444002,17.20113711913751,normal,18.48758394120432,16.24006966629863,14.910221056245895,14.410459750571817,15.512764082732303,16.861748192291138,19.224639247339333,22.048556885971063,25.585993771342597,29.479422784284548,33.27787513355163,36.74947522029885,40.19032077620149,42.24607998123412,43.379379889777056,44.624417779396396,44.38863045143758,41.893434033377275,39.90970178685664,36.74988053948225,33.437658636935005,29.479422784284548,25.721168506797962,21.65874733274648
res-amazonsagemaker-1252,2026-03-19T00:00:00+00:00,29.652097899745666,4081.310150201612,35770136.61564828,41290369.989585,6891.837769658586,17.446725491305266,normal,19.04772251049591,17.18351649136813,14.575824221875568,14.595217715193446,14.872878133892865,16.32664337744834,19.023170905332456,22.322489301709172,25.80394688640852,29.702060840944437,33.70201806354459,37.57672719267789,39.92656335752457,42.17186160578874,44.490627825851504,44.94851486475342,43.927077980333934,42.60834159280028,39.9713359859703,37.10854279798307,33.75080871923572,29.702060840944437,25.93361042528902,22.3787879565297
res-amazonsagemaker-1253,2026-03-19T00:00:00+00:00,31.692066000663146,4086.839386563531,28411079.934152536,33825669.62331802,5185.230351072432,17.944166116689424,normal,21.095909656018108,19.153974713638796,16.898490755308522,17.38084884429975,17.022759296872213,18.859721742337694,21.52264040349316,24.43287163166149,27.671481673958947,31.65021416180926,35.444275231295215,39.140748182896814,41.89206667509787,45.24968896570821,45.96541701418281,46.56922115295746,45.519991407664975,44.715473130369936,42.57283580024468,39.09132978785243,35.402800051585004,31.65021416180926,27.82721722886003,23.87939234599296
res-amazonsagemaker-1254,2026-03-19T00:00:00+00:00,29.596835887552526,4243.416324343246,33188465.079445437,38056256.34465326,6824.033678335209,17.869912875154768,normal,19.48267495440537,16.064429513944322,15.845988143381742,13.980703475807383,14.9419163310606,16.594116897494715,18.873821707395216,22.423085002346262,25.664526429319864,29.64383899823684,33.633701317320906,37.3886653145177,40.18127023506882,42.57669308390463,43.72028912606068,44.77009907228733,43.529262525797265,42.363852419120946,39.89724959063666,37.434035542089475,33.60427776818009,29.64383899823684,25.64855265327864,22.41717220136835
res-amazonsagemaker-1255,2026-03-19T00:00:00+00:00,27.219204381373952,3983.949603445214,36516479.632890336,48122891.82175553,8032.144928207381,17.234159925480622,normal,16.87409356933449,14.077856540135814,12.834219738340895,12.742165562036869,12.372178898194692,14.705334267181872,16.759292661041307,19.70152333554247,23.545454335565125,27.25177039051479,30.96839034802364,34.401211121761925,37.79140308173451,40.201455065609224,41.484595193419466,42.10749707282296,41.13648111592778,40.39976408095026,38.12074379878517,34.53438774764722,31.00962311498939,27.25177039051479,23.381156731830522,19.608536991069712
res-amazonsagemaker-1256,2026-03-19T00:00:00+00:00,32.40473334288,4423.572547036131,38641306.04257431,49632097.52837993,8321.641980778697,19.076085734788062,normal,21.940592125371392,19.558994623188735,17.327680190446934,17.743381702264454,17.37421190122987,19.870753603746575,21.985492858027868,24.96461007518249,28.47856030860213,32.407076475792195,36.1487648764865,39.832135394564474,42.8777063226639,45.13936786528257,46.82529087302202,47.753161129416206,46.9794897398206,45.403413507916795,43.03260208113288,40.06579346602297,36.3108620061235,32.407076475792195,28.52376226561947,24.762820361403303
res-amazonsagemaker-1257,2026-03-19T00:00:00+00:00,31.125449118251098,4510.491679516193,28077036.89251101,32615981.978335205,5727.394454479781,19.157653124772505,normal,20.934638503679196,17.603848435385157,16.876160603185205,16.61049595971049,16.390709394431013,17.666504202948204,20.013265739551912,23.60277989334423,27.105503109671027,31.13496275118369,35.033249672273435,38.685442351925,42.13833437877903,43.78862636066543,45.98163485210126,45.892354286569955,45.04109197001236,44.74401714570148,42.19308598146938,38.64032614065615,34.88289013975852,31.13496275118369,27.290650496836648,23.625243717003844
res-amazonsagemaker-1258,2026-03-19T00:00:00+00:00,28.07802703216288,4148.504369181885,29022730.349803448,34788616.26777652,6063.828035770912,17.949453169305876,normal,17.807538426024138,14.547331083652926,14.261429154634882,12.898586621745519,13.173983415081116,15.257287525773323,17.861236017541657,20.26805382187127,24.29407359353034,28.08346708071764,31.796164480100963,35.87882596016957,38.731880096359646,40.9300745402235,42.961972369287,43.12270561480621,42.28940322229007,40.928473150349916,38.964794164959436,35.40905481128297,31.980074103656406,28.08346708071764,24.054679243152002,20.28809319398094
res-amazonsagemaker-1259,2026-03-19T00:00:00+00:00,30.79894076803392,4254.444580415928,31165399.028120846,37744592.616050966,6279.524434697619,18.701751044477668,normal,20.318890721006035,17.97419722024879,15.858130330604991,15.795083472041616,15.923069666669623,18.346442032484212,19.96114687977477,23.38315867037947,26.971302707620247,30.74440917789925,34.47268462644743,38.36754094466776,41.87485682019803,44.27689577467902,45.6169049289285,45.50300494633313,44.94483408770348,44.34311607967895,40.92567172614829,38.02768986489724,34.75408620619064,30.74440917789925,26.70603364259283,23.341018727720588
res-amazonsagemaker-1260,2026-03-19T00:00:00+00:00,34.297933877756314,4534.364776530355,40409932.372919224,49437195.66354872,8370.629125820991,18.92675808906693,normal,23.667174365800978,21.782378733499126,19.666541799205042,19.551259131062636,19.610972294371763,21.648341980833965,23.278054981460862,26.975643447445854,30.378778374781934,34.230166209022855,38.169969626081354,41.42501339254328,45.07350791122186,47.44188496261079,48.60059423051814,49.21330232159426,49.20724747422432,46.90367085187674,44.98253313889708,41.78537484301203,38.19980646737004,34.230166209022855,30.19984526044888,26.92818505924476
res-amazonsagemaker-1261,2026-03-19T00:00:00+00:00,26.81723517595259,3933.725047781216,35738207.63252079,43847720.369901925,7411.846541747847,17.55446384784672,normal,16.656487382616405,13.986460702494801,12.398399655205385,11.922611205990973,12.897865082801308,13.219860609729308,16.52056002906,19.203679160703192,22.693802372453824,26.73337782209706,30.56490695248333,34.38680403947224,37.86584908802607,39.85585456178747,41.43262627165194,41.25440623998148,40.87947060370293,40.10627843678152,37.60524389177354,34.03720693678618,30.61796552807939,26.73337782209706,22.975905400841352,19.064644426245398
res-amazonsagemaker-1262,2026-03-19T00:00:00+00:00,31.43789198614977,4508.327536929037,38532610.75592828,48657030.90762132,7833.777526656982,19.536303768102194,normal,20.48014766596456,18.70584075497831,17.483477899183953,16.660054645737056,16.357420612253122,18.392844653586458,21.01835006240922,24.018716290596874,27.491326631028155,31.466011865465212,35.523397873716355,39.215673523893116,42.482844935093915,44.67360293541578,46.086434547100055,46.230142487280965,45.666138801112595,43.9224102158559,41.57810052817234,38.63163817414827,35.22370783882082,31.466011865465212,27.47295317336856,24.262159686947637
res-amazonsagemaker-1251,2026-03-20T00:00:00+00:00,38.45656529604674,5020.423993372101,33562574.61321305,43422554.52801632,6592.8641809674755,23.085034847400912,normal,28.31333436864668,25.667825325654057,24.549205213471975,22.83126630206701,23.536396835699662,25.56103481601823,27.3917087003726,31.28021639091549,34.76720790762165,38.51842943437884,42.260687872755895,46.0130882996858,49.414797318146356,51.693565520018346,52.89214069617568,52.812110193936064,52.7804768305478,51.2145538869693,48.84066736259108,45.937827222483165,42.473893046122804,38.51842943437884,34.75693144431048,30.931772682153877
res-amazonsagemaker-1252,2026-03-20T00:00:00+00:00,33.37832396919689,4571.473349321197,38945603.928258345,44965475.13431377,7694.140343687564,20.095828590095863,normal,22.30479617766866,20.783218728418177,18.172656819320878,18.000294179807753,18.80005388791693,20.053391070322338,22.523814707968313,25.9991996235637,29.329687497149862,33.38002560421596,37.17412840884639,40.69786575901766,44.367175879846236,46.11804525229748,48.473853706373156,48.62159086376473,48.54264364940378,46.781842616727104,44.34865939379499,40.563622749855355,37.26181499754075,33.38002560421596,29.38826648516816,26.0131015975211
res-amazonsagemaker-1253,2026-03-20T00:00:00+00:00,37.64718523067604,4901.769432306504,29816972.85913675,37180244.99629238,6102.1748230997055,21.584784697880572,normal,27.12514899350402,24.8538435964293,23.33908323026563,23.21944824643055,22.860118083654662,24.271278663270742,27.425273630546204,29.69539009346944,33.55637629415799,37.55015726130318,41.56261885796174,45.340519433952764,47.93734841342764,50.51792598018447,52.24231624138196,53.124687558455754,52.35706556713358,50.732721981172105,48.19947371991803,44.91390869034211,41.51585814077675,37.55015726130318,33.821105654557996,29.820619942625132
res-amazonsagemaker-1254,2026-03-20T00:00:00+00:00,38.58965224728761,4927.690077117556,36447093.4941062,44437275.76541454,7306.513636182936,22.21329991407059,normal,27.5745001545603,25.459143256242974,23.532347529422015,23.310409955013213,23.98473223749989,25.643226405726676,28.33425776963977,31.42894656185677,34.79305201775077,38.56625320882869,42.342029064534046,45.956527802199616,49.13258804966878,51.98721213476758,52.86627160164353,53.166283278149336,53.763239436324206,52.203412510538385,49.45212110986069,45.96619420400764,42.41148470742995,38.56625320882869,34.77597211674664,30.93519561366251
res-amazonsagemaker-1255,2026-03-20T00:00:00+00:00,34.24325666134442,4478.574282015671,43360996.38190157,48080199.03601578,8231.711022104128,19.10040467099504,normal,23.301142913452285,21.711635365701497,19.73358279254746,19.014076691595108,20.291110483169604,20.658881461260272,23.878565153799826,27.054769782566304,30.334711737878347,34.18362317446199,38.15422790211813,41.94231286692474,44.72096185524696,47.78852533066824,48.6934051285799,49.22370075766621,49.080195630262196,46.74910131417439,44.46621045975837,41.92980270803654,37.890658534288875,34.18362317446199,30.262433214928002,26.59090143871882
res-amazonsagemaker-1256,2026-03-20T00:00:00+00:00,37.13521887129006,4839.765844624876,42815615.700301364,49115807.33289957,8830.5652833568,21.2062755411588,normal,26.909850353646796,23.955150059224245,21.99050252427489,22.349909542385753,22.756229580913953,24.314768954045093,26.546088039950416,29.738607924374545,33.22753140691427,37.19910822472586,41.06978325761963,44.75540993841441,47.30797768557519,49.68057884163262,51.50886052557043,51.96152119068121,52.29721312976885,49.5555673410131,48.14188341140476,44.364659894122425,41.21317327139649,37.19910822472586,33.26180776137249,29.93996182720808
res-amazonsagemaker-1257,2026-03-20T00:00:00+00:00,38.756649644265615,4916.777456785622,31684496.49890733,35736807.99231621,6248.787183396426,21.446039675301368,normal,28.296936734883325,26.510794476051593,23.842145737242625,23.672962796045,23.822138253625134,26.253322838022278,28.060788213274634,31.03974632595432,34.79975747170491,38.87472938563322,42.8177036044552,46.30875359992098,49.977531023075606,51.691454863053295,53.136443268612794,53.159638817789066,53.151853225681315,51.61489622859369,49.08767226828073,46.025511970287354,42.56897891432277,38.87472938563322,35.0404424788136,31.53065958141812
res-amazonsagemaker-1258,2026-03-20T00:00:00+00:00,38.26143194474028,4765.113212167336,31669575.932211068,38097710.90616473,6395.047221645805,20.992259700430203,normal,27.80112456030278,25.41681748539679,23.806968447340147,23.54872066544785,23.14931030716489,25.812793686244948,28.06548793416308,30.80082407224346,34.46404857300889,38.21611703333715,41.99555383676894,45.55427146104111,48.5659618048322,51.725316606740336,53.173162551935434,53.27548275535893,51.983644672729305,50.983525172205944,48.79841199094038,45.73164510698009,42.00009369116953,38.21611703333715,34.45377950621159,30.735187718865845
res-amazonsagemaker-1259,2026-03-20T00:00:00+00:00,32.59556881334443,4542.11581805882,31442359.070950367,36224485.56370148,6552.828537360904,20.076522247297813,normal,22.278120599097875,19.36739429868412,18.437892346440485,18.283947724678328,18.1761540028632,19.58900517681638,21.480960445714572,24.974305923343575,28.843355615181753,32.57260326654546,36.551553582522715,40.31837683434335,43.31143486093693,46.07783705742064,47.109589240780906,47.39363184999829,47.04141382694385,44.97477736168458,42.659210889832366,40.150239185810754,36.34957726705436,32.57260326654546,28.61769239325727,25.1619745037691
res-amazonsagemaker-1260,2026-03-20T00:00:00+00:00,34.279483725862974,4442.320743748825,40823544.88305367,50324960.37610638,7889.662298939068,19.85844340975359,normal,23.6580579532811,21.792364212234297,19.519999592138802,20.00942056802448,19.986039853250656,21.233729100417584,23.41648082339669,26.860275283352053,30.336476765958636,34.259430426020884,38.224039722769724,41.53349249003412,44.34114939199559,47.440678514885036,48.1137837117387,49.18636275261204,49.267153299942514,47.07436900993852,45.0307412600848,42.05230823260519,38.232163810321985,34.259430426020884,30.421130835971315,26.45853138371577
res-amazonsagemaker-1261,2026-03-20T00:00:00+00:00,36.34025672543902,4770.138707600334,41512205.69678024,49375475.25307944,8558.400276558392,20.206469670127873,normal,25.710025488567204,23.293803002233574,21.854457702184753,21.359460900098433,21.15729513598268,22.929724108552485,25.529541966145942,28.727258228323564,32.59770375919256,36.299125463918614,40.18192023042651,44.17184994264198,46.92576109052116,49.521790589608756,51.267352103045866,50.827690015112026,50.86310419333995,49.91098236401563,46.64255313997549,44.151400910727695,40.31763269316625,36.299125463918614,32.55354554320523,29.073057375631503
res-amazonsagemaker-1262,2026-03-20T00:00:00+00:00,37.62344417039406,4612.178627364306,41982989.89727824,50496781.66743756,8123.746560238372,20.636949512207075,normal,26.95560605723059,25.08751438023858,23.21895990087664,22.225554035472314,23.718303012169635,24.078950273153097,27.292686408321163,30.489258150912555,33.658359349645124,37.61612916815281,41.41405189792139,45.1516544176861,47.956443235900956,49.96538116710319,52.040737796576266,52.57258325562731,51.70058491683733,50.48195459223764,48.49361248929689,45.44261982672019,41.589142027287735,37.61612916815281,33.77775955654928,30.41868500538791
res-amazonsagemaker-1251,2026-03-21T00:00:00+00:00,14.176163028694518,3007.030255204469,24818702.29742754,31628534.127428774,4890.238900138487,12.462273824598034,normal,6.0776201424297565,4.144570697496299,3.1993590611415015,3.3773982981098216,3.7951914482282176,4.392505550690967,6.4603180447517605,8.433622601673957,11.18580191119575,14.222419893963274,17.1675564846606,19.954540692358805,22.395305997484396,23.951525980266155,24.604849584227026,25.118559531376725,24.599938833000557,23.979981582394643,22.241955568071475,19.579153274990624,17.075474639229984,14.222419893963274,11.441304687206603,8.606538289756282
res-amazonsagemaker-1252,2026-03-21T00:00:00+00:00,12.19892163799996,2790.8383970638597,27693831.718456525,33031565.49015611,5606.191172830053,11.548453830261074,normal,4.800787130969504,2.972784767821924,2.0,2.0,2.0,3.2876133381678065,4.570336249129911,6.828633284982936,9.284126917036104,12.137296799268906,14.916817925913495,17.681916404136253,19.320058475284004,21.368214112059334,22.847755721876986,22.34724575719624,22.80669730579762,20.90768201258235,19.901686230687865,17.65372421319614,14.755545590057178,12.137296799268906,9.40552512099376,6.842375155571851
res-amazonsagemaker-1253,2026-03-21T00:00:00+00:00,15.4028519915081,3314.2078159361354,24170982.033805992,27003960.93467996,4533.82724072896,13.737782040843705,normal,7.292995386389368,5.775089879898819,4.369913230919696,4.7214679926462555,5.044259885437075,5.453214050645609,7.11884901654762,10.003220762590171,12.548074894668646,15.42048967854575,18.221045987764565,20.935204875110998,23.1711932239697,25.169312522364425,25.905811382005897,26.68205710315547,26.462548514379115,25.15195111137031,23.070851358666815,20.781920494157983,18.47331565244393,15.42048967854575,12.400413376635832,10.07475773733463
res-amazonsagemaker-1254,2026-03-21T00:00:00+00:00,11.44630362054995,2685.828451936412,26182939.40052555,31293182.322587278,5349.94457451735,11.357441411792365,normal,4.726793023089137,2.5886843203174883,2.0,2.0,2.0,2.7547426292207544,4.468116527512466,6.566688248436533,8.938123934578098,11.395243743750196,13.969283762523434,16.10817761120645,18.63782728646541,19.96988922512606,21.02245399752625,21.044678660793885,21.423542426477326,19.909775899320636,18.185624546632926,16.567411560025235,13.831041682002908,11.395243743750196,8.88094189805598,6.327002166387448
res-amazonsagemaker-1255,2026-03-21T00:00:00+00:00,14.038085261466334,2822.0581729180058,31187433.109398577,36113809.57141427,6170.486883142104,11.77560316016294,normal,5.873022951758527,4.42210012290314,3.1498706763051425,2.4791164806293846,2.794953773106491,4.750920291091846,5.89304144015251,8.44682506889389,11.14880630816521,14.09337607866656,16.88067348234099,19.96905016706704,22.395511433775326,23.540102195284128,24.836465628243097,25.44754953307134,25.02735822565996,23.469082800488486,21.65934865800797,19.98844258877852,17.145895095638373,14.09337607866656,11.19875004861625,8.210407147881302
res-amazonsagemaker-1256,2026-03-21T00:00:00+00:00,14.045239381958375,2727.531001230239,31949070.826619927,38643236.43006287,6404.774255401001,11.814601837555802,normal,5.7636230999623645,4.087119563592443,3.049635952191052,3.220500092678484,3.3986291298986626,4.14991714326902,6.176966405092553,8.340356576243611,11.154044656544228,14.112888778745306,16.976564575898845,19.54677856167534,22.020879054433934,24.025204547889224,24.515058366090322,25.157200156526784,24.58247359236628,23.652964591963332,22.311974204967115,19.67917708338256,17.132899340391692,14.112888778745306,11.240028070908526,8.677972843543994
res-amazonsagemaker-1257,2026-03-21T00:00:00+00:00,15.332839915458331,3189.497062802795,22012912.81366666,27354680.679881133,4538.969284741381,12.855458116909658,normal,7.632351640164575,5.903646321621232,4.34666669004152,4.542483232899942,4.5094949861665174,5.817644719959121,7.538550744285427,9.64825096568044,12.342163054652506,15.264512632663774,18.069700907334493,20.87288774926951,23.457785654116634,25.180296835546226,26.15118771680747,26.111689425787894,26.247978870282598,25.012004249492236,23.478236029389656,20.694080980372735,18.143739441138493,15.264512632663774,12.345758777813838,9.412533712849374
res-amazonsagemaker-1258,2026-03-21T00:00:00+00:00,14.223132016053933,3058.083519889639,24397974.956018776,28154032.46215184,4772.667236594938,11.751578857526088,normal,6.423944527283594,4.695898313990396,3.498314660195899,3.414534562317604,3.1841076400276376,4.19535400997749,6.569533324532628,8.54343661074727,11.231582127778971,14.130700653633818,17.115862364649608,19.961972835537537,21.812421429955258,23.77211919373071,25.10473697806093,25.36876015335011,25.17664184933724,23.939285260787354,21.948451476809957,19.99085088140557,17.13629978492304,14.130700653633818,11.251785080896433,8.757874011731527
res-amazonsagemaker-1259,2026-03-21T00:00:00+00:00,15.748895496189895,3058.3877640501682,26490594.551264554,29625332.385408506,4841.714322109797,13.103975396563225,normal,7.687719880408961,5.995706098808539,5.0262638892401785,4.725150511634452,4.550711956565585,6.119526654615594,7.821164249853048,10.316133587213052,12.73951283162067,15.757561768324436,18.573153641001333,21.45264298579748,23.42151792202597,25.96603109118457,26.689118877995536,26.496617668842433,26.23264071743388,25.922234642538747,23.750755530383096,21.30098824989115,18.726127194344794,15.757561768324436,12.949801303314167,9.994848887195381
res-amazonsagemaker-1260,2026-03-21T00:00:00+00:00,11.553794749925137,2679.8277618545844,31194179.126110815,36579130.92222895,5950.746487811928,11.075546592805512,normal,4.220104259013203,2.951893092705663,2.0,2.0,2.0,2.9658186494642487,4.08302198002719,6.571700487738121,9.012199037230012,11.501147115475973,14.174764674988882,16.413706766989904,18.41534403776477,20.100604715733972,20.87024649196748,21.895478294846473,21.503074732950964,20.3405308824874,18.803633029350024,16.377460313975746,14.083975671939715,11.501147115475973,8.828793957898249,6.676428690179355
res-amazonsagemaker-1261,2026-03-21T00:00:00+00:00,13.61825455962414,2818.419587190559,30797880.738040045,39656260.275437854,6490.8072710753495,11.870407083786645,normal,5.493918066030858,4.331252383255864,2.509472909183711,2.2601933736413278,2.9568798914013286,4.353374022845121,5.310068650819671,8.08321617126487,10.600612852334667,13.638659192128268,16.570319942477763,19.16778709011702,21.51846513015436,23.537210426652585,24.469804234465965,24.770547268717397,23.993384188065196,23.253811978347148,21.3475890619768,19.50608504735959,16.479524489368192,13.638659192128268,10.823969257317152,8.223304610926169
res-amazonsagemaker-1262,2026-03-21T00:00:00+00:00,13.400402759818663,2856.9771276000474,30642151.911237303,37757153.28329077,6010.752114567018,11.534231314759255,normal,5.382269873208045,3.8781790093301036,2.7268971349544233,2.0,2.606833065430477,3.2783510052426887,5.750100666113029,8.087948601149852,10.543231756499313,13.452615553306469,16.370174165130088,19.162533948382574,21.291311861200665,22.83935449516676,24.080194936522126,24.221636211677765,23.852342462877054,23.07413222784411,21.723413587338673,19.07421107329806,16.268095985485314,13.452615553306469,10.40181616139531,8.091406900788556
res-amazonsagemaker-1251,2026-03-22T00:00:00+00:00,9.680123658442241,2636.0886617714523,23338402.912991364,27237804.40752984,4763.99183447066,10.015375683930449,normal,3.6165228565371477,2.6562452220878217,2.0,2.0,2.0,2.879555531512674,3.6974852932127167,5.704900800750115,7.4378567491440775,9.648994752243192,11.682124816282371,13.91316590696987,15.435390244931376,16.8051605057413,17.354487941922287,17.60965712329692,17.338771488997907,16.782692321168433,15.487903603212072,13.836712007692949,11.820951698772284,9.648994752243192,7.586320693289552,5.379073492605527
res-amazonsagemaker-1252,2026-03-22T00:00:00+00:00,12.68850227531982,2659.6636250438637,28030792.664382,34854169.95651943,5512.03620064016,10.241116688668829,normal,5.137301459711903,3.0330685615001802,2.0,2.0,2.151162808491883,2.866036154013723,4.404386805969969,7.340305890352527,9.718777452001623,12.681596344726522,15.443762805450067,18.13247428526884,20.537649268469952,22.111313129441285,23.692889903961387,23.555999728674173,23.777021356720418,21.8881497083173,20.51831789060079,18.26927115292045,15.700652011879093,12.681596344726522,9.887111904277504,6.995209640199583
res-amazonsagemaker-1253,2026-03-22T00:00:00+00:00,11.039483548403858,2379.90213974736,19405026.436689142,24389904.53395198,3971.6977215769157,9.718886409880685,normal,4.257930413792252,2.7735976535319837,2.0,2.0,2.1739395461170274,2.725791117832814,4.610046425219917,6.040902372518984,8.453815732529508,11.00013159292305,13.421715596244056,15.82888227994129,17.87280039535669,19.40647415358834,19.762464179084233,20.5391236385833,19.780458016483003,19.15525169747777,17.970216071228215,15.870508743401626,13.54976344314196,11.00013159292305,8.472400543872023,6.2812599559015245
res-amazonsagemaker-1254,2026-03-22T00:00:00+00:00,11.170643242463614,2628.0296744234874,24306374.865824994,30778505.080496836,4981.1761338671995,10.068976147531941,normal,4.596585801306459,3.2000167203084677,2.1433437595904516,2.0,2.0,2.522960289057501,4.186076722598477,6.261639031408245,8.609203594123967,11.163532940588011,13.788004328430745,16.020311462813815,17.81886187024766,19.140464717404946,20.28652090414268,20.856381071937243,20.326887260760437,19.197931820400985,18.204995324405203,16.028698222102644,13.64654406212054,11.163532940588011,8.635588324547967,6.297356650242302
res-amazonsagemaker-1255,2026-03-22T00:00:00+00:00,10.551607763941162,2653.701123352241,27685743.509654418,36214611.20852017,5766.625563604906,9.60931220363375,normal,4.011982904506503,2.5896646457557604,2.0,2.0,2.0,2.794507538938473,4.328831085484042,6.223920391619147,8.129856769396735,10.515545921977226,12.817184126940603,14.880316109743724,16.82780827897434,18.08977818420105,19.415316134736067,19.969837890638985,18.828079960316828,18.253632952194565,16.970592049105786,14.890494908968886,12.908804105614593,10.515545921977226,8.255155512837318,6.021730940660035
res-amazonsagemaker-1256,2026-03-22T00:00:00+00:00,12.887914423487329,2760.2851703362708,31620899.560648393,37700299.90494464,6014.480003737797,11.100605721067394,normal,4.61219094409304,2.975911600975036,2.4115207525992925,2.0,2.0,2.747172006691791,4.950103315303014,6.994512041094261,10.042898316786104,12.85677835478797,15.724553396235265,18.68526323090502,20.793193968569337,22.4265200825266,23.982676237272862,24.08571435371293,23.724724984175488,22.674203285754576,21.087343081143885,18.73514334085209,15.742388903704871,12.85677835478797,9.960093632511947,7.240261979212531
res-amazonsagemaker-1257,2026-03-22T00:00:00+00:00,12.768708082789592,2559.7871414321853,20965178.00426754,26219520.750857756,4289.787343595866,11.186951926658882,normal,4.4392189260280315,3.1023184684821943,2.0,2.0,2.098383504504198,2.6827242765028156,4.510738857100584,7.1789089389691085,9.691425635872275,12.748056437640521,15.619704013745643,18.351537515926083,20.447676544360025,22.923990278164112,23.652620801319827,24.219474835698314,23.505348740951398,22.043232909416954,20.997393707526477,18.546931654268633,15.723186928855668,12.748056437640521,9.908010058026541,7.310054515950314
res-amazonsagemaker-1258,2026-03-22T00:00:00+00:00,11.651566226230578,2551.5417914303794,21618267.518944435,26208430.90309857,4371.812963959495,9.639752110565174,normal,4.416510564606338,2.837619258245804,2.0,2.0,2.0,2.9048677467185655,4.653909815284346,6.676182482461531,8.869363762173618,11.592160369556636,14.205015161225685,16.74482994775779,18.749741732992952,20.319524035945435,21.20734717489985,21.3056141520209,21.73655376816112,20.538489839705306,19.070384581805037,16.404604501310466,14.257531304639677,11.592160369556636,9.017466633246077,6.5377122272201165
res-amazonsagemaker-1259,2026-03-22T00:00:00+00:00,9.475224659233893,2333.7265170076,23215779.488525677,26717884.81251791,4311.614614882556,10.002189095173476,normal,3.7336862687111885,2.5687687079347072,2.0,2.0,2.0,2.4754778532286323,3.69974376020868,5.614268255986218,7.389140059819937,9.444817827533274,11.48711145695112,13.225645894006844,15.326871858199706,16.223440281333588,17.0229708577383,17.727222252924292,17.109284783666364,16.504889447062602,14.807213515384493,13.481761317628239,11.505602674610845,9.444817827533274,7.306556577065507,5.306100344085648
res-amazonsagemaker-1260,2026-03-22T00:00:00+00:00,9.693585508314749,2586.202096579874,27890553.823692936,36006236.5338369,5829.5900192726895,10.023310716086414,normal,4.092035538827772,2.4087008805901906,2.0,2.0,2.0,2.8471160002817184,3.6460078846305133,5.641395466100725,7.57529404042017,9.64293193258563,11.74927837068384,13.745115379426025,15.314325098616823,16.610887797581515,17.82465236728854,18.070118985445056,17.355597197792076,16.365814253179188,15.349658231826927,13.900688674667958,11.735455646371761,9.64293193258563,7.4857597486937655,5.642286771958167
res-amazonsagemaker-1261,2026-03-22T00:00:00+00:00,11.229616651598183,2689.8280741290623,30825373.565886334,36320261.87230963,5999.73604888447,10.410869302633351,normal,4.352374908934715,2.596196974695423,2.0,2.0,2.0,2.636262898430456,4.564848613172641,6.1708448397658096,8.803205201291984,11.214973898725697,13.651313938040069,15.883458729988995,18.221564467337057,19.899164406439112,20.27141913038101,21.184159407877253,20.562976121700267,19.304060923551454,18.28254236530758,15.920222332439163,13.696993144561898,11.214973898725697,8.744163307291679,6.335080129698473
res-amazonsagemaker-1262,2026-03-22T00:00:00+00:00,13.079290442739293,2850.7189776454416,28719997.902276415,34932328.821074545,6196.4666432416625,11.381777270086912,normal,5.353978906626006,3.3900903426096662,2.0010207190260996,2.0,2.3131899435397485,3.751221593361043,5.043883611779609,7.39383527791505,10.016433943910002,13.050052729111435,15.973220555891567,18.62138021126126,20.660007023981716,22.816250474849866,23.981423223415703,24.64251023694113,24.242853310084403,22.381416556364805,21.169973105381494,18.561538147273883,15.86460231601548,13.050052729111435,10.095700787254522,7.528334880037076
res-amazonsagemaker-1251,2026-03-23T00:00:00+00:00,29.731212614351204,4114.45580854978,30654503.202236943,34762120.84799459,5756.687095047681,17.06438026144955,normal,19.36851653232194,16.787088483337378,15.353314869742436,14.347445286504255,15.392658966850831,16.285031121452526,19.19375048671874,22.40629319839921,25.980505600808442,29.76996652446134,33.51438968664999,36.96682291100248,40.56066635327501,43.30862851146513,44.124875790275055,44.3493299461618,44.29083713120643,42.28181841080788,40.499294439595886,37.202679322213264,33.76520305789009,29.76996652446134,25.979559986702867,22.05045960212452
res-amazonsagemaker-1252,2026-03-23T00:00:00+00:00,28.888872618787417,3843.940968003441,34297953.07504494,43479013.17192544,6836.317262171184,16.585742284130728,normal,18.11081675404934,16.037012037721013,14.621345768421618,13.654580893803592,14.049543043643306,16.07544121137589,18.2531581861977,21.33647831577405,25.14000062621182,28.964994617639295,32.796911594120715,36.22793821697972,39.30840270501327,42.49213251372629,43.460191597441735,43.705628991488794,42.93196543111079,41.41957986349924,39.65322723430572,36.49040435618675,32.90012648956694,28.964994617639295,24.9988662063256,21.739201578655603
res-amazonsagemaker-1253,2026-03-23T00:00:00+00:00,29.68045472615806,4232.927617128897,27335285.868087754,33694737.36316295,5516.199031910582,18.122564313545052,normal,19.143910964837538,16.269212534106295,15.246849857378228,15.264569015222825,15.405616856458966,16.829807733672425,19.1301080403503,21.91818804386226,25.641166129127107,29.6704202924714,33.38094794291065,37.23297831037067,39.81818902482449,43.113120160988586,44.07147768339358,45.21291878253089,43.96609266333827,43.012175332732525,39.776109236576694,36.9699249394196,33.3768626815659,29.6704202924714,25.88426840976881,22.325578499414046
res-amazonsagemaker-1254,2026-03-23T00:00:00+00:00,23.59980809271977,3626.7193933992926,28918637.049925633,36360604.07098861,5873.7398790027355,16.132391822872357,normal,12.619180026607532,10.689521272701953,8.680036950195952,9.143549628181798,9.13782538487044,10.131399263829108,13.15932992089201,16.38581691939646,19.50888940476537,23.575871897121676,27.611850567697623,31.111954105567637,33.859104036365565,36.48142370623932,38.5770854415795,38.36207479490285,38.2945510024507,36.841944832514436,34.123454849906466,31.190994420621667,27.5087535734244,23.575871897121676,19.74716668664134,16.07774364167907
res-amazonsagemaker-1255,2026-03-23T00:00:00+00:00,24.67345824074171,3738.757432299204,37346077.693792,43012534.772974275,7447.894426238201,15.798197995768255,normal,14.142038516248782,12.154392551657107,9.703067694623147,9.017114425662488,10.186772113359892,12.182480285953362,14.537144761334346,17.37391471673214,20.805652243319283,24.65340489993194,28.37794161912611,32.306907845163565,35.336151017641825,37.00491632619703,39.16276762231597,40.278048595305435,39.63556276603336,37.20728311591003,34.90425412914526,32.29957655555078,28.554407238435534,24.65340489993194,20.805999625838446,16.879794212383263
res-amazonsagemaker-1256,2026-03-23T00:00:00+00:00,29.61662684905885,4129.342115260162,38900994.10589452,44693075.14392453,8061.187788081373,17.44969201292528,normal,19.466383832814298,16.285688119928423,15.4116050843057,13.9739760627738,14.46747842137231,16.89596182311297,19.353069108676166,21.950067255860674,25.89614732685591,29.59453298180848,33.56428181550156,36.964020363123055,40.15736677473385,43.19516362256259,44.71611072204984,44.60056658219187,44.57061512050706,42.05847327208459,39.85784097133016,37.10100845985467,33.53460891465971,29.59453298180848,25.843929337060533,21.745615422435787
res-amazonsagemaker-1257,2026-03-23T00:00:00+00:00,28.65294308830622,3924.630311274563,27195446.32783002,32934705.527717844,5622.980116914485,18.02129872417347,normal,17.958057037147096,15.856316406086718,14.51389271748105,13.319034925323441,14.508364771232568,15.862621419828596,18.08004940444618,20.730383200205797,24.486616066984766,28.522090653936832,32.30272904877827,36.176875064815285,39.197370783201684,41.64492023587861,43.68743117821336,44.081332884722336,42.96130812422246,41.8189452782913,39.227475339678264,36.348923818853095,32.35626874492955,28.522090653936832,24.621570346186523,20.885966014968687
res-amazonsagemaker-1258,2026-03-23T00:00:00+00:00,28.24827610906081,3831.3018470082907,28561501.727521624,35076346.01037104,5769.250774715484,16.65774018689886,normal,17.33862683865876,15.1613481493205,13.622314026804988,13.50365052503388,13.763551034723964,15.751522334604037,17.658824389899287,20.870427537325455,24.476669124140315,28.265080094161465,32.10692787816825,35.838151283243434,38.67274144058095,41.160333753227704,42.34970960361653,43.20953683304283,42.9849909800262,41.136926729171265,38.825604306139496,35.70187212518218,32.170759509006466,28.265080094161465,24.556734022858457,20.567244004361687
res-amazonsagemaker-1259,2026-03-23T00:00:00+00:00,26.12776642408829,3625.9081586608318,28738695.951669924,33436480.263934493,5431.532179822523,15.875912527006774,normal,15.50222228043308,13.538854972284478,11.825870636437305,11.215540125443503,12.133938085322358,13.512361619674804,15.438775904425244,18.26268053720639,22.115231287967596,26.062982098850867,29.90062719970707,33.53316615847819,36.33698926442416,39.66845259338072,40.92774095569125,40.40062856046963,40.10582736387689,39.177651432426615,37.168165670190135,33.584761378612065,30.10087428905285,26.062982098850867,22.26649025980797,18.223579405104875
res-amazonsagemaker-1260,2026-03-23T00:00:00+00:00,32.2534055302123,4205.437580270529,40342910.77874885,45907329.58868916,8046.541923799138,18.237033133575494,normal,21.981669522269748,18.673827990593406,17.257210592231413,17.335730962432187,17.660287706286525,19.77694281152447,21.300041258878707,24.983666097394384,28.42546239615666,32.291820003064956,36.037496194442504,40.13596842974048,42.8928032820586,45.3922113623082,47.377239549351465,46.64971601544896,46.985947474265856,45.21391500591376,42.49734346923219,39.778033808547754,36.03053551173589,32.291820003064956,28.602294780832715,24.509748497319443
res-amazonsagemaker-1261,2026-03-23T00:00:00+00:00,26.424682185501297,4125.709656978706,35880786.97930974,45399655.91025259,7283.7425304691105,17.417731113465823,normal,15.797885833794616,13.630573789694308,11.37051517285137,10.890832662300403,11.767352086109836,13.591570917603448,15.429051597790988,19.225324231369946,22.750290660511634,26.464193248350234,30.351332085809606,34.26672334142023,36.77785912019361,38.9075288397426,41.217457864064436,40.843983218672264,40.84668998360837,39.7786062263966,37.496872611543786,34.070039282403116,30.17036215444563,26.464193248350234,22.74870026968069,19.33443400532321
res-amazonsagemaker-1262,2026-03-23T00:00:00+00:00,27.254386125206498,4088.812351116584,35037534.07768325,42513987.19944599,7117.34666892382,17.49753088130659,normal,16.982376114466675,13.83939831355248,12.427753478953013,12.117950385449841,12.919015153907328,14.18737333915206,16.663387709171886,20.088933206805834,23.28834434905784,27.3557150020819,31.06189505416735,34.74128434697444,38.011924848596195,39.786886331114914,41.97402015520673,42.03485292442997,41.237617275614404,40.308550733606864,38.13891466343439,34.96607810925927,31.15591612990953,27.3557150020819,23.339451905153062,20.121912472808077
res-amazonsagemaker-1251,2026-03-24T00:00:00+00:00,28.327479204930146,3885.609082663629,28604960.196173854,34741691.14676587,5805.519259445494,17.544714220888775,normal,17.42536467235726,14.868909059173257,13.505217851303042,13.923123779152116,14.557449678934601,14.816658688809795,17.386965177817007,21.21687662385427,24.59518042377778,28.347943800493244,32.40946321981153,35.50602137131904,39.26645406306174,40.72671692196529,43.28676802343034,42.61914808566683,43.21885528785445,40.80809069974285,39.26121531091574,36.10124204047641,32.32531484349619,28.347943800493244,24.344518778518214,20.99405871589937
res-amazonsagemaker-1252,2026-03-24T00:00:00+00:00,28.139042762310932,4197.053249981093,36018695.67401957,43258245.52167614,7013.971416863914,17.50660448499065,normal,17.35223915524071,15.317929937106843,13.42599081613974,12.711792184326036,13.85403914401013,15.740773938778926,17.147516653643123,21.025684370919972,24.238965959731324,28.207777236075547,32.00222419253888,35.44945563895873,38.5907593262898,40.58490350834272,43.29712377191868,42.85486855500681,42.73149614286584,40.64112665165908,39.10295467609626,35.66180432399332,32.04251691416072,28.207777236075547,24.148338218803755,20.99896774277978
res-amazonsagemaker-1253,2026-03-24T00:00:00+00:00,29.059253614608267,3881.084044281638,24910362.607346546,29782048.2209753,5094.789862932849,17.09645665175522,normal,18.48407740656578,15.791312834028195,14.203057210839926,14.630289151171379,14.201740930712326,16.504183701944825,18.063617754847307,21.22718446723351,25.182158005965583,28.926863995896518,32.66946157362633,36.697218783600704,39.51950313045222,41.65930072186782,43.81359733170808,44.660601632595395,43.96989427539322,42.29807865705616,39.38211422095937,36.72889258484771,32.86686092971362,28.926863995896518,25.237770944392473,21.777442509283404
res-amazonsagemaker-1254,2026-03-24T00:00:00+00:00,24.665013321287944,3672.033489640635,30427399.482771326,38012899.362568825,5923.270474352819,15.901744703597354,normal,14.291480847097048,12.21254555311838,10.467691773500485,9.65988816638373,9.492456346427973,11.433349536813784,13.586369840880357,17.007732160021888,20.661376706271884,24.582624994328274,28.355323897252365,32.34361743489545,35.506336382326936,37.77300168012795,38.69739731772198,40.146616929063455,39.68355360193762,38.21237028575267,35.453452901415915,31.880528539381093,28.575073677739375,24.582624994328274,20.62680229630115,16.728103847822656
res-amazonsagemaker-1255,2026-03-24T00:00:00+00:00,26.508606366103134,3711.4500880905953,39279400.58161581,44164976.36874412,7315.431757605654,16.210426424916854,normal,15.817911168241556,13.952814688967266,11.32245664985906,11.24816537970571,11.818464359517456,13.817124560792562,15.658379092400082,19.191357983058033,22.53258052941466,26.445412539877218,30.248614710537744,34.0036001578096,36.526894962671975,39.91422142431907,41.42076523175695,42.18200648646501,41.0718674976491,39.13843360215458,37.476062790874366,34.17957037379475,30.16886901956126,26.445412539877218,22.727108707776004,18.898458329393993
res-amazonsagemaker-1256,2026-03-24T00:00:00+00:00,28.996128931309528,3896.6013102032475,37455170.50607619,46374474.728273354,7890.606325926442,16.284528579683453,normal,18.378059524107222,16.237565209980936,13.877044176514307,13.360719616605422,14.382185735750205,16.593988875604282,18.698080612065255,21.402269563904998,25.171552761474643,28.953515693560472,32.6749957389392,36.48849821622151,39.61686415589407,42.44149842076773,43.34938224398092,44.12360714347295,42.941948764212995,42.434104749941454,39.331744573737936,36.68863027969983,33.023107095622244,28.953515693560472,25.22318944299345,21.56102606281619
res-amazonsagemaker-1257,2026-03-24T00:00:00+00:00,31.28012122073436,4082.2928718297057,28407992.686571334,32933637.478949465,5327.543315155453,18.47561629671626,normal,20.874308629207068,18.505032854185153,16.976674634159515,16.197774175072148,17.22349432716593,17.71375218032778,20.434048652297285,24.095926046403722,27.457515044124968,31.279711183973177,35.32679493452856,38.74438609846683,41.67710958225293,44.365693983308276,45.39690008936529,45.94366038897,45.89391353259972,43.847299863150035,41.586230346551794,39.01270372706697,35.17222211300915,31.279711183973177,27.563453484013802,24.154592243451447
res-amazonsagemaker-1258,2026-03-24T00:00:00+00:00,32.1330217602648,4071.1095807871216,28164767.954346437,35577003.07537911,5681.771590291955,17.8070024803318,normal,21.627866905707567,19.75859499639427,18.058823608206374,16.964628436587844,18.015496699706873,18.562719825238624,21.148952106585618,24.472327357410144,28.333649078196853,32.12987795319927,36.12339508414538,39.403870362379024,43.049397909142584,45.52112739163257,46.970505855664356,46.51399155085754,46.337472203867016,44.58737502651324,42.834979132219345,39.85973356955065,36.092474288532706,32.12987795319927,28.439894830575927,24.255490120842374
res-amazonsagemaker-1259,2026-03-24T00:00:00+00:00,28.660248287199142,3963.2762630660536,29775163.423915863,36474404.93943453,5739.617040108697,18.38803712828184,normal,18.035049273174508,15.321725991818639,14.161503430937456,14.146835610802086,14.047600969536875,16.06942891755194,17.854812426475156,21.408840365778087,24.89695436747802,28.68647701544801,32.378746445774794,36.49029721800163,39.62862699373817,42.19728995465933,42.659987804232514,43.25122733669538,42.680237168317944,41.37462833904795,38.93063472190439,36.32211217925611,32.7559809078324,28.68647701544801,24.63615293648012,21.224331502389916
res-amazonsagemaker-1260,2026-03-24T00:00:00+00:00,30.124411163332,4331.897217727641,41072682.184391074,46255243.84145636,7604.401885274106,18.744126581302,normal,19.1771429512737,17.384792985693053,15.642171125278681,15.411031331685896,16.142739928477006,16.800400163288064,19.83350174975732,22.608904030704956,26.125919031648134,29.973161523004297,33.91452200623417,37.53012620820069,40.717053155008664,43.05322093737605,45.04445544689127,45.530046238726555,44.319333766209226,42.74077329596801,41.025269385672644,37.404519093602474,33.75659035365232,29.973161523004297,26.057599913199514,22.81943177541094
res-amazonsagemaker-1261,2026-03-24T00:00:00+00:00,25.59031366965551,3891.552095153501,35509077.15980658,42936232.509625,7634.57346807701,16.95759401327062,normal,15.283139785256537,13.215240409856188,10.847282773419016,11.012369679866028,10.922915338558607,12.199935749016081,14.944240791423306,17.88472929842832,21.575520443474424,25.620298006121903,29.406348512116278,32.768749547070335,36.045810358902784,37.98423405506462,40.07343956471788,41.06506653179695,39.973698149385676,38.86700630300922,35.94434737855765,32.96136487869339,29.597801791541375,25.620298006121903,21.90282279492728,18.450867924406502
res-amazonsagemaker-1262,2026-03-24T00:00:00+00:00,30.697221259315842,4218.388208657033,38825995.92514027,45022478.05103472,7885.15245898016,19.300044364910864,normal,20.089169726505858,17.374190622612204,16.115800214230436,15.934224065973801,16.792986752009547,17.267916880786622,20.223230143970675,23.305592668388492,26.788438689374505,30.669259782127376,34.426045202094805,37.93148942053441,41.70813199853219,43.74674113918139,45.85767083844609,45.5840127687591,44.558510049292444,44.225969334132856,41.16024549277182,37.86686850640932,34.58069612887921,30.669259782127376,26.914404999232357,22.94245501720737
res-amazonsagemaker-1251,2026-03-25T00:00:00+00:00,31.36580410192091,4257.059436437439,31768332.768029045,35793505.468411535,6313.414584247673,18.084141589998215,normal,21.240709275276032,18.625276704394466,16.84604506796105,15.822328440032697,16.894961406518554,18.24792821249089,21.04049580237324,24.02550251029565,27.406405854688863,31.36453888623183,35.401047032603024,39.06908612197547,41.60843366251112,44.75251866054665,46.23423363537614,45.752496263051285,45.46816120241809,44.15450590291374,42.128478057846536,38.72030032162246,35.09822813129829,31.36453888623183,27.41556138268106,24.0975170247628
res-amazonsagemaker-1252,2026-03-25T00:00:00+00:00,29.656246910200696,3988.8237305760367,36057802.03265611,45294833.07352189,7335.371189509653,18.372401451199217,normal,19.554529257989582,16.824363498994884,14.692463197715275,14.220481245310053,14.50778189403305,16.39511637618741,18.916500413761952,22.100394023902442,25.93404045298226,29.676686163979475,33.54097487614725,37.46707280161479,40.7646010959515,43.21193212002087,43.74410975621209,44.8916699403028,44.697448423803934,42.02767029697528,39.867024597939384,37.49162490731035,33.74109061482645,29.676686163979475,25.86386662203282,21.941797102843317
res-amazonsagemaker-1253,2026-03-25T00:00:00+00:00,30.596403377799447,4036.1461065070803,25607824.403958935,31958798.645948987,5327.424362126714,17.371727924777687,normal,19.312719509790192,17.86999709839896,16.66378242415385,15.976481546337615,15.9163839185996,17.69498069650333,20.25968725261131,23.274599967486736,26.746910607380187,30.444366829918344,34.409892440958664,38.16436411974195,41.32745272533212,43.53639262938779,44.962162521609734,46.19410201627784,45.51245858587665,43.192532780318004,40.768032865317586,37.84512861711093,34.32861418166046,30.444366829918344,26.548175311342415,22.920095591154166
res-amazonsagemaker-1254,2026-03-25T00:00:00+00:00,27.222044777709485,3801.3153516629004,31566810.38597193,38449942.30771418,6287.259033127658,16.32205422579859,normal,16.72936723671188,14.112633250222634,13.407304169329823,12.795303905002896,12.961120817744433,13.594855721955415,16.16825259164208,19.33351763537285,23.333134077212588,27.19157777617087,31.046811558776515,34.64089069108385,38.30491680055263,39.68387504205322,41.11854831450576,42.06020172015308,41.92002781444276,40.59558045781937,37.95242864526735,34.99304130509215,31.016745107591667,27.19157777617087,23.3007218178395,19.87664043231345
res-amazonsagemaker-1255,2026-03-25T00:00:00+00:00,27.285925851738554,3912.5929054047483,38301570.47071412,45577554.083521776,7909.331948674036,17.370539287788272,normal,16.83761766295739,14.268446184616053,12.63304730137184,12.415667822726164,12.21098920946174,14.776584925331154,16.405099106681682,19.80189176103634,23.58317033208172,27.29418717737697,31.047806974730268,34.44969334322783,38.03210080673664,40.29085330688379,42.12553055186264,41.79652375068377,42.44754857353176,39.959197167531684,38.19486887795575,35.15589112323346,31.037992722752552,27.29418717737697,23.35778323956761,19.445541342009545
res-amazonsagemaker-1256,2026-03-25T00:00:00+00:00,30.159216504851656,4172.578784006672,37272355.46192303,45059380.414951526,7474.48960786655,17.64336643565492,normal,19.537194990016935,17.00953537405202,16.200946477940626,15.610138474707103,14.980662963993026,17.041554976631225,19.15120236927479,22.825339844538743,26.347011604170884,30.165682521311332,34.203310714445294,37.40049954319053,40.581714141013066,43.03681697097565,45.11570948785577,45.354974970401315,43.9650732845921,43.038846611379135,41.28800268766998,37.83805962944335,33.93860123562568,30.165682521311332,26.22185343906875,22.802781282831152
res-amazonsagemaker-1257,2026-03-25T00:00:00+00:00,26.23200887441891,3778.621449751492,26920376.53082597,32189726.73640959,4926.546538743553,16.471013782763404,normal,15.540305985402576,13.151520064081023,11.211493594403136,11.879664035446725,11.91533608567581,13.744253864122568,16.009732319020834,18.43750093286388,22.490430138498212,26.296172425579154,30.069708557656014,33.45454692133866,36.66582071744666,39.82459079852548,40.324737592989166,41.922474878188126,40.393371377970645,38.707294617305976,36.4038244110863,33.59410663411724,30.04585574767659,26.296172425579154,22.399458575308074,18.789840285771735
res-amazonsagemaker-1258,2026-03-25T00:00:00+00:00,26.797950769277392,3907.620426507694,27534213.463078327,31591627.47556887,5538.223411663976,15.907375751550958,normal,15.732039057330134,14.040491048702703,12.391229931448954,11.723371870362147,12.475686443290265,14.235486650062091,15.829294631170718,19.145822094852146,22.755804702200837,26.817047084232463,30.706263893450878,34.325727740661094,37.082371555086304,40.166088318769326,41.10328592455031,42.215371719958924,41.80113980016367,39.463518792817304,36.9369366860619,34.22050383495756,30.86530435209564,26.817047084232463,23.02483962424128,19.276145621958314
res-amazonsagemaker-1259,2026-03-25T00:00:00+00:00,27.84821164247239,3840.205839549609,30236652.851802245,34275288.91765062,5656.028834195656,17.617236599674374,normal,16.831288295142354,14.705985357996136,13.837887604558038,13.51718761277277,13.601811791109311,14.342870602793,16.97310637798332,20.46785235613548,23.821179008293747,27.871807233391806,31.73856158236596,35.161030889936185,38.05572614289178,41.24960629814579,41.91180588757576,42.64896113658608,42.885557894614486,41.24825020978997,38.05078810044737,35.573480346776364,31.926032850680052,27.871807233391806,24.058068888218845,20.006425717740925
res-amazonsagemaker-1260,2026-03-25T00:00:00+00:00,27.3480380536119,3637.5052267962283,36931720.16609043,42927104.16673184,7475.607077511103,16.156649330070206,normal,16.687812152575532,14.471793099647236,12.765391469146282,12.468816921231934,12.575266451619699,13.934797454682395,17.311580092949157,19.52849829103676,23.542763944097544,27.388529593777477,31.329244498996545,34.52688664732286,38.307131530910674,40.9395196275398,41.7776853199203,42.93744952599921,41.189068940335225,40.367518052911336,38.232615468247445,34.528011935170696,31.160120678187916,27.388529593777477,23.462290827661562,19.531591168940608
res-amazonsagemaker-1261,2026-03-25T00:00:00+00:00,29.1570048182747,3933.0260610243477,38111662.69044885,41715986.57557863,7665.5213340943465,16.591203871297513,normal,18.162870488850118,16.61779907882276,15.226285946843582,13.965548105681199,14.901125441664936,16.170529829812093,18.652982833005336,21.316333709656515,25.38291374667652,29.109856913752118,32.89898605429889,36.64941721417487,39.194177713346185,41.641791566135545,43.86287703888254,44.103031223009616,44.23900019446879,42.528703747761654,39.8769445379112,36.62393171959449,33.084436387850644,29.109856913752118,25.049701677441092,21.399013555200064
res-amazonsagemaker-1262,2026-03-25T00:00:00+00:00,32.935520753843115,4274.8047023622175,38501529.36160836,46427326.41020593,7297.306502069296,19.182731102187752,normal,22.3950401121089,19.403026374591207,18.055159669632797,18.53457222193539,18.96395606484065,19.391019260580734,22.335667652643266,25.73170356492121,28.982769926362177,32.963300769719055,36.729725360315065,40.33345493131434,43.17172997222802,46.169150735631355,47.802371726592106,47.2384839895352,47.69482454399284,45.71396967297996,44.03843401281827,40.25424427144031,36.80213520429022,32.963300769719055,29.034359429324812,25.75009785471774
res-amazonsagemaker-1251,2026-03-26T00:00:00+00:00,32.48827179754972,4236.648691532744,31525914.574177578,38576986.78427802,5935.562410521119,18.10286276183997,normal,21.793112174342095,20.124959233261965,17.63775765148076,17.485650283936188,17.61954018666432,19.62886529801131,21.64087328526586,24.785714065517784,28.606873151954627,32.50719973918856,36.31461337332028,40.34174718417187,42.6303712528319,45.89422048706733,47.08339446096326,47.27240083606352,46.3819359596369,45.7442131949292,43.3000386810377,40.17658671839019,36.48367754613954,32.50719973918856,28.485602113300395,25.271976524529226
res-amazonsagemaker-1252,2026-03-26T00:00:00+00:00,29.002734977305796,4015.944415840012,35075587.97641407,41875615.309779815,6995.107652400735,17.992356609150086,normal,18.26162292337186,16.089068126235414,14.754293300877993,13.422257150545331,14.494714801368291,15.66568419773281,17.99214618634415,21.58874306161397,25.05357739984779,29.092104657610584,33.16747361717014,36.55486900405266,39.19124194694926,41.574865078022185,43.94417197322377,44.56203373522851,43.37842024375184,41.58288889875229,39.920462416692885,36.69327829754834,32.80165129289519,29.092104657610584,25.307822410112685,21.88014407778053
res-amazonsagemaker-1253,2026-03-26T00:00:00+00:00,28.245535100988068,4081.888538266615,26518976.950267628,33601960.0855196,5468.65666774114,18.37607038416491,normal,17.8547205209142,15.76489210094571,13.581831065485693,12.57512458142685,14.418256090462169,14.742693464019686,17.359268339617273,20.7136955876183,24.19036897093949,28.247086883359156,31.952388874584603,35.95988072545995,38.45391260829171,41.66980172327008,43.34146250882733,42.86993443340742,43.26220193639962,41.28097074652053,38.69187544174464,35.58184643713082,32.2400579558331,28.247086883359156,24.2314734411937,20.662011102902483
res-amazonsagemaker-1254,2026-03-26T00:00:00+00:00,27.193212999881478,3781.4191117643145,30347082.059279002,37286958.17957486,6256.130716640987,15.806159101853371,normal,16.868661344936882,14.229530649579022,13.27484381793915,11.65597611264245,12.585859436933779,13.63393988622085,16.90605593122954,19.3432461679426,23.128158654181114,27.160781710885463,31.145066260887575,34.6387438727571,37.51711853855169,40.69856678349777,42.078163965672935,41.65677474325243,42.303226872724544,40.18755278433498,37.81834517257912,34.78803057142653,31.01219233545901,27.160781710885463,23.177755328237346,19.667739344398164
res-amazonsagemaker-1255,2026-03-26T00:00:00+00:00,30.292709651540665,4111.329331264773,40581769.10124583,48282007.00439268,8052.33986576605,17.166793657610132,normal,19.78068739449335,17.576363740579637,15.624611382189727,14.739454672989893,15.845014045343131,17.627649115481503,19.618661125624776,22.58252629893392,26.640520982173978,30.398754426604288,34.1729583327959,37.92361009841733,41.298557538895366,43.78324553422466,44.215368257650894,45.10029536824085,44.45956815397809,43.11535293668955,40.96578851323537,37.57639451854671,34.27761255689749,30.398754426604288,26.5176739853741,22.785608231011164
res-amazonsagemaker-1256,2026-03-26T00:00:00+00:00,26.770386430947326,3740.6782732082665,38972246.643688716,45275366.808105595,7214.75738245719,16.45504221407455,normal,16.307847307566952,13.23737724106197,12.365059691124904,12.425655970509437,12.79040078688322,14.18329818549214,16.550154913794678,19.12313311283248,22.96917135539471,26.68833817822779,30.473506977800827,34.395805120794144,37.41897300411162,40.19815761239043,41.1252201322751,41.525544175284736,40.9284736344637,39.2653418821444,37.11838206679754,33.81963658694309,30.73050148464138,26.68833817822779,22.649942116958037,19.511014627014774
res-amazonsagemaker-1257,2026-03-26T00:00:00+00:00,28.794714400405653,4079.7114856837684,25848633.330925167,33620096.00109589,5591.58442931751,17.16552105494014,normal,18.028163287651893,16.3612677135515,13.712507159434045,14.402091415120818,14.469823179573217,16.394778360964075,18.077049598555227,20.986583774672514,24.75696706214686,28.785192457326723,32.556796549773296,36.064002229382275,39.00767163976523,41.8455684888151,42.8442375269252,43.73505169882309,43.95864701173396,41.299393948565985,39.216509155924015,36.49134405086901,32.62682172896055,28.785192457326723,25.08398922769414,21.583495886180234
res-amazonsagemaker-1258,2026-03-26T00:00:00+00:00,27.102445676560823,3937.951636374564,28404481.97832519,34167375.353353344,5706.165022257022,17.046088511140763,normal,16.171521727848535,13.830928457915174,13.189775009446096,12.518349461846334,12.923159043261817,14.00089759519728,16.670405176706424,19.790092484563885,23.274282906289248,27.07909198350641,30.915157842100868,34.742696794637276,37.60724996611797,39.5362814759473,41.01709398046025,42.000195316521676,42.03425118306068,39.76575539842398,37.727779010334125,34.69131554734838,31.129775119511308,27.07909198350641,23.2611637688841,19.50238500402424
res-amazonsagemaker-1259,2026-03-26T00:00:00+00:00,24.6568711994472,3893.6235844570433,26835215.256565068,32576120.664298378,5906.136335528354,16.426485250672496,normal,14.149915586359933,12.220172992740718,10.24081420052045,8.995770628057002,10.05432656035349,12.308691586098627,14.067514620732222,17.45607394679466,20.794102779840784,24.663517720253626,28.719591250007532,32.10633357871715,35.718727722287284,37.087148990062076,38.651220726172,39.20117848535273,38.50558380527185,37.802911223444966,35.355732783959446,32.225014113586475,28.45351289107865,24.663517720253626,20.95662777351737,17.36690710127019
res-amazonsagemaker-1260,2026-03-26T00:00:00+00:00,30.38847947551118,3989.2748048266426,39378268.917876855,43820309.305774875,7473.839113065782,17.303784484943165,normal,19.298234158071402,17.817388112566057,15.953465445958964,15.876194763359514,15.549864949506988,16.94339632959523,19.397854626822674,22.941759853977736,26.393332515788273,30.388465022552158,34.31687203499168,38.1530334946641,41.287574672935335,43.143250731749625,45.47608425458817,45.90450010954158,44.50153589872312,42.82658539620812,41.00503162090592,37.664658015931664,34.26778059649937,30.388465022552158,26.67262385089016,23.155555933888238
res-amazonsagemaker-1261,2026-03-26T00:00:00+00:00,27.83550824896231,3716.6466209069035,36896949.80652767,44611186.139494956,7344.48694680365,16.81146915577212,normal,17.004255414548627,15.180096416290798,13.66184591230718,13.332615923477364,13.252352396663627,15.2914350137204,17.50625830343504,20.2623855650645,23.786835026006298,27.760168453656306,31.5350993238236,35.45119766450251,38.104572700161484,40.99909622424395,42.272033641115044,42.76909555214816,42.223374198892074,40.2041957124345,38.860958831574465,35.235302733323095,31.61121105934302,27.760168453656306,23.91155858639701,20.076084868310094
res-amazonsagemaker-1262,2026-03-26T00:00:00+00:00,29.746724340073627,4045.0187150635134,35870963.011904635,42821819.73732472,7385.311492659074,17.97701843327062,normal,19.224841767675727,17.240957566037583,15.504900105644587,14.319417604359447,15.419300833347046,16.88526532735161,18.79871211419506,22.068216318688034,25.771345166061224,29.626825468029487,33.36726986831593,37.09250462965476,40.327973952776475,42.48328307631601,43.734171107573324,45.140540172473905,44.432527814960544,43.140826611890006,40.6761882551637,37.243365721159215,33.46806980803676,29.626825468029487,25.91350742535823,22.414547978668775
res-amazonsagemaker-1251,2026-03-27T00:00:00+00:00,34.62300916719214,4501.107964869992,30563045.021499842,38784307.06799257,6606.786473861188,19.49364061851308,normal,24.442036349378867,21.08078655610699,19.446472974634904,19.940704902484413,19.514160841129282,21.979919294321732,23.865033667306463,27.413134903336243,30.5734193161512,34.553398023610406,38.54434111481828,42.37704920583247,45.580857823021766,48.15615156855309,48.56406075986531,49.73687979757691,49.469495040404,47.23693674815326,45.538800725691736,41.90770442652134,38.60764327513441,34.553398023610406,30.50023029602894,27.369604378938867
res-amazonsagemaker-1252,2026-03-27T00:00:00+00:00,34.674333426881596,4716.057724275896,38464458.32989203,47859101.42822833,8115.426324533956,20.070723954420725,normal,23.605467313045583,22.220166587683167,20.423407245494907,20.28086936281013,19.743604454008658,22.14373390912622,23.867217399460618,27.204481416952483,30.857125845170977,34.633853253682304,38.54929000273009,42.37671828882373,44.74553709779711,47.44473288058428,48.77726919457898,49.418057145538164,49.34473139185494,47.35855108086837,45.47318145793746,42.4137950159219,38.60031168330057,34.633853253682304,30.655130314706337,27.412916649399115
res-amazonsagemaker-1253,2026-03-27T00:00:00+00:00,35.04344891983084,4576.3969222921205,29110140.159077544,33702043.46769708,5852.299403955285,20.926652135531086,normal,24.182382514776176,22.238890697993025,21.113968328210937,20.157675036883504,20.325425582214912,22.506297020745276,23.990424388026813,27.88891623432118,31.35712207974042,35.051394742971766,38.760957938392615,42.902045043532816,45.68023510664767,47.92337036033154,49.932392264804584,49.87069479679164,48.83437308229442,47.48037731092971,46.033488583914064,42.5237635488634,38.80814544661846,35.051394742971766,31.16911257196794,27.259926651995446
res-amazonsagemaker-1254,2026-03-27T00:00:00+00:00,30.27286393347606,4154.021069745382,33662247.916794226,39012201.38034502,6797.107710906613,18.369842613216605,normal,19.541184481647097,16.75622272105869,15.183305273774934,14.729471424159936,15.170594521729948,17.933625066679813,20.075844811711292,22.86291875497863,26.608140182849407,30.315444294608305,34.01875995475797,37.622753866452584,40.982712949173695,43.912698905882124,45.48328059378938,45.1280351187327,44.27384543988266,43.826597280678904,41.21831096136421,37.638318443720046,34.066273543450734,30.315444294608305,26.333247626568934,22.551703891165165
res-amazonsagemaker-1255,2026-03-27T00:00:00+00:00,31.174112781199558,4341.320030366413,41082740.0230618,47449775.3716137,8218.593452772784,19.450604880205585,normal,21.01477857703341,17.835068706915095,16.19041220561467,15.872240526855993,16.942656375779816,18.72016135348231,20.700647312044303,23.8230184327047,27.375459045316745,31.106442467633954,35.140792036163695,38.806110481101264,41.784154777306505,43.530309685170536,45.72357120306371,46.33674368604315,45.58259253795043,43.82993532107183,42.15219760217241,38.44165727719592,34.86344161027934,31.106442467633954,27.37233775792588,23.927535302329858
res-amazonsagemaker-1256,2026-03-27T00:00:00+00:00,37.103560560347255,4584.771538923102,44014341.676694155,49491791.20415337,8499.714004251215,20.879076947837767,normal,26.66123502229992,24.023506562019705,22.187547388859176,21.92048990716441,22.669223601749273,23.65557657260284,26.482345027241784,29.61499439449056,33.30248266528067,37.06420441674275,40.922067504403046,44.279362032929015,48.188342307331155,50.31265140180738,51.70569468664074,52.4199844102296,51.16566322019586,50.620891668380054,48.084622056593275,44.66344080326235,40.980339857000054,37.06420441674275,33.26847669038001,29.228106833987816
res-amazonsagemaker-1257,2026-03-27T00:00:00+00:00,35.718395573527324,4653.078862486798,31131822.75035016,35067956.58510495,5683.977521306906,21.407128253760874,normal,25.501650967418684,22.66713740799444,20.79193765821472,20.001067610500087,21.36315631505404,23.1109585253985,25.57525987835068,28.03024835407663,31.68400688540532,35.70060223140959,39.43867644294523,43.29276903641431,46.14941359646679,48.79086794767002,50.89907462092827,51.05803491740787,50.3102071313743,48.754578811242155,45.896156319655276,43.018146741179216,39.41440283114551,35.70060223140959,32.00036290168567,28.09217440130886
res-amazonsagemaker-1258,2026-03-27T00:00:00+00:00,33.11933375627448,4453.274887860181,31560673.388460085,37787568.35999034,6224.074429493466,19.827743251939975,normal,22.099504554380133,19.86797248487544,18.230652721847896,18.18867816110295,19.321900003287244,19.960445180025168,22.046746132709938,25.303539338671694,29.356172358350484,33.177702831511894,37.190001178753015,40.347022603355505,43.6589384085095,45.829236206298376,48.07436297190512,48.54432425074303,48.15054381230384,45.91903539277302,44.0930320216128,40.614351284559376,36.907842943196094,33.177702831511894,29.40738338672117,25.396919091581985
res-amazonsagemaker-1259,2026-03-27T00:00:00+00:00,33.77578732888875,4344.0170718757745,30769173.00894365,39046464.81009284,6048.42300113073,19.403131983206542,normal,23.506037250519107,21.153276156075677,19.20471120806552,18.75604585167308,19.33763103930488,20.09887773044757,23.20603208799284,26.223558414391,29.58766985735698,33.66377347761009,37.66217310167742,41.47076740663579,43.93078414512919,46.622819369535016,48.11229743200498,49.343045841168916,48.87207859943634,47.05438220579231,44.37302767520863,41.37538028187822,37.59946623066124,33.66377347761009,29.73426468335763,26.067022369797296
res-amazonsagemaker-1260,2026-03-27T00:00:00+00:00,35.49893120598867,4761.192581869859,42168268.37029078,51662127.71901422,8893.606860050944,21.934078627472534,normal,24.478601523624306,22.601451491350907,20.586862378897344,19.97893684697708,21.42492149878896,22.753159840044262,25.160743504610487,27.76903630904386,31.862984488054718,35.582065150203505,39.317521351571244,43.11949118201787,46.09895692357712,48.30656382160436,49.86122539691006,50.04117700472978,50.563963356891705,48.429816989146005,45.88426477333901,43.278798843133124,39.59889191826441,35.582065150203505,31.658599166935687,28.034250033808732
res-amazonsagemaker-1261,2026-03-27T00:00:00+00:00,36.768911833201344,4523.069706342315,40805618.170437135,47028723.694682896,7840.678895809762,20.69025405000085,normal,25.89113526844285,23.622276581234836,22.482411712341708,21.624219044775373,22.217482562540894,23.915744874244936,26.429867366292115,29.127532498740756,33.02484939783493,36.807267820564,40.63593255877884,43.95636658022663,46.94266668366109,49.26290570921144,51.050869274176705,51.783123941134356,51.94043002824604,50.074348722332985,47.47708327436197,44.663118940035865,40.648637926952986,36.807267820564,32.858267551457615,29.21007785867938
res-amazonsagemaker-1262,2026-03-27T00:00:00+00:00,35.22025744643263,4731.419874132235,41399824.85715066,49513518.57105476,8111.266010602826,20.335205410480565,normal,24.581187365063887,22.112345927229754,20.031232204671884,20.683725253865404,21.34092950573406,22.1758098706007,24.516504516614333,27.970556935810606,31.507001580540834,35.239714149613675,39.174494082564756,42.992912539804074,45.37217800946424,48.247289457247646,49.590957821984006,49.87969782941569,49.81579514769925,47.81222249373303,46.154666036998705,42.669471669726214,39.12150869982516,35.239714149613675,31.235975702719188,27.82028776384231
res-amazonsagemaker-1251,2026-03-28T00:00:00+00:00,19.231403151558826,3567.6820327077403,28312379.80462842,34428128.85198673,5595.255318692342,15.358920678119185,normal,11.297506794084248,9.339692744208763,7.956951828748764,7.7930801602018835,8.58536858514509,9.696552592370347,11.706171458243794,13.632717999118452,16.27179018715405,19.28441386610419,22.261542627596643,24.84288266230339,27.156552539765755,28.74456602789296,30.22379053515288,30.485748018325868,30.136402112069153,28.858103579180586,26.975692020512774,24.85648390059131,22.153139889989898,19.28441386610419,16.3217933321496,13.688318310397262
res-amazonsagemaker-1252,2026-03-28T00:00:00+00:00,18.09486127239965,3553.1941347830416,34544373.12442082,41369088.01244232,6464.958163759169,14.999394773178476,normal,10.172447594902565,8.619679847491838,6.784542907563079,7.265683454320616,6.8489312475825255,8.218632686411388,10.106217581387057,12.552389786697894,15.084169572219121,18.117191130128653,21.109818108972306,23.622688992422646,26.275511780744218,28.028806084825327,28.667816178163328,29.364872865846323,29.100339565596183,27.670953337204253,26.133485163082092,23.60764228886582,21.11301594377838,18.117191130128653,15.323959898367715,12.370683390889635
res-amazonsagemaker-1253,2026-03-28T00:00:00+00:00,21.163106638521814,3796.564471651498,26920241.569364775,30754646.169380218,5239.624705641324,16.37258772594344,normal,13.370104948561263,11.801684192304707,9.839270613079805,9.576412887082311,9.967755304854808,11.43774406382536,13.472773644773437,15.437283431073466,18.229385671199413,21.161393506765528,23.988365212308448,26.58321811316203,28.849650159814644,31.072708531054904,32.32631755169821,32.59899595655424,32.51729146177381,30.717958145732915,29.38542411697567,27.0138597486767,23.968187840106854,21.161393506765528,18.117454271886427,15.319926444493074
res-amazonsagemaker-1254,2026-03-28T00:00:00+00:00,19.627569658019112,3512.615012424881,30847213.324786056,35144188.65921484,5893.942014385417,15.415225327222055,normal,11.6790677210227,9.672676574687785,8.423505698757173,8.543080022226471,8.603001491353984,10.228416513113597,11.913727913300878,13.764439622482735,16.570707740623774,19.52663135540677,22.423415980809512,25.261629661075453,27.4764548159542,29.685723938485978,30.807028259349096,30.928155808942574,30.827004221394976,29.415748186628235,27.562772157462902,25.356528445437064,22.516439041099204,19.52663135540677,16.559084126271692,13.789801141165128
res-amazonsagemaker-1255,2026-03-28T00:00:00+00:00,19.481655663670846,3971.4188050486373,39408447.86496392,47698968.5814305,7695.1076690707605,16.513655345316973,normal,11.612707330819172,10.153666801180984,9.006163594023516,7.656863538926309,8.603577091880982,9.465252919906327,11.83783147595425,13.958883974059013,16.601513991348952,19.448192615076493,22.246765897163602,25.34490880058017,27.582970517246267,29.14662934478046,30.55693232644331,31.001722389559127,30.378708203173602,28.768263355435014,27.077806594352406,24.841005396010928,22.336100196063388,19.448192615076493,16.579692081174112,13.905384877865394
res-amazonsagemaker-1256,2026-03-28T00:00:00+00:00,18.996674776123708,3621.5253364080904,37289874.440028355,41797544.38306363,7189.115282769128,15.287906214173361,normal,11.350496008387127,8.954883823388199,8.516766530096312,8.010447914237567,8.504575825139696,8.967490438812034,10.651950271043162,13.261117104366056,16.042376596178833,19.0036471318823,21.92097577023794,24.897495019308195,27.177945558434732,28.35827275471318,30.10874450014977,29.899129190425594,29.505617411144165,28.62207634137918,27.222525659512062,24.482054934384173,21.884225384140034,19.0036471318823,16.20001667512864,13.373716652597743
res-amazonsagemaker-1257,2026-03-28T00:00:00+00:00,18.780905460601737,3319.5804150669064,25740065.747883786,29833331.091516796,4747.495427661813,15.199688974939965,normal,10.53821592237329,8.699396035683126,7.462992766644428,7.5367043362454,7.630941342595486,9.239894158395114,10.945559880854443,13.097139797614066,15.81315229763659,18.83279154202907,21.684931755101786,24.239415026012907,26.766762621253605,28.91251134870668,29.729600681901353,29.82649874060794,29.745936794549365,28.824229729783077,26.842035671156673,24.567561595219395,21.75354639463159,18.83279154202907,15.795726343267997,13.423394730149214
res-amazonsagemaker-1258,2026-03-28T00:00:00+00:00,20.178774979801343,3551.0335609974304,26916907.28584769,32378884.826851923,5304.71474529897,15.582664439546406,normal,12.021728689436369,10.827346874542414,8.927076052980992,9.04106181118431,9.136217317326249,10.56913686848371,12.288761123827591,14.532427365626713,17.392174256956814,20.23280397286206,23.076998719808408,25.991110715174024,28.138966321774998,29.932642554158157,30.943134143698593,31.33169982111105,30.788104554568207,29.653996860252974,27.88097855031247,26.120210892647762,23.260195785325273,20.23280397286206,17.3148149436919,14.65620734661913
res-amazonsagemaker-1259,2026-03-28T00:00:00+00:00,19.214652449563715,3443.389748722088,28233100.041944016,32297971.460049998,5631.13670797083,14.675866428477818,normal,11.38933037761759,9.862701278243062,8.868430081152685,7.970533853415835,7.9284807144025,9.820647685862461,10.907538893295676,13.47318806925807,16.3400098556155,19.219649619798034,22.20827361807874,24.783088002571287,27.556033171552116,29.017446664803124,30.28607528484092,30.249556960267544,29.894581767462938,28.63936809508052,26.870790207813116,25.00195210896205,22.090921574082177,19.219649619798034,16.16251114934004,13.390900136215123
res-amazonsagemaker-1260,2026-03-28T00:00:00+00:00,21.45899007016841,3710.1475778370127,35638709.91351145,44122795.71840882,7616.487648036672,17.111463841737674,normal,13.190628803607343,11.519024213089239,10.634660669621315,10.581815412425726,10.959325006423835,11.941045354012564,13.84722930026156,16.122422668714087,18.530452849425107,21.477113531848605,24.42090655954012,27.162197494321596,29.793974384202105,30.89069335622338,32.60090399041205,32.377863586037265,31.825979012763824,30.87319002028544,29.089584107157112,27.112532320840657,24.389305860180883,21.477113531848605,18.448168073389155,15.749631577410305
res-amazonsagemaker-1261,2026-03-28T00:00:00+00:00,17.612181268064642,3604.7897210167725,35374922.48469084,41951020.323929705,7426.45576351996,15.751770962590864,normal,9.470339142254357,7.843552859318393,6.451057816197553,6.866043387019657,7.307695127785365,7.804376479274706,9.776798230583484,12.20247356513077,14.73213703413035,17.63943507912208,20.496365997393863,23.107554401094458,25.630178735165195,27.126428324387327,28.03401258585955,28.417449879672716,28.622868191393433,27.3438964599306,25.22800465421974,23.515169382570647,20.66503514203552,17.63943507912208,14.610448716647909,12.16159416324162
res-amazonsagemaker-1262,2026-03-28T00:00:00+00:00,17.84131239412289,3758.359238880951,36324605.45082341,40043642.67175728,6719.580463423171,15.7285509363281,normal,9.545373377254093,8.027403934876293,6.807537692210952,6.448281512210331,7.048959484355233,8.412893066858594,9.59153666780034,12.38863748459339,14.907990916593416,17.859775006405616,20.74449936116532,23.550467194788425,26.14243241094679,27.808568391568517,28.239520790593794,29.016936604800396,28.389441735495083,27.981445636942553,25.923618829165623,23.563971914482785,20.70562559644719,17.859775006405616,14.952651724323804,12.274153118665229
res-amazonsagemaker-1251,2026-03-29T00:00:00+00:00,27.258703837989014,4743.820797885068,33640404.24262614,38352415.270551145,6799.478271403197,21.39753753151478,normal,19.158152270616103,17.381714088297052,16.61549576650229,16.410039858565504,16.64045966886549,17.936588203941675,19.019808050549678,21.433145665023318,24.200377687887602,27.237414962510897,30.267324635218145,32.811655717479184,35.15858281199017,36.94016192859043,38.620986608271664,37.94211663715873,38.218253001769675,36.746642919703916,35.582315673616414,32.93098722929274,30.008417906587837,27.237414962510897,24.32367200023531,21.38716385655146
res-amazonsagemaker-1252,2026-03-29T00:00:00+00:00,25.30095844011448,4397.525617395928,36350547.64289558,44603223.91379716,7883.350103957569,19.266979046298104,normal,17.562192605299458,15.373745154611681,14.151357822350647,14.389650997628049,14.691588846593689,15.545188760656448,17.05961146970627,19.437060896938316,22.27867850126426,25.258642696388847,28.183079075508548,30.726950341866974,33.50944854255285,35.1915686356075,36.58715169545437,36.83779889711807,36.17099549737394,35.1152815435764,32.8702285443109,30.95427566878873,28.041266753210955,25.258642696388847,22.24153462940643,19.787062290145364
res-amazonsagemaker-1253,2026-03-29T00:00:00+00:00,27.357573052380303,4888.170301595603,29879883.096930984,34579776.88471998,6210.050736105154,21.502327567028136,normal,19.642476191243425,17.220355211214013,16.32696355343488,16.093817158521084,16.230022614984243,17.647052916805656,19.341965127810777,21.637662596959203,24.47590332325875,27.372983682472878,30.16784726356735,33.27415267397825,35.26371475154432,37.218574349225655,37.798410250044135,38.76098791419694,38.4771634694382,37.35973782717774,35.62479289079814,32.94658207408667,30.243028397595523,27.372983682472878,24.375090295989832,21.709485040306806
res-amazonsagemaker-1254,2026-03-29T00:00:00+00:00,23.542513833989627,4193.1375622241685,34763944.3264036,41022401.78569295,6946.205833351211,18.880711449064115,normal,15.579999074465993,13.95884808476085,12.228685351977203,12.835485668379425,12.898009724201694,13.816712381892716,15.623673649896196,17.94439640564894,20.59659247925144,23.602826219408215,26.63560264953106,29.287007260732498,31.168076319237848,33.24373832991195,34.122807113173465,34.748190608902945,34.7055795748429,33.136974848639554,31.366567519580308,29.164402536489966,26.40789968477427,23.602826219408215,20.644122025123156,17.701308285520117
res-amazonsagemaker-1255,2026-03-29T00:00:00+00:00,25.573867103854184,4804.233800828284,43649199.459941104,53389136.5651469,8836.002500351298,20.747337823226285,normal,17.72351260043724,15.854385306539992,14.631476896877068,14.146427735015727,15.248351793859632,16.096559108190924,17.292699810566855,19.95312842302878,22.610563035372152,25.58846198152055,28.403733421451697,31.203147993929655,33.78918777078726,35.546710643477006,36.231873310418855,37.069627629860875,36.330815754142435,35.29964684148415,33.162212336403684,30.969640173238666,28.48977531743939,25.58846198152055,22.812026435169038,19.730384191768266
res-amazonsagemaker-1256,2026-03-29T00:00:00+00:00,25.495339481847548,4569.73680228084,39692219.70455328,51815569.045417696,8200.657602814137,20.07992469388657,normal,17.65447852833516,15.31979295485978,15.0044247054527,14.139389116045173,14.97142437859958,16.082452027326134,17.649316558576725,19.74725441772282,22.425835925582533,25.401950753132887,28.271630979835614,31.19687625269728,33.52498997076992,35.54956152958807,36.64536104874207,36.28529737558167,36.73568669270856,35.44784915693958,33.16846894149864,31.10011547687553,28.236655085322525,25.401950753132887,22.430373002326746,19.49701193268855
res-amazonsagemaker-1257,2026-03-29T00:00:00+00:00,23.801762146891082,4487.784025967606,27078213.007851414,35599803.902237035,5820.756866454124,19.065021448885084,normal,16.133669513725664,14.35966619890959,13.017677336303569,11.964985112882765,12.73153836945837,13.579643657626594,16.170421407639964,18.169699108950404,20.84228414230449,23.776902131612914,26.60707386541928,29.37553986612184,31.994471880260708,33.429101321031254,34.912434141571026,35.55870403375408,34.63563935035362,33.31000843977948,31.571799486482327,29.325999964829496,26.716454607890856,23.776902131612914,20.94591819453236,18.335757262332397
res-amazonsagemaker-1258,2026-03-29T00:00:00+00:00,24.783301292491377,4400.884915831087,30940466.653233625,35624855.31240977,6312.065119550187,19.848618811960698,normal,17.189690044294206,14.937733912731177,13.465962034095176,14.01344976513427,14.231587889387217,14.898841750796997,16.82348217773908,19.006359225446943,21.830011793479713,24.765761025148777,27.77023273774884,30.155670383893142,33.039252777009,34.388397919385696,35.79070735967163,36.34942971271646,35.27431284484031,34.26666112540493,32.86355710035593,30.26439148577275,27.589214878316838,24.765761025148777,21.854422196656685,19.264339854618555
res-amazonsagemaker-1259,2026-03-29T00:00:00+00:00,26.813899126294377,4555.735920412572,31136464.422233455,37637985.089559615,6249.997720495323,19.85935192852889,normal,18.74718881000836,17.392198164716035,15.61957366686365,15.691141128120627,15.594265920886016,17.089377322066518,18.81139096428667,21.02885283180585,24.04212674563685,26.819497618386556,29.587233040642,32.57759411451809,34.39983222732714,36.62654295356932,38.164901522259356,37.885099316583556,37.589283450807336,36.82070464157492,34.80076965734225,32.575781876477514,29.779277475020123,26.819497618386556,24.049330407872596,21.022117555907172
res-amazonsagemaker-1260,2026-03-29T00:00:00+00:00,28.366582886466876,4811.457103928627,41522720.16605268,52451606.1371442,8052.296357153115,20.770216076876725,normal,20.163453159334523,18.221406696766415,17.665417056680255,16.83791501363587,17.668210179468144,18.29442631735794,20.217796384233406,22.958684078454972,25.536795802973536,28.43758385292864,31.33928137982949,34.207382008779085,36.091379859850605,37.8539611480572,39.656944826021245,39.21805319769999,39.19948249794703,38.609595005763,36.2879410688409,33.87041138935652,31.426688184087787,28.43758385292864,25.53305004196239,23.064546272247455
res-amazonsagemaker-1261,2026-03-29T00:00:00+00:00,28.13741894279183,4530.664211836796,42499156.08368431,49084231.32254784,8669.656138240689,20.596574601181096,normal,20.335437814114677,18.052840145901676,17.16709975500009,16.8724013332697,16.920475673177442,18.3995580917947,20.019592680095712,22.755253720088497,25.156765900085098,28.188725399447893,31.19457550237165,33.868997248151025,35.87406168683497,38.01644126515807,39.57341161285059,39.084432584895225,39.25729589287346,37.56107903826806,35.990117518024604,33.682409817648264,31.16499152088634,28.188725399447893,25.175251211163975,22.798113815454343
res-amazonsagemaker-1262,2026-03-29T00:00:00+00:00,28.382499008315865,4724.402599510298,42464598.99198856,49566623.5851788,8567.918842910622,22.36067429945204,normal,20.388696983638116,18.503767673662114,17.90061492557473,17.05956726837672,17.851221632418497,18.677078596782827,20.333769372431316,22.73817078353739,25.50665660305515,28.436187138497676,31.39619439155027,34.050031594905576,36.77023938784153,37.7675632150888,39.10520733720037,39.40063106117957,38.99292058566541,38.304706310814055,36.02352689487744,33.900605485120806,31.26097042566444,28.436187138497676,25.58634076605191,22.78912062714841
res-amazonsagemaker-1251,2026-03-30T00:00:00+00:00,43.742248955343996,5460.752267713045,35562821.25102237,43410012.96222569,7439.669891501827,24.267670521127677,normal,33.014198575649964,30.201675653546353,28.87556347628604,28.44951941256479,29.8965912162516,30.87673109859565,33.068216573125895,36.21527344698841,40.04774013082916,43.759550673405144,47.795483600544436,51.53018295044662,54.71921465320315,56.19122993906222,58.405326750883276,58.55891155404377,57.85673458051947,57.37993783921518,54.47292242258083,51.123004375311076,47.62940041505841,43.759550673405144,39.8859637431517,36.10105117358771
res-amazonsagemaker-1252,2026-03-30T00:00:00+00:00,43.58335709144141,5268.348362588455,42396031.854934946,51711644.62997806,8788.165469908667,24.321371924810766,normal,33.49472338822243,30.64388766611296,28.69052688986949,29.13996106185769,28.38603402578937,30.77761922727195,32.54798887690042,36.141039616861235,39.668853603047594,43.595938274205736,47.56396595523333,50.728466591944716,53.88893643410354,56.31642854406564,58.239565416620366,59.18682176546737,57.687749455176416,56.61685007470803,54.656160435607575,51.09105498146107,47.521544449776215,43.595938274205736,39.889035307523535,35.93147987856148
res-amazonsagemaker-1253,2026-03-30T00:00:00+00:00,46.842961663656034,5599.9880157740945,35150096.44772093,41553266.227531075,6675.177385131561,26.04531222031905,normal,35.74951041859939,34.26934938708076,31.98058940255261,31.43141740003371,32.158389655618386,33.969013912291615,35.84082630627939,39.518773805743336,43.02033847183953,46.81812086833975,50.62743036389664,54.2199030236646,57.90551297659571,59.97182845783301,61.15081596880952,61.94615392711419,61.44735641440539,60.11898753875765,57.856961731889236,54.09614763518519,50.77445053658541,46.81812086833975,43.057292763145036,39.483788093145016
res-amazonsagemaker-1254,2026-03-30T00:00:00+00:00,47.57711145536331,5650.116078073466,40540155.209845975,50103555.29461114,8124.757046521941,25.6348630283494,normal,37.21937274032106,34.24267442000047,32.58095670495658,32.80405368253611,33.08397272363307,34.42454182286055,37.179189574337215,39.96021563890069,43.74846105426088,47.55952479721831,51.29167315224397,55.32075618662864,57.89236554995617,60.20061957614993,61.74568206787831,62.88687905611128,62.70096587440065,60.35384469321549,58.54897719595795,55.34706865640533,51.494855703654395,47.55952479721831,43.82826338679741,39.876235873076624
res-amazonsagemaker-1255,2026-03-30T00:00:00+00:00,47.87107587732991,5804.861960046654,52260204.752782494,58897866.25930826,9609.51514933102,25.8757337438792,normal,37.58486464351989,34.74897093645528,33.603009675501596,33.47755684593125,33.39617108356383,35.29351323905935,37.05588828084645,40.65620663927788,43.814589254241575,47.87414459978566,51.67961005468892,55.1014396509092,58.5427504207792,60.613427221030136,62.091222119290464,63.05186559792144,62.51692298292609,60.51637655078167,58.09444042729089,55.50072547156339,51.64537953770655,47.87414459978566,43.94572175835553,40.226879464706
res-amazonsagemaker-1256,2026-03-30T00:00:00+00:00,44.916506695812664,5582.701992204209,46297149.74841152,58618537.70122014,9730.626562987958,25.217632258155408,normal,34.29668125201794,31.465386937336483,30.862523710233933,30.446569598195854,30.12327340421815,32.18323134617225,34.84351267559117,37.10764856815432,40.890432342453245,44.93557725065883,48.70959273221242,52.51716457014247,55.6128292347539,57.716357325747666,59.84507422036713,59.18826565067631,59.995740991131996,57.42313627143198,55.09225714016051,52.39894191326372,48.990811740964475,44.93557725065883,41.18700184073154,37.22857273222887
res-amazonsagemaker-1257,2026-03-30T00:00:00+00:00,46.19842809383817,5682.762310975783,32677875.44798984,38358983.569221936,6881.651296331323,25.820617417447703,normal,35.2342072579919,32.951550817627194,32.33704990939631,31.545795857320968,32.26586409615655,32.682464766098164,35.91091642120942,38.47081696907709,42.18765846986971,46.207467224360784,49.91182388292864,53.814199629880186,57.29529191032969,59.46217297928443,60.47512106987071,60.69123778666647,60.414746638760185,59.21143253012252,56.44215251615927,53.686057442737884,50.080520855983565,46.207467224360784,42.505305316020866,38.770952679902635
res-amazonsagemaker-1258,2026-03-30T00:00:00+00:00,47.22319860412616,5709.730178344472,36066834.67737321,43062945.199240185,7273.284959892795,25.8249288422809,normal,36.13090755420632,34.39278812295878,32.0176805934984,32.36484728945699,32.704621723684454,34.33333973503653,36.362858478465746,39.847915766211855,43.25900154467784,47.19612669870738,50.930888223994906,54.574068024977485,58.20993363210011,60.63273547926135,61.287075924622044,62.32725907086545,62.291106013336396,60.65094010853964,57.90381239892663,54.849838313233654,51.01328274503016,47.19612669870738,43.24444070637161,39.635171652156615
res-amazonsagemaker-1259,2026-03-30T00:00:00+00:00,46.24331776428348,5650.823755395326,37246095.55250653,44875017.16639067,7168.476432650052,26.40786836809541,normal,35.97037914314089,33.79029801630301,31.107689262602374,30.978427104875557,31.25915865990889,33.196149921062755,35.16395143372416,38.72919486900412,42.2168385532804,46.25139087944273,50.04562956797694,53.53579165284527,57.22765669258395,59.44149606145198,60.63081545718495,61.84220471222052,61.1260299551286,59.1373534008599,57.3571441273341,53.58628563048052,50.101092002658575,46.25139087944273,42.39819402725468,38.49506433203582
res-amazonsagemaker-1260,2026-03-30T00:00:00+00:00,45.795173119893796,5884.045183271846,49757363.26103207,58605030.61419698,9665.412106236488,25.979654903063878,normal,35.58767153466998,32.69058274337048,31.168926029142227,30.860136294913644,31.21032875389567,32.81217481248369,35.43562559041996,38.19406450864207,41.92861042009825,45.81096196320152,49.559301535618516,52.96371045901657,56.79327356478634,58.92822791068521,60.55059777515988,60.803901356100475,59.69995051651722,58.323693334509855,56.4642055745131,53.63400139146195,49.65451512352814,45.81096196320152,41.934034188783684,38.26469753273104
res-amazonsagemaker-1261,2026-03-30T00:00:00+00:00,44.57659232070333,5697.587070719371,49319417.62558162,54796086.97457414,9141.715644704214,26.058841775788814,normal,34.39946051913279,31.542317717467462,30.739430600618242,29.411683304813515,30.362765344029377,31.182071080827754,34.17643734915538,37.17314444326057,40.739109481083794,44.60664853064496,48.61241056735525,52.20443746977208,55.4901335729804,56.976285352811985,59.10757330842935,59.99900415941435,58.451718236165405,57.37776246136833,54.71440446110503,51.78381012191994,48.33222166095981,44.60664853064496,40.841387482542885,37.007349940376244
res-amazonsagemaker-1262,2026-03-30T00:00:00+00:00,47.38594936998081,5847.550619065318,46898155.91420084,55138790.066249706,9264.837524730387,26.151326936907925,normal,36.90048391363309,33.81654803378844,32.34578242464163,32.387051457305716,33.64199276631177,34.57330597170945,36.87318166247635,40.244011859247934,43.42011156728544,47.430367004786135,51.46862854462568,54.82178790234313,58.03944432628407,60.07368387622814,61.35264424103319,61.83316314392396,61.50309861037373,61.0507327637427,57.8199320229989,55.260919101972036,51.309023873977935,47.430367004786135,43.392668442627304,40.2738543634365
res-amazonsagemaker-1251,2026-03-31T00:00:00+00:00,34.27064439819372,4784.849030262232,32805058.33653498,40585671.82970372,6488.878489933675,20.606827522396884,normal,23.920728733957766,21.676865417306068,19.43338861558781,19.62612120962487,19.75723317906403,20.980872898465126,23.410891433239442,26.683290664952597,30.423867507150188,34.33370064802682,38.40412183617077,41.59872148205411,44.843141311025605,46.77946445386794,49.54450085483374,48.80403117395244,48.435301374499225,46.840920106874776,44.90482170147712,42.20390108242678,38.030597895149256,34.33370064802682,30.367722130776613,27.15755919813931
res-amazonsagemaker-1252,2026-03-31T00:00:00+00:00,37.383142097300215,5143.335492912045,40103248.8905654,47916916.75623155,8527.32635545704,22.65307281436821,normal,27.03543899888789,23.95484068132485,22.28850189344183,22.137745896783468,23.172278967384226,25.112072152584354,26.423922569119366,29.60654435417982,33.47008150540003,37.46563067872546,41.39178825543811,44.86052196941035,48.285923746217065,50.361957515670554,52.42041019065791,52.704989698061425,51.612895829625124,50.18627552993429,47.946183055195114,44.77731088010258,41.36889007395798,37.46563067872546,33.47364861957505,29.671926594802944
res-amazonsagemaker-1253,2026-03-31T00:00:00+00:00,42.34565844378466,5093.626357728046,30301541.75170399,36858615.4935748,6062.313557183672,23.278026343318036,normal,32.14932621374244,29.467446507070616,28.018773860093482,27.77766610749101,27.324640858017478,29.6758624211188,32.21100655202558,34.4877251654337,38.31191668694526,42.296009099401886,46.105620254309436,49.70831440647079,52.57823901733939,55.35181008611772,57.33563022741128,57.24144202323059,56.16438724933903,55.91942659220739,52.71593455211953,49.447888382266726,46.26650305994168,42.296009099401886,38.296535662270514,35.147688567065444
res-amazonsagemaker-1254,2026-03-31T00:00:00+00:00,38.75738132573705,4788.376061920084,36785931.78864446,42773529.23630413,7225.302072522921,21.631839183309044,normal,28.516922127001983,26.039517415226683,24.407246307719127,23.50048458671434,24.0102225684557,25.84138629284812,28.021901377634624,31.514763978463215,34.851999174513665,38.793526710610884,42.81006852115194,45.94035302247332,49.797148287029756,51.15642883838981,53.47032171095224,54.13067284340916,53.20177895038676,51.65071931027225,48.87678113184758,45.99978263997735,42.85776802931577,38.793526710610884,35.03586363439941,30.957967648284754
res-amazonsagemaker-1255,2026-03-31T00:00:00+00:00,33.70070003462578,4493.484020655034,43835593.401744835,49763688.139750026,8612.841539965271,20.163919250548705,normal,23.63027183058122,20.492215300839,19.2707608547326,18.296518418670075,18.77463478257741,21.01813001181688,23.5865342125171,25.89251343049853,29.693038706982883,33.74191786440698,37.62771328646747,41.41240722930951,44.76217214489903,46.46727398895429,47.676994840009,48.65068551396547,48.267118109324386,46.13527869898182,44.74295825296396,41.12642278341582,37.4850805340348,33.74191786440698,29.728377808720925,26.59586436194263
res-amazonsagemaker-1256,2026-03-31T00:00:00+00:00,36.84942386950752,4778.190437506144,45487383.729978226,50777011.20043702,9255.939403191698,22.486236222000024,normal,26.71433241283676,24.068462680553203,22.566315334712513,22.032976508297594,21.955245224128838,23.437211475139357,26.393573810119797,29.33071753945431,33.154221869028234,36.85265941238182,40.91684192257054,44.64306961654583,47.00558249405095,49.72607496219278,51.479146591559385,51.67573367507262,51.530583570226455,49.56194089088852,47.79495218253446,44.078198888836866,40.726924317561185,36.85265941238182,32.81855606991147,29.07019200719503
res-amazonsagemaker-1257,2026-03-31T00:00:00+00:00,40.22250884107102,4950.365016055088,31800849.246105567,37114120.11051951,6115.7997142002005,22.123823973191094,normal,29.54162406336971,27.802830484522694,26.05631547937034,24.663069936086814,25.3510753758546,27.761333680236618,29.405921850231543,32.57269547093449,36.41685791863032,40.267453521524075,44.1544574785197,48.03667012073982,50.57630232606427,52.617320439349854,54.15285970073538,54.68410436433605,55.071378414806276,53.825287189596025,50.889164454632684,47.75014147322642,44.12948564311545,40.267453521524075,36.3573970054509,32.989012272846296
res-amazonsagemaker-1258,2026-03-31T00:00:00+00:00,35.249803144155344,4766.01440860093,32579603.977952387,38184660.78024931,6361.5435444673385,20.574445430006442,normal,25.026186314826777,22.060022663288105,21.39974501172503,19.68095844480345,20.692892370097077,22.07385857039881,24.818697320511,27.986085065343794,31.230384637407937,35.246193253550004,39.18180172977306,42.68547856761854,46.00274535091516,47.58798715653495,49.47861131045991,50.23218246613012,49.5725588982435,48.742430187742514,46.26060255398397,42.827807613799436,38.941677814383375,35.246193253550004,31.260669018857655,27.759505885784094
res-amazonsagemaker-1259,2026-03-31T00:00:00+00:00,37.775326161455695,4934.6766254245385,35092097.42306135,42718915.94737405,6928.432085275486,22.5057434432934,normal,26.682846988961334,25.154672199975785,22.85918669914402,22.980338031564976,23.6609180360759,25.030096707759725,27.467382372245094,30.052039420635815,33.69866738075205,37.76095378343818,41.767572592480626,45.1083094776842,47.85027839407295,50.68952553670529,52.195054063649856,52.78262758442856,51.84996247105008,51.32803410607484,48.43597749952662,45.62950069462697,41.800900433040184,37.76095378343818,33.84849570276365,30.213533914841758
res-amazonsagemaker-1260,2026-03-31T00:00:00+00:00,39.38532934694455,5022.538555518854,43962210.59284771,51762042.615869366,8873.738263208917,23.194796364775605,normal,28.414898984478675,25.97333030173236,25.49658580305938,23.834313219581542,25.172296050502467,26.42447465284169,28.84746115484456,31.852751907976945,35.593833303852946,39.474259724904094,43.50194610736311,46.6680651303696,49.899935666999866,52.291331302022805,53.809095492723486,54.21269895695998,53.87338002997242,52.627407378814624,49.99803404867838,46.898856076601376,43.522326608183306,39.474259724904094,35.63201819806193,31.75434450123947
res-amazonsagemaker-1261,2026-03-31T00:00:00+00:00,35.37441153020245,4898.229206243513,43880200.13976818,51196353.51616797,8529.100533613726,21.27106531990909,normal,25.103182933245762,22.217237834186037,21.548409277463104,19.596919374658416,21.26857706793397,22.88758513448578,24.738127208139176,27.92159598125989,31.424640013003373,35.334101489998346,39.11591922464438,42.75136348784292,45.95845416469456,48.7937502875838,49.261308676236965,50.735891010097234,49.14703566597652,48.93891944398864,45.93900609920553,42.49144240500389,39.099504631993355,35.334101489998346,31.629747682176532,27.749056141042274
res-amazonsagemaker-1262,2026-03-31T00:00:00+00:00,35.942199803027584,4873.064787356662,40176056.21099669,50825650.4795522,8336.936071969858,21.71958694822117,normal,25.306913640673578,23.500080568424906,21.67095221100785,20.708550888495367,20.983153737425503,23.257197501472284,25.348610618671103,28.65150147345725,31.92305989402264,35.96122585862805,39.90196520151353,43.36958916523727,46.170563344313564,48.38928341620097,51.040062155543026,51.05115461186969,50.126003110592045,48.904052376564266,46.71607580857039,43.66617083724036,39.66536382600065,35.96122585862805,32.247069166008544,28.09297000210116
res-amazonsagemaker-1251,2026-04-01T00:00:00+00:00,15.073702117384808,2457.6,33684346.125798926,41668147.206603214,6970.144908739591,21.83940241000412,anomaly,16.819734593896015,17.336099105969716,16.71424317176054,12.206434449418186,17.388807520560565,14.964270716807548,17.411150208029262,16.962074638864525,13.01925060336712,15.78020215997012,13.74532736660259,14.020344445923428,14.258801613721918,17.883917062215872,13.574813718009715,12.35617116839834,16.062642300044537,17.080420582593035,14.117936449671582,14.759750754228257,15.59013453085299,12.084842729286496,13.623563344157619,16.41714556825773
res-amazonsagemaker-1252,2026-04-01T00:00:00+00:00,44.273883774668754,4486.920254979865,39263287.225350134,47187519.8283771,60713.356419180156,20.179002018832225,anomaly,33.46091513596957,30.89073520643865,29.54818693277157,29.353102098978596,29.240164886531332,31.567010862800103,33.22188386434992,36.857842236272624,40.570101159193264,44.34835374067863,48.422649339925826,51.963400798732934,54.75465340724748,57.81785900153492,59.39961328805975,59.371437459969634,58.15210880933108,56.80610487486081,55.32703798366332,51.704295844350376,48.22779466449676,44.34835374067863,40.27516561162895,36.94443964358524
res-amazonsagemaker-1253,2026-04-01T00:00:00+00:00,27.807446657346414,4882.801277571135,29147397.762821477,34482249.051026486,6289.627863808758,21.342443860819397,benign,14.205638527720982,15.006262206328827,16.481655549592894,14.956724575539857,15.0720628732201,14.130050741487148,14.944304237260663,16.937261750435706,13.142224578880754,15.370209096279625,15.09242017079729,16.12388866668134,13.626653446131957,77.16778956688907,76.90265435089962,78.97134852129066,72.55376484118824,72.85392051439453,16.941639334260664,13.601884234471855,16.05635602362333,16.49083462838608,13.988200398868742,16.760970941684022
res-amazonsagemaker-1254,2026-04-01T00:00:00+00:00,27.21456136478327,4707.593764871496,36658212.14248957,44292813.80050408,6894.927469969564,21.273043698506623,benign,13.863931123034753,14.75305304283731,15.869665243524997,14.419872645392097,15.255137852849023,16.94984641895998,14.755219850106425,15.83979524997297,13.90445415768901,16.215926869533792,14.586128508286937,13.116835206510675,14.316468189499073,73.66169588375068,78.71433190760143,73.3115386930595,71.1710274653403,73.25246432272193,13.331047757613556,14.159594232512188,14.111809681732595,15.715014233809196,15.205045759660386,16.669568458799613
res-amazonsagemaker-1255,2026-04-01T00:00:00+00:00,26.905849805359576,4927.695803872976,44224547.237435184,54172558.93913459,8937.38698513439,21.627408902399537,benign,16.492035130694426,15.738306962193075,14.434890517480284,14.797000765621707,13.141544026247836,16.67584075527429,15.043852578114153,15.940618022484765,14.101204274165728,16.191335334758065,16.67707981136194,14.023279965893057,16.804898812437436,72.44247859334757,71.3390324574325,74.14420280116765,72.48695575192279,71.4381931953413,13.345499048279208,14.828665133988604,13.695572314177273,14.80162010662568,13.551727072268609,13.604561897351807
res-amazonsagemaker-1256,2026-04-01T00:00:00+00:00,32.78667236761689,4532.95296726595,40435827.25120217,48934917.49315186,8404.983394887773,19.83304259489911,normal,22.728959137123738,20.392499578255528,17.701664021570885,18.54966988631245,18.481478192522708,19.36399398345982,21.859061638589168,25.455462725698396,29.15925112207804,32.88188799389001,36.57707940766636,40.616221774840156,43.07621383943267,45.30999480882499,46.743424629858005,47.16893123247114,47.25647464940819,45.461964774262086,43.90205866878497,40.60567352573055,36.69979516981428,32.88188799389001,28.873138027770562,25.133350040550564
res-amazonsagemaker-1257,2026-04-01T00:00:00+00:00,35.23597223214639,4871.295186065513,31644402.660022374,37865885.21516753,6015.07217237029,22.092828187745624,normal,24.56536456117168,22.16565998784918,20.693209612087923,20.642838812350803,20.98444160514965,22.841149964623305,24.78360141284773,28.15457078010314,31.43768418253324,35.28016058575583,39.16302985536108,42.41460877400954,45.41777578971512,47.7375946231119,49.85817475181037,50.13858117872988,49.41093496004689,47.899994657209405,45.858882727993425,42.680140009453915,39.13481235606017,35.28016058575583,31.23017663010583,27.88978516767756
res-amazonsagemaker-1258,2026-04-01T00:00:00+00:00,34.52038080379129,4678.118373419726,32028747.776068516,35738023.77301402,6480.7360692753155,19.819250118183106,normal,23.918845193713935,21.973551070402216,19.93596751657212,19.38439944139116,20.127152596319362,21.322265478482507,23.922642546536537,26.797338226684122,30.616374108763484,34.454840387410165,38.48520104721476,42.31179029723082,44.76342327435221,47.92156204534421,49.03914426543822,49.39046105773816,49.17983405405875,47.21831098474485,45.347713455668135,41.982727705398545,38.46673841928532,34.454840387410165,30.712879252351573,26.76113647847966
res-amazonsagemaker-1259,2026-04-01T00:00:00+00:00,37.89493455807571,4735.074944198982,31906518.1371905,39269694.56743162,6557.288816742237,20.795850836369855,normal,27.211046056187058,25.266703682959854,23.714482155128874,22.502753099066314,23.009073829161608,24.400649004435433,26.84831413106989,30.099944127545825,33.8831377542379,37.9572784125178,41.943386619338426,45.54670489123749,48.959775696589716,51.18791229337445,52.49094128652161,52.40857826852629,52.65605927465545,51.168852452023486,48.21923718083484,45.14685918406843,41.94579831867088,37.9572784125178,34.24802501719622,30.705638245951334
res-amazonsagemaker-1260,2026-04-01T00:00:00+00:00,37.01694417884462,4586.096413280486,41875076.42297739,50739092.64325971,8597.939825809652,20.91001003153224,normal,26.68069238089591,24.541135214147353,23.120377055923484,22.412031496423573,21.875531901425695,24.152426021050502,26.040094173727468,29.304822473373953,33.05199343948518,36.95368794417849,40.653668725830556,44.74327606696466,48.03730242776099,49.90266017227279,51.165611907339084,51.23098082621219,51.11399452853915,50.28677085830536,47.87047732161028,44.60913308134179,41.02150853010548,36.95368794417849,33.25807252217181,29.426723279006588
res-amazonsagemaker-1261,2026-04-01T00:00:00+00:00,35.72778324346019,4537.498380877147,41920814.94050172,47501240.14003662,8206.170901109013,19.680937232471944,normal,25.092695443077663,23.212420967385217,20.732154579399594,20.50914676381327,21.676651711504157,23.33560306676449,25.445361565062303,28.25552032657102,31.6418921517624,35.69565980959359,39.40397876832383,43.566409679552095,46.34896883591112,48.97650235113019,50.142271164288694,50.55977155277917,49.6836546144087,48.32003777419713,46.545707905470096,42.891990346653415,39.46860117728492,35.69565980959359,31.7287655815789,28.53737189693899
res-amazonsagemaker-1262,2026-04-01T00:00:00+00:00,35.63689203778282,4746.025455268053,40626198.52927578,49903931.617318675,7715.722383978724,20.592858658746948,normal,25.61417859229052,22.243239534647323,21.04939276740736,20.69491127877849,21.16436885564186,22.489575733866467,25.268509340575946,28.310695149635265,31.8519694544148,35.73336308318726,39.47627116029305,43.12078387032987,46.45610066080793,48.12963971533585,50.00957978610015,50.78240502858396,50.373167776129584,48.20745311384937,46.16109926082376,43.009299784001854,39.61420064792067,35.73336308318726,31.86603451901216,27.92580670996692
res-amazonsagemaker-1251,2026-04-02T00:00:00+00:00,15.894728698085698,2580.48,30309464.8514589,39273314.72981293,6505.465857842633,19.38880667970945,anomaly,13.982050202619675,16.034707362588772,13.764891384964198,12.423945808465465,13.703888224483388,15.473235137337149,17.33343619552889,15.257263609438079,14.009278355742975,13.088123204104164,15.519647882422476,15.857663986753092,13.76241138633018,14.6303416267849,12.149325725164767,13.73899864000823,13.05149893475835,17.149954238235612,12.27562865027058,16.579256042332723,14.54352412964505,12.319610786231676,13.552004856746978,13.65713620426882
res-amazonsagemaker-1252,2026-04-02T00:00:00+00:00,46.666432139688276,4801.114233499556,39319503.09695803,46230223.06623746,61865.57477738905,21.431999864541563,anomaly,35.86041442255363,33.616485157797186,32.511482967111675,31.406000813384868,31.781123130438786,33.64989403227709,35.80815622207669,39.07075581074975,42.85056358539012,46.684382370350264,50.478193646309485,54.027805020241416,57.39750258360461,59.9219867389008,61.59390129630984,62.089073574348085,60.466400039439705,60.11825814723806,57.0638417701325,54.30233055652755,50.69970015400333,46.684382370350264,42.97785165290023,38.93388529008265
res-amazonsagemaker-1253,2026-04-02T00:00:00+00:00,26.94205888730534,4702.3746414807665,28089046.817187186,34743357.38796675,5862.198293250346,21.166035016150396,benign,13.862362850337954,13.06481512327723,15.599197231028448,14.073711339692139,13.358343770125117,13.113205446998567,16.85760679691544,16.07667438605137,15.9548030881967,13.512061746914975,16.08567064004058,13.071962210795826,13.249509009585339,71.4715482178663,72.97225415486281,71.23158526593815,77.59549846595976,75.638169169793,13.990507831173518,14.349818264500843,16.685601576341362,15.965384185162266,13.636932191290386,15.192190332480099
res-amazonsagemaker-1254,2026-04-02T00:00:00+00:00,27.09640721603846,4530.6552706448865,35903790.61981825,43893870.04927231,6936.881842588343,21.311706949981826,benign,13.172479700910198,13.585773812948961,13.97854872763947,13.404443121384416,13.900400944118411,15.334748995433511,13.820314610077375,16.622687764390474,16.956391763687513,16.922807060973632,13.926220664735034,15.144218956554935,14.941056538388546,73.97587058457538,74.0808119507337,75.0663272417966,72.20888186149699,74.69644248084055,16.43051821218959,15.618960106226362,15.749374705447885,13.515340513613358,13.94123051921323,13.319922347546855
res-amazonsagemaker-1255,2026-04-02T00:00:00+00:00,27.965093861805585,4484.173417913198,42891852.42584488,51341543.04445002,8633.799705042906,21.280745100947776,benign,16.73306146825323,13.138692277775046,14.549655021671725,14.457331848374395,13.45547670715559,14.139307368793313,13.012617490236538,16.28822922167385,13.773264691603455,16.567296140707192,15.185692491756104,15.073646237746338,13.092050351465137,76.35286319305426,77.89947566111128,76.74403682092954,76.98075769476156,78.95737438478713,16.668737264461893,14.858771906533919,14.31418792555287,16.319123848621324,16.91760028323208,15.683002383076266
res-amazonsagemaker-1256,2026-04-02T00:00:00+00:00,35.367521367345866,4861.9818398676225,41584115.00037943,51211214.2056292,8422.21258342879,21.29246298007718,normal,24.664411073454765,22.975519614200884,20.838424263271257,20.47624436189081,20.527341828192057,22.433146550450367,24.76102375244678,27.54494585952503,31.591143672089792,35.40647301632437,39.421894954525655,43.08712511612181,45.98373749654685,47.7739927052444,50.28574299587026,49.752481334353895,50.49246761260686,48.09680911525149,45.62822090626701,42.57738510018084,39.45915296983826,35.40647301632437,31.50314200248624,28.133213498836625
res-amazonsagemaker-1257,2026-04-02T00:00:00+00:00,36.541443046444506,4660.461593914898,30406533.964265402,37211321.20567907,6260.225847898782,21.905100880540946,normal,26.169969606701617,24.221613708618072,22.84181842102344,21.1291030162968,22.42620298055072,23.08396243551536,25.656375430749307,29.30232001623451,32.75717830417873,36.63998680124962,40.35463800002164,44.12313049025834,47.41629370603881,49.28319418216991,50.75776254805862,50.93992743650141,50.41434773173096,49.09509989722078,47.32150971437782,43.815996428098074,40.676316275083224,36.63998680124962,32.85351638319239,29.074382799548474
res-amazonsagemaker-1258,2026-04-02T00:00:00+00:00,31.912478120861433,4499.957158043592,31846137.903907184,36016495.572027326,6274.009925069196,19.816491304864616,normal,21.1644004793137,18.869891243690226,17.697075135915014,17.640949395337508,16.827240782767007,19.418811722232213,21.327270147496925,24.628114368249296,28.15039000185698,31.974610814238886,35.81127386275597,39.186645067979434,42.307547215210846,44.37312407584567,46.13250612750799,46.35499186400138,46.36528021837096,44.44506616883184,43.06719625928297,39.40304324450456,35.83100872175863,31.974610814238886,28.10546016699034,24.842967002297108
res-amazonsagemaker-1259,2026-04-02T00:00:00+00:00,36.19047058138495,4513.651450630994,31378600.23605388,37569076.46222786,6380.555534713386,20.83911565200441,normal,25.49271344570292,23.579608281705774,22.15966006765352,21.840336867049935,21.195097107024285,22.613790959801698,25.85279643153706,28.514811898457705,32.47166519635329,36.214161430907296,40.05296413263451,43.85086700772098,46.50265070988805,49.22541453788291,50.21166575458976,50.8612811390953,51.15578260823761,48.95429602113399,46.40016676194239,43.80740997982702,40.24014582262689,36.214161430907296,32.43946380270406,28.72038255785448
res-amazonsagemaker-1260,2026-04-02T00:00:00+00:00,33.31795196580647,4536.511854743738,40665065.24132876,48113459.024433345,8030.063327384771,20.19466558116965,normal,22.530245269689438,20.451981708160176,19.328803507521542,18.4398179123601,18.464952019452607,19.791733086758118,22.638558923393056,25.77035901874897,29.417947186373556,33.30345526901895,37.139759179253566,40.81048512614825,44.38158734384893,45.9192022483288,47.44747566198643,47.60704474177689,48.3236965780804,46.82475792298318,44.33595909352478,40.62507613199881,37.197144188359175,33.30345526901895,29.593388772220656,25.983961020349998
res-amazonsagemaker-1261,2026-04-02T00:00:00+00:00,30.364895960050102,4383.7152082624225,39454494.75791907,47802027.8578355,7633.094782559974,18.988860479757665,normal,19.842538637972126,17.2669854253295,15.635810264359009,15.735777596939657,15.515237525627708,17.77323876596885,19.72158948787596,22.65977226857541,26.529986858168392,30.380892439800302,34.22878393631942,37.90206702753355,41.51321371578945,43.719035906556044,44.45773814585064,45.48116344052133,44.18397343443949,43.06414414248854,41.09120515815415,38.01091954417283,34.24264517204689,30.380892439800302,26.342368617018245,23.077523089894683
res-amazonsagemaker-1262,2026-04-02T00:00:00+00:00,38.78119465095963,4865.757992255068,41298752.311845325,50768334.49802516,8320.666507569273,22.3259890605252,normal,28.60569650612409,26.148732949094434,23.724777947568136,23.281334833865287,23.949076687138408,25.990693060377353,28.264076635019194,31.477605849594163,34.845198249740534,38.706341162795574,42.781028573182205,46.25676852148998,49.604056570550526,51.85719370189314,53.82143774138375,53.64990468433395,52.599809182376745,51.73068681467758,49.81762531046721,46.25161204950875,42.614212149707015,38.706341162795574,34.95042111531068,31.114040164036737
res-amazonsagemaker-1251,2026-04-03T00:00:00+00:00,13.394159843285053,2703.3599999999997,31312719.57811636,37704169.026905075,6720.504445609797,19.945544835331116,anomaly,14.401773855921693,13.856953621226861,14.345402313142763,13.640388748381493,12.100676982738781,13.797637605922365,14.635394804682166,15.277584447021411,16.096980589494766,16.37583939477723,17.78785984269254,14.728429349213927,13.260138004980046,16.066441602366506,12.511094058292159,14.665154689893559,17.596236078989737,17.555678901577714,12.855715408964311,16.070889172594086,16.802221646142314,17.532092372120005,15.574576302305063,15.825382262313681
res-amazonsagemaker-1252,2026-04-03T00:00:00+00:00,43.53980684328376,4602.910809350403,37581907.85882824,47283513.00677435,60544.554405219,20.6631572310009,anomaly,33.32326809722206,31.021839255757783,29.070268517083264,27.96234967227777,29.400953094575517,30.591317669772774,32.754225087517625,35.814249463287524,39.540318145529085,43.53497261269746,47.593151068308266,51.221824223626314,54.60558921364898,55.9721991320749,57.48214268161444,59.16032727335921,57.90302482370322,56.7161366843537,54.40343801209368,50.8778450738534,47.22347207693066,43.53497261269746,39.47706244981321,35.77041729701195
res-amazonsagemaker-1253,2026-04-03T00:00:00+00:00,27.325656111977846,4751.637573111968,30615826.64778511,36118237.69781561,5979.4788161581,21.32757135904522,benign,15.65253659869,15.120973637193343,16.248231130216908,14.20925189367994,15.061663464059409,15.733865594800958,13.197827332146293,14.34143657061686,13.88358706748473,13.675322804079041,15.174382796012612,15.38104438119876,16.611284590427477,78.26917936066343,76.12883209318187,71.54661433756746,71.01870364004148,74.99790736888075,14.998307484380181,16.54745743061639,15.866866531216138,14.646179500880875,14.320503631606611,13.183787447826742
res-amazonsagemaker-1254,2026-04-03T00:00:00+00:00,27.773867095225167,4541.714029816569,35173507.88108406,44642371.22807034,6878.983250130102,21.54201048322916,benign,15.468987651672181,16.224889699210767,14.451821196413423,13.979895388160761,15.932822543199585,14.1211475649947,15.866805664640557,15.143716628458467,15.217931969389731,15.210691261921998,15.631636322269943,15.922513921785464,15.71524322390552,71.08513055132003,76.36991583308291,77.96409951907619,76.29426178143716,77.13787760591543,14.47060863023706,16.85128773419315,15.73295115137629,13.89796920392377,14.018990264893572,13.861614973925377
res-amazonsagemaker-1255,2026-04-03T00:00:00+00:00,27.62746837677662,4220.8614235672485,41580999.00972663,49554668.17440981,7884.582342171024,21.27736720673873,benign,13.274111489899232,15.117376785126428,16.07121346355473,15.722725224862666,16.651923355679,13.652431250660625,15.858774867660806,16.155591162043144,15.395410067808411,14.237888264774233,15.686585610528574,15.62711363815229,15.120786502623595,72.01396738431869,77.16998161925908,75.18993885052683,73.9957198124044,76.4012849381727,16.7209734760396,16.34748324832067,13.531006767780159,14.935379742156087,13.752282653232712,14.429290867054144
res-amazonsagemaker-1256,2026-04-03T00:00:00+00:00,31.76380932591781,4550.404627684258,41286855.220544174,47632177.52128486,8594.563307642737,19.683639343946272,normal,21.05873682914388,18.966515301127053,17.145976989357806,16.251637888477127,16.897741562626457,18.871540276446353,21.497349496440393,24.242699459510874,27.904190581953735,31.76605370440625,35.83130095035792,39.58540856233582,41.95294250654909,45.1068793635023,45.941705465519085,47.19566926562491,46.36210275086602,44.27778799839138,42.68797197209752,39.276393876977366,35.597916865893104,31.76605370440625,27.992077790455987,24.154770659560697
res-amazonsagemaker-1257,2026-04-03T00:00:00+00:00,32.99861186566785,4739.34388611056,28400409.12133512,34560926.73306256,5852.468904223742,20.433621828162924,normal,22.632735384355044,20.03191693444828,17.966761144954212,17.734430707292603,19.069415202341492,19.681998828792935,22.62597158042333,25.489211197273015,29.211418675829446,32.91794586263077,36.8775605765411,40.280570204884995,43.34774608082807,46.32719750973658,47.51548624756914,48.118020770151034,47.30287983114148,46.12229823458018,43.95421173320621,40.75764893410248,36.64919214642201,32.91794586263077,29.047867067849094,25.386254058044152
res-amazonsagemaker-1258,2026-04-03T00:00:00+00:00,30.940111225882617,4533.057929234791,31080925.257174775,38161192.78580449,6399.008631775072,19.102385667991125,normal,20.24276603644561,17.681607456361025,16.45281201980007,16.41399282147616,16.406853728175943,18.058761014294237,20.543077574339712,23.74074236860151,26.947870917512994,30.918758104937865,34.81796520670086,38.49501393057851,41.25952372748094,43.766173173852906,45.51576015604478,45.26011602510346,46.064547481261705,44.274720553749574,41.209906828833226,38.125208617860046,34.6927541984084,30.918758104937865,27.19666362955977,23.55831574486564
res-amazonsagemaker-1259,2026-04-03T00:00:00+00:00,36.21470945786162,4496.173393314734,33100512.573487338,40554405.342414804,6667.28587555621,20.062160414383907,normal,25.307437728353598,23.82964713199317,22.045800672659826,21.604803062552186,21.114650163456467,23.022122361766346,25.895926578543765,28.99160517404143,32.40120699025603,36.233050573544716,40.05959699325956,44.06616086830536,47.09047310651722,49.22563782438158,50.28459609046558,50.68704037670248,50.894246010443,48.847688607810596,46.468316094818334,43.49713135661528,40.27537780987191,36.233050573544716,32.26361808768824,28.813842751087577
res-amazonsagemaker-1260,2026-04-03T00:00:00+00:00,37.3262918574791,4743.000009032026,43105296.86883606,48249291.9790781,8077.93909788315,20.95711703676732,normal,26.74383365796542,23.99887294156089,22.290891564902942,22.229563895503276,23.188456229658804,24.35763191390032,26.76546192606157,30.146655348099937,33.32555123518619,37.34486020581791,41.122199326170204,44.71781993521011,47.523743476275556,50.796080446779904,52.08987355541208,52.349453931290704,51.63353822558458,49.9414130927682,48.29327306146474,44.75887591664919,41.228837722152846,37.34486020581791,33.424657974843065,30.214598790422073
res-amazonsagemaker-1261,2026-04-03T00:00:00+00:00,35.18196459447688,4430.439834492045,40667896.34672026,47504918.45593415,8121.348958391466,20.555794827028272,normal,24.946227480935974,22.051864524184495,21.27557726505973,20.224770619457445,20.694662565215857,22.161770848289702,25.00813048179963,27.923602250000492,31.093355418510615,35.10398943733044,38.89454744445959,42.72489268773306,45.24400831515884,48.00244025429699,49.33669634244739,50.2968815809025,49.97841430826009,47.683349811005236,45.90526951623418,42.92797940421877,39.096342181767916,35.10398943733044,31.348968372335644,27.33941972051018
res-amazonsagemaker-1262,2026-04-03T00:00:00+00:00,40.07847992661927,4918.629305140995,40717059.43405513,48251708.60400725,8047.574462796583,22.579127061154647,normal,30.032396472594975,26.68998110787205,25.18124148328129,24.894138879029303,26.160470928593533,27.034048935799966,29.420311621304045,33.001189763445915,36.36022035581016,40.14206004033946,44.15449832861449,47.49676479123593,50.73346783187782,53.1520821164511,54.569032051436665,54.66853081700002,54.01093686280148,52.61332830459967,50.775339056597446,47.33542203573692,44.057070539459154,40.14206004033946,36.28542525130521,32.97350062333648
res-amazonsagemaker-1251,2026-04-04T00:00:00+00:00,15.261340690438887,2826.24,25274407.26708687,31169151.32244742,5311.76631248459,12.768518590032784,anomaly,17.822623630670428,12.782033319020696,13.125392691648463,14.813870926984222,14.233946171528826,12.485383081043043,17.175061971971882,17.52078160458329,17.931327738485255,16.219468848497762,16.21257736639209,16.711827555932203,16.158454512608948,13.303967663311763,15.26997930555149,13.557152179833919,12.871274468821627,12.086182859690567,13.04688585303686,12.504666373113068,13.643331376656311,12.111308513068128,14.972193921142068,14.823348548276147
res-amazonsagemaker-1252,2026-04-04T00:00:00+00:00,24.924203823383536,3060.7868400065477,30394771.937161,37485615.642081745,47273.78981261309,11.899503909631964,anomaly,17.206855235343454,14.760727194705243,14.013207159267427,14.01638190945412,14.483149799077223,15.173825877756999,16.759507705703,19.2292760340003,21.867478020791136,24.84272499385975,27.690675506760016,30.431748050643836,32.75289120718574,34.95908516882028,35.970763116046356,35.92124152512342,36.07078444901034,35.00478025078101,33.0453619959789,30.212220088679064,27.798955073223407,24.84272499385975,21.896968813253647,19.229557591880386
res-amazonsagemaker-1253,2026-04-04T00:00:00+00:00,27.695817241358828,3156.865539772198,24033796.935076922,28744161.35407384,4613.033659012077,21.124252537553687,benign,15.239611801079478,15.909139722106438,15.958009148955153,13.079937878551018,16.420519655888594,14.173389696639646,16.681637165440968,15.378396777861452,13.21759531326209,16.889188513702358,15.08493969323513,14.544351310074136,15.268766914734455,75.05254784619656,77.18516034070791,77.88808956945891,73.13306080769213,72.87987198404387,13.223183676249961,16.50180532757964,14.752540724991647,14.40831089377048,14.931149608380972,16.898409422008886
res-amazonsagemaker-1254,2026-04-04T00:00:00+00:00,27.569042129518994,3113.424359753123,27178838.764719255,33336577.698830266,5205.353485704515,21.266348075941426,benign,14.469643176055431,16.776543872360467,14.184068215939273,13.268704871379875,13.555481363610344,14.491444188424154,15.59722435704708,14.742785957042505,15.06122728325883,14.858824226716093,14.188250363509944,13.090895392108362,15.221451392912844,78.86351697436106,76.3222869841612,75.14691400388345,75.05762894715158,78.52396795013442,15.249271126086327,14.145201114885802,15.2765132764534,16.737172803503285,13.75462874596322,13.07336452150693
res-amazonsagemaker-1255,2026-04-04T00:00:00+00:00,27.858277233852647,3002.497383443367,33689358.34817491,38995310.541759685,6617.676945679333,21.42046001643605,benign,15.074491355976889,16.926006104344438,16.32581673293163,13.07650080331173,13.316671854090012,13.157691862139288,14.185901137319899,13.747230548465428,16.169294960513668,15.834570719999974,14.40153816196726,15.868407055386932,16.85792652709265,77.82140869168437,76.04374080128667,77.49958096684006,75.66791370868803,78.73806334758083,13.307178216797038,13.789766337984162,16.282747649300596,15.12206166825907,15.483263751679148,13.900880648823778
res-amazonsagemaker-1256,2026-04-04T00:00:00+00:00,14.400176830777712,2930.5647097911346,33608035.36658826,40597238.19534365,6521.941514558146,12.746258039732313,normal,6.076568894794411,5.119305341401446,3.2497207284186693,2.6104344896943608,3.6774370540279153,4.56704742803067,6.849217385302483,8.929374803876012,11.445935209636968,14.409754678209767,17.35134123782639,19.934524289939347,22.181432843787686,24.524229754178894,24.855887804529985,25.94058508176703,25.475194957740896,24.226229554883602,22.69096735502928,19.899646462658573,17.22147575368256,14.409754678209767,11.35419935391264,8.603978797125716
res-amazonsagemaker-1257,2026-04-04T00:00:00+00:00,14.908628613419486,3024.5348101519853,22422666.01407102,27601500.919182617,4790.84393851566,12.741456155413072,normal,7.214022466554612,4.912453166836935,4.429237461922793,3.727999759020674,4.468517806147924,4.960132984535907,6.800558941241199,9.087538208647464,11.938517527429873,14.993113643889656,18.008838600608403,20.462084600297107,23.297889488167137,24.420827812499457,25.493109552965443,26.256283778735387,25.572004668925803,24.351347805221096,22.7497672485875,20.371829182481207,17.86488240873202,14.993113643889656,11.96984476171982,9.463171203010603
res-amazonsagemaker-1258,2026-04-04T00:00:00+00:00,14.172343350342837,2949.07658438685,24231074.515992716,30368844.654882528,4786.8822482610285,12.685844271401423,normal,6.275913102249982,4.54033172187716,2.967268943221618,3.2652236658184557,3.0011264714672814,4.542054071530515,6.31804236936663,8.653787910111841,11.204341525008896,14.236214569200346,17.010697459518596,20.036426499044737,21.793868092789936,23.89210447237635,24.845911567637096,25.327054798406394,25.481337490307954,23.704297923831426,21.93910003964918,19.8881103543773,17.054507365248366,14.236214569200346,11.237332553077792,8.684972872909858
res-amazonsagemaker-1259,2026-04-04T00:00:00+00:00,16.64755861566963,3291.6057146774197,24631373.68065338,29610727.593405392,4872.056642160689,13.213437163775943,normal,9.028911486986368,7.049243640633415,5.8151397806070735,5.266238228736089,5.318867958644159,7.227002330120257,9.015062014474871,11.041402320145991,13.652858668617888,16.612016387515226,19.379292121538164,22.318291058451635,24.557176666826038,26.49517762125636,27.138912377742173,27.796972690113805,27.85416240127902,26.546199088830058,24.192055699580596,22.324674860410134,19.532105758800085,16.612016387515226,13.765341217716397,11.002286009530128
res-amazonsagemaker-1260,2026-04-04T00:00:00+00:00,13.382845990700432,3064.4567879964343,32230549.098751936,38329085.0276624,6464.058674503122,13.006911078371436,normal,5.6641859331795565,3.799958511597433,2.333459575341977,2.0379167237985927,2.317007410138161,3.8994498944951803,5.603922450287171,7.747499715661814,10.374745875564889,13.304173509099769,16.07975477327671,19.142783834763854,21.431169116434297,23.078436973359317,23.893825949365926,24.75189160606279,24.674768819842697,23.13244879293962,21.452497570248,19.139386399933937,16.160713468800996,13.304173509099769,10.45351223297488,7.4106211305429746
res-amazonsagemaker-1261,2026-04-04T00:00:00+00:00,15.908602371271362,3023.0663215971126,32606256.277891017,39922071.697880894,6630.979945407296,13.5954722773863,normal,7.798814194578799,6.594526399600175,5.532645335655758,4.5208237726984475,4.864555915710558,5.7873535504448705,8.178432087963479,10.325232200112339,13.154094243614788,15.93841583805268,18.825075373209977,21.629640040723768,23.54218938121045,25.23887894033501,27.00671051747262,27.067680146490716,26.600763009407082,25.344625871477483,24.259554273081477,21.68056640942727,18.876137525901072,15.93841583805268,13.031795359179624,10.069530686111534
res-amazonsagemaker-1262,2026-04-04T00:00:00+00:00,15.746843367539435,3365.634463890731,33400304.418011993,38788400.08637685,6841.799707174445,14.507931779485673,normal,7.610606294499915,5.933649077423494,5.438494487423586,4.302336131465158,5.210080943261092,5.651527872480929,7.801484753463361,9.928343374697027,12.946023826204582,15.793333724992326,18.611183605552334,21.213586615622543,24.023142376855176,25.0713472445619,26.24407034741816,26.54928205488522,27.198139409114916,25.656327066185035,23.56157138818674,21.599552556921076,18.696504664213627,15.793333724992326,12.758230488927468,10.332088791598489
res-amazonsagemaker-1251,2026-04-05T00:00:00+00:00,16.315050176130395,2949.12,23264326.949855696,30425825.127211962,5020.528996887068,11.39528864832382,anomaly,17.82345596121369,12.281668037068899,17.291210308559588,12.91227828511941,16.287435356334086,16.2672452930568,17.551390133200755,14.269343553024862,13.10331520130074,15.69880561368474,13.000655782674576,12.43166868115406,13.489672265798093,12.294278878218982,12.310097212586324,15.389307045170254,17.264612660974798,14.71554356688776,14.736718240863562,16.157310592561938,13.039273917728927,12.604287171353922,15.693756140234516,17.906380377282535
res-amazonsagemaker-1252,2026-04-05T00:00:00+00:00,20.961720481992778,2760.2057050479366,27953974.52635993,33879843.41352986,47603.98700541026,11.01228881018735,anomaly,14.471742241767517,12.501833928813893,12.0,12.0,12.0,13.030358925415436,14.22740408903334,16.022105921435728,18.378673131549014,20.868723643198486,23.41153822377107,25.52983817168429,27.53709713678481,29.304015535905172,30.108895799444575,30.651306792455053,29.742235596708518,29.071506480930015,27.733890180079136,25.70677763383015,23.332687332343088,20.868723643198486,18.519759555716544,16.062177603762304
res-amazonsagemaker-1253,2026-04-05T00:00:00+00:00,27.709145843729335,3051.7131922136255,21185151.759600583,27171047.467202913,4339.150995297706,21.502366274913033,benign,14.635621265676537,13.95736640784488,14.839911037956133,13.276604136239037,16.078699073463387,14.772063303086012,15.27985124103446,14.87993631811048,14.57949453529923,15.955797159822804,15.225758284153319,15.292679784173771,16.920089891851532,76.2334433964311,78.00856115621957,76.88589049769114,78.91417137862472,71.31356218366903,15.289035645202635,13.151628988870128,14.376130718549073,13.76760543632631,15.677137832226041,15.70846057698284
res-amazonsagemaker-1254,2026-04-05T00:00:00+00:00,27.437523298110648,3106.8890063793556,26411665.040689293,31440973.317289546,5334.999291477379,21.262375469303446,benign,15.114251232640921,16.15943400207867,13.401895499051973,14.822661096018683,15.38723077423421,14.298777474921337,14.431687378003831,13.519542108394006,16.67736126455916,15.92311504016627,14.958090182010553,15.880160028132629,14.662946227692219,78.98678545760967,73.13303560920097,71.19756113732385,77.05950808528941,73.20981007030564,16.975250732627526,14.516731820441606,15.020738556379943,13.215671406617815,13.775480570367032,16.172833400587713
res-amazonsagemaker-1255,2026-04-05T00:00:00+00:00,27.26122904274561,2716.9025929956615,31188576.1126503,37836576.48170061,6490.953429571923,21.46131205298964,benign,16.20723642980778,16.487085025528504,15.39182701958329,15.64415077058602,14.479200322971753,16.728844347859862,15.348937454220613,15.094350438918273,13.980826063222635,13.937933632014978,13.870266761301203,13.289458218429873,14.486738343156677,71.40140065481864,75.13057389340456,74.00321256071763,76.79502071164586,74.75284361469292,14.820573363093015,15.030213758017833,15.34061992570809,14.255679451194933,14.023568244136579,13.76893602086314
res-amazonsagemaker-1256,2026-04-05T00:00:00+00:00,12.766456084404837,3019.678947262224,33124078.030342128,38030015.39975474,6291.439060115904,12.420063881783191,normal,4.560805394920562,3.4857655796748563,2.0,2.0,2.370211003032552,2.543021962372359,4.543710150357891,7.200692764161465,9.795234552440213,12.747846196191286,15.578406942674915,18.25866699027732,20.69173306404118,22.652682988283168,24.010203476348135,23.713299253668854,23.427965309672093,22.649639994369533,20.72050382245891,18.33369356369819,15.6630973637005,12.747846196191286,9.719509607117505,6.980409850063298
res-amazonsagemaker-1257,2026-04-05T00:00:00+00:00,12.965840638860675,2614.5315540190063,21832650.09963278,25196851.00483431,4317.284633855178,10.898769383320134,normal,5.408875316623387,3.707074972953333,2.0,2.0,2.0,3.0363537908905425,5.147197380723733,7.57330820047097,10.06025808814762,12.98258647643621,15.877987389827043,18.589422584700003,20.744878449339268,22.28671644256934,23.528147481055093,24.269121157368883,23.85651620023127,22.530348530643955,20.552177116386236,18.487610402760694,16.015936858585867,12.98258647643621,10.133663459460944,7.409408557045577
res-amazonsagemaker-1258,2026-04-05T00:00:00+00:00,13.415866012546298,2656.8386728880123,24277102.712701544,27200916.33472237,4832.108652103724,10.820188799458398,normal,5.484788833825187,3.915140981826536,2.1419550063540562,2.0,2.9335605855973257,3.3745784891268054,5.410554780463482,7.596853044238903,10.624636230994343,13.412432385701177,16.258570533444804,19.06907690787496,21.314061553136423,23.607345046509828,24.680082093953338,24.73571989322076,24.43636926540075,23.113808995988283,21.279696737227233,18.843672823606184,16.23034087985113,13.412432385701177,10.562271324200692,7.542835522867787
res-amazonsagemaker-1259,2026-04-05T00:00:00+00:00,12.40968992666762,2870.336148452813,24090786.323011167,29770869.996880684,5046.424035369037,11.817010526171767,normal,4.46369858095469,2.7878951193699213,2.0,2.0,2.0553385786112557,2.8179791167798043,4.396025936260141,6.930269332838812,9.636147769354285,12.394460640410678,15.122159457010795,18.00906632289435,19.920023594429495,21.618307687153873,23.324685641858174,23.50937749265261,23.062217843442287,21.863050298123227,19.960242512059512,17.586988019675367,15.19484713800564,12.394460640410678,9.573642035845644,7.211674481881686
res-amazonsagemaker-1260,2026-04-05T00:00:00+00:00,13.074176254628876,2836.8203253478887,31678789.298621647,39188751.85989066,6013.628116216361,11.651842073225442,normal,5.499576483556862,3.330233657542711,2.4070408448948197,2.0,2.2259297551582207,3.0141718131667097,5.5746832774655655,7.65198795645317,10.235527739092664,13.137826015113504,16.063965635550836,18.56546435667905,21.157885433428554,22.410524205178216,23.51517762971598,24.068734998529354,23.85438961365232,22.650580451505594,20.769650161244282,18.58030426005338,16.03272847193996,13.137826015113504,10.198682419575173,7.697338916482655
res-amazonsagemaker-1261,2026-04-05T00:00:00+00:00,13.767837045713941,2866.4519914165317,30297473.97160503,37804710.891221985,6086.627567550868,11.949985973222342,normal,5.947003403270164,4.3859230550446835,3.1894910273307855,2.528720607437714,3.302787889325418,4.103365299326368,5.3549624907547475,8.074309543133158,10.788779812923531,13.68735856761239,16.543224462488823,19.54547885963735,21.47500486634157,23.67232897847623,24.903348077347527,24.72135349241634,24.90050684271415,22.94838155210431,21.882274296231238,19.033306699285173,16.718087861011952,13.68735856761239,10.71143451870742,8.323298326601147
res-amazonsagemaker-1262,2026-04-05T00:00:00+00:00,12.859868048118393,2864.0549972338345,31101203.29636673,39223393.62343088,6517.046059307497,12.366270357941778,normal,4.873223890688809,3.258971013894722,2.0,2.0,2.0,2.7720898555568376,4.7711951519597235,7.347851466844755,9.950089663984329,12.797473967457089,15.6117768922553,18.44576742958753,21.126206420809687,22.68931742797463,24.05936051179036,23.53310610727602,23.80311454889037,22.694680847169373,20.574909046513312,18.58629417365359,15.703237792882202,12.797473967457089,9.823960807201448,7.416732170994216
res-amazonsagemaker-1251,2026-04-06T00:00:00+00:00,15.100311992183132,3072.0,28701412.356734965,35501049.06891161,5488.701554114923,16.18132869138352,anomaly,12.756886727727517,13.943675166828017,12.232443642938193,15.843498205390055,15.982558421098553,14.53790991759205,12.530935703155697,16.20009991405349,14.061494881902215,16.55062033455935,16.57270185706216,16.44633073174407,16.71995287471176,12.648553907948866,16.12921559237457,12.786030113383768,14.582866132676944,17.60794500907229,12.842420190231856,13.839910908652003,12.33530277242264,12.157836437641842,17.7931615177094,15.616653539472042
res-amazonsagemaker-1252,2026-04-06T00:00:00+00:00,31.33002506452169,3516.5689386481777,31340105.39788167,40896472.65036509,50728.147265560605,14.5972770067869,anomaly,20.630575437363923,18.69945769440025,16.40769160863264,16.214224732559103,16.657658043644304,17.893961615892614,21.24246032174016,23.88752895243092,27.593028427319506,31.321558344545892,35.09776743029724,38.7725700544275,41.9482443301915,44.20073427999027,45.19417411348484,47.00661295766403,46.36616601810687,44.65787070036126,41.487795424138554,38.616232307598274,35.09466975869526,31.321558344545892,27.438462174375736,24.169598476113944
res-amazonsagemaker-1253,2026-04-06T00:00:00+00:00,27.32991585785202,3771.5995070275962,24690882.73503638,31428356.921157427,5174.048279834806,21.239138944455245,benign,14.106362870814037,13.832408739615598,16.593584709547738,14.871317933399498,13.292708470513418,16.66603747360879,16.978255466658574,14.563281704923096,15.050369178156194,16.26517840399918,13.661323171811546,13.679748782424216,16.077854861656533,78.48149459599074,75.13816681143277,72.52132292315045,73.12926349755448,73.76502601554476,13.857777099612685,15.196258697824659,15.189116176040097,14.45351782092568,15.426921631838699,13.120683551405104
res-amazonsagemaker-1254,2026-04-06T00:00:00+00:00,27.779237638487547,3940.9272299563236,29759944.094381742,36899251.45913951,6335.676163219196,21.427008552551285,benign,16.567126310358525,15.474274943982099,13.372946395855012,16.898175807476555,15.33422105605674,16.78555153450515,14.829516941314036,15.180824215040888,14.420399654359443,14.588498684324755,15.03139590606142,16.40456636652221,14.222122540327742,76.02742404309062,77.52194070413844,78.77945472034129,72.76175687498556,73.1781490885072,13.278235943951541,16.225648355624237,16.920554476257795,13.667755812447048,13.789345562499815,15.441817385673023
res-amazonsagemaker-1255,2026-04-06T00:00:00+00:00,27.255672860335892,3444.8033130605095,36084356.86970898,43573898.40483335,6844.2031486723445,21.24029392063541,benign,14.228410244914866,13.650769839389085,14.49467121034953,16.121764478182868,14.458487053465594,15.556817447721059,16.37871926667434,13.001356005629795,14.550692715530449,15.75183148137137,13.042231846358355,13.149695027920991,13.714951604977564,74.36654108235257,73.63710719161865,78.47624134550587,76.70728222452163,72.79560676661899,16.799518052627697,13.809672446909953,16.793179991444845,14.160988846433003,14.822419518094705,13.667192959447664
res-amazonsagemaker-1256,2026-04-06T00:00:00+00:00,22.710278394299817,3494.3514740260734,34561854.50290587,41136109.593684696,7185.807219238795,14.851814596398814,normal,12.335482846904057,10.405734403257458,8.437087190278387,7.713590366993788,8.847035249476063,9.840353737564081,11.804542190109354,14.937231893356628,18.80055958539756,22.777898984180744,26.539391355683613,30.643194752564952,33.08679108114691,35.91642957474132,36.82849705794946,37.06066271223477,36.82964498824133,35.20810259426244,33.44758142555362,30.159499521335317,26.70705962761203,22.777898984180744,18.79401409133473,15.148397248836247
res-amazonsagemaker-1257,2026-04-06T00:00:00+00:00,24.662375947265588,3635.584826779464,25322684.900335744,29219616.4369587,4759.9248861289625,15.521067309322577,normal,13.759746352181855,12.031048587111552,9.997104720788883,10.315897381503905,10.331324724210473,12.119873628936533,13.854297753859056,17.34786193212102,20.664090041432267,24.607939501342365,28.30815083731163,31.992535032162362,35.70675552578509,37.69342399564437,38.992780796288706,39.3255079732899,39.351892284127615,37.372869580679,34.75439091575813,32.18423885655323,28.533686896442536,24.607939501342365,20.689672537956255,17.353993377544953
res-amazonsagemaker-1258,2026-04-06T00:00:00+00:00,24.30239206249041,3611.938006869002,27586136.626426365,32151437.370375223,5306.118238293957,14.798198509283814,normal,13.520739303077754,11.191675771649251,9.586667983758977,8.727404147141742,9.364336301291992,10.89671166769837,13.528027485110492,17.156920069562105,20.438747829093987,24.371431958279658,28.34205422540443,31.814335322079916,34.61976186438343,37.43053446195599,38.89678324047128,39.36874801534597,39.41298493150549,37.80153172417424,34.874373546688446,31.61610666174664,28.257865417150235,24.371431958279658,20.42861559966787,17.239620014251848
res-amazonsagemaker-1259,2026-04-06T00:00:00+00:00,23.935580458288445,3635.186901150157,28077603.259038873,33314815.909436554,5588.939746271995,15.308499819214894,normal,13.286134879491966,10.948429786175609,9.285306719316855,9.524405299641696,9.556129457390325,11.121510868275784,12.945134215373463,16.09472142953708,20.134127311454293,23.87801584547664,27.865707701280535,31.74668180207883,34.08703065507602,36.95698746128035,37.81439797799352,38.45434738059294,38.90731649902487,36.97703899549626,34.96585481134038,31.600732300882925,27.79313702090654,23.87801584547664,20.019028496693245,16.61373823866586
res-amazonsagemaker-1260,2026-04-06T00:00:00+00:00,24.848732203889227,3926.4162377403054,38249191.74942345,45383206.547060825,7071.728008539511,16.266661572956888,normal,14.420302538003007,12.291327936520437,10.94538694892986,9.919167561048901,10.58448765223052,11.491501279369016,13.846532081812756,17.21624144398352,21.183549317576947,24.8932215457991,28.68262638024758,32.32624688975757,35.21411186657301,37.38986690304054,39.33629088276001,39.323953074753646,39.299795537169956,37.31555569869121,35.8106951947579,32.76769089362459,28.90796089915095,24.8932215457991,21.092233066377368,17.21760575536397
res-amazonsagemaker-1261,2026-04-06T00:00:00+00:00,21.655105848729374,3558.839502265498,34492635.87833856,39888055.23931778,6922.19093242944,13.960322831113523,normal,10.859202285834812,8.442833388958674,6.633386955528135,6.378145083583993,7.664677654778911,9.37185215623387,11.633591144476574,14.002171693400811,17.691916693898698,21.72355197925802,25.76817755432611,29.501083971166437,32.10278769389862,34.417364661211224,36.01392065806108,36.47113483209884,35.60950900495448,34.390958532299685,32.661171691256676,29.106379052845533,25.498695945300735,21.72355197925802,17.737568252190293,14.318907504684745
res-amazonsagemaker-1262,2026-04-06T00:00:00+00:00,25.93872091151705,3750.4672930985103,34733731.93880935,42855715.35761847,6892.9487948339765,15.807424057925333,normal,15.741530969649714,12.485572078622862,10.89165252036109,10.795888998387744,11.830828039200052,12.785192547979698,15.174284443212228,18.293424556366418,22.240251036027278,25.99949683282115,29.724612639742197,33.51347970359797,36.275625532905885,38.348999270402054,40.75805741348692,41.43698363943461,41.1321044685549,39.12180772771799,36.53286493516799,33.207758810657495,29.864422056074677,25.99949683282115,22.117473534535804,18.25749328868127
res-amazonsagemaker-1251,2026-04-07T00:00:00+00:00,15.262351309021838,3194.88,34157892.49841066,43850926.928379625,7127.674309987019,23.17652726715275,anomaly,16.995124156848554,13.715096348832983,16.85064033159503,15.26227106104131,16.684403457017122,13.511442592725047,12.09665596104969,13.199704001641079,16.481373015150236,12.567358199743184,14.321002092289017,12.735076573581695,13.983133170198416,16.66109445547826,17.70180389082055,16.649311203685134,14.416810431395376,13.033664059688814,16.070587577028746,15.243982155973,13.869357567947262,14.185714209475275,17.19552428868299,12.311602451836356
res-amazonsagemaker-1252,2026-04-07T00:00:00+00:00,45.454100079970445,4820.473010372998,37656833.95072097,48876644.78947812,60864.99991089185,20.600662157783063,anomaly,34.5447910007563,32.26005589461609,30.383004763169183,29.93436462674386,31.285473044394273,32.512193535424935,35.29635730256427,38.31068117246789,41.536559975162874,45.45092170308324,49.446317076097095,53.057434871834246,56.004589895667344,58.39458913803297,59.98672516017667,60.25366147533333,60.25910034515,58.45241782504656,56.1120380333457,52.69860723657876,49.317859428268136,45.45092170308324,41.67826939217832,38.27146732011535
res-amazonsagemaker-1253,2026-04-07T00:00:00+00:00,27.378349674492778,4804.758288981267,28385728.01452423,36354455.45570986,5581.122907283005,21.141416711325686,benign,15.603249059096106,14.895412627757917,14.437185156743643,13.851863694171893,16.30166069874346,16.042200956740746,16.536764624500044,15.373715037380496,13.727782397188951,14.998118354044195,14.11007432470385,13.05709877928773,16.872579754381103,75.19909427380995,71.98169915142957,73.48751736890146,73.96435083293234,75.19218546590518,14.502256062115789,15.950173180438226,13.751445646823083,14.891021424268416,16.76521283003793,15.587730486424572
res-amazonsagemaker-1254,2026-04-07T00:00:00+00:00,27.66779747675893,5166.578743968147,36425392.7481157,43332300.078140296,7443.917226730093,21.240392549510776,benign,16.991959599019133,15.827470716791314,14.731594797578309,13.019559354961,16.073294322313032,16.626450278647162,16.374602799902874,14.884005569058038,15.556929292763986,15.421218436227122,13.160699289011614,16.795441480118395,14.543467245257636,71.50272164101335,72.60414585777623,77.56016188498147,75.0137294190304,77.73737684973446,15.220942722182658,13.531254750297535,16.831785199408817,13.00377358899354,16.51219551204985,14.502358835096397
res-amazonsagemaker-1255,2026-04-07T00:00:00+00:00,27.857841388332883,4446.624178037182,44432301.14044159,50874042.71220966,8284.500931431407,21.583657696182183,benign,16.753997541178787,16.92594957348477,13.809045635058872,16.5785037352809,16.504345589955232,16.908307605879845,16.619453343378694,13.220710766911555,13.498772561290197,16.335654952854274,16.169653830018916,14.379633534827034,15.354206042972264,72.10518495749002,76.89133950864999,78.75604312259219,72.25078686862676,76.02260883257568,13.117415862479763,15.797996833512883,14.302221776434827,13.665104961949538,15.787013839956742,16.834242042629434
res-amazonsagemaker-1256,2026-04-07T00:00:00+00:00,39.46369344820993,5049.1936939714515,44323590.273889676,51702039.25952508,8531.535891943684,21.593344400146254,normal,28.613261813968563,26.64338614134583,24.42188016129501,24.936611937534355,25.458693691244648,25.928763309263033,29.337767613845013,31.77005890104534,35.59155196711435,39.41678512092181,43.13486633506801,46.59278177709313,49.555423356603015,52.33485206795143,53.61713168520619,55.05434329797734,53.93091284382195,52.71406159064662,50.219722812964164,47.22719337066007,43.35790438698095,39.41678512092181,35.67421332494214,32.17969012862359
res-amazonsagemaker-1257,2026-04-07T00:00:00+00:00,36.35332986927056,5068.255393283282,31441669.446175776,37081279.24975319,6158.415706196723,22.391251849594422,normal,26.214129070072026,23.560706580182448,22.34415928800316,20.809429683525522,22.227926478768744,23.702429598631575,26.23458622890455,28.66825489293898,32.484941206233415,36.31277829394761,40.10945900989444,43.690902354271884,47.11587552275687,49.79592586521983,50.97543440437747,50.696778741457635,50.262696585743285,49.24863898718489,46.49160132468142,43.67727885283016,40.163829954024024,36.31277829394761,32.31232681074162,29.067048834154352
res-amazonsagemaker-1258,2026-04-07T00:00:00+00:00,37.978202882411274,4838.499725445151,31839682.437293034,40343783.12037501,6498.794207597541,21.538893511234388,normal,27.74860874900707,24.955199069399985,22.78162512491273,23.645778889611535,23.755444139101222,24.88359234409443,27.37361111209808,30.32498453112349,34.24976408303435,37.953375079238164,41.678888391689114,45.49599058410962,48.72081412770369,50.41399494250172,52.026914910857286,53.462594705071794,52.79784162426891,50.61335191719395,48.30417679162917,45.793086671301,41.95364735511684,37.953375079238164,34.23457131390026,30.355637641668057
res-amazonsagemaker-1259,2026-04-07T00:00:00+00:00,35.84732831365159,4707.119578867847,33200620.730705027,39621013.25039555,6605.840157927191,20.855151304085602,normal,24.884039968427317,23.00808663783223,21.111692046860103,21.301527781090194,21.54397296812121,22.316920893335578,25.150637494215644,28.021413991736452,31.8595844283155,35.846361577052264,39.717333940506194,43.59647715014664,45.96678513227868,49.109772527451376,50.825464206830446,51.17410857076234,50.33839428864286,48.62632973758851,46.85525904724187,43.314550546357076,39.623501509274554,35.846361577052264,31.9110031972709,28.386300309247908
res-amazonsagemaker-1260,2026-04-07T00:00:00+00:00,40.41891208045013,5161.679472431876,43685307.87172657,54137061.28034928,8321.483423299278,22.409187891189983,normal,30.309614317857072,27.356238060828105,26.298429615643723,26.07352822057262,25.347983980060146,27.701604319191915,30.16926975540525,32.996948797242766,36.539478260315796,40.452197929372545,44.446558364917394,47.59218996177509,50.74719038950276,53.31915850438653,54.37173131446124,55.10638831829801,54.32466212628437,52.83000934566172,51.31739091549925,48.12457888552445,44.47538281148868,40.452197929372545,36.61461723677472,33.0865405703664
res-amazonsagemaker-1261,2026-04-07T00:00:00+00:00,40.97282286387576,5111.186466821333,43771725.53018569,52609220.56506399,8278.683231627147,22.7891822238773,normal,30.31619615080176,28.587031454224423,26.48687248874245,25.694351616889833,26.365239721840567,27.587028487926247,30.542966157262935,33.77521848036733,37.16859847991094,40.981000634326705,44.73447496573556,48.798935497895386,51.11396819412189,54.46064081306333,55.947436901206,55.490604129992,55.707845817731396,53.535292506551336,51.26656713868183,48.52223063252591,45.05377014534242,40.981000634326705,37.09900888966622,33.1314687938852
res-amazonsagemaker-1262,2026-04-07T00:00:00+00:00,38.367535097133874,5178.040265749934,43490847.61906222,50689123.599450715,8510.713740448951,22.43512615637212,normal,27.580696672711113,25.208541972909444,24.30738283731423,23.949290386125817,23.595305740763898,25.945376592752535,27.492827481943102,30.82009970243409,34.535328123892654,38.380830153116975,42.150083191224894,45.610392395848784,49.08026659045143,51.974407842581805,52.63164670168571,53.01662122979589,52.61126756219164,50.94018075709177,49.45368559444383,45.52140187212553,42.06965259475787,38.380830153116975,34.551480276301604,31.01324590563129
res-amazonsagemaker-1251,2026-04-08T00:00:00+00:00,16.825131077226306,3317.7599999999998,32897499.801302556,39926668.50837876,6930.563063659465,22.39486826306922,anomaly,15.221045701717973,12.544059546355866,17.924028836221087,14.39341244672621,14.179295288954272,14.036602577313431,15.27073276889886,15.598088958479243,17.613474796807864,16.502258377112604,13.038232111485064,13.472267300334332,17.095411383520982,14.382409692782534,17.624597100309828,13.575038250219535,12.375435208236578,15.853576328166811,14.232651707430637,16.7779736661186,12.592029463204595,12.998541737656184,16.213478350907312,13.398961126714259
res-amazonsagemaker-1252,2026-04-08T00:00:00+00:00,51.20376151654539,5240.639916303479,43242461.273156166,48539921.71709861,65712.49964886405,22.57692293991342,anomaly,40.61380349590125,38.644149369245724,37.09965100592618,36.0042902198884,37.20123830342851,38.4935427044972,40.3762906183307,43.44291644531085,47.199902874510784,51.19071769579362,55.25061354521013,58.50581636305408,61.339113719598785,64.2359148210017,66.37456578815502,65.86492709192697,65.52447748092199,63.534640962556836,61.48627371149214,58.67341379104794,55.191333692698386,51.19071769579362,47.48977978332292,43.96218521747559
res-amazonsagemaker-1253,2026-04-08T00:00:00+00:00,27.11261263490368,5062.824502703999,31241156.940996002,38066670.09758433,6331.453406367663,21.507186312928592,benign,15.73419166203011,14.640171937890972,13.826299375512905,13.252156713914648,13.856625765408527,15.482406313768253,13.439392069258666,15.00033127873497,13.917099615947773,14.595430381290681,14.755320232752942,15.510637309482421,13.223070010876468,76.31668351549733,72.47933078178227,72.10908112652209,77.2155580492741,78.90535795158505,13.545416294272252,14.853505838444857,15.072862321286124,13.55119809660931,13.030946825651498,16.389629769894093
res-amazonsagemaker-1254,2026-04-08T00:00:00+00:00,27.55287921143243,4626.656553274957,36008321.17412347,42190268.189368814,6949.75076737974,21.6355678301784,benign,14.790576995510463,16.766574447793555,16.251721207998852,15.737252487103927,14.27042309666068,16.006304926096085,13.704907790567333,15.166623932690657,14.509469328236154,13.51675673249514,16.70008167517767,16.963108049527488,13.353358555578346,75.01470746888671,73.46473119532239,71.74111485675986,76.55422998741311,74.18618370634172,16.904006914561467,15.6214472582165,14.682125578606573,15.357354540152667,14.609265925074492,15.396774417606526
res-amazonsagemaker-1255,2026-04-08T00:00:00+00:00,27.546035652207095,4779.769592323756,45089481.004859634,53998811.84456517,8627.457397497688,21.268817359341885,benign,13.235506738681522,14.400356375270599,14.867285098511367,13.896691760605929,15.668951653699803,13.007483517082715,15.307208791175897,15.566997461235147,14.78388386772634,13.942938197162178,16.1716435909971,15.735511496857832,13.892870551206446,74.14847306039574,77.56319265239767,76.42353783042037,76.62399610656638,71.76920832968725,16.16265057187727,14.705710648999261,16.218472274623362,16.832647346207686,15.46879529118619,14.710842440396307
res-amazonsagemaker-1256,2026-04-08T00:00:00+00:00,32.996727390526765,4595.124100879885,41348779.22771901,52266613.33398086,8679.512155719378,20.125207056825445,normal,22.60473012363839,20.155172907603735,17.970154434230974,18.061642224804345,17.846895162322284,20.62672714288861,22.60963652652608,25.14574180452093,29.23273666128893,33.01505110582157,36.829580936445296,40.37694169304762,43.7160835455425,46.32367010687793,47.55415424895699,47.31221858114086,47.58216649682441,46.048281778069715,43.92844632202652,40.47358311256497,36.93254422675461,33.01505110582157,29.263214181689186,25.297032943234296
res-amazonsagemaker-1257,2026-04-08T00:00:00+00:00,37.55696232712797,5056.914689103873,32166267.930103723,36362132.82426936,6155.012802444312,22.081891790251245,normal,27.267047053594936,24.368312081261603,22.370918308296947,23.24972132273517,23.439618472372878,24.65946863099304,26.560379960592314,29.845180721102317,33.80860862344022,37.534075766647035,41.37635705644678,44.85852602018958,48.37590989253569,50.15757126281874,51.952083844803774,51.97058142943613,52.72788704575777,50.80398963896668,48.240693045276444,44.96757874025307,41.33843622409363,37.534075766647035,33.78778108332403,30.172293859485578
res-amazonsagemaker-1258,2026-04-08T00:00:00+00:00,39.58718425355982,4921.383130718154,34112481.348590314,41209716.04967957,6453.608760867753,22.56658185990185,normal,29.013221794515246,26.75888209711409,24.472895619531613,24.8726747159421,25.151739994358316,27.16129817898701,29.081390268605716,31.72982825067301,35.675027865485575,39.53815597891088,43.535106081695496,46.9406229512466,50.59038834108699,52.12146402892838,53.89591439083482,54.63866681962859,54.300656111026896,52.90641936331766,49.93246289103151,47.0298038772946,43.542109930025134,39.53815597891088,35.490365126696254,32.17517142958827
res-amazonsagemaker-1259,2026-04-08T00:00:00+00:00,34.11487734029836,4632.353725860927,32787790.042029988,39086745.87434648,6388.043793109391,19.806134659837806,normal,23.695169481410076,21.021571095054142,19.157983256193575,19.524219344461855,20.14656972743677,20.94140006927514,23.891600641502514,26.467158030222937,30.049173305069225,34.07799373526167,38.07126959610029,41.3273807046785,45.02142162818023,46.808289886354096,47.88910209958156,49.63722375830359,48.17750842592024,47.467656860478996,44.94547389919641,41.90108017255287,37.781580384450145,34.07799373526167,30.218184059065305,26.460052271148733
res-amazonsagemaker-1260,2026-04-08T00:00:00+00:00,40.32828704361386,5017.518997107779,44894695.78513295,54049692.66636995,8729.066310385344,22.736081955454182,normal,30.08305140231269,27.9561397085712,25.680239330196112,25.23072544657586,25.480402991925168,26.785478193638212,29.63079864621568,32.589578623740834,36.319619400506994,40.38147069395914,44.1509899816661,48.07899320605035,51.230356830968944,53.77102451177718,55.046562742857624,55.479767732079715,54.30778611299605,52.86296995947714,51.4924481126739,47.65377055629946,44.10122621835923,40.38147069395914,36.34027437612014,32.84374357380577
res-amazonsagemaker-1261,2026-04-08T00:00:00+00:00,38.50892962417623,5174.098949962219,41993036.77066494,49410025.66833452,8768.592400359968,22.299342637677896,normal,28.309959864636525,25.480502189858917,24.064681689356753,23.474628158399174,24.663007161932473,26.06591409073886,28.31295963031787,31.036367502183623,34.50213768120807,38.49677603091345,42.341075390703914,45.85342527837388,48.96354969068872,50.85034972632368,53.07124645170869,53.64428076882342,52.58329990244312,51.08205804555756,48.90927961773392,46.31395599860551,42.2037617234042,38.49677603091345,34.763505781550336,30.7308125738534
res-amazonsagemaker-1262,2026-04-08T00:00:00+00:00,41.20646637005265,5309.341566875291,42457722.807254486,51026480.18296631,8728.946926657856,22.803339565999472,normal,31.054565700133082,28.589135645172597,26.48629074371784,25.91461820861099,27.26136210389501,28.34607154283426,30.841517975750115,33.58134248228822,37.46945235361327,41.18321260903524,45.00993278937525,48.46801344375415,51.927716919188114,54.28522129128058,55.0899890390757,56.50661101602664,56.209367583166575,53.85047245991201,51.44044548592257,48.430624904231514,45.02753175911502,41.18321260903524,37.32984668384087,33.468637532288774
res-amazonsagemaker-1251,2026-04-09T00:00:00+00:00,14.938659199921416,3440.64,32729844.43563072,39179281.54617898,6119.448420319201,19.22354705254152,anomaly,15.194745037102262,15.731497238916594,12.032082211888673,12.093351990524171,17.17407582646358,13.096192479287705,12.780020101233024,13.680606519691182,17.261035374847946,17.01167119404885,17.15667574619652,17.472675422497773,13.47092426375622,13.36212633343647,16.963774653504792,14.872379822767485,13.141548084171323,13.024263540014589,12.385395181745364,15.785837639839588,17.87987661886262,12.941695121848177,17.785116767055314,13.770138032775673
res-amazonsagemaker-1252,2026-04-09T00:00:00+00:00,44.43631311030338,4352.078723393033,36707123.63214175,43852202.03647028,61171.2845063202,19.933758517858017,anomaly,33.560239377644436,30.871911813060127,29.958720965199895,29.786115435191096,29.675388145461785,31.939081092874698,34.189371693754026,36.94974079934998,40.4061250384369,44.42573710365977,48.35927818547957,52.284039803326465,55.091017796377685,57.877419763282546,58.997010742650254,59.0071093141882,58.21748139427006,57.95495752239864,55.226177739955645,51.62030643029663,48.11896863622598,44.42573710365977,40.65221500271476,36.877363747822216
res-amazonsagemaker-1253,2026-04-09T00:00:00+00:00,27.659732355359584,4480.091190024413,29426463.043041404,33057657.54301415,5376.415584618931,21.547082634249843,benign,14.446349308839485,16.129956224944625,16.560699619456553,13.006871625887559,14.831430133773253,16.7909900526784,15.864615698909795,16.227043697296544,13.525050014136294,16.030680787670004,14.608788827689944,14.342932714184887,14.058585905863275,76.8840349115922,73.31843877178017,75.67313302889649,77.22804132509363,74.04085224625119,15.606112094081716,15.371302935363271,15.370271892418955,15.334996372625712,14.728853165297744,13.853545173898397
res-amazonsagemaker-1254,2026-04-09T00:00:00+00:00,27.421805011633108,4303.24839540809,35798516.86103087,43035034.21664832,6864.915414318665,21.28472368526342,benign,15.918347409378127,14.301583628755276,15.910925577875512,14.465465745649773,15.122864933874787,13.311660795100119,14.003216537725974,15.193350754774784,14.948141226959152,15.860985618946245,14.690396842294813,13.357594419471688,14.078611716145431,73.68458542450763,72.63750448613223,77.90883741763113,73.84365859188361,73.35102200638931,16.636510713510415,15.81400150813417,16.100811598693912,15.718817790750993,16.35645693254428,14.907968602065157
res-amazonsagemaker-1255,2026-04-09T00:00:00+00:00,27.29060805520398,4440.076934949461,42328718.95340241,50985745.620862655,8466.808058569057,21.474386140801744,benign,14.269710521753183,14.833407672821647,13.90841640368127,16.23646914673723,14.37139056377866,16.14348387294021,16.61860153619819,15.514916449194278,14.462860777877648,15.374182649255143,14.532561924061223,15.657334238102653,15.907261856406553,74.03807945657772,73.30193209450395,71.38185290701585,71.53193083604233,74.41075524062896,16.137217796899883,16.5298434138984,15.68909530541023,15.949478749629549,13.57449306638414,14.599316845096624
res-amazonsagemaker-1256,2026-04-09T00:00:00+00:00,36.35252797894062,4728.272399045695,42121727.67354627,54635064.93776316,8843.119665041222,21.86276273981572,normal,26.09314776772166,23.49250997580161,22.435788430527253,20.537255094704726,22.47955134211722,23.080675727778342,26.009106048921062,28.717237120380013,32.37006313772292,36.275709167185155,40.15256151146188,43.738020227804284,46.47794012973957,49.76516835689033,51.360592515396704,51.340225764379575,50.782005121571906,49.09456574905187,46.42210965394762,44.1159787379145,40.17652394872553,36.275709167185155,32.51460137561005,28.753625422035995
res-amazonsagemaker-1257,2026-04-09T00:00:00+00:00,34.585333645224786,4658.983099958785,29558941.672097985,35279881.86379398,5973.078044107681,20.27800138291729,normal,24.054794278501554,21.584658904688226,19.894675267171287,19.211684353526895,20.638406626410053,21.858687968173793,23.81089143515025,27.14445380091576,30.69175870521829,34.69627002574591,38.503133099191494,42.133884680613484,45.6271140208599,47.25819337415564,48.75397612650798,49.025870115857785,49.3304823207163,47.649936188075245,44.78323472784442,42.18774463663318,38.544069549062534,34.69627002574591,30.987403078148656,26.980414176480352
res-amazonsagemaker-1258,2026-04-09T00:00:00+00:00,31.896868457945207,4285.901757341712,29364981.279706705,36424329.33186179,6087.843943130054,18.712873720493437,normal,21.065021350625933,18.781020168488723,17.87151809979155,17.042070168400876,17.05462626972178,19.030672256954116,20.77167127371061,24.654118171815043,27.859457291611,31.905969567435566,35.91515433682854,39.08074999485248,42.97488509933198,44.75392606380734,46.508950921552255,46.94043383591982,46.22308532729472,45.3551678648791,41.98606941368922,39.72836647728129,35.665272413608946,31.905969567435566,27.917847538931994,24.532819516716522
res-amazonsagemaker-1259,2026-04-09T00:00:00+00:00,33.4171116396877,4269.904692678038,31201403.825312555,38129082.2622096,6178.510375157692,19.055433076893028,normal,22.425111360912226,20.142462456649476,18.4717390555832,18.270818468983286,19.459254946870445,20.953740957861775,22.664532648843142,26.25107313620361,29.404827506849834,33.46610655635595,37.39579610695938,41.06499743645241,44.24019852054775,46.29325588663787,47.615528718048324,48.64794832711068,47.35591186391723,46.56184517286255,44.286589580050155,40.87217837601331,37.442015928175095,33.46610655635595,29.529369033424214,25.72927075083677
res-amazonsagemaker-1260,2026-04-09T00:00:00+00:00,36.320530894872434,4764.705808257204,40657344.24463565,50117365.68771706,8317.570533996513,20.697562824412586,normal,26.16914822392196,23.506966242223577,22.30014446682738,21.6357992611701,22.120784092730823,22.831304500272463,25.784810835475422,28.61654817824942,32.469295088343685,36.37844749369153,40.242563828924524,43.520224052330335,46.52097341769319,48.785520586400665,50.60484862405113,50.908823507143424,51.21592440658392,48.81576595746213,47.39620311478926,43.77727372371316,40.350661885952306,36.37844749369153,32.53779651382608,28.824465981470418
res-amazonsagemaker-1261,2026-04-09T00:00:00+00:00,30.387127315959436,4379.744655837548,39944164.891238995,48613703.46523939,7963.324025602026,18.447051210062057,normal,19.883958833174766,17.476276356734342,15.85954897625739,14.774089886639118,16.424009055619635,17.765505089886474,19.545838418571485,22.96747531269956,26.621140422372065,30.365585253537997,34.38735396175694,37.97881778318967,41.28597358069127,43.02067031182915,45.338090998632985,45.0722093065624,44.535097748585756,42.93189590688196,41.38260451897115,37.588334864917485,34.23510077272911,30.365585253537997,26.564636961907496,22.921256007340354
res-amazonsagemaker-1262,2026-04-09T00:00:00+00:00,38.728175281425315,4858.1314670689935,42281688.1047336,51781614.45561696,7917.406939660898,21.444894815889405,normal,28.016333964410645,26.17077447298731,23.73196843709787,24.240570950360645,24.204425362845463,26.141665256791118,28.53976927715121,31.44619139997762,34.7285800582607,38.64913429604972,42.59775259686013,45.93105333372179,48.81399345481365,52.028502744605355,52.97594047632303,54.00201104474619,53.27112908222256,51.732792026577435,49.49806172332244,45.946652333881225,42.62484159397356,38.64913429604972,34.695975260276924,30.83895331090134
res-amazonsagemaker-1251,2026-04-10T00:00:00+00:00,14.479629371910013,3563.52,31652354.166869074,36724641.86461591,6245.896606696393,20.18154952548588,anomaly,14.269385511019735,12.79961335588398,16.600940488694196,15.694615786307152,12.984939080577405,14.090006637167988,16.781096492637495,12.280393436697757,17.287183078555678,15.79537123583906,15.235523287534757,17.578372004964702,13.604094912158246,16.157160651408912,14.130212624320633,14.79953521236151,15.834750466788183,12.246918719540147,14.802397357227324,14.711687177021169,14.782018210049852,14.915900288141561,13.156343731964537,13.422643746001242
res-amazonsagemaker-1252,2026-04-10T00:00:00+00:00,41.56146838495805,4597.9511946244,37765791.9108445,43504060.09721122,62039.2190816786,19.37317919945609,anomaly,30.62891248482987,28.090338527324125,26.911035351647598,25.98813729571949,27.600922215049472,28.02762104280537,30.760384108662798,34.1337452535747,37.92625341009444,41.61664006662262,45.55460199734575,48.80758413431087,52.70891663777266,54.69759953539314,55.51780338479106,57.213023438215046,55.97795790604964,54.72999531805254,52.735831888231935,49.024241922338106,45.37502562925303,41.61664006662262,37.83538241400246,33.99664721028375
res-amazonsagemaker-1253,2026-04-10T00:00:00+00:00,28.014668624439356,4780.983709593253,29305808.31772387,34128303.84829865,5943.032823717897,21.39397291429071,benign,16.829497655507065,13.174540894454172,16.7908339893183,13.841101396236711,15.656204344483841,16.054024334350018,15.345964760717141,16.07214604074103,16.4329644545136,13.804825915101546,16.37540434387801,13.654476583268352,13.80343017052299,77.70199649809933,71.5999417274375,76.62146860502138,74.42761176123085,77.96709419908827,16.999542074731448,16.907460675862623,16.6794681968382,16.013603570844708,15.189972305984552,14.40847248831292
res-amazonsagemaker-1254,2026-04-10T00:00:00+00:00,27.383610642126058,4236.572469543427,32340540.7005284,42363043.25073829,6674.878367234288,21.17384909642629,benign,16.031526223340084,15.542638798337794,16.321484606284102,15.985496379449403,13.02948700537825,15.178029731232012,16.65074101253042,14.543311560884822,13.693625209200784,15.187204431273972,16.095446509130266,16.193278315860347,16.387455897429998,74.49072296270529,72.7981826855757,73.73902568788623,76.25561898172123,72.4905477502753,15.58432691041332,13.83661452225119,13.65070599751451,15.946682908465355,14.010662864943598,13.563838458941463
res-amazonsagemaker-1255,2026-04-10T00:00:00+00:00,27.592124014581504,4377.859518214942,42656926.59984054,49270002.02649061,8642.613617914361,21.44864517077852,benign,13.383979624480911,13.327764314660875,16.461192370360255,13.8647019478123,15.617528142860733,13.516036387545986,16.990578712405846,15.84713029757295,14.858079471397797,13.686076332750694,14.788176328145607,13.761258991086926,13.574570719705312,74.49392627981248,75.24847390853006,77.30405988676699,74.9813690062382,78.48135711239227,14.971562421147866,15.504996493904049,16.403730692480238,15.725682523594921,15.080728640914465,14.338015743388425
res-amazonsagemaker-1256,2026-04-10T00:00:00+00:00,30.989839535568773,4434.3938188945,42150831.532292284,47311384.29910888,8421.297925104514,19.16418796160336,normal,20.698818606512752,18.627070583603732,16.068822080025342,16.03877651019593,16.379386568346142,17.675116196827247,20.646075311476643,23.481716294882713,27.026147800949772,31.036140656813686,34.73402594355051,38.24164419483175,42.13041666936515,44.12239466617054,45.1096188663999,45.86831822456271,46.12593966670977,44.01048700858081,41.18794065512845,38.19418396261217,34.83698969580308,31.036140656813686,27.08266183454928,23.39731619893882
res-amazonsagemaker-1257,2026-04-10T00:00:00+00:00,33.909810620962155,4281.167960982517,28803268.222116716,33644273.52037598,5465.459624366361,18.683631670138993,normal,23.20380888993067,20.449419842280342,19.462634914312915,18.367573036846636,19.805136189282738,20.81729302523055,23.1606797016666,26.631367054843814,30.199793587978277,33.962731642326865,37.72974714997116,41.61171187089146,44.35970506908805,47.112939660803136,48.11651674260185,48.40638926624203,48.75477855860494,47.582829195732245,44.54286337943542,41.80420448181659,37.74074448222309,33.962731642326865,29.945974321722534,26.103881196932768
res-amazonsagemaker-1258,2026-04-10T00:00:00+00:00,31.945666888056966,4353.215502194872,29504495.86473213,35344516.94944591,5991.242220819998,20.205421308147976,normal,21.00461203123128,19.112841331010664,18.0444603665906,17.2936316143199,17.80820461513,19.442228228832903,21.41538221492688,24.521466206377177,28.100132995087108,31.8313307221569,35.87159204888018,39.52252878428543,42.12360793178087,44.78727300161391,45.74324934299875,47.20492113612528,46.013521857455856,45.197262741611844,42.19674604163761,39.616325259171155,35.7671289992368,31.8313307221569,27.841955807731075,24.404271313018192
res-amazonsagemaker-1259,2026-04-10T00:00:00+00:00,35.197090585316225,4391.620583717183,30717753.860673405,37293229.082951605,6090.389374501379,20.128387253014964,normal,24.287191473829555,22.732062149899996,21.301958332410187,19.925099502706345,21.394535508498997,22.21465113762681,25.042793667723696,27.463173337807447,31.186709562744994,35.260050445273016,38.98233573383397,42.7857543787465,45.61633248002708,48.06404838245403,49.34283416708389,49.85993023476401,49.173591835632564,48.186400210075796,45.95838810696061,42.73808177140144,39.084431722814095,35.260050445273016,31.217306100165047,27.6524633598362
res-amazonsagemaker-1260,2026-04-10T00:00:00+00:00,34.59597353270397,4693.176651958131,40918049.80493929,52161104.481299095,8039.440135788581,20.794520489698158,normal,24.345227736965626,21.3881840578224,19.542011206447846,19.396329795497074,20.543987072408292,22.181793804268075,23.785411457170873,27.209261198879453,30.775130238518834,34.669534916167464,38.55175937761635,42.36650464338938,45.007058896858176,47.49770409404924,48.5078624802704,49.16726599605894,49.42977390168723,47.0667518086985,45.046451867508985,42.38603466297231,38.74430754392941,34.669534916167464,30.867291692398787,27.158191419144252
res-amazonsagemaker-1261,2026-04-10T00:00:00+00:00,33.970320061200745,4541.957190631334,40198360.40987966,47286674.02285337,7813.453148278897,19.06194039993966,normal,23.687136861864175,21.101953325099334,19.081565226667642,18.56760827114976,20.05984484975336,20.307408349969496,22.78176524226223,26.634835415563842,30.057121925464813,33.90318729857604,37.78608711667882,41.16103796756515,44.82911984245816,46.61687624231405,48.978268918711954,49.50151281855751,48.72095926174285,47.1197155493179,44.32489556531313,41.68718019658985,37.96580734668982,33.90318729857604,30.120449604273617,26.390156973658275
res-amazonsagemaker-1262,2026-04-10T00:00:00+00:00,34.571847828831835,4526.205300430606,38278094.45782478,44923177.90971116,8181.891817866409,19.726315011218745,normal,24.111340167177573,22.050008385665198,20.052940883555152,18.980747217509155,20.72362339623821,20.94758776439717,24.34595770461641,27.190460313657272,30.479633172330253,34.508892087173365,38.34597379893622,42.00201430867029,45.518106414862075,47.381122363078696,48.74447656570533,49.04695762634071,49.347680954260134,48.050804745000065,45.261787976163404,42.17604471966019,38.532670016673784,34.508892087173365,30.464098675392908,26.952526547727253
res-amazonsagemaker-1251,2026-04-11T00:00:00+00:00,15.12307503097413,3686.3999999999996,27511656.37667796,33340962.751230907,5789.341371910601,15.69058668368822,anomaly,16.146358963850624,12.907585979899654,13.7043359302554,15.701843915392978,17.58861512591306,17.02201314270978,13.498709648921801,14.974878339291168,16.23402345640014,17.787450784129746,16.198642769152116,16.859017766528268,14.673536632504472,16.46418336440678,15.743915276289048,16.530129239162047,14.515579453410746,17.99347548396601,16.210758935018987,12.117271074415699,16.40680934588751,14.92929178825609,15.453466078275657,16.20906407701746
res-amazonsagemaker-1252,2026-04-11T00:00:00+00:00,31.136180811805378,3879.1002132142953,34993285.57270867,39491100.06626836,56912.79832132334,16.316817812876263,anomaly,22.99945289730285,21.464205968046034,19.861591900918476,19.82679215594443,20.447680497985637,21.742785117605038,22.97329936143388,25.62341301568444,28.31199889221792,31.141577548653295,34.13313961548324,36.96228593736056,38.815955403230504,40.88469102854674,42.233076146499016,42.42141266597782,42.49745114457615,40.469934050754574,38.76632392215619,36.72656044113931,34.01989040736646,31.141577548653295,28.33798854022154,25.465255275571636
res-amazonsagemaker-1253,2026-04-11T00:00:00+00:00,27.84429965573341,3849.249948112643,24519224.280121792,30894952.11707657,5170.006169393701,21.423839813496656,benign,13.76526964286005,16.93883078882562,15.08467174273838,15.69471133823152,16.54199094133716,16.76903229748138,16.37624058830318,14.609978065487326,14.298809463294644,15.783004468791283,15.406601428936519,13.491126069906823,13.48647585284903,77.02757353618912,78.45639677337894,75.65168843830403,71.9533218249937,78.57290307993206,13.246854853558132,15.284599162983238,13.569210086580801,14.503390018019305,15.322469731477675,16.428041543141976
res-amazonsagemaker-1254,2026-04-11T00:00:00+00:00,27.659075202666788,3366.425088388243,29129173.0667414,34166258.129867315,6144.210481542075,21.533378000723513,benign,16.8519147251015,15.661556754304506,15.18841444393329,16.623307552811575,15.817285698778797,13.427309339115897,13.609592564137658,13.20861262445165,14.404948163132076,14.405306490121088,16.303126552071262,14.06420392931767,14.677000113542356,71.84101579067695,74.7413435729468,74.82550561580246,76.1388823951477,78.10979580492291,16.12568418576843,15.869524331043367,16.486165022036353,14.083971712732577,15.073246645374375,16.280090836731677
res-amazonsagemaker-1255,2026-04-11T00:00:00+00:00,27.480465035783322,3561.7956023434704,37518472.21148156,45789184.02834757,7090.928639564177,21.4014612193758,benign,14.65960515751615,15.263959273124094,14.045633125900965,16.265218352635312,14.893514316534441,14.801325271215747,14.920547822503721,14.164894273753855,14.302701134008139,15.959667994247704,14.174216011257734,15.4629481916943,13.12364179866369,77.3691482689022,71.76347312794002,78.20591990625473,71.0690482458906,74.31929278844308,15.583154493494078,15.588118764402692,16.88089977168159,14.651440470503108,16.4929370724605,15.56985522577131
res-amazonsagemaker-1256,2026-04-11T00:00:00+00:00,18.70420834716998,3526.113739679065,37593377.04428771,44015072.53268415,7249.040045807467,15.17392178391796,normal,10.837868055238566,9.248549581636762,8.2182975738342,6.900200844763738,7.598610237291027,8.931058784035317,10.726599728522041,13.101495333159534,15.614270354084777,18.64193897036565,21.627016446390105,24.473519122219166,26.60388576486741,28.61617647700676,29.35893459103552,30.42465851110937,29.324114546270735,28.640114200750595,26.39835724507123,24.46908185068626,21.595787637393983,18.64193897036565,15.692744930108596,13.215780575872556
res-amazonsagemaker-1257,2026-04-11T00:00:00+00:00,19.753099898753096,3617.354163499411,24730312.248855613,31912605.816012703,5266.855518172353,15.617673733508386,normal,12.049672262649187,9.843453160170444,9.032385864961462,7.984249582113835,9.333975383451035,10.113316068750965,11.940244402157159,14.105335935772857,16.773536855491635,19.783610781212065,22.563436737988713,25.491467701154072,27.790880944605377,29.785743948957474,30.183651661661475,31.07824668762128,30.731911716528884,29.135425696075284,27.94567433697694,25.297431433506794,22.55429886374511,19.783610781212065,16.789599133533155,13.98323762977706
res-amazonsagemaker-1258,2026-04-11T00:00:00+00:00,17.936321079580512,3598.6378910574995,25598285.8940627,32361949.964825835,5109.691276402209,15.04843636221125,normal,10.037183293700497,7.81835756193935,7.100187080375745,6.209060748618622,6.9453090461334,8.353568851005274,9.969102537232404,12.39923960500544,15.054452475639247,17.938617883546343,20.809435855515396,23.612995759726225,25.533919890465555,27.978601394067397,28.896541360984536,29.263725186833796,29.101826844014568,27.53396181455778,25.88829808525822,23.664506448614272,20.79324964554772,17.938617883546343,15.055268651184033,12.575678006420137
res-amazonsagemaker-1259,2026-04-11T00:00:00+00:00,18.330814559065086,3309.0624258325206,26834209.592753273,33397073.309082743,5572.7082185499,14.910418144821843,normal,10.240169812406847,8.891074804570305,7.3355355412681185,7.49329852474604,7.803109725353179,8.822075882893243,10.087057573332876,12.453197193470944,15.33001281367424,18.33980231448211,21.204010419336917,23.982033638728478,26.149956974034737,27.85363046268854,28.66385402354274,30.040915609344346,29.698349003174908,27.85143372790323,25.924211389703906,23.805315260997116,21.24788437646974,18.33980231448211,15.48771631109694,12.895101719860408
res-amazonsagemaker-1260,2026-04-11T00:00:00+00:00,16.89399693410574,3308.893838345915,35605636.95953909,43103945.99867332,6763.744993499708,14.583501651895016,normal,8.805012189736592,6.66337079106117,5.465130070170492,6.065575106723344,6.4978746112644785,7.3309956949141535,9.23491927170582,11.140844460634057,14.078491359093913,16.85837935572132,19.68482023559252,22.355326783157093,25.113250415225565,27.03714715893652,27.856836949485196,28.18146612047836,27.25858652263516,26.5453756525341,25.143166283122376,22.526091190549835,19.81243265353278,16.85837935572132,13.925976844443438,11.016477342098186
res-amazonsagemaker-1261,2026-04-11T00:00:00+00:00,18.070267374652914,3329.3184892810737,34245994.49617982,39912077.69314031,6968.177803202441,14.248903970841381,normal,10.123067349542524,8.243822810536189,7.390426568432213,6.466350580851863,7.042640884222142,8.524132322006286,10.354751133627357,12.637063358849257,15.161959636791046,18.056007912370813,20.897890316695616,23.854110013373443,25.841379957474157,27.407554711157324,28.89275026312699,28.7910616403921,29.330502507914026,28.266262227735695,25.80657420169185,23.961259029267215,21.05269266427854,18.056007912370813,15.160477977569588,12.367671011392936
res-amazonsagemaker-1262,2026-04-11T00:00:00+00:00,19.39695750599569,3697.327149753033,36026843.925691545,44456309.693907686,7334.12957850591,17.056032677541346,normal,11.026017786253647,10.053692991764095,8.963328495500848,7.896190410087916,8.357013266356706,9.959474902948777,11.700178380658352,13.870982610879494,16.35216579393192,19.310224023332673,22.352295287899672,25.147911245716106,27.44515435352435,28.66882119190106,30.63159996049848,30.881844395971044,30.12329507358335,28.854733253085914,27.530496811499532,25.067410538161063,22.15988110169261,19.310224023332673,16.26272464644265,13.601319598873644
res-amazonsagemaker-1251,2026-04-12T00:00:00+00:00,15.711109175178787,3809.2799999999997,25060898.563932333,30085161.503313944,5067.60126753393,12.528721269514694,anomaly,12.698919003170099,17.711045305954222,15.471595136862021,12.729846538342686,14.05322787260459,14.745178682156308,12.90639183114474,15.790937957658329,13.032036638133171,15.101238100890594,13.578053398224599,16.48284474965236,13.73240479268815,17.951342334211255,16.883782815467416,13.041800103050344,16.867455504972877,16.23025522014275,12.585820698055729,16.103579536922588,14.950028591811877,17.651228836191844,17.359436103650268,12.946002684074749
res-amazonsagemaker-1252,2026-04-12T00:00:00+00:00,26.20892932958046,3156.249836980673,31091867.393697355,38435838.298946045,50107.96985997053,12.605580809444808,anomaly,18.5139397882276,16.36673874333175,14.842317168702785,15.458282649401355,14.791612823982142,16.467369606295478,18.308519526605735,20.556434894621336,23.218183533993372,26.198427211819695,29.035339234152644,31.946659981367084,34.33079419350943,36.34986686793999,36.767424675370165,37.84441179906728,37.36805926369507,36.19157082592155,33.79462762220159,31.694957870630326,29.162931859140933,26.198427211819695,23.241074716203084,20.36633184193092
res-amazonsagemaker-1253,2026-04-12T00:00:00+00:00,27.90695695824219,3417.2820715066932,22532990.17873689,28871955.538115866,4926.795808499928,21.441509967404546,benign,16.4384577777047,16.514439337374604,16.731771043046443,13.070048704825759,15.426709950591256,16.781878245334198,13.443471129370288,16.39581988959213,14.691607449610698,14.963617175107208,15.658930337369867,14.004054566662463,13.86244662072692,73.65499767952102,78.98574695512372,71.84538308642524,78.7590831966488,76.94985214645456,15.038546774375432,14.7623818536235,15.413717872400413,15.929423722685776,16.97506903465682,13.469512448580721
res-amazonsagemaker-1254,2026-04-12T00:00:00+00:00,27.544565579530115,3274.9431352408333,28328944.854787264,34838056.51001983,5704.2444784637155,21.366805230975118,benign,13.110472183944502,13.911040034868057,13.753760056613134,14.458578553822871,15.884459206227591,16.298834650676486,15.775492207788066,15.411489272382806,14.604790865912515,15.725937482698543,15.126510792480868,15.650275334973529,14.707928400676643,75.29556871864087,77.31836072134197,72.87911676381059,77.6881766106726,77.80303510316736,14.775207373678285,13.419732729778108,14.363660668669393,13.235880409798195,14.786855328291582,15.084410437808106
res-amazonsagemaker-1255,2026-04-12T00:00:00+00:00,27.165314990293442,3268.8992103252444,34617573.24887103,41785223.03002091,6422.87675698308,21.19136601351372,benign,16.371366616482742,14.60285712225489,15.483849882149755,14.145787819957253,15.757705858392576,16.1179127318546,16.743743077999312,15.285552450647536,13.735126133303302,14.509513558529466,16.675786955193153,14.399618765089613,15.055942891563083,72.02358879167399,75.37070533319697,71.08696326449633,72.59833064916543,71.16482205173092,16.162466523063536,14.312988710524438,15.39103050325998,16.868598362949083,14.706039738853699,13.397261974711018
res-amazonsagemaker-1256,2026-04-12T00:00:00+00:00,15.348396987910874,3242.231501611354,34529855.18461898,39238144.78579187,7001.853834280449,13.248232371778649,normal,7.589732357029942,5.415917192302547,4.766915429540768,3.7215554894611524,4.449536654891915,5.789604393044321,7.761636522321769,9.608888185975925,12.523711578325159,15.321958246930208,18.349259798198972,20.989126055353495,23.335018838283077,24.71646827222116,26.08680740779219,27.09304307797347,26.17412900746026,24.93816530635774,22.9406165058977,21.21794794533819,18.29339519526467,15.321958246930208,12.329387128487578,9.626748874478615
res-amazonsagemaker-1257,2026-04-12T00:00:00+00:00,14.907467729485582,2919.310454704071,23094807.9756778,27322798.818899658,4772.664539591082,13.190909947970196,normal,7.245747234875287,5.269892467852497,4.204187925587159,3.154179775568544,4.249002524839625,5.192396700831079,7.087336946267878,9.534936643766459,12.008609983560733,14.882591193988862,17.798669685005542,20.59136466536357,23.21719859539531,24.524499205613477,25.4773049123258,26.093319838810622,25.92156075598522,24.282552984962386,22.720450150928365,20.36719095529245,17.84722867307211,14.882591193988862,11.917328664963676,9.309083828808443
res-amazonsagemaker-1258,2026-04-12T00:00:00+00:00,12.998537555287982,3019.0079215501028,24486142.254185047,27783471.82238873,4604.537142671341,12.657902468384508,normal,5.151711742265667,3.1012578783418334,2.0,2.0,2.0,3.1785374890058367,4.862166227920934,7.353830757851485,10.130737144291858,12.969379000744585,15.82456284710504,18.466505241665715,20.73528653837308,23.047272202229642,24.229938003294453,23.97420297280637,24.33868652488988,23.194111094335675,20.62542788296368,18.350358957702774,15.761844819206782,12.969379000744585,10.165868795405288,7.533836205766427
res-amazonsagemaker-1259,2026-04-12T00:00:00+00:00,16.308251306019873,3245.543794928343,26241412.144618098,32368717.909454435,5427.790943157344,14.219738771915729,normal,7.932562635129354,6.2358480691299505,5.558026225876469,5.197175013209577,5.897188472876824,6.810621420632452,8.233919610629902,10.40489716275399,13.192453351721241,16.248586860341593,19.069540814182453,21.94881094197137,24.058931260523114,26.1990811279433,27.148124125349504,27.565213495457314,27.633530355169547,26.114543637092083,24.467551412124767,22.08335292819856,19.20323475982383,16.248586860341593,13.28613009188594,10.660120712112175
res-amazonsagemaker-1260,2026-04-12T00:00:00+00:00,15.996860046710397,3143.603075418226,32143211.323693443,38266230.50128577,6453.980331281551,12.292767166322733,normal,8.003706679518887,5.879020492987774,5.59710682786569,5.19933636900192,5.18118652298715,5.9448428036145184,8.298970732062639,10.499737936649574,13.014274138549682,15.924572517378726,18.69363172136789,21.46117873784256,23.787502851367073,25.688761700382166,27.110354222422657,27.328887788021746,26.448468555462863,26.021088455717873,23.528588923361028,21.794302569598244,18.95392948295033,15.924572517378726,13.091510309078963,10.549108265480875
res-amazonsagemaker-1261,2026-04-12T00:00:00+00:00,15.418061943855202,3316.7411115239593,34892813.769340955,38668002.862421416,6889.325376013609,13.528585110050425,normal,7.211560289151473,5.329842489225525,5.0829713621926675,4.224507000270508,4.263039178277232,5.472864794587434,7.385460411973797,10.06239759076894,12.499549844832499,15.479731523299574,18.50548033405036,20.876984665835757,23.075274334080902,25.071479488219953,26.720866265190747,26.176754481007826,26.200880714672273,25.445753120738573,23.564032943077432,21.113940037670808,18.276946305395025,15.479731523299574,12.706685376700156,9.806752578005856
res-amazonsagemaker-1262,2026-04-12T00:00:00+00:00,16.89453166720485,3259.9304999562924,33295115.321364492,41918524.98761861,6523.039002029424,14.085733515450494,normal,9.134409282890225,6.905631164274796,5.580469240987558,5.509647774260077,6.542978068471465,7.079145675475779,8.76267846965171,11.109934402711751,14.118584115443282,16.89515676130887,19.738068681696213,22.691239998339668,25.17438692852512,26.791472551389443,27.592924894115512,27.67616953005141,28.14442391445158,26.622551756982418,25.06251105867981,22.5418614762475,19.707750147913288,16.89515676130887,13.952433980867937,11.239173376872133
res-amazonsagemaker-1251,2026-04-13T00:00:00+00:00,13.88835820635116,3932.16,31434198.181463912,37256852.04198893,6476.37745349985,19.236131236737272,anomaly,15.377924958321156,15.041490750857784,15.048235907933513,16.823664105804248,16.140336298388736,16.458028776317228,12.867176991816748,15.806342759091086,16.544434393829913,15.391540210386154,15.879574095930247,17.81316592073334,17.48930932221507,13.759252016095529,15.28714731044099,15.500525475890317,12.097836911840304,14.646309116598161,16.346280107921576,14.991731525627292,13.36453533134987,17.450911867305464,16.451035909313482,12.905407546805986
res-amazonsagemaker-1252,2026-04-13T00:00:00+00:00,40.409737709778724,4197.580922512129,37637676.299197674,42484629.02176356,57860.46610467242,18.862788143598976,anomaly,29.55860415055559,27.752535738560884,26.282563731381714,25.60896797041453,25.464357234323387,27.803178339703486,29.815840249917223,32.65709639741101,36.67816791155928,40.40601970492756,44.38216473707611,48.02222680819172,50.515123390079864,53.50002294451275,54.93954947787367,55.06281764341847,54.808698662981925,54.00301063697066,51.13485424449867,47.84721698780582,44.198254288670164,40.40601970492756,36.404686378764985,32.58172770016256
res-amazonsagemaker-1253,2026-04-13T00:00:00+00:00,27.957437083755906,4328.186763525835,26191537.922398295,31868774.49684053,5573.9802146691145,21.087729133283293,benign,15.330795953443214,14.395850261079271,14.40014961398509,14.425505000619593,15.134584965514986,14.20139150021614,14.228288101190909,15.72081634700568,16.458810178213948,15.744840260707782,14.83787318141645,16.507336025672032,15.002818563186008,75.66274953047265,72.41976368460253,78.00803418268079,75.32473659419506,78.08739054397246,16.283844978660024,16.209021598675093,13.95570009063064,15.13854080537115,16.651308785577605,16.84833926305267
res-amazonsagemaker-1254,2026-04-13T00:00:00+00:00,27.55682620947589,4262.076380100543,33850186.729508765,39432279.28751853,6906.094021600657,21.516900873883483,benign,13.063363781085867,14.307319873698734,15.254501581138987,14.475372367525686,15.798216486429009,14.546514330421111,16.871330552354323,16.05520450352897,13.598837358222369,15.500599306556158,13.557791959131634,14.126520821096666,13.64049179325291,78.116893564424,77.39849605115408,74.02983555638079,72.30369053467044,73.14851657354014,16.243959121469572,14.961581541586993,16.432857302542388,15.648146291710741,16.812291494562,15.471496280937842
res-amazonsagemaker-1255,2026-04-13T00:00:00+00:00,28.326663579799884,4363.416512964203,39926529.20996455,47636842.90585084,7940.160270087704,21.53985468814051,benign,15.562091019508964,16.239956072057645,16.307950656598365,13.577352653558467,16.189743848319583,16.305458553775964,15.669255255123435,15.941268151494103,14.073008172147665,14.682833567063978,16.94963881514829,13.417837389028858,16.847687260411433,78.05337538367297,76.81606293038804,76.69577006689586,75.73159142428496,77.36017356942976,14.200842220729246,15.527530347741555,16.938264558948088,16.638149646218935,13.515501391393702,16.59858296125727
res-amazonsagemaker-1256,2026-04-13T00:00:00+00:00,30.80448430217972,4256.631855287736,40495856.45475391,47125676.77191239,7950.150180710052,18.431009958094112,normal,19.95744180468598,17.674368196807258,16.126585505277717,15.747453925609658,16.242483517574822,17.828183010288157,20.053498836051936,23.303766946372495,26.87535118371486,30.89037951525588,34.602540324871185,38.56654273297598,41.11372664463872,44.355773827458336,44.764082717618145,46.056773824289095,45.50617454608025,44.377875633718666,41.08014453469688,38.20224703496173,34.76655748809646,30.89037951525588,27.08849925332838,23.236792732684933
res-amazonsagemaker-1257,2026-04-13T00:00:00+00:00,29.29813675503125,4257.893339161713,27510173.214838944,34318210.15394974,5644.588298581701,18.07543872425645,normal,18.8217317277742,15.999028622951553,14.831731096210103,14.951396850833707,14.175549620108683,15.996614501802881,18.96671940888033,21.92315657941442,25.50764657555549,29.263931378023333,33.17402454567948,36.62164857847141,40.166006859099014,42.6867428020755,44.23065039755218,43.847279143967526,43.74664800528533,41.73410060144528,39.90968628485372,36.64458017749888,33.28386758130093,29.263931378023333,25.49456642388599,21.9140429800568
res-amazonsagemaker-1258,2026-04-13T00:00:00+00:00,32.481354771935834,4392.625357538822,31392552.559333418,34905234.04080161,5975.474475497965,19.885802933894432,normal,21.822226582717065,19.59548186562531,17.435003172261055,17.722050236152235,17.406888936578703,19.241000290006006,22.030721880367224,25.03280567316353,28.711364884908814,32.61532028970131,36.3278181319925,40.089481714943496,43.070223444614115,44.99947683386611,46.8414585794073,48.00280510387158,47.45070088531288,45.388490494174334,42.72059256722274,40.08836750885895,36.54141065675929,32.61532028970131,28.718956183288086,25.084548320966068
res-amazonsagemaker-1259,2026-04-13T00:00:00+00:00,34.51444543239861,4653.210048482973,32288858.67784491,38406826.00360651,6161.4077742637965,20.12269227556493,normal,23.649730573091087,21.07857849084464,19.431395604305752,19.463876335653985,20.23993678815959,21.640398516586593,23.829128664645417,27.065904949383267,30.548917810194375,34.5334169519212,38.60099590835984,41.70162748470803,44.929393485525026,47.705936609521665,49.5181952407153,49.64391854050918,49.64816185569904,46.91193041054823,45.104322970515774,42.33621278443752,38.48278331852595,34.5334169519212,30.484191503011175,27.264318628782902
res-amazonsagemaker-1260,2026-04-13T00:00:00+00:00,31.35526133649613,4415.748297061986,38926534.16474282,45339713.98073439,7639.047712480269,19.180457750115856,normal,21.082435248907917,18.34896203581016,16.52272915748314,16.80361369106037,17.240185020583123,18.220762720378012,21.09224754714523,23.863316593108266,27.35487284572955,31.35595501191288,35.24900713633371,38.81124833002183,41.878493659379465,44.50508103336406,45.37300472991261,45.77791950668151,45.50697815425415,44.667325475309724,42.309412072918924,38.944986081196284,35.068897049239034,31.35595501191288,27.383929869446526,23.80895409381784
res-amazonsagemaker-1261,2026-04-13T00:00:00+00:00,34.60757095958437,4682.511033000053,40938311.24284383,48573340.98727818,7772.274041219984,19.962047195773366,normal,24.210547163579967,22.155690311779512,19.907694945078134,19.201971687490737,20.4435224364476,21.980407307533227,23.497228855779532,27.08491126097094,30.510578405547278,34.58018727410992,38.44315090202294,42.05677850856178,44.93291179965863,47.64512180807269,49.4339509530617,49.6042523615279,48.916905190858415,47.119481890040895,45.43931085543733,42.44131093258591,38.453282194299526,34.58018727410992,30.616780239234494,27.325538472236012
res-amazonsagemaker-1262,2026-04-13T00:00:00+00:00,30.166652798586146,4407.028520725213,37615264.058984,45619975.28004603,7659.507665505027,18.975103199687073,normal,19.308612396747385,17.077878415953407,15.703336342604507,15.446424728391168,15.974609699746493,17.576872886759084,19.732438140745618,23.108275336877547,26.312641070147098,30.245616438865753,34.00674116660527,38.103185942948606,41.128482686728304,43.04899264196653,44.49965039035787,44.64589978249474,44.210309614286345,43.00043933651945,40.36351798833673,37.49710854112415,34.01967574776032,30.245616438865753,26.224634258913923,22.518707172321502
res-amazonsagemaker-1251,2026-04-14T00:00:00+00:00,13.340502728088712,4055.04,35374553.60678205,39037787.58217873,6903.466655674004,22.33847574472288,anomaly,17.636823756855716,16.51569297916103,17.480947436563888,13.741872655223379,12.801110496052459,17.924798517615585,12.797677468228652,15.995043840892539,15.207721959420304,16.2293840316097,12.643784945897249,16.368460909098985,15.37025823457122,12.05347830175148,13.536618085237603,12.541734215995167,16.358538026167963,12.732823158612515,15.57685915357743,15.537173229534545,13.748975626030038,12.957183103585228,15.400123299510163,14.679377494010168
res-amazonsagemaker-1252,2026-04-14T00:00:00+00:00,43.551041625674635,4409.305154833088,40234626.6564246,47684777.08264547,61887.172694858025,20.322104893453016,anomaly,32.63010348802351,30.126035053455443,28.542497778846972,29.33222407462008,28.565250994942875,30.428719238848245,33.17732707839039,36.593238824710525,39.801916033759646,43.72454637911954,47.635973008301065,50.936853498917664,53.935140652145364,56.51759083584453,57.585800181106585,58.09799491211549,57.98984164048775,57.12691224210138,53.845666118309,51.418157240682135,47.445363105063905,43.72454637911954,40.03089181129827,36.012408445981286
res-amazonsagemaker-1253,2026-04-14T00:00:00+00:00,27.245057473111235,4635.067613865106,29020430.63584455,34755132.279735886,6141.148380264886,21.418457428390713,benign,15.76569667035633,14.84398266126976,16.450441898415928,13.185711841998074,13.350118771533234,15.812448732052218,14.217510534846376,13.10364820366897,13.175134095109033,13.122502781852056,15.015150035332267,15.163525175935304,16.371119649114902,77.24469853442251,73.12812548603301,75.83552907386351,73.29465534676058,74.00223306246383,14.217119145881588,16.933597283243333,15.447538116107145,13.551276573187428,14.138267843964273,16.5113478372581
res-amazonsagemaker-1254,2026-04-14T00:00:00+00:00,27.080108614456233,4189.178027578516,34906073.48737063,40007318.842001684,6923.693951464492,21.15825365502671,benign,15.870084024939546,15.971555585162147,14.287548827584773,16.95150684161962,14.878278903424558,14.081916465232315,13.372524376700994,13.562628189568025,16.440479787120136,15.027897628957833,14.791354676994988,14.775843391362976,13.688341282268546,75.01608240707228,71.34858757834273,76.09487576359062,71.82211435949125,71.6937465260788,16.063117147730047,13.957667458494496,14.199952993671129,16.49188876587086,15.442048015605016,14.092565750065868
res-amazonsagemaker-1255,2026-04-14T00:00:00+00:00,27.490816646092238,4913.526574313711,45007229.33297009,55309203.06898415,9234.26082241604,21.302955734137182,benign,14.919544366577142,15.822508724127946,15.224646430486677,15.675007509110621,16.103885707029654,15.322133836679695,14.682797358546377,15.757624784749321,16.020819932344757,15.456703381042846,14.109943664417266,15.06757760390412,15.498803844846602,75.29682762190704,74.5846288557015,73.61533378335567,71.0405271600519,76.28266340728288,15.93974604660876,15.338325451221785,15.49600738669864,13.283577717608742,14.90525085681418,14.334714075099615
res-amazonsagemaker-1256,2026-04-14T00:00:00+00:00,35.73095516013248,4542.878148863463,41123975.69686072,48592780.81348633,8826.195705689499,20.024285005148073,normal,25.639707505822464,22.248677557182837,21.045011215424072,20.58052636325323,20.746995903093506,22.195857932296562,24.837260894818925,28.220685634575702,31.97257781751923,35.809620903136114,39.82062515245934,43.57280226884917,46.099697352593104,49.324753335127866,49.73773963032712,50.56651529199262,51.019471671072374,48.19451490541013,46.36595736553305,43.467174729582524,39.52718262368751,35.809620903136114,32.05841594052861,28.681530945757377
res-amazonsagemaker-1257,2026-04-14T00:00:00+00:00,32.49258952886154,4412.788149688952,28026692.411509946,33342170.50314093,5597.1127127776645,19.239421797027322,normal,22.211777301453232,19.506612906184934,17.50623087480848,17.676979592501887,18.390638854334295,19.77265796797011,21.534522046342204,24.907973578090072,28.441267037001257,32.46389314172334,36.21142358956986,40.26107053555226,42.93954020707648,45.24574557008309,46.57488965770929,48.15721170196635,46.86431707749772,45.9904667202985,42.69148695706259,40.1292110246461,36.42330266514706,32.46389314172334,28.51551305734408,24.94152348659031
res-amazonsagemaker-1258,2026-04-14T00:00:00+00:00,36.63770103451477,4602.18501487163,31298556.613471344,37066889.28560981,6544.068073447507,20.71990240792,normal,26.428393717424186,23.11975176695634,22.34817718066749,21.480601543615386,21.516146000771343,23.171941160139696,26.15739550451433,29.152034915339495,32.90666264102676,36.70182085369269,40.58545408265072,43.99664125722019,47.21790962747122,49.71933661981759,51.36313918982782,52.30707271029323,51.11193935779524,49.26891092631104,46.91056304747394,44.4672913242589,40.43071437044095,36.70182085369269,32.845454386208864,29.395651790744314
res-amazonsagemaker-1259,2026-04-14T00:00:00+00:00,36.78478311106058,4558.055849196993,32220531.847609945,38885683.089514166,6791.740410611703,20.32063380290631,normal,25.670749492674396,24.006711550759942,22.365498155279862,22.191138565736914,22.55616297764103,24.417808582688664,25.767382838404828,29.20854253840189,32.769799315818744,36.773188483808774,40.60855284876156,44.00321770938511,46.92220287154133,49.12729878341142,51.653291739754586,51.308848899803806,51.886630459677534,49.637531484276835,47.39460232718499,44.643389353131234,40.76198424880227,36.773188483808774,33.054805477264665,29.332267477434712
res-amazonsagemaker-1260,2026-04-14T00:00:00+00:00,33.132634322394814,4605.092219530651,40173789.695511594,47448003.785005294,7864.1689848459155,20.041528447984597,normal,22.72035740701691,20.60317324449357,19.030597128804125,18.591826173412926,17.909548834337805,19.827099483510587,22.046450532805718,25.841426513297847,29.240378298308396,33.11142458753948,37.158189101578394,40.441716144200804,43.703542696331844,45.83972339799238,48.05912287759482,48.74791731744083,47.74597264265245,45.96768353787387,43.226194097373146,40.47449839151159,37.04561822537144,33.11142458753948,29.28333439811044,25.456004118376754
res-amazonsagemaker-1261,2026-04-14T00:00:00+00:00,34.276607162768876,4483.800824093252,39779446.647737235,51405039.381744444,7772.510354513841,20.7756227138428,normal,23.787899563323563,21.365818085231613,19.514251509620788,18.633898181763293,20.331368833319548,21.628208324149703,24.027440859238418,26.623257028210446,30.529533881163584,34.25707189494712,37.97603609599969,41.7556082220599,44.88723884338967,47.87434219622975,49.01775607322941,48.704667048062134,48.445807460607725,46.92867433545773,44.72943237631792,41.86526104716888,38.214248145977116,34.25707189494712,30.528422873556405,26.755257132481624
res-amazonsagemaker-1262,2026-04-14T00:00:00+00:00,36.88624629017438,5144.786061035015,40200728.16553691,52452512.45683483,8077.034496204793,22.17952709958973,normal,25.865291072805604,24.068310711803875,22.91906102412218,21.43201317306755,22.07252918875549,23.448906910470605,26.516488550039362,29.567002509322247,32.9702011878712,36.92351562802171,40.855228462133944,44.34754044430248,47.74840555541975,50.37394204552594,51.32706993482835,51.2315014955075,50.71780512188539,49.96944171957092,47.84766456448875,44.4132250573895,40.962937757484184,36.92351562802171,33.20255264201317,29.565760579333634
res-amazonsagemaker-1251,2026-04-15T00:00:00+00:00,16.938347186099147,4177.92,28323564.110782158,34765277.50071056,5975.897363416724,17.353813585874775,anomaly,16.14922447681781,17.765800419097246,17.22142784165547,16.48691594676722,14.68188014960884,14.388920020860656,12.10220779258748,14.639840101083424,14.04880587505772,12.689457712390327,14.141450413783106,15.242174507975882,14.247745643529129,15.160556235795605,15.114685592858201,14.29715206141324,17.207828982300136,15.06700026095232,17.282384843006973,16.925958862166624,14.167881659986302,15.018355070068946,12.149994748277402,15.544176639553317
res-amazonsagemaker-1252,2026-04-15T00:00:00+00:00,41.45729565806039,4220.735028897364,37642349.497158594,44156912.85228277,60664.86595773724,18.734714788384796,anomaly,31.215615562436927,27.961628002079294,26.577642052010177,27.177812672909745,26.611772877746212,28.324591448640206,30.734714922964287,34.01482062587211,37.53363296986384,41.60015929392985,45.47665508649688,49.33317813549312,52.39022018204902,54.40496576638547,55.69442368556791,56.05023015641014,55.3929848079757,54.51755335282887,52.14782009035113,48.82823453800346,45.419361059427494,41.60015929392985,37.585129951682646,34.38178925839486
res-amazonsagemaker-1253,2026-04-15T00:00:00+00:00,27.920055607000545,4357.441396031991,28332742.99963702,34862408.66085741,5466.853380377577,21.52872421579079,benign,15.01917848878648,13.552698606029114,15.590901294335211,16.658755872577117,13.58269786655767,16.257069984166627,14.740066190172113,15.046288974309515,15.149013801971535,16.454371515015897,16.901912201278826,16.281556071201905,14.553885080930952,75.52053126898016,73.45503746117676,74.34269631951453,77.05730701948318,78.61083336765827,13.859849758036798,16.626681628610008,13.088865480107387,15.78879004768362,15.340656170060283,16.601690099369176
res-amazonsagemaker-1254,2026-04-15T00:00:00+00:00,27.23830797985509,3960.915139249662,30148029.9882683,35647733.90774995,6336.923509093385,21.281527306508007,benign,15.163313581922147,13.892792364211168,14.482934715652963,14.031539379612507,13.264333154490373,16.48332984629023,14.525877743289854,14.504499052286198,14.219265935584378,13.434881850694456,15.776145548036302,15.487669262332346,13.072139601790777,72.0069596176934,78.62076484086445,76.0383146742397,73.92452644843489,75.96539455259398,16.64298224011911,13.618595554824886,16.89258579681091,14.368226770503316,13.646216667967943,13.656102316275806
res-amazonsagemaker-1255,2026-04-15T00:00:00+00:00,27.650301301548044,3817.849052783305,37472994.14302798,45968238.45872405,7710.64805180079,21.332993378527494,benign,14.971935949156242,16.309673280436737,14.110415690025809,15.831391721124332,15.659602456302975,16.967859206595648,15.419991896993373,15.368668647615824,14.610456096278023,14.681746342858437,15.168186592810802,13.063437970928677,16.807858868639315,74.18007839427887,72.14122342912991,75.93686571616759,76.86468006222287,74.77042542060926,13.841389517545837,15.809169620301581,13.654234525704135,14.914320136503296,16.90340934537523,15.62021034954834
res-amazonsagemaker-1256,2026-04-15T00:00:00+00:00,32.280478642602475,4373.847461319505,40909389.40636366,49856847.25665865,8123.345346785878,19.25550708430888,normal,21.331125254963396,19.85773169807944,18.076775546234064,17.563983639960185,17.69531330594103,19.78251973715773,21.563484375036666,24.870711309392743,28.37604756586824,32.2884450177302,36.082650830779095,40.15336237498606,42.66982266648944,44.72764563049137,46.412966960500654,47.016564405876224,46.618553132510655,45.76048520030159,43.20647938762043,39.41933293729586,36.138787855699576,32.2884450177302,28.31645211629529,24.513801455519207
res-amazonsagemaker-1257,2026-04-15T00:00:00+00:00,30.577065755320536,4296.491813958256,28335559.646778114,33630211.932769865,5693.543194983909,18.59847727658996,normal,19.913804076242272,17.739848954364724,15.861366545942833,15.857031923295217,16.23342412179342,17.30431125041938,20.441316685768445,23.441339747447966,26.758737201898693,30.617964851929806,34.35661714857316,38.14381017945178,41.14913531837868,42.99320612405132,45.2696301002004,45.33849984434748,44.8182361302848,43.30745073265868,41.59245117503785,37.744225721981266,34.34490950536452,30.617964851929806,26.696785747954635,23.307510188375705
res-amazonsagemaker-1258,2026-04-15T00:00:00+00:00,30.48591879719342,4243.74615979394,29835530.58357775,34624822.39534305,5836.530522047349,19.246303650589407,normal,19.927537177034225,18.05574878693008,15.634584847945716,15.652482406299178,15.636874045534945,16.885742240246238,20.101413538047254,22.847258829479347,26.73424580463208,30.512853466957708,34.25348177051268,37.85701944714901,40.66820020009396,43.55360565845641,44.5829801999639,46.15633816642723,45.31548412660294,43.79229568975125,40.93373823618987,38.0405912280251,34.52613864491277,30.512853466957708,26.633268133712594,22.84731502077991
res-amazonsagemaker-1259,2026-04-15T00:00:00+00:00,33.11254001730919,4193.383957394451,30441607.874933325,38082166.922635235,6415.096222858163,19.003406441840887,normal,22.495192996345164,19.53266058203968,19.239945532255653,18.33445457222024,18.585693747826053,19.678433077069307,22.68689626651524,25.907720383701296,29.20570374173716,33.067622764390414,36.76475444609616,40.39627745743906,43.42667057892267,46.50353118831594,47.2263833326583,47.861428274845565,47.75469800364414,46.19127355198379,43.74827683997402,40.771385416140824,37.02417951423189,33.067622764390414,29.360834634750557,25.869320747927116
res-amazonsagemaker-1260,2026-04-15T00:00:00+00:00,32.36474455672357,4402.158850385607,39058002.588199526,45160976.66812537,7793.121145829627,19.14908670351221,normal,21.507345595702386,19.033729688101463,18.271902036544894,17.33270615688857,17.363234068159024,19.710245973326053,21.587151143770875,24.78337482397064,28.43617023947811,32.476386065556454,36.393804940016445,39.72171878550107,43.08113748001067,45.41666723487889,47.0275196616052,47.229350627456455,46.36432816992678,46.07502999316111,42.596455577110945,40.16014106801438,36.16968743905909,32.476386065556454,28.576416447236042,24.962980080333647
res-amazonsagemaker-1261,2026-04-15T00:00:00+00:00,28.850330256960945,3859.1046211977937,38395503.85333414,45680114.65386293,7581.136237096923,16.951773480905054,normal,18.71805976889135,15.441865483166056,13.86908272500967,13.615915250697572,13.73261817721534,16.35585662366425,18.615696268755272,21.274173551452165,25.10641540146657,28.884359667332355,32.73009919228113,36.230454141030464,39.072519715278794,41.88574810363201,43.283463129644204,44.31468620349647,42.7050864548326,41.89552492542635,39.81168009316854,36.60623796500996,32.85538788593039,28.884359667332355,25.15218071894123,21.366455053407634
res-amazonsagemaker-1262,2026-04-15T00:00:00+00:00,33.62777951059903,4318.9555080963455,40326748.56100674,47481043.723880604,7492.995807933066,19.64506603144683,normal,23.138756503502712,21.15482769819252,19.745259202570278,18.381165418945464,18.66158646992863,20.165925494466876,22.951283903196224,26.031623364916342,29.888242825227856,33.659468806201126,37.60689817414023,41.13957279019622,44.669192428064065,47.04720900451929,47.56357556323485,48.08357430870727,48.10695128324719,46.27388084173216,44.59738283608735,41.162743434661934,37.39824121497765,33.659468806201126,29.698635078145212,26.28124280331414
res-amazonsagemaker-1251,2026-04-16T00:00:00+00:00,15.606298651815926,4300.799999999999,34090530.71691714,40837399.99133972,6682.895960325428,22.288381472121376,anomaly,16.278824175737093,17.50794000502796,16.61644716580149,12.39744799319252,13.655233205117812,17.14348765502902,14.98144783397762,14.330662475472304,14.647570554964966,14.878731710764189,13.26385756987672,14.212683693389028,13.50112546671846,13.658579751181083,12.80231335858204,17.801824487093665,15.06746727609584,15.89801370597408,16.132998961914993,12.936810782139183,12.823788922304352,16.715485655129708,16.07482049878076,13.894983175031795
res-amazonsagemaker-1252,2026-04-16T00:00:00+00:00,50.44998112034039,4873.503868582546,40665850.29904315,49431482.1788914,62877.36141377911,22.123990848742693,anomaly,39.48207886459687,37.97492547619123,36.49106509970656,34.71454955434012,35.49849201553854,37.03161306591318,39.67953340627864,42.642224269892694,46.3466791610576,50.373332567263496,54.423200439030325,57.7371555459252,61.207283509155175,63.9175143096915,64.71970030986841,65.95477709715547,65.29122292428616,63.81067213858593,61.35194191766824,57.85192661443957,54.41195421964224,50.373332567263496,46.328509005546444,43.185862809132374
res-amazonsagemaker-1253,2026-04-16T00:00:00+00:00,27.232851919549887,4685.16639220155,28761173.399739813,35671010.7842668,5891.716717145208,21.120397720401517,benign,16.864183159532605,14.711296450133673,13.727343762200377,16.79935351477753,13.853861514850733,13.728491100763371,15.188854531395606,14.048479393776258,15.495718426992353,13.857679263931358,13.450910941797904,13.07818527123161,15.741410040548867,78.85899462019752,77.17369197569731,71.92364509341922,71.79372530801072,78.02883904735684,14.540508970329597,14.16949748553874,15.016074724380497,13.287219881560766,14.560268723445382,13.690212867328412
res-amazonsagemaker-1254,2026-04-16T00:00:00+00:00,27.90248214031889,4927.28970817379,35998730.591645375,42827634.30989726,7406.769706570074,21.447761572468327,benign,14.310988066733687,16.634672871267338,14.744845488777761,14.69678922745261,16.010848631494273,13.032110085658754,16.548518698790982,13.43160088453879,16.51954164183756,13.030228163655977,16.093778880385702,16.563778117254298,13.42849913303423,76.68056539772788,78.11239402262684,73.85879197131099,76.19840160696904,76.09985753912933,16.281202855287205,16.647026706756087,15.101206371958789,14.529549658019075,16.105278077520776,14.999097269465276
res-amazonsagemaker-1255,2026-04-16T00:00:00+00:00,27.357605719627756,4689.203171203314,42549621.91305721,51361748.16389174,9257.648076623975,21.496020374618222,benign,13.00744159917754,13.091540095715208,15.315389479163303,16.270471065383724,16.59527406649396,15.96939978920734,15.52669585425422,14.547150886434087,14.658774070762696,16.33126830912865,13.591309188925269,16.271310663919643,14.296853220562506,73.49576506510445,71.35060718898994,77.74736106116039,72.06824968312567,75.64422792669211,15.838727960291047,15.923420892752146,15.099550390718584,16.588603808363274,13.816027756955233,13.537117247785117
res-amazonsagemaker-1256,2026-04-16T00:00:00+00:00,39.81913725186801,5029.538001305096,45195389.05669857,54292172.17522339,8874.97825501995,22.01425458829871,normal,29.58390103721489,27.085948468228047,24.68224080471944,25.303347412488982,24.81559547054377,26.996147709161814,29.093572288954896,32.45472633763799,35.843874853043516,39.69591699935081,43.66028642340843,47.1541854844728,49.83778782363921,52.9043467643833,54.89535808858545,54.40745895755315,54.84384828573549,53.12042657614545,50.81610177635484,47.39326710075415,43.480979440378924,39.69591699935081,35.88982938215838,32.004229560567545
res-amazonsagemaker-1257,2026-04-16T00:00:00+00:00,31.333586965375655,4312.770423312336,27472596.353941068,32860325.880373724,5544.2939092671,20.045112102427886,normal,20.537906219969948,18.179193724445234,17.375560323844145,15.751684689369391,16.882314272842667,18.249654474809432,21.16651106450714,23.735977408102514,27.522894854812023,31.25649015177507,34.95934614206511,38.619601643333375,41.77112368094313,44.67800166813713,45.785233888532375,46.847155069389885,45.63545748200556,44.395727553166424,42.234393144753284,38.66516537474496,35.201009933126855,31.25649015177507,27.489742056753137,23.80945219581186
res-amazonsagemaker-1258,2026-04-16T00:00:00+00:00,34.00753191894328,4396.3312673140235,31655079.49456797,35969478.44064899,5976.952162729159,19.441116282903366,normal,23.388646031183306,20.943427429301238,19.019153979446834,18.374156355675144,19.04148286755378,21.57927824261074,23.869435818814427,26.815632970775912,30.175189486338553,33.97794327098027,37.89862509059352,41.70604791605212,45.090356198477984,46.97081891991131,48.34439272912415,49.56369727883381,48.55930150347562,46.481486816334964,44.89331161886935,41.241149504996685,37.90358197088581,33.97794327098027,30.121190669452247,26.24451611397064
res-amazonsagemaker-1259,2026-04-16T00:00:00+00:00,33.492261580471,4605.785376634137,32103169.442984566,38528406.06086198,6542.6190591282875,20.370498435764173,normal,23.173909237821036,20.24897368651528,19.04210960764445,19.035866370742124,18.93005875192049,20.071953840027234,22.997110539363216,26.0978131966943,29.36190101393482,33.35967378895247,37.41346034052091,41.11047163652105,43.98339971528544,46.886096346053854,48.10569057728338,48.82383263781587,48.13019064729708,46.59866498749472,43.729341643150484,41.02676322454542,37.05062347537375,33.35967378895247,29.38178128581877,25.894917591575307
res-amazonsagemaker-1260,2026-04-16T00:00:00+00:00,33.87809029127035,4598.0517561565985,42908153.68763493,52275268.60208718,8590.311534424054,20.639928283284288,normal,23.59575529846979,21.41925281310631,19.247269130801836,18.69101554458638,19.815676781441258,20.89084232083428,23.367994549301603,26.75824189835097,30.054112015583254,33.90907157697828,37.700686535458075,41.387030610677684,44.63416493936535,46.5263597252835,48.042391451060304,48.64976511949614,47.88903354051542,46.8533328062874,44.00409699052696,41.45762136783174,37.62851188263855,33.90907157697828,29.887634033130862,26.755234481784157
res-amazonsagemaker-1261,2026-04-16T00:00:00+00:00,33.72435293591328,4625.918769902607,40719065.179236814,49874080.88557319,8106.965896358597,20.131586367888406,normal,22.79960555152263,20.695883734542058,19.308780576474618,18.628657891353576,19.693355435275897,20.502019636821913,22.748270618917573,26.04298901643649,29.870108040727064,33.826517808493314,37.52607192391102,41.586943247691295,43.91414879950884,47.2963367532934,48.14310844782363,49.017605324973935,48.24436775272918,46.39563323000063,44.52479295526258,41.028327680024326,37.55662026031884,33.826517808493314,30.098809644370213,26.10899832295243
res-amazonsagemaker-1262,2026-04-16T00:00:00+00:00,40.150267942548744,5068.046034944946,43741357.329003744,50221991.00968011,8560.105989030606,22.91053778522972,normal,29.352440856547375,26.87892863756563,25.82742877030782,25.189998556505422,25.60534997321676,26.952881968984634,29.25174906646826,32.69082314961039,36.40884958717815,40.18397029488501,43.9742385490919,47.39962734837527,50.7928434786582,53.47716226216435,55.00490768148781,55.73243757251707,54.65729918009481,52.814851001630615,50.658250322258944,47.41802426436904,43.98208537344445,40.18397029488501,36.35899728806889,32.809315142854096
res-amazonsagemaker-1251,2026-04-17T00:00:00+00:00,14.386332570035231,4423.68,31634849.739484794,35702171.78378283,6176.368075416656,18.783401495751786,anomaly,12.619300059786537,15.665862598121844,16.8722007598032,17.84828159245737,12.734114950762498,17.13175020482369,14.855351937809779,17.321466381955,14.842822634375123,14.507060990415106,17.55853471486138,14.761562243610761,13.825376872988489,14.155300616423801,13.270221040738114,17.980539634505057,16.255399192384974,13.184546124099125,16.422400871659455,15.677223490936605,14.758118077525262,16.056406827352774,16.904194802980303,12.828940296433796
res-amazonsagemaker-1252,2026-04-17T00:00:00+00:00,43.04839594060002,4452.749612706053,40357512.30214601,45594472.72056459,59783.80200606694,19.948382701040483,anomaly,32.237484055004415,30.00042489487747,28.498925384832443,27.425243525983923,28.72285232242845,29.76579039021962,32.602338617209135,35.38990136421313,38.971875955018575,43.03759998121747,46.8173493849929,50.891096185091875,53.452957580147405,56.078954488464035,57.659015311877134,58.677762720931746,58.02955731909594,56.25997628589628,53.663627948614405,50.49473853628537,46.81602315070971,43.03759998121747,39.26746982188813,35.36293736818341
res-amazonsagemaker-1253,2026-04-17T00:00:00+00:00,27.742060608861973,4510.782533260107,28834883.174373906,32563845.854817793,5477.639852375652,21.628161107180592,benign,15.392752132730838,16.89332610580144,16.88287977226227,13.520542865026973,15.684656383651587,16.11231422776795,14.755476689980988,13.531105362722881,16.20449845265202,16.931307497667454,15.514827893315863,13.288367040566474,16.868378033041274,77.61616299816293,74.26372516431755,75.16814697889991,72.05886467493885,76.29935168783047,15.719056030012863,14.08763585452996,13.741343278402947,15.140919250788038,15.532754891042453,14.601061346573331
res-amazonsagemaker-1254,2026-04-17T00:00:00+00:00,27.354568506149672,4635.996666134094,36563085.84360399,41262452.65299453,6915.847607855522,21.389302177656884,benign,15.08039027210048,15.505713049717931,15.2889799691252,14.479952768437252,13.110323261435473,15.945393805774348,13.731909804772886,15.491271908578563,15.041340191435046,16.03054300546829,13.1594445800765,16.22159505002963,16.898507839377945,75.70899529991928,71.13301760617306,76.17232003542188,72.16032376239237,73.62265299453742,14.617929379916017,15.275618492774747,15.412657277106542,16.41094821851446,13.955080169170767,16.054735405336064
res-amazonsagemaker-1255,2026-04-17T00:00:00+00:00,27.642064916904832,4599.003309390722,43395007.28090162,49853930.1612437,8610.9974168921,21.469939866991936,benign,14.40925475985031,16.1484937661258,13.318613627633686,13.049232741259283,15.949922780168478,16.112886302929095,16.50904758912725,16.154859369978595,13.533970022640055,15.36332652053045,14.403285970549486,16.065252096435035,13.461458386994025,73.94375626594379,75.88572396756467,77.49206661260521,73.30707417911675,78.53135910480447,13.67746562714903,16.15471405874233,15.052725739550876,15.348933742607539,15.745262969585795,13.790871803823913
res-amazonsagemaker-1256,2026-04-17T00:00:00+00:00,33.00010206476686,4418.305886421671,41001594.829572,47625831.90071073,7861.387822570532,18.626619507108654,normal,22.904769053549725,20.065613390018513,18.397910232465726,17.4337449485999,18.225855319729416,20.17502892782024,22.67364330372772,25.336161203532612,29.05052020110431,33.01917525879788,36.91708504957321,40.52352027571661,44.086219768005364,45.536900936774764,47.09040746573488,48.10526430779467,48.14238505934571,45.695739871983086,43.632089034879336,40.75773316126683,36.826022837135035,33.01917525879788,29.00089564009273,25.386589047958353
res-amazonsagemaker-1257,2026-04-17T00:00:00+00:00,36.250370267574084,4542.027991992672,29474520.690570828,33423075.141757045,5960.047781155809,19.903606928288465,normal,25.18577804093043,23.459969696843856,21.491327508340156,21.753142058866455,21.364268851315884,23.72149008321209,25.419705936975525,29.001528327278308,32.24287540619815,36.13227292671288,40.11925952411809,43.87464925036224,47.200082241190465,49.69813931497647,51.02691822069856,51.355247953776434,50.941707567823386,48.97445522989238,46.312321254370104,43.28402293730897,40.15584924979679,36.13227292671288,32.4036868352091,28.75791507886837
res-amazonsagemaker-1258,2026-04-17T00:00:00+00:00,36.074118628697384,4653.379472129521,32077718.4237419,38610306.18129629,6498.338907838722,19.798659194777315,normal,25.1267209061256,23.30883154838326,21.185847125177805,20.910664402603054,21.46817522697592,23.64942876146183,25.779116276851433,28.59519954990034,32.34685394431227,36.06445078572161,40.09301065182915,43.74324097735665,47.19125490608543,49.28894279496433,50.20730505666731,50.79801878745112,50.8002764038396,48.55737534005753,46.36798148520918,43.78543315787192,39.78408207267958,36.06445078572161,32.086060982030325,28.576125159460393
res-amazonsagemaker-1259,2026-04-17T00:00:00+00:00,37.32926939895123,4728.526731287543,32327943.28711502,38472551.56463436,6638.660212012644,21.168940379693062,normal,26.56964962439698,24.837489662019273,23.11562717741723,22.727985607047216,23.004891891402146,23.94640560545749,26.513223412358432,29.820867588092177,33.61016954711228,37.35435340984895,41.0713206978716,44.78939977530172,47.99393520548702,50.03306467945141,51.6314397050971,52.47773211738786,51.52087988287224,50.63838524420394,47.73929940571946,44.77727609194725,41.39273797899133,37.35435340984895,33.377568895334726,29.60440896016288
res-amazonsagemaker-1260,2026-04-17T00:00:00+00:00,38.21085226368,4989.12725279802,41499771.341772504,52981622.48049529,8163.244841081811,21.94272790898243,normal,28.021637209477007,25.218287688548745,23.05270406295044,23.48189471138842,24.13297964887535,24.96729994008816,27.884671446860494,30.54560968825348,34.55044582973457,38.2536429438389,42.11582891128914,45.678811001410445,48.700367920521174,50.803082536963494,52.596068980134234,53.503468504504,53.27914926036249,50.91963401243584,48.416336169054404,45.42067205987286,42.26736660209541,38.2536429438389,34.369984245009256,30.626868010812856
res-amazonsagemaker-1261,2026-04-17T00:00:00+00:00,32.12383274920138,4339.9017083186955,39410408.139874525,49554128.11855007,7857.33583120865,19.647872988504897,normal,21.370927589454148,18.682397519942295,18.308029461150106,17.213433674701676,17.93535304580479,19.119900144498754,21.650437513250743,24.4739741218254,28.26907464764006,32.169669679333126,36.020418126128014,39.46593449501964,42.402182434965624,45.09714272467184,46.56376938491302,46.656663598158424,45.936817320081744,45.311526572417975,43.20519074813378,40.00006049345707,36.071764120071435,32.169669679333126,28.173836908517195,24.70381197736306
res-amazonsagemaker-1262,2026-04-17T00:00:00+00:00,34.18815711362441,4729.239672610318,41183279.87043104,48444537.973275885,7704.5935756558165,20.778344853585665,normal,23.83320779565162,21.31495151440123,19.306323915358362,18.74531566247596,19.539056993953736,20.781706991829452,23.16879077306291,26.345986882794012,30.389271325283797,34.16345953996252,38.03771484702196,42.015238361230175,44.974470544931336,47.62711463992111,48.662800944516476,49.59424776717306,48.52103818692444,47.73100310771383,45.09390282199958,41.42378565040833,37.85246622867547,34.16345953996252,30.372082260465906,26.858374431268206
res-amazonsagemaker-1251,2026-04-18T00:00:00+00:00,15.340049894993815,4546.5599999999995,28024378.9972927,32655196.49741308,5734.185472182974,14.959038149240952,anomaly,12.579909707380171,14.548845716062308,15.601275271869742,13.168492605053142,12.88628020794883,12.194522054513264,15.770346877962089,17.04413881294871,14.502568024456092,12.134536887482147,15.057201534967561,17.464295271395965,13.540637261487666,16.12264606835417,15.32747209949553,17.507607845835302,16.39377857193021,12.79865525931224,12.545431110084264,12.730867112627553,12.884009246932884,15.512261715398665,12.45098566877879,15.224022016245206
res-amazonsagemaker-1252,2026-04-18T00:00:00+00:00,27.69789085589684,3526.0183323820593,34059882.26741654,40613074.59737036,54128.67453100393,14.308156172687129,anomaly,19.7402561285414,18.299742998135596,16.483513323836394,16.53187507628584,17.26441824102222,17.99990459401758,19.574683619616856,22.3414357517697,24.8146597810954,27.758117879592426,30.74992314256227,33.30437004920033,35.47982951358215,37.068555672588246,38.09301755297469,39.35043942898413,38.61139565714727,37.28777949650937,35.60386186329755,33.2257845167007,30.549503659801864,27.758117879592426,24.91964061392518,21.938554100744582
res-amazonsagemaker-1253,2026-04-18T00:00:00+00:00,27.48659816684523,3469.190945407707,25001368.44189321,28261786.871298447,5103.372135887086,21.59970215030315,benign,16.7910687120215,14.854934573642733,15.088513625229865,15.21286386506996,15.191150686285491,16.259570278780096,14.367515232716082,16.963397257245916,15.292046440691454,16.351308307950173,13.25309708526634,15.094077559203386,14.611947088753068,74.46762113301071,78.58592089294719,72.4902643752751,72.94949905867213,71.86408454840313,16.472037998578944,13.91875909461546,16.440675657122974,15.578215613974372,14.125489327671044,13.454297591158465
res-amazonsagemaker-1254,2026-04-18T00:00:00+00:00,27.675580671081132,3150.7092316666526,27882855.175100304,32218530.91835116,5705.3186723094295,21.295479038833424,benign,16.582875541510436,16.325810276942455,15.47738637836143,15.685080685615102,15.91534118687405,16.236619235663472,16.304120301176482,16.943296982811393,13.049677089170302,13.667690100591663,13.80079513012899,14.235372723651906,15.92447340562404,71.0071360049635,75.01125807131282,74.81308387163253,77.15440056091174,78.5300287508438,14.297069442041156,15.549502671262324,14.631874215974246,14.152817019668467,13.424033228866662,15.494193230348197
res-amazonsagemaker-1255,2026-04-18T00:00:00+00:00,28.05343232544148,3147.5307455082598,33227173.42058733,42006238.26445075,6691.017812998553,21.398745235996188,benign,14.208871332732388,15.940103891507784,16.770875528120563,16.67572858524948,16.107061099282316,15.015829454951392,15.177905066901515,16.02268146106327,15.948312978345324,14.445213374461686,13.618268275445992,14.06616638995682,13.376198796308957,77.12692876226176,76.30539849141043,77.42978489132506,75.65106747143508,75.08395215498199,16.072902932759305,13.770833172033871,16.858254287162485,16.34903919392373,16.02959511702231,15.23140310195199
res-amazonsagemaker-1256,2026-04-18T00:00:00+00:00,15.281390902218797,3210.36206721518,33068432.82075741,41501929.59418544,6640.77737634007,14.141185009230405,normal,7.583553135515425,5.350033480623468,4.125127917240352,4.026717323009633,4.567883616157301,5.86752502396708,7.033255479420031,9.80785955088684,12.447420371064776,15.25002168084962,18.149332041838306,20.929951084029614,23.234724100765675,25.161081331681586,25.78638749695837,26.671938332192067,26.220810636581376,25.198653098053015,23.290915954546698,20.846792337633737,18.106719322068926,15.25002168084962,12.26223906050852,9.584417596809125
res-amazonsagemaker-1257,2026-04-18T00:00:00+00:00,16.55579086736927,3263.204193913536,25026567.89825906,30488553.576511145,4880.752588587344,15.14147609808814,normal,8.927356209539766,6.94978585809335,5.207792799777209,4.8674721416126765,5.72968030733486,7.085289445496514,8.981208404239034,10.999641801775365,13.742694738752418,16.566783239830936,19.602537429588846,22.01613146475121,24.41431183032637,26.313103215863777,27.212262760809573,27.677255026348448,27.837715361809064,25.84688428928532,24.4945065305169,22.052521989734338,19.402076936296105,16.566783239830936,13.727903223351126,11.117282571898375
res-amazonsagemaker-1258,2026-04-18T00:00:00+00:00,15.72244532678632,3271.707955488691,24622608.454896733,29593520.022970174,4965.872380848794,14.365463621411338,normal,7.754500770794479,5.550449439815354,5.309830198215595,4.272203170471174,4.891815651547706,6.238320147618523,7.62980503442037,9.891205863471848,12.965427977524651,15.774919190943208,18.58877604152247,21.579212290965327,23.732728276773692,25.41221868365057,26.5411808262366,27.06237541518941,26.28020128988571,25.461012793726887,23.435680492571098,21.46891114807422,18.6118331590787,15.774919190943208,12.80508371727712,10.306077072153684
res-amazonsagemaker-1259,2026-04-18T00:00:00+00:00,15.58308660300507,3319.770723403483,25505330.446694717,30584828.628033433,5093.09072405685,13.814361222867296,normal,7.531212880467172,5.895947915558833,4.810390685139683,4.302894349051263,4.72122603784935,5.584211222597872,7.4423686756957235,9.94876760371417,12.704705116171958,15.661800983165506,18.661078595519196,21.23006631365333,23.491760095596955,25.180340593583228,26.91974976140262,26.38289513291285,26.28206580621676,25.079645210001367,23.847306424822044,21.215024130071996,18.491101136634338,15.661800983165506,12.875648926264923,10.072069892865002
res-amazonsagemaker-1260,2026-04-18T00:00:00+00:00,18.465402694768983,3456.1842510277256,33768571.696672454,43044979.78329204,7319.46591838469,15.665846160421548,normal,10.602704210827715,8.834679980725738,7.284614904306478,7.3234016639059965,7.203808279119403,8.772715256541442,10.592713074183305,12.977352531535843,15.65776284455897,18.494010315474757,21.449483456429206,23.9025847388911,26.141907867593396,27.775394042434897,29.347417062969328,30.00288042772162,29.625163147432268,28.458467744979817,26.53073557192817,23.83819911481287,21.452949551496427,18.494010315474757,15.698602958391959,12.708105612720175
res-amazonsagemaker-1261,2026-04-18T00:00:00+00:00,15.473239086172027,3386.8625117834135,35003756.0177272,42867523.71886324,6582.51290157331,14.162165087182174,normal,7.429097847109219,5.58411948143366,4.7688143088591985,3.840494282132438,4.967578332488097,5.60651840911409,7.711225187869929,9.72267520534939,12.702462509511559,15.52450683342433,18.553683836004886,21.04425143982374,23.6630517294742,24.899235544286007,26.42833813402973,26.320738274500243,26.526169920854535,25.016057905034323,23.738392705463184,20.9420509404204,18.315105245307677,15.52450683342433,12.724806084512316,9.803857077701158
res-amazonsagemaker-1262,2026-04-18T00:00:00+00:00,16.646526011151803,3538.0790765956385,34081988.668236956,41139400.97325077,6635.707927667575,14.291252065608674,normal,8.777887177503144,7.357993387071741,5.77044325534513,5.1024758401622305,6.256890270441652,7.022788580322199,8.767892698825177,11.208835145359359,13.719334508123037,16.623315208233805,19.496615651341163,22.01475658213146,24.666575736332867,26.41334074953182,27.73318457784999,27.938105212232724,27.17505193122363,26.168731259321234,24.456413288254474,22.17644374297691,19.475524055834164,16.623315208233805,13.591233828210779,10.979476372780747
res-amazonsagemaker-1251,2026-04-19T00:00:00+00:00,14.611365219751587,4669.4400000000005,25312830.589206133,29467101.61147418,4755.614802585475,11.45533575913353,anomaly,13.311184008567166,16.155563840283584,15.143614248770021,14.506003881551983,15.473948001667003,17.123051833624082,16.81076728376492,17.837561287686007,12.416694516589398,15.69833937785765,14.210649696063527,15.079410353562468,17.52196668979894,16.927401088297227,15.426641758829179,15.052610024706304,14.445842898304372,13.804363104480597,12.220028933594135,15.496930884515834,12.20671705453265,12.761131124543637,15.971719763850746,13.13116268558866
res-amazonsagemaker-1252,2026-04-19T00:00:00+00:00,19.915230039431226,2401.120656755087,28123980.861836817,32954424.33705004,42549.58092343199,9.973281621537774,anomaly,14.165671029127534,12.775460670311443,12.0,12.0,12.117174313683204,12.320264408031608,13.758327248925854,15.86099435134529,17.69089397974262,19.822654340109114,21.98428070685228,23.87103568044799,25.956319801492345,27.027572970614038,27.74326760717221,28.389127116252247,27.99980990243798,27.275873437218486,25.82073849549024,24.041535733083414,22.0804510706315,19.822654340109114,17.70321455201493,15.738199191255976
res-amazonsagemaker-1253,2026-04-19T00:00:00+00:00,27.46576107342179,2872.0006004065012,21691627.66702125,26680495.845257316,4458.439020836644,21.44870318722884,benign,13.622206032119058,14.358769336863508,13.142641087259314,13.854477213102427,14.449446062347903,14.674704505992574,16.079361220636574,15.934294421275059,16.583420748903418,14.28259065714174,16.744341457700592,15.867226711458908,14.40390818508039,71.02811145453045,77.85706616317175,77.13333257942404,71.06015757848745,76.75597723153275,16.607569797297586,15.096419222684451,15.323396553735048,16.46647212829457,13.809445119334221,14.042930293749144
res-amazonsagemaker-1254,2026-04-19T00:00:00+00:00,27.3508926667796,2779.4673552512063,25943752.04514155,30692985.373178914,5168.7149637367775,21.417513785366285,benign,14.62631071553178,14.582659783779345,14.143047066865357,16.7303738449389,16.59013565731309,14.327581693640209,15.715705002194658,15.921652873240973,15.60674437892399,15.084992942482902,13.065704220654384,13.314081255072553,16.394889277543736,76.88206373748011,74.481629498733,78.96970654498226,71.25864131520484,71.03474897273041,15.553513741904926,14.749943569559807,14.461787477637474,15.208788178635789,14.258558675398193,13.458163578261784
res-amazonsagemaker-1255,2026-04-19T00:00:00+00:00,27.625566833586976,2723.851484063481,32557605.66458341,36633032.20974817,6445.781850434316,21.3770695589476,benign,16.098480252294934,14.387986523375282,15.829126588108455,13.30122203549298,16.97932323877232,14.280952870762185,16.04598155951466,15.307092388406392,15.024313886325114,14.980153358861477,13.563010267919063,14.573100918026618,14.365534550324025,72.82808209659451,78.72115516087324,77.33722207597282,76.62790653023049,75.35573193189745,15.382814006057927,16.02756236600709,14.342981991619132,14.336168636579012,13.150791991920151,14.166908780152083
res-amazonsagemaker-1256,2026-04-19T00:00:00+00:00,11.527694473802546,2605.750475050301,32387156.333232008,37554796.07875112,6505.6602027072595,11.515026713856129,normal,4.634726616485864,3.196553974321899,2.0,2.0,2.0,2.475932660948423,4.174873650987832,6.554693062634184,8.823672424869386,11.451360348429802,14.120337415336051,16.433930059825475,18.668376684641782,19.7754329710398,21.23830275384251,21.74135101172885,21.206206462855405,20.089424421078625,18.691063823594444,16.647568060290588,13.927502781073137,11.451360348429802,8.847163404518989,6.514834434328215
res-amazonsagemaker-1257,2026-04-19T00:00:00+00:00,13.112404476108741,2841.5721359667677,22237807.253167287,25667495.04454351,4415.025431201196,11.600463598082328,normal,5.04187217971557,3.8186310275360076,2.0,2.0,2.5364524437452096,3.5500205640029905,5.3945836387175286,7.638531844367187,10.247672305844501,13.094282231780483,16.024620672031418,18.598561638452477,21.333863618896018,22.708053476934083,24.059548493607416,23.84808718894292,23.912930812218143,22.4865324449101,20.77941513273892,18.77914336190342,16.04433944457589,13.094282231780483,10.288735343740587,7.417547330168388
res-amazonsagemaker-1258,2026-04-19T00:00:00+00:00,13.987982581991941,2721.3670682256834,24423185.69069508,28795480.880453564,4584.551861189195,11.807006646544863,normal,6.393217684963849,4.131838192644231,3.1357388770336114,2.931700301693761,3.3964254221056596,4.277844732054264,6.420705682098994,8.153155237817465,11.219685993305676,13.986358772136077,16.817809787286333,19.41349752983393,22.162682511519428,23.26692941248323,25.27098742771705,25.400569447087538,24.46212952896334,23.50724762304192,21.583399594718923,19.643781459510137,16.92222076585485,13.986358772136077,11.139862132498335,8.087435079301908
res-amazonsagemaker-1259,2026-04-19T00:00:00+00:00,10.711015304687807,2527.2324519133026,23569750.045994204,28383815.83242235,4612.002507459297,10.1652753039901,normal,3.899559447712024,3.0125131569660493,2.256542210786105,2.0,2.0,2.9294114279502153,3.931574360545014,6.014993157012547,8.263480347602624,10.701835142520745,13.069911579042609,15.185286756833065,17.011525713003344,18.43182152669829,19.391129760835884,19.649413530197336,19.877456150082004,18.610965424164107,17.177866361329027,15.292980037772125,13.176738592008785,10.701835142520745,8.416269155149152,6.06125833177559
res-amazonsagemaker-1260,2026-04-19T00:00:00+00:00,12.583883670618524,2834.8184465814493,29810379.052556127,37154890.66737239,6022.4467355432,11.180712135400043,normal,5.0574674242597695,2.9280285215324278,2.313991659370683,2.0,2.0,3.430994980175843,4.634122010994691,7.087897186241818,9.622538326147781,12.548962892370492,15.465312060872709,18.083234585281893,20.1414621842584,22.228415693608504,23.456958926072527,23.48578163538653,23.01299234090303,21.887877709862657,20.27034478164994,17.909258600871446,15.329226605193886,12.548962892370492,9.589460861648151,6.979916215770903
res-amazonsagemaker-1261,2026-04-19T00:00:00+00:00,12.358826041627138,2770.2418000609086,29542827.131623663,36702699.97767432,5978.50167226467,11.216099007255893,normal,4.423261453876025,2.7672451967774636,2.0,2.0,2.3500216477611486,2.963134177562221,4.909991784202262,6.692388104631889,9.422062962679494,12.296369438796797,15.070114974891464,17.907006106425783,20.064861245401044,21.372866960999218,22.327838148599678,23.612354739170172,22.925521038533688,21.634572714504543,20.101565117196504,17.589417602073013,15.180725866251624,12.296369438796797,9.58442810113694,7.119708178783496
res-amazonsagemaker-1262,2026-04-19T00:00:00+00:00,14.161289807185861,3044.7758833112507,31140912.959001694,35450253.88704983,5962.046858605161,11.781809824499641,normal,6.129292369461535,4.677461019759614,3.717246262104047,2.637053452857776,3.204983846285342,4.196843564685626,6.0534741935485386,8.806014573080516,11.296304718425,14.183755784565946,17.09855944399685,19.666678663717548,22.16494724502196,24.22285169914442,24.678645770084092,25.73838027721756,24.598721084560633,23.954048787592306,22.084513678714778,19.829734189767162,17.001623838997084,14.183755784565946,11.348227439129996,8.397837685176427
res-amazonsagemaker-1251,2026-04-20T00:00:00+00:00,16.160922646796077,4792.32,29221657.737276603,35186008.580072396,6384.491864921124,18.189594544009246,anomaly,17.05899550539784,13.155965221309934,12.496498642336194,12.91480278706236,17.68035495337056,16.856905636530236,14.874360212691878,13.678370437098296,17.022360277527184,15.043526080939559,15.831178289421132,13.458666938056203,12.739065586469604,14.934649245255272,13.71852803344737,16.72947683786748,16.730813820429173,17.75268469900065,14.417115774955187,15.268018865587965,16.62577598251422,12.97511621303694,14.001538709176252,17.69217029245
res-amazonsagemaker-1252,2026-04-20T00:00:00+00:00,42.25562503983516,4334.256271262561,38576138.4846181,45228300.25105413,57468.97784820592,18.80831591111404,anomaly,31.332821747284896,29.448592326514017,28.39451452782956,27.042835607020912,27.93097004380502,29.751295084846788,31.854912617930466,34.96344204708494,38.094295598529186,42.16647038821163,46.095394209210845,49.66301435866261,52.36900526812286,54.823675722858866,56.80964393076102,57.2039040713563,57.277993198877255,55.21875029674737,52.70957643494822,49.78396255069257,46.041730503066056,42.16647038821163,38.12550998274713,34.86622005072357
res-amazonsagemaker-1253,2026-04-20T00:00:00+00:00,27.275133688697764,4444.204666484038,29022281.79407643,33669903.560593575,5515.966492110252,21.3196309973908,benign,16.218583700982865,13.649535244221273,15.560254553479458,16.488594432212153,16.749595382077622,13.728091622664401,13.683801358244821,14.427664660849379,13.735948196664308,15.094298692184008,13.138373076769138,15.450555047539341,14.606701375902064,72.98057663679863,77.43557087041663,71.75294717759321,75.01104184167887,77.67258493326761,14.351018762694626,16.103007922474397,13.620405932379377,14.099688002121916,14.69790836912035,14.346460736409814
res-amazonsagemaker-1254,2026-04-20T00:00:00+00:00,27.120027558597627,3760.240045722559,32699835.49396889,37659844.48003326,6322.137264357918,21.163803108378318,benign,15.394159569805993,14.729352475405328,16.915805836882484,13.192155262854083,16.371446005379685,13.051102283570124,14.502169638126553,13.500031393108713,15.820185020651417,14.509259980728613,15.475852239843901,15.565283787118544,15.078818884204008,75.92611011245269,73.85319403014441,73.48100772032838,71.2768613267864,74.47680998276653,13.561092546792077,14.454327794535937,15.32133535436403,16.35547737045044,13.39311709288501,14.675705697157724
res-amazonsagemaker-1255,2026-04-20T00:00:00+00:00,28.1634483976661,4432.660899029133,39677843.114226475,47512599.76811713,8452.352066230324,21.25625426886766,benign,13.754510194087525,15.456414123891102,15.03512953282541,14.494720953140867,13.580492230152219,13.527553261426608,16.79490465045691,15.520325693411474,15.582056320689388,15.94252606055425,14.188341869466184,16.40027317854074,15.04686693460992,76.92929472041084,76.65935994725406,78.56003447427108,77.05737466096718,78.27778314944037,15.244999894872297,13.823060111784052,14.863368884327068,16.158221130337786,16.575917267785613,16.44923229928351
res-amazonsagemaker-1256,2026-04-20T00:00:00+00:00,27.4363328388478,3892.7076971641545,37681384.72305627,45676432.90657676,7427.84213943663,17.590624527299166,normal,17.05938001782836,15.028172202826374,13.108282630808317,13.196757130131557,12.477284784471394,14.503137382864074,16.43807480282129,19.67199248404422,23.5992080986882,27.481813482944396,31.555316731258824,34.626883680262736,37.868781835247276,39.877271435165596,41.93185645226161,42.774042225851474,41.55228490190565,40.26264042317166,38.133254725176016,34.86452051203839,31.421831619291186,27.481813482944396,23.734874954702658,19.822512135641443
res-amazonsagemaker-1257,2026-04-20T00:00:00+00:00,25.5757274243041,3795.120506368314,27556606.930602282,32155397.07805481,5093.7406153473075,17.33394770065819,normal,14.938049597282244,13.001019882513464,10.956628432296537,10.155880778129083,10.64799533277797,12.260432243783749,15.49649958657233,18.201473090268113,22.008880079935203,25.73623306333648,29.780411353149596,33.35697369422367,36.710314818840885,38.17339221755053,39.5065099598772,40.2427422993938,39.63340796319227,38.37936482886404,36.082406025651636,33.47804853922525,29.451045234063443,25.73623306333648,21.71712199140346,18.1663941076311
res-amazonsagemaker-1258,2026-04-20T00:00:00+00:00,33.97528853646705,4240.0621175439055,29699649.52527343,35603895.119105294,5946.504360026603,18.79909180172354,normal,22.967075590423903,20.990179063445837,19.23511668259738,19.401820660273703,19.976348799659085,21.271818106979943,22.99068011690496,26.47292528077291,29.887444676064277,33.92566260126123,37.8260591297848,41.530187862238655,44.145580543192935,47.557899753934315,48.755833991648096,48.69765442099967,48.1317788637335,46.94091246083448,44.40680692051628,41.73047448702113,37.90542858709781,33.92566260126123,30.233841668573003,26.499732005989937
res-amazonsagemaker-1259,2026-04-20T00:00:00+00:00,32.98656644407269,4409.293768258798,31997179.14002917,38342873.11408958,6297.726258688286,18.514404209644983,normal,22.89975748792409,19.58987350042303,19.254746826647946,17.920527708701265,18.043468502322163,19.90239632541547,22.902469138304014,25.419064382092273,29.26164028829037,33.087247568940775,36.838673410304956,40.34213572993886,43.89268268157973,45.52843253500329,47.14535143080208,47.4433045145682,47.336971841151055,45.439364360678695,44.164085584133375,40.364393992835815,36.98347946301358,33.087247568940775,29.105787613572897,25.724492202159936
res-amazonsagemaker-1260,2026-04-20T00:00:00+00:00,29.62778222438512,4380.050690076171,39660634.05282516,46358636.85070783,7773.019487283149,18.46933419271955,normal,19.170719459880267,16.12241327140704,15.593361685984924,13.927889827516868,15.532616664475572,17.195040573836973,18.641426303745114,22.27324916465227,25.6065047440408,29.65239360537609,33.45391453193193,36.82698834718705,40.50514842358776,42.800376079075896,43.6831745274018,45.12122698255858,43.854779458870965,42.49894585901049,40.06085787928912,37.46087183800536,33.38484316570998,29.65239360537609,25.636609532847025,22.411027853474867
res-amazonsagemaker-1261,2026-04-20T00:00:00+00:00,27.477511929686727,3864.567631605374,37809582.063424505,41947419.036973186,7460.416502469888,16.48333367586688,normal,16.76922496405104,14.462852930151374,12.744730497024188,12.597343796393496,12.736041415361667,14.590219759004329,17.343517928835876,19.857824955479607,23.40697026831921,27.43000593253138,31.174063595409052,34.67458958362239,38.06412546491801,40.659439336782945,42.50512589871292,43.154164254087846,41.977385160281926,40.501983277872796,37.82490367191931,34.67839690209799,31.161679556839758,27.43000593253138,23.56086830729037,20.154822922962662
res-amazonsagemaker-1262,2026-04-20T00:00:00+00:00,33.075746407034565,4489.9323253757975,38705168.4064729,46738847.07691821,7736.404861455196,18.98128643633885,normal,22.115504868106363,19.883626041029636,18.335509678501847,17.58598529657879,19.16503742770728,20.28513769582938,22.45399048728367,25.792400472304614,29.062221699332266,33.023390177679126,37.021044989337604,40.48422713136984,43.66671310026541,46.337746962125294,47.31205271303821,47.313846347741006,47.85971696853015,46.277863036575454,44.029696442619766,40.588446316235895,37.05237689468891,33.023390177679126,29.271178604321165,25.87681023994872
res-amazonsagemaker-1251,2026-04-21T00:00:00+00:00,16.730622627173293,4915.2,31218142.512719776,37586963.59279324,5896.896709932445,17.760298502187208,anomaly,17.074732182557906,16.886255433311522,14.517854992313026,13.912146229268675,14.946291984648742,16.714142804814816,14.3963653612678,14.241703030377117,15.404319791787723,12.335979214323398,14.852196551955073,13.734108468313305,14.023690508826489,12.73423466368914,16.97068193341115,12.797575299412767,12.828252753642237,13.099520525391078,13.5409079153715,14.310837862128471,15.178875065627269,13.56608900460572,13.763273492896804,14.743954961886306
res-amazonsagemaker-1252,2026-04-21T00:00:00+00:00,41.67433797809595,4071.161708916091,37343378.79609599,41920083.598517925,58830.40257731882,18.211870765505758,anomaly,30.523103945967105,29.131779789581028,27.75608093295824,27.21861630910552,27.698686471408198,28.089350354549403,30.429091249634396,34.291118190748676,37.601711446559975,41.56516348189865,45.359262156542016,49.30100549327468,52.66510908418704,54.63846175431259,56.3997411687555,56.830753823258476,55.723003570846046,55.069381771878724,51.882368670349024,48.75538720837242,45.58678586676521,41.56516348189865,37.87521952918324,34.227765722267876
res-amazonsagemaker-1253,2026-04-21T00:00:00+00:00,27.982681321586085,4368.75582193774,28119856.27350984,32843607.18310765,5332.619749859894,21.1756973530763,benign,16.235816613495132,15.31345809089902,15.649545904420618,14.548106832053694,14.531290281149968,15.726856126414098,13.874112197209644,15.933039192053506,14.689273341464851,13.184965066702759,15.15276269997873,15.761999970623343,16.586733917739785,71.82076923255282,78.1388265847097,78.79836460888838,75.06946714850554,75.92928204517975,14.732806149961487,15.683641044233797,16.116189472028523,15.942597870816646,16.04429243360683,16.12015489337743
res-amazonsagemaker-1254,2026-04-21T00:00:00+00:00,27.42877163045215,4024.50017458562,31094959.51503698,37947482.13556649,6490.027082845731,21.474560262009632,benign,15.884128249767624,16.60634654063298,14.355802408119464,13.320425274173544,16.23782733911783,13.601162312398388,15.974817611755,14.690335946555562,15.778228526527133,16.796095006335204,13.347195737970036,15.727022808496018,16.59332364842124,74.83473351425192,76.01944775929255,72.48033604057153,74.81677875400771,76.64009203514216,14.628650785636273,13.731952945790606,13.518227194596085,14.412891968732918,14.995537447211241,13.299159275348657
res-amazonsagemaker-1255,2026-04-21T00:00:00+00:00,27.270580679024548,3972.349550240583,36081235.065660775,43338216.56564637,7780.065978941492,21.328939266938598,benign,16.82059091968482,15.214742190411815,15.407690890015857,13.617141938302712,13.887634174688005,14.61300169109415,16.72158541705883,14.473585377839814,15.737180527095193,13.618520723931699,14.44278064411221,14.805715006799083,13.24915131702878,77.45750140046476,74.41587036497492,77.63591190127138,71.01506469921968,74.46071915205314,13.699443783631002,14.117681016414151,13.206188788080443,13.893110904222633,16.47070951903052,15.512413949163497
res-amazonsagemaker-1256,2026-04-21T00:00:00+00:00,31.746413733619192,4121.743271402949,38494474.34939073,46112554.333632015,7915.585896471161,17.681099836859765,normal,21.306274909150375,18.3642528904913,17.93409804327337,17.30818356881856,17.028062667860752,18.357370259263128,21.311307890031657,24.198421856076322,28.046728805246342,31.75327883091962,35.564545694858545,39.244072536935114,42.074655248220694,44.51773128773221,46.74887319722259,46.97830294147342,45.68983521563752,44.43563522110938,42.49314839315776,39.176945616401184,35.68963164883726,31.75327883091962,28.034717711369247,23.9045763418547
res-amazonsagemaker-1257,2026-04-21T00:00:00+00:00,27.816545086458166,3876.4799947896436,26397362.441493023,32464190.756591897,5565.690354842503,16.804903779427594,normal,17.08105009173154,14.753641627410966,13.247590294761707,12.333816148500167,13.444040129448162,14.27705392046255,17.25469426436868,20.29423004504083,24.087259504358727,27.912078401457194,31.77368343329286,35.562345588491645,38.53136670047487,40.4143047837719,42.26869327370075,43.56265418376268,42.29582263188817,40.85567129934561,38.54641019629144,35.14105100608334,31.873543944997273,27.912078401457194,24.118471463510183,20.055530740387603
res-amazonsagemaker-1258,2026-04-21T00:00:00+00:00,29.433000610203692,3950.8269288878164,30373586.53966311,33955695.53322918,6125.477390436087,17.62309002707434,normal,19.19607327218082,16.58110844590025,14.593496866132588,13.918469085652829,14.611875991262602,16.582517784968005,19.07824556069115,21.951105373029563,25.78671347619326,29.480535534876573,33.29119518549816,37.082532036297124,40.53473281026909,42.052367311371384,43.40424033794834,44.188586520640555,44.21613879838485,42.612332231920035,40.27589623031842,37.03864985649217,33.16950453027932,29.480535534876573,25.516927739137273,21.748234130567713
res-amazonsagemaker-1259,2026-04-21T00:00:00+00:00,28.79863887996193,4139.443224924726,29043241.78543997,36550408.411047846,6177.888061904906,17.764250753528984,normal,17.999816661540223,16.101665636176882,13.683725488308777,14.140258278654425,14.380444190107658,15.304344554017415,18.510172487038695,21.35647009494169,25.093678997198346,28.81953788328033,32.88677753622478,36.43139157694332,39.67024759648155,41.16096709930152,43.92979985331719,43.657056299743275,43.311425587071874,41.81606972064224,39.33243203229453,36.11400533177468,32.865224517322524,28.81953788328033,24.781107838416023,21.001175975008064
res-amazonsagemaker-1260,2026-04-21T00:00:00+00:00,28.62547119816466,4051.339122598802,37695329.55221604,46023589.02811233,7523.614599492889,17.072460462631952,normal,18.400638640799592,16.33351121763803,13.50260450051063,13.094431149214389,13.662309381518675,15.097956741730965,17.59062032147265,20.836995711424645,24.631766842680907,28.691326700382156,32.44576684202195,36.15916242606238,39.10499822980003,42.02349135542089,43.8783253347627,43.13741851825483,43.51817901807919,42.27066421155771,39.39560957419129,36.025339441063,32.61956036309975,28.691326700382156,24.958774462080612,20.94053107180273
res-amazonsagemaker-1261,2026-04-21T00:00:00+00:00,27.74232943247695,4151.741553228611,37855198.72311699,46011655.5679186,7700.160982919839,17.503165211930483,normal,17.425411085067985,14.943971953688454,12.74947525348841,13.163252966000089,13.158662832287076,14.462188386987206,17.161061638548013,20.400786502801477,23.738248506307432,27.614170681840967,31.36842608000296,35.44463123540263,38.30041198849409,40.264695669562215,41.92704992615038,43.18151194627702,42.77266881760488,41.11427063021715,37.786154094738855,35.4427317059427,31.59201021615197,27.614170681840967,23.774369367308292,20.415574212735596
res-amazonsagemaker-1262,2026-04-21T00:00:00+00:00,32.63035422070656,4469.454901888409,38885879.493223436,47605495.77448315,7249.056005090366,19.31507264916575,normal,21.855706908283082,19.234968252320172,18.26634225390947,17.075238070626966,18.6232269595017,18.992235245269068,22.39181932526047,24.836787296630597,28.698955275075598,32.55678756925366,36.53014266709049,40.046269018252914,43.5958493097763,45.95588586604305,47.46940288067637,48.11965408734581,47.366140268948925,45.52526890844947,43.04620841445684,40.225113614779865,36.56914821694706,32.55678756925366,28.495922279349216,25.094641039456818
res-amazonsagemaker-1251,2026-04-22T00:00:00+00:00,15.876971637651916,5038.08,33590319.2869533,40180471.402095884,7144.408982516305,22.521458284038793,anomaly,14.340849092577011,17.238364751769417,17.37952505298907,13.113680608944621,16.735736256486206,15.635971852019154,13.074295311196439,15.822559956481834,14.904480106481628,15.776923828390254,13.91121672349664,12.581152843423109,13.50050074491419,17.382469549984286,13.831481921202373,17.831923290406444,14.783750154834141,12.034292576273808,17.058338880894176,14.929384962718741,14.86601348516461,15.596334539853677,16.895675583340488,15.568230861467764
res-amazonsagemaker-1252,2026-04-22T00:00:00+00:00,51.54807705558215,5519.119095011097,44707579.9265701,53181590.11288185,69176.00154045457,24.139136578521462,anomaly,40.72874073902354,38.61257210034742,37.05749644727001,37.23300699484905,36.61946905470902,39.19312846619411,41.212598695304195,43.98604049408908,47.881209763004634,51.61505769991344,55.48834380727672,58.93370277916393,62.05695801286527,64.58461039616807,65.78922253178453,66.38713503309539,65.46674333125038,64.33788295984871,62.17548794027759,58.895545740485666,55.650461297639154,51.61505769991344,47.79984940358615,43.8335279459119
res-amazonsagemaker-1253,2026-04-22T00:00:00+00:00,27.13078414823836,5063.641339173929,32711470.177147713,38994353.286200486,6168.397902958478,21.434593035376068,benign,16.9827572434477,15.629629542924434,14.38847578933731,13.421160106888582,14.70739175036783,16.402965303974923,13.683125929224866,15.550206668654393,13.76543325822203,14.286521694152096,14.3667341281114,13.638410428499538,13.465945831362966,76.3067072027021,77.42700407503803,71.51488488131957,77.22771006773306,72.7108624276051,16.919700303722777,14.301362590492378,13.777791789255774,13.481631141930082,13.193763831975543,13.988643570778134
res-amazonsagemaker-1254,2026-04-22T00:00:00+00:00,27.61745934388969,5135.640113270469,35850863.800732344,43909809.9462274,7706.017242714769,21.485716749389482,benign,13.921730341590408,15.015335316265796,15.28159754176778,13.322457317715365,14.737998828471284,16.383977596755027,14.23268099194418,13.68806314968246,14.796474647676387,15.187296074012526,15.768925218771939,16.911404889655977,14.087363782853368,75.60734809292451,74.43784134232581,78.28993235510052,76.30600534947786,75.62919854441428,16.76595681002066,13.17636324300019,14.945987875987969,15.928587260185399,13.83901287843273,14.55748480432009
res-amazonsagemaker-1255,2026-04-22T00:00:00+00:00,27.495145331311857,5280.8553952758575,48959870.29329206,59337943.35388111,9450.521036664763,21.489823700457137,benign,16.911113606600004,15.623749275181467,15.039930799400938,13.198830870523087,15.238880569948487,13.262090453858617,13.051430819523837,15.800978439254862,14.928583343800796,13.133440134657548,14.996824750797451,16.814257064057472,16.82533689841915,77.22627710713974,74.71677498283938,71.99549887431439,74.27468438335991,75.288864341573,13.26858142370187,15.885530557983389,16.387096989282384,14.861606645148168,15.178173419822176,15.974952200296475
res-amazonsagemaker-1256,2026-04-22T00:00:00+00:00,39.11750949018373,5110.476341476961,44094956.92204754,56829557.706947476,8744.30767263753,23.286801143761533,normal,28.825226080845113,26.235836154900714,24.441377910566423,24.589952911542984,24.37938819308402,26.43057329388759,28.06156062057436,31.94966299378896,35.394075219580984,39.098726294486106,42.83268947707131,46.29357004813477,49.60670649134218,51.845790246739746,54.30656251981639,53.614684836566695,53.12624394972916,52.66346571539227,49.38158472875402,46.78112987457504,42.92072622022883,39.098726294486106,35.17564766212915,31.766320026186538
res-amazonsagemaker-1257,2026-04-22T00:00:00+00:00,44.00336437915397,5353.986192593103,32243687.21291316,39521526.62378739,6590.005621714146,24.758177438864582,normal,33.46664459301468,30.410284250582144,30.19377299818445,29.160960929641533,29.577691203334993,30.77740511915225,33.50482392263356,36.70337454429135,40.258261750724664,43.971149022942996,47.83286557897464,51.363615199547056,54.76310121894648,56.51339178827098,57.915374839576444,59.310030348462746,58.14820614549833,57.462847517506745,54.71546740920974,51.782746100428625,48.046554915579975,43.971149022942996,40.11500581652805,36.116020863720145
res-amazonsagemaker-1258,2026-04-22T00:00:00+00:00,39.09048384208655,5008.769986236344,33816422.72271518,38588659.893636525,6634.078810321444,22.276909123176463,normal,28.65904846876243,26.47351395122675,24.078888637577386,23.737002892630144,24.072279805873706,26.25841605186713,28.168777133699614,31.492179349201614,35.11079848539761,39.17588872116261,43.133852100510374,46.7468489111846,49.35852849904626,52.803926635995225,52.97434389869138,54.52326355646993,53.05222037042945,52.672131551256,49.47869495214479,46.39347385296146,43.23188537540947,39.17588872116261,35.48142134918056,31.918338938236033
res-amazonsagemaker-1259,2026-04-22T00:00:00+00:00,39.36936212128594,4876.383877353429,33776237.574111804,39851798.7489735,6912.087781675153,22.658795769168403,normal,28.25224198441542,26.277159837234883,25.561721693887208,24.172315268871237,24.35501729823944,26.02573450296892,29.244117660572527,31.930554069233104,35.58495006745765,39.34866466416202,43.26498732307167,46.72217071826774,50.43552553779384,52.94798402686396,54.297838713041,54.81064059067714,53.52727558687043,51.87649322402041,49.544809293537014,47.00244329327049,43.255974711506745,39.34866466416202,35.5918351976333,31.485570983104317
res-amazonsagemaker-1260,2026-04-22T00:00:00+00:00,42.64116917184314,5548.531101488761,44383907.47668099,55351589.2322974,9694.248209845726,24.813943274749036,normal,31.92925448380844,29.41753948118121,28.208966246087037,28.009747170245845,28.587240705509622,29.74454526287747,32.33300771179904,35.058263332384065,38.55557850681914,42.55285459364836,46.602820159837876,49.87599565657299,53.37597373854216,55.92655773205597,57.038430754206786,57.123143984220434,56.691554423060104,56.17253049002724,53.400387653850416,50.25951671340496,46.48318273556876,42.55285459364836,38.60182172463068,34.886292270248425
res-amazonsagemaker-1261,2026-04-22T00:00:00+00:00,38.429876238310705,5006.694751427588,40943721.565450735,51858222.30260499,8438.860020499142,22.399158056642104,normal,27.29904191413995,25.448806899691917,23.946526113830235,23.17738676924492,23.994665557942014,25.82344817377158,27.98822979697863,31.08454343695204,34.41042612880384,38.24487783504602,42.09151175543376,45.75201809212203,49.26580827075756,51.44613693834926,52.52277034762101,53.95064752054759,53.43774648333786,51.37824060175731,49.23949617775153,45.9508110199876,42.15162834048025,38.24487783504602,34.55634628435478,30.91103742550931
res-amazonsagemaker-1262,2026-04-22T00:00:00+00:00,40.25504539426078,5347.057736717163,43934734.05245216,51669845.35488733,8910.25922445565,23.890624118878968,normal,29.736425597870358,27.80690094014149,25.133035740711044,25.66080597774416,25.113093300858463,27.160210223888594,29.624515833779007,33.1221336233453,36.38164340453154,40.322015282155434,44.23856158309912,47.59697078330122,50.60158009048469,53.80662034400004,54.68968446053541,54.674650850804845,54.84229361484379,53.386947482637844,51.123281350938875,47.626737644425766,44.13655594978071,40.322015282155434,36.526097332041886,32.488312768183874
res-amazonsagemaker-1251,2026-04-23T00:00:00+00:00,15.985311617878368,5160.959999999999,32391172.1925471,39070577.46276378,6420.222041504445,21.436830756045318,anomaly,16.269582598069928,16.591262855599062,14.299140969707034,15.478848180330775,17.129777753926,17.47748716917721,14.946222375492486,12.116885609234044,12.39499125923893,17.24209772193021,16.40873732521417,15.879110200737506,13.690167786594202,13.578845133000744,16.883244900450283,16.86009536295557,17.30814855329686,12.677078641863037,16.884224612162942,15.808540675458762,16.58249639223594,13.006789364013937,13.493696701821404,14.630601135282852
res-amazonsagemaker-1252,2026-04-23T00:00:00+00:00,43.84483048286248,4528.215958898164,37381086.2398891,45694080.71086907,62139.15691433073,20.01424167270282,anomaly,32.92018692396779,30.191608210988058,29.878013698359535,29.567844025950517,29.903098870878722,31.461192915440485,33.05191859872236,36.61982714200014,39.90221650058852,43.821967706945244,47.884095653809325,51.305928469268736,54.10046249191984,56.421310320009795,57.923366751404686,58.63425976684511,58.269468866949474,57.08036050967405,53.982114846320385,51.638210030927766,47.71289572373373,43.821967706945244,39.79299249206233,36.39062336498759
res-amazonsagemaker-1253,2026-04-23T00:00:00+00:00,27.736625198376,4547.447278202103,28463470.44077359,33388683.900243197,5839.448861426547,21.252943806987645,benign,14.936433868578533,14.400551236624795,16.95082860180238,14.384240831077623,15.77479148213307,13.514668778389618,14.350042073102822,16.33666152682271,14.881522229546107,16.794357157877307,15.590234535915027,13.64289183519482,13.445248898079512,72.75729562701443,73.50916222612125,76.41785260488653,78.77048938788862,75.51314316186706,14.114149920440756,14.125764946027946,16.43066102939731,16.563013541005322,16.039692873014985,16.43530638821544
res-amazonsagemaker-1254,2026-04-23T00:00:00+00:00,27.56267063970715,4738.87428941592,35569147.43271432,43968260.697103344,7208.177062510341,21.45265651007013,benign,15.413073239540903,13.364069852101867,16.616007270444964,14.101317610540832,15.969522877144271,15.433081759260563,15.834435118082762,15.046469089388474,14.146234852520953,16.14366604609553,15.293146345484415,15.140323170989578,16.797278627075237,74.7385571342892,77.06395495585488,76.49635997739585,71.6714086253989,73.00403718977215,15.048046963962292,13.075971227995218,14.112610909539594,16.709157380118626,16.6025259312619,13.682839198712664
res-amazonsagemaker-1255,2026-04-23T00:00:00+00:00,27.09949908148143,4781.104217381912,41975904.28816628,52692379.91416899,8851.981538663169,21.309552793036342,benign,15.783743093172333,13.876177437188886,14.270020702231076,14.0774784268461,14.487724363519199,14.03957670403869,15.14557340428587,16.637440347397664,15.273349895777304,15.565964567044425,14.279632112438225,14.535315244181644,15.894845076966359,77.41022643106793,76.72962893473512,72.03821498417828,72.82314325247035,72.15888974528612,14.77027559203332,14.443248010663496,15.029165618951605,13.289037281030744,13.323713232949727,14.505593497099923
res-amazonsagemaker-1256,2026-04-23T00:00:00+00:00,37.14971757963119,4844.836127221771,44129532.3124523,55304709.14369926,9118.429351143279,21.835703687271966,normal,26.82654549437461,24.236366717330455,23.310871647800262,22.417700171666738,22.033493594150684,24.331306613102235,26.050695815728933,29.53234141376958,33.39620518108625,37.087380181375174,40.84572654371007,44.488139211420524,47.6407360402261,50.66297900324418,50.92721885191802,52.0815182733483,51.8885320420063,50.34179622517327,47.86139686879363,44.71077527669241,40.86149502620841,37.087380181375174,33.15495454653332,29.81766699011376
res-amazonsagemaker-1257,2026-04-23T00:00:00+00:00,32.40367492512396,4675.733067231361,28223574.605113894,36258239.21552375,5907.545304338519,20.396284842059956,normal,21.789617002646953,18.889444181134763,17.457794067724713,17.948535701971156,18.25364230283595,19.318919397689,22.13738047489211,24.630176562537464,28.658307256042157,32.36515067989398,36.32853868353759,40.162922013462364,42.58074088252979,45.64627672045176,47.2092772904094,48.00161866635982,46.51442030398184,45.08903937665085,42.541919468031125,40.16440175642024,36.316425162631965,32.36515067989398,28.608087754926586,24.710411816319485
res-amazonsagemaker-1258,2026-04-23T00:00:00+00:00,33.96345389153186,4522.067137298272,32235640.94568444,36233246.12485137,6589.750391948738,20.36044933146184,normal,23.797364665625757,20.520144805998413,19.954250595390814,18.35097473378381,20.087760643966092,20.731632880624062,23.63341565852539,26.69770319601387,30.182926588387346,33.898828147708755,37.95758038367738,41.483786701723965,44.426273417982955,47.4916954806598,48.09468091024224,49.179273377888826,48.32359414874651,46.28430004204977,44.331167060208514,41.76328269760653,37.74035474857638,33.898828147708755,29.8453690163785,26.447705347290203
res-amazonsagemaker-1259,2026-04-23T00:00:00+00:00,33.68191779812485,4356.350002329096,30824781.478958424,37105365.98645629,6264.161359631771,19.435030051998226,normal,23.379338033921037,21.010823728103965,18.596675115573603,18.556819567192164,19.517103398162295,21.026247608346736,22.721477569909094,26.106451500408003,29.627815636979772,33.65925044773501,37.70451572232031,41.40428423933669,44.1393424675354,46.17556958315704,47.87539228429252,48.802788178837154,48.384465520095006,47.176238170633,44.598527212778755,40.88885174928509,37.5101062602963,33.65925044773501,29.96099633197052,25.883696380391832
res-amazonsagemaker-1260,2026-04-23T00:00:00+00:00,32.36110167377575,4638.426093460081,41147563.1850477,46957119.79589374,8485.445245305777,20.105238233228516,normal,22.103772752282715,18.88159237301306,18.263216132274945,17.033188743461956,17.863539579931114,19.606563702209456,22.142028343502687,25.096581366165708,28.33767302270415,32.333478954402196,36.36499142014179,40.16650528883693,42.68900034503616,45.39724510044573,46.47958108801333,47.03432105313504,47.532618837432686,45.117408571233,42.64670648085317,39.71393430685323,36.15125464212573,32.333478954402196,28.56546612096404,24.812292991197005
res-amazonsagemaker-1261,2026-04-23T00:00:00+00:00,35.41775923398645,4884.93775871634,41246902.33557692,50398500.78039261,8492.991836740524,21.805489854905055,normal,24.322456386716006,22.279563566572744,20.67108894544597,20.640337669460667,21.294369651601315,22.066027392799356,24.87532459301896,27.767351318621156,31.607362107530612,35.39704318955525,39.301328753974765,43.077221632431026,45.801595017630135,48.90152400754653,50.19425219716287,50.957399077366055,49.513334608953144,48.29163338397493,46.31976280602987,42.8997414260061,39.30089146184847,35.39704318955525,31.430626696943563,27.71894253493017
res-amazonsagemaker-1262,2026-04-23T00:00:00+00:00,38.09801408970947,5031.200748793554,42730939.30338351,52421068.215962745,8036.750032979601,22.598757196598235,normal,27.366251284295895,24.834288303150423,23.815006238299524,22.62544567612872,23.910273946525443,25.520393892607974,27.37683488942713,30.45212500141009,34.13721014874998,38.13181464623374,42.092822016792326,45.564107450360474,48.49745965580026,51.11745059528761,52.18818437298649,52.90119934231245,52.71614381527432,51.426162929662695,48.99561214465653,45.583219897666716,42.04373617367107,38.13181464623374,34.178341671617986,30.74643941387569
res-amazonsagemaker-1251,2026-04-24T00:00:00+00:00,16.115475211687396,5283.84,34899064.619172595,42764328.462533824,6633.178958510837,23.23555210254074,anomaly,15.770908625977254,16.588644479233785,15.0673680015036,12.148100474074182,13.95234481071433,15.690271177380186,17.05937988021744,14.864976289343579,17.893698499765993,12.179032268491067,15.920541981295795,15.213941582719427,14.18206445685615,12.742700536610643,13.973939871575384,15.528902096345519,13.35741562906137,12.707202481906727,16.448359883965725,16.355939684145056,13.961398626827663,13.456696162557794,13.406288092293817,17.01415804838912
res-amazonsagemaker-1252,2026-04-24T00:00:00+00:00,45.122896731877546,4575.489953248394,39809376.31386559,45965105.69781808,65713.78642520397,20.30866017545995,anomaly,34.12078321574717,32.41171003371391,30.22369177350009,29.506040021578542,30.416846157934167,32.248692852286524,34.88139035523874,37.97324480486754,41.47431768769199,45.2007833618415,48.93388115141462,52.54866861526214,56.05673878071819,58.13834651835729,59.24757408430233,59.56298654860825,59.65815860010864,57.58077279528514,56.30951860556418,52.986246606649175,49.036723662603194,45.2007833618415,41.40391947324629,37.8277024967
res-amazonsagemaker-1253,2026-04-24T00:00:00+00:00,27.00891388913273,5274.501656926192,31776048.775559243,37181806.1459167,6548.084200896003,21.548834275616723,benign,13.314417742409047,13.325259296606342,14.734608555871992,13.372748110990587,13.265639023166274,15.431828398458562,13.211554228479796,14.812124462081458,14.995737133553126,14.091916146406202,16.54387321533082,16.94063276634913,14.412540952633552,71.77559564637906,76.42116725496349,73.90936320090356,75.92865787602125,74.94692067073758,14.949220446230886,13.612835512778643,13.099282520891375,13.685145027384472,15.126534605252477,16.306330545305904
res-amazonsagemaker-1254,2026-04-24T00:00:00+00:00,27.267656210039394,5108.271669213048,37879281.6680937,44582580.905895256,7282.6067602241465,21.16964718919414,benign,13.073971321755398,13.612467077668429,15.805821716088074,13.125244457436713,13.84174515597681,15.458667262068314,13.466414750188747,15.357490628989014,16.32680813597768,15.178906879665195,14.468635336262142,13.611986089497925,16.571953821022007,73.4890803103532,72.12378426990098,76.89723916676991,76.75059889287242,76.95035272235103,15.839112497782658,15.034501200601815,14.320454336170313,15.631429465918284,14.314333585307686,13.172749960320708
res-amazonsagemaker-1255,2026-04-24T00:00:00+00:00,27.51138561801554,4788.771693034876,42748067.24598796,50283236.09437779,8729.202679551867,21.302132751405225,benign,15.911088555972928,13.742012258691242,13.08983578134813,14.530323607737136,13.934934959962249,13.909392912911972,16.118751149114207,15.091793420380966,15.81296721571788,15.970670422202677,15.607799414862336,13.475687070173517,15.605585157120599,77.55541052990645,73.97586402798892,74.372700100712,73.55146410826971,75.09473551095572,14.62059032487717,14.751046174834247,16.468100640023536,16.500284811032806,13.799728971856133,16.782487705720513
res-amazonsagemaker-1256,2026-04-24T00:00:00+00:00,39.094417011952466,5186.158532078808,47562898.364139944,55283067.6766452,9141.766306505775,23.39715008237711,normal,28.679340311391563,26.45759784624465,24.08232643676569,24.575324240377284,24.065633769864846,26.226931146862896,27.95774261220184,31.473653025184117,35.048798503244704,39.06790576051044,42.8113835249974,46.76193779146143,49.40281998845333,52.60674543097982,53.22908291274207,54.401450427293454,54.12356418536245,52.344569844896036,49.97802775756742,46.50424480470847,42.94387458007373,39.06790576051044,35.072082441183305,31.383065183981685
res-amazonsagemaker-1257,2026-04-24T00:00:00+00:00,36.26011997874054,5022.52245365617,31653380.67882423,37252409.25367447,5908.887614450592,22.005931078324043,normal,25.644041964741227,23.065823394722266,21.212646990653802,20.90390046260005,22.0137397388214,23.7990238118524,25.232701716664714,28.786693506944204,32.5717175217413,36.32562053838427,40.10016670737877,43.45430884246459,46.75973443833285,49.391834275742575,51.19105444722533,50.95491333011309,50.85589999159888,49.167086759010864,47.26778230133958,43.527099274541925,40.330671812424356,36.32562053838427,32.374305371403075,28.9864917526872
res-amazonsagemaker-1258,2026-04-24T00:00:00+00:00,35.85659737365464,4947.450182770927,32154015.242996488,37253874.36830369,6257.195629333901,21.22417580099948,normal,25.66168002803881,23.353853037386344,21.11338279766582,21.409565100365555,21.644740944348385,22.551686032975958,24.88987602881746,28.52586092677466,32.10099354310535,35.871726077582295,39.747269085843186,43.562143489429744,46.30454360024767,48.564476440878664,49.668783328621366,50.753841282316806,50.27038694086083,48.951831125253065,46.097221513650226,43.50565748309879,39.92772559826462,35.871726077582295,31.81733769807395,28.392028786529334
res-amazonsagemaker-1259,2026-04-24T00:00:00+00:00,40.48931414111754,5139.38088457501,33887064.5026705,42182862.491845846,6939.951289691278,21.946325871087257,normal,29.96175575398586,28.154337052532554,25.965297225668824,25.76034057562142,25.85194260115482,27.377993566353958,29.618612852832015,32.76035116545506,36.73861533817125,40.53803470809918,44.56308269061295,47.93209806356546,51.040005536045555,53.54531600455377,54.42308000123038,56.25223194497576,54.55870666890524,53.20924118397605,50.96266032917251,48.04862611645222,44.47802773399937,40.53803470809918,36.48271829940785,32.98242926594965
res-amazonsagemaker-1260,2026-04-24T00:00:00+00:00,38.17597777333916,5063.460518905992,42301131.650081255,50431943.4084639,8698.522203889257,22.60596730643796,normal,27.908210998877408,24.724383083406558,23.005056239645615,23.393687643420904,24.1717026079129,24.85148824461055,27.335308691428573,30.604206504556238,34.089037203064215,38.141487203395904,41.87727654063879,45.9058217587466,48.35815806361472,51.75155507080721,52.07366436500331,53.74801833416547,53.10851190858662,51.49747231246855,48.73669786348009,45.945713776842005,42.19724555687335,38.141487203395904,34.26556817413316,30.39170721106528
res-amazonsagemaker-1261,2026-04-24T00:00:00+00:00,38.04425480614953,5204.103561642882,45134603.034853704,53692501.10076548,9151.949420264375,22.696475713903975,normal,27.11059132965424,24.633300245626906,24.100976612334414,23.21857584001969,23.814531569420165,24.626946262268312,27.467491499976045,30.82947920708024,34.20426774287852,37.99636911951785,41.81102209745893,45.84076879628038,48.351141434968525,50.39516867241666,52.503910659495986,53.19941593612515,52.200747980739706,51.54150814243894,48.99686855778231,45.69631452659897,41.784751619098834,37.99636911951785,34.03265383953601,30.708944536354192
res-amazonsagemaker-1262,2026-04-24T00:00:00+00:00,37.04561810971808,4676.10057629961,41944476.41621417,49111865.75074806,7769.974898786514,20.94551765971999,normal,26.962583608274397,24.370190403543987,21.94459851696206,22.411258496642873,22.16828238843452,23.71007392393736,26.886166341451894,29.490002436021705,32.98185525646778,37.042932065439295,40.892268429056784,44.74324146427321,47.45978135190976,50.19604865683748,50.974059364858974,51.72371329703636,51.503720591672995,50.52754543183876,47.527368323739736,44.525028412021754,41.056771919312396,37.042932065439295,33.27428115341714,29.680130734643285
res-amazonsagemaker-1251,2026-04-25T00:00:00+00:00,13.906907789340222,5406.719999999999,26805941.183008287,33388874.405822664,5147.037524528277,13.724020893589003,anomaly,17.55704346338944,15.275181562679924,14.105666348144283,12.40427135744179,16.378381639482996,17.372501727739873,17.395856337638303,14.765953485526747,12.108669197587512,16.942736451564798,14.010187252433797,17.889088043529537,13.68066853023581,17.3766297684453,12.04052766985595,16.30795717141754,17.66789405760008,14.190098616123946,12.29516666015453,16.887421365285984,14.26392002714708,15.556085153540735,16.867585159363575,15.837093398452854
res-amazonsagemaker-1252,2026-04-25T00:00:00+00:00,23.48179450200776,2949.221254498859,31062823.146549493,34434304.96966587,47634.600919353274,12.21865536789798,anomaly,15.403775782586582,13.842849848516076,12.367130932693883,12.78160174436839,12.188190240766442,13.634840307871169,15.22625214745834,18.093531944343578,20.52505758844048,23.547570807444927,26.554061700470903,28.951595051528383,31.147349996773993,33.2346798083681,34.061439029382235,35.34623249537066,34.68415412077172,33.331958561638544,31.21540543147227,29.049979756061028,26.423118058141107,23.547570807444927,20.64312200569826,17.761599880574146
res-amazonsagemaker-1253,2026-04-25T00:00:00+00:00,27.586010091590907,3226.708162643768,23106314.49284328,28429674.600783147,4570.71770051752,21.591505803805408,benign,13.56943272123843,14.215152874395262,15.68733930435824,15.478981684376453,16.014207080729527,13.266541906305005,13.945462778399161,14.335480753235153,14.8889378061398,16.718430299767217,14.535346249836039,13.64630341894214,14.374734428804885,74.69840173016297,78.86083865892306,74.09323562841654,74.89476873408171,76.03270562947783,16.01904474834038,15.760596953201329,13.478545828499557,16.810311841435084,15.153796232137928,15.585644906978136
res-amazonsagemaker-1254,2026-04-25T00:00:00+00:00,27.505934166921453,3318.5605797335816,29312408.653769128,34446957.300474636,5593.44921920899,21.494113074207196,benign,15.563658211440545,15.210464972324509,15.596698083251386,16.83476726067228,16.02135667871391,13.781510175530777,15.025446231864523,16.69881162633129,14.178893726393625,16.740050804203637,13.91182189945047,16.462111030218896,16.822077408222157,78.05073541871032,71.21954558920486,73.04465569075617,78.0794835953937,71.33422238052911,13.019074122600372,14.677468560137912,15.076115238467242,14.19461184372136,13.811321789632196,14.787517668343657
res-amazonsagemaker-1255,2026-04-25T00:00:00+00:00,27.105213327446748,3129.1534241670006,33050125.780471377,40348337.402179144,6266.829837256061,21.464766885979483,benign,16.941673241440252,13.417984540140065,14.715414678192124,13.677157215437353,16.403007711183143,15.698400861975442,13.119162312970044,13.201416782651368,14.766970294104262,14.132036280028304,16.19448658478062,14.584327228871999,15.14537195852717,77.39601587769825,71.00103106217638,78.1605563844284,71.11089297663193,73.2780129107704,14.042841587183652,14.513288250685767,13.679075209684946,14.859678072878946,16.316692336475974,14.169625499805122
res-amazonsagemaker-1256,2026-04-25T00:00:00+00:00,17.56858532647804,3314.4798839728505,34013300.08246806,39270177.62421385,6696.623328858943,13.872774550820148,normal,9.757112767526891,8.091535971958947,6.994722188258656,6.372782272817954,7.057712065312824,7.421492924580276,9.536992460347381,12.035256777748469,14.618239848577486,17.526694360003575,20.46505880469559,23.29313380121112,25.192552731862015,27.424705452423257,28.656669307220362,28.77772734301496,28.090292786269682,27.199654802996946,25.371569407339713,22.94754844443742,20.580407907642535,17.526694360003575,14.574359444218818,12.133131605004468
res-amazonsagemaker-1257,2026-04-25T00:00:00+00:00,16.818220702394616,3142.2007294452274,24376508.595361512,27227514.711091537,4782.6466939207385,13.197926339920011,normal,9.0245225260351,7.496362644048569,6.230553587128389,5.968481114140641,5.946940200827977,6.577388371978092,8.767319723734696,11.21515680656165,13.934909113524679,16.758293176713266,19.556094949079693,22.274215883847145,24.449505134514823,26.35570445944391,28.03906967981394,28.550653947498848,27.40739684785659,26.12352104885631,24.95929727407763,22.588009625922137,19.68924608254326,16.758293176713266,13.758806884254525,11.207554598355589
res-amazonsagemaker-1258,2026-04-25T00:00:00+00:00,14.675788524117287,3145.5801470110214,25481120.011898093,30678082.263886407,4870.26154895532,13.172098218544168,normal,6.553382036215411,5.261519086971742,3.8781441220549016,3.709247254865007,3.5939508376534355,4.627086404871116,7.0583848682036034,8.88544220958142,11.855463433040953,14.63585446160804,17.534011438983825,20.37499943853432,22.540624728077628,24.162634332157637,25.594764861312697,25.632270915643275,25.545835639175884,24.73895300839951,22.491716347085116,20.532649067357426,17.560421812538607,14.63585446160804,11.70342523387082,9.112288579004476
res-amazonsagemaker-1259,2026-04-25T00:00:00+00:00,13.93719493371763,3255.3135597308083,26133174.10420727,30585473.690757383,5077.387496126283,13.675507032934663,normal,5.965197947873141,4.500455008183085,3.016007614575367,3.177028096782408,2.752567582722926,4.143530601913746,6.100935912054014,8.298428509537189,11.165879137712365,13.991518087002515,16.827446614349334,19.363146448443604,22.083660949958222,24.047607795845074,24.360799207660826,25.585395467037834,24.47239504325964,23.513143722155295,21.617341822982556,19.422329426602285,16.876912980079418,13.991518087002515,10.985059709830978,8.234372635658744
res-amazonsagemaker-1260,2026-04-25T00:00:00+00:00,18.31235309247414,3388.4516853246687,34505435.94506152,40933278.00441994,6800.175039420356,14.332159210382743,normal,10.199835632148387,8.887448471825454,6.992440731259231,6.739585555091785,7.733497566442729,8.533523136616944,10.368346222711851,12.621724352885707,15.295189131843054,18.28186312013708,21.06806750140395,24.138679522604463,26.38540490937354,28.420992186870027,29.122060020376555,29.809076407082152,29.299340050997202,28.365545077290832,25.901292460348174,23.879316839822994,21.21548844934339,18.28186312013708,15.398724513883854,12.557169238882928
res-amazonsagemaker-1261,2026-04-25T00:00:00+00:00,14.405405212099422,2721.2995182064424,31264414.61950177,37156033.1993986,6491.8526251327385,11.713048398118858,normal,6.384968446212092,4.7269142881269435,3.10993830025348,2.9459530222950705,3.1604483017770297,4.436622171036941,6.742273423414554,9.030347320664578,11.546858445806036,14.473623148408747,17.4515897211807,20.201817862042496,22.11902554156121,24.19488514048734,25.27233012211101,25.806348008247276,25.331945141674755,24.51058659922308,22.051774419347566,19.957069367126834,17.42276746803678,14.473623148408747,11.550539366708696,8.827476316234135
res-amazonsagemaker-1262,2026-04-25T00:00:00+00:00,17.18287917367585,3337.357438340029,31679269.357693613,37195053.73334614,6746.8268431546585,13.90910393852841,normal,9.17544122632847,7.061619476340479,5.92084018213634,6.4292241260413885,6.659833750993522,7.842029175505217,9.404587720012882,11.313525901004017,14.160586078401813,17.133617742713923,19.96426449605234,23.000268667449593,24.704996044131107,27.16847070786748,27.585274331497814,28.007843706465408,28.405092850083108,27.287884307649378,25.165940598412487,23.033278859802024,20.043407966548262,17.133617742713923,14.25910699696758,11.528347513101833
res-amazonsagemaker-1251,2026-04-26T00:00:00+00:00,14.879534388349057,5529.6,30113967.23757697,34808500.521905564,5944.901411123814,16.821341087944152,anomaly,17.68736067301564,17.064675545529223,17.69137561059753,17.395777994348336,15.664831346438422,15.67558524059914,14.397684561612078,12.67154811816292,17.591504477092567,14.907194441971697,15.885977744847498,17.22408974285407,16.566021944644632,16.915802370690937,16.62150101456447,15.124849490878063,17.741588624115202,14.168633275166655,15.79710391362223,16.189531183602142,13.790324879542215,14.943872782175536,17.957667466601276,16.173985831416495
res-amazonsagemaker-1252,2026-04-26T00:00:00+00:00,28.543224752754213,3720.3305830765767,34177158.37805307,41869532.22029084,57325.32780377338,15.896151001541522,anomaly,20.349561435305638,19.260436859637487,17.602138283773655,17.238336387454034,18.073186647525137,18.664300497901202,20.243278618334447,23.10063710237357,25.54426448945155,28.58768712089063,31.39696406566302,34.39078441602689,36.28369933767748,38.171706658642655,39.952924923727835,39.47559451482762,39.03488154747843,38.26584618374847,36.69525215455098,34.10765417807042,31.392463053964267,28.58768712089063,25.668978676859,22.94912979132607
res-amazonsagemaker-1253,2026-04-26T00:00:00+00:00,27.323308219310473,3908.195029397796,26735861.225050393,31044031.32673486,5351.00223229425,21.65788279503378,benign,13.690980054989371,14.603500046399912,13.249448156305228,16.849424009277943,14.999366477230486,13.204288896099024,13.269674901314094,15.728825899994572,14.757880350356693,15.006598156506147,15.284246851190964,13.750617913251745,13.950157831287928,74.2410430687554,75.63915374211011,77.20190184742265,71.96549185713425,77.72753934302116,16.582599404181916,15.419118082116178,15.412836548809608,13.871614513856976,14.599771187929857,14.753318123909187
res-amazonsagemaker-1254,2026-04-26T00:00:00+00:00,27.670460821912645,3280.4883217997312,29682375.86330679,36296607.89999861,5608.7710122379585,21.449556004038513,benign,15.21517122126405,14.377964074945979,13.014837563061391,14.473384967206755,15.662140237349522,15.370459694301305,16.09265625460219,14.60819524968761,13.974707015667132,15.800593041869273,14.266414854829407,15.433551243333971,16.884065793375846,77.51079054236118,72.17977688827601,77.16381975911973,74.14797921329134,77.13062926547732,16.73621008587364,15.579394850143416,15.17669276713516,14.052507023606962,15.710202043683111,13.528916075441174
res-amazonsagemaker-1255,2026-04-26T00:00:00+00:00,27.44498620937097,3402.422054588855,36069320.37412619,41917223.81035451,7506.566724275296,21.35044010758008,benign,13.308963329193737,14.071026838036321,14.676587257476015,14.20268481012695,16.100007181321775,14.670583954363124,15.588830205919994,13.520655738741215,16.819513372025725,13.415112055206267,13.695744172164002,13.58118100799831,13.869946293050534,78.93873477981417,75.71587200389793,72.62565305339353,75.20403825545625,76.02833988774505,14.292991313276872,16.956939920582755,14.884832785290182,13.413545266545102,16.439513688607825,16.65837185466972
res-amazonsagemaker-1256,2026-04-26T00:00:00+00:00,21.488653237974045,3982.587441312367,38859979.634755984,44264273.75322034,7632.65836187918,16.83641570349289,normal,13.543742428234921,11.549223233798608,10.411570603988952,10.036278386046849,10.895622513581994,11.311057800963132,13.236823468922957,15.927985317670428,18.623331461028616,21.485386874062165,24.490648085050772,27.224262740605973,29.4172588056064,31.571646738038922,32.38688186216908,32.8723888249805,32.81438452272059,30.960648830436792,29.23955527524173,26.965484378574903,24.508403592439738,21.485386874062165,18.62952467452795,16.140180418622858
res-amazonsagemaker-1257,2026-04-26T00:00:00+00:00,21.331889190427045,3664.4098163692047,27340286.293121807,31093768.027120117,5039.616506244743,16.529251008469384,normal,13.101011264700585,11.870203321287892,10.225356181198226,9.971785939015305,10.46428545686381,11.79159985307873,13.170613292782711,15.504732371019568,18.235191997247764,21.28810069280606,24.28721476633882,27.095890218611732,29.540378455243808,30.708686295283798,32.43846866356421,32.91682154330187,31.786117119804366,31.481359215073113,29.523687152188742,26.99089164126852,24.28294654460612,21.28810069280606,18.364513554296053,15.637384337861178
res-amazonsagemaker-1258,2026-04-26T00:00:00+00:00,20.885808472088385,3819.09248327483,28222133.69209171,32541681.21362302,5323.32791730046,15.748821730272706,normal,13.090643859779686,11.083200187197129,10.195726576241196,9.255324139941328,9.6322984871241,11.339004314155538,12.974253611646938,15.058516146583539,17.84592016267416,20.902026579524517,23.823740029268684,26.66569610474754,28.736881985432465,30.817858684971455,31.495278552694387,32.334151858424605,32.055044705034796,30.625513216699257,28.852041905835616,26.301890094347897,23.852134010282548,20.902026579524517,17.936279591650806,15.48395194633854
res-amazonsagemaker-1259,2026-04-26T00:00:00+00:00,17.3826830152419,3591.5059568640913,26215714.071996022,32192285.872673273,5546.916907740692,15.410796624036314,normal,9.385499042001229,7.726053655610612,6.529467663570863,6.569744012390304,6.902581525751367,7.978128046057166,9.466599962369406,11.68116254766109,14.282829745119622,17.33119122578556,20.266934862327822,22.802877449935888,25.401341504477333,27.49251022123398,27.885865375297495,28.309192240793557,27.856279206902773,27.410913355980576,25.38144624814709,22.82861174039551,20.152027811593737,17.33119122578556,14.36187708103223,11.850066615584806
res-amazonsagemaker-1260,2026-04-26T00:00:00+00:00,16.466500009483635,3511.175432714545,35197212.37309296,41963503.91336547,6976.123724394038,15.106937727989946,normal,8.296366478164153,6.521798225395887,5.439901763413756,4.86276705459777,5.800290029607456,6.488314923341439,8.783194999566,11.045304333267655,13.579702375163723,16.52027975421531,19.310478420682813,21.877815685561355,24.81065387437316,26.606113625469522,27.463599862269916,27.88523217005625,27.08877956045572,25.974889898731103,24.319073289838087,22.139306578342392,19.47600049259679,16.52027975421531,13.713115720662131,10.672741357619564
res-amazonsagemaker-1261,2026-04-26T00:00:00+00:00,16.8417105064622,3363.547890077176,33739090.94661187,41700093.68560179,6530.631870993451,13.960676446373355,normal,9.01325547248385,7.518428837647239,6.529666203432177,5.066892429871844,5.634571529281253,7.3943645105539595,9.07137575666089,11.480608882221416,13.830212654390657,16.85939437190511,19.899386009076125,22.228870870113475,24.537644786750434,26.771105496350074,27.963608699701933,27.978257703017285,27.264950015992007,26.610023639009057,24.54931966347295,22.427620002500518,19.671285326618502,16.85939437190511,13.956160312882135,11.08465460925477
res-amazonsagemaker-1262,2026-04-26T00:00:00+00:00,21.759795483601593,3678.4924407949798,34584844.14455553,41002381.170018114,7168.248584427805,16.82412239535488,normal,14.045521869448466,12.199144789696241,10.375238524706125,10.393255446403554,11.360361020690029,12.196365695843761,13.777723545377935,16.072796891876074,18.967001578306355,21.768948037935957,24.63426622678203,27.515063231422936,30.100381893539463,31.64661475078474,32.35101196662857,33.02237794194568,32.55918549510527,31.086866005578305,29.353266618777656,27.283878884745892,24.627161623755484,21.768948037935957,18.819710021229437,16.310001507922394
res-amazonsagemaker-1251,2026-04-27T00:00:00+00:00,16.087144842044264,5652.48,32799171.00809548,39914552.38013168,6800.349048260437,21.96661982682977,anomaly,12.882437833699896,15.868242593702409,16.104491389236102,16.14337278595424,17.623686592467042,15.041122161333135,14.77238651907079,12.340288023336111,15.539153617747239,12.497356676989806,13.066767046085904,16.32009036107273,12.118336540374129,14.44498417231948,14.926482448373955,17.693633168727715,16.35016946107993,16.61601867954684,13.649920662873718,15.71389192647477,17.116953459241998,14.184372468290682,15.810322876053693,13.655014436814367
res-amazonsagemaker-1252,2026-04-27T00:00:00+00:00,46.91888345335787,4965.1720556833325,40017910.00784339,47932206.708748855,67655.78291986758,22.287356948871206,anomaly,36.77849295715246,34.33214991256865,32.731802215132774,31.73333778870741,31.780035458334563,33.417259572474904,36.54334564904355,39.826155743165984,43.163384531352705,46.957177249378276,50.79362116402816,54.16721224853278,57.06889523234545,59.659399458187885,61.626025669468106,62.05894487221979,60.96035001375862,59.670840823852956,58.01825793503711,54.335998672746285,50.955765850057894,46.957177249378276,43.247250430427826,39.27032218323643
res-amazonsagemaker-1253,2026-04-27T00:00:00+00:00,27.028810184761728,4743.454552131182,30114240.722986538,37824124.74843056,5962.380640382464,21.180847383269903,benign,16.684793449598097,15.712349747875372,13.983115585696115,14.733386842116692,15.018977828816917,16.419221602894122,13.349867565828646,13.407579478686777,13.27970176898188,13.839953144210186,14.522922058520736,13.281082259462213,15.651701288153244,78.63617797701235,71.19466846012249,73.27441229190123,74.79965877725544,72.7819212927126,15.629128393653497,13.334324041666918,15.51941521967251,15.158859072116783,13.631092589092278,14.84713369823445
res-amazonsagemaker-1254,2026-04-27T00:00:00+00:00,27.312406366593933,4627.241106448399,33726279.913245805,42347333.16853672,6629.521148077374,21.45012802695288,benign,16.295761280172012,14.163013186910703,14.359132362481384,16.69914174555102,15.790296070801196,13.861610516934707,14.207200757430062,14.808710207019459,13.294784864006193,15.118491814628799,16.73559045412042,16.915136981750113,15.04447293100799,71.29596846015818,77.24078333494911,74.343484655646,74.42569422837632,71.61525604980031,15.581333929417962,13.353577222195629,16.666948209311613,14.988887377202074,14.458449551647151,14.234026606735993
res-amazonsagemaker-1255,2026-04-27T00:00:00+00:00,27.72477736841451,4532.077183603078,41824766.06165844,51454096.63953084,8158.437884985942,21.530664113729927,benign,13.879635371850167,15.091954107526437,16.95963431410672,16.813121076132955,13.564751200698135,15.343224040366701,14.56393614258149,13.52432064170435,13.72844608543364,13.385400172886524,15.759946049817014,13.832624735268162,15.613285718669259,78.73092068669891,78.32556687314333,78.0747201089273,71.26623968119183,77.38791168920322,14.699565240105539,15.471266450363277,14.648826152058858,13.650916026554897,15.43533884407068,15.643105432588904
res-amazonsagemaker-1256,2026-04-27T00:00:00+00:00,33.44109371092756,4411.053580044124,42737417.477298036,50093968.667817816,7858.017703060122,19.445535880714747,normal,22.795490502277545,20.2275268940957,18.427620667718543,19.07787368320789,19.202973295429377,20.15945957517352,22.397264223528296,26.171291805202586,29.49679920604737,33.3917626775408,37.39916492033305,41.218673385152506,44.481245818941986,46.85528982413615,47.32302213523814,48.90124291835202,47.232091690179914,46.37534007024526,44.35320567523661,40.96867682230749,37.3196315838452,33.3917626775408,29.325354943329025,26.093484067201732
res-amazonsagemaker-1257,2026-04-27T00:00:00+00:00,37.74472323489158,5021.495420579399,28781877.557272933,37590576.81168983,6108.92009076948,21.940225000536536,normal,26.929228758227694,24.817200024518133,22.596308191065155,22.56336571651179,23.97926985352045,24.181393015366815,26.68349864855524,30.19974197968735,33.95395248972589,37.785541566821834,41.7198767285808,45.08898802116629,48.465105892388785,51.07662272302715,51.74019855487977,52.97267479240914,52.49651309300709,50.97624528016272,48.52194370868441,45.46495939971551,41.47391184744825,37.785541566821834,33.98100209969581,30.420273685410038
res-amazonsagemaker-1258,2026-04-27T00:00:00+00:00,35.305811865625614,4829.030163956913,31139791.723961912,38082816.89144109,6449.896728098753,21.088156397029334,normal,24.32073821524785,22.296501518273423,20.227965579350066,21.020584563008768,20.857642932735004,22.704622623964333,24.515015457120505,28.01931143059261,31.43310039853972,35.35978179573448,39.36581614162381,42.67090523075992,46.31646346666935,48.223418273527294,49.63801196114578,50.958124603289995,49.1559561711296,47.91216398159017,45.622065516763385,42.76529462441106,39.206533829914875,35.35978179573448,31.527477477153436,27.8622071867348
res-amazonsagemaker-1259,2026-04-27T00:00:00+00:00,30.618079833856314,4276.206820953045,30195388.581528217,37734933.7414703,6435.902023407051,19.140780571869797,normal,20.18782034396057,17.642450780788863,16.583764382562194,15.085512897019129,16.530098158495385,17.48313203445798,20.00897173581317,22.853096760060147,26.711961199438292,30.57720354421099,34.47798370103792,37.99224441081233,41.317771656816824,43.171128032928976,45.599400454484915,46.074056974112224,45.189632002292065,43.61208605682393,41.115419119196346,38.06162353032607,34.383635475376884,30.57720354421099,26.80263087606192,22.79508834126345
res-amazonsagemaker-1260,2026-04-27T00:00:00+00:00,38.66648857458185,4928.9226482736685,42134934.090019025,53583724.49472271,8824.357315546556,21.874039986199342,normal,27.93973687983622,25.16884514097807,24.14717303713669,23.9250748708019,24.16131162706208,25.757429675336063,28.11326897436188,31.48625655914323,34.79241718519151,38.67047108525933,42.47384098865081,45.94847717592114,49.090228582306935,51.745762310241496,53.00605833908489,53.90229388813884,52.874966799338225,51.94163119464251,49.59480562323506,46.079643848961496,42.38961956680281,38.67047108525933,34.83169649395029,31.28424485832362
res-amazonsagemaker-1261,2026-04-27T00:00:00+00:00,34.12297420916149,4577.885640844061,40565563.30007378,48517035.08771226,7804.096346108321,20.499369958561758,normal,23.086402394845507,20.919199557154798,20.210832739170698,19.37959280353207,19.486984947886288,21.637095962212133,23.808681312067954,26.77572734352166,30.354745780437153,34.06328967054941,38.046174388875336,41.87670822851854,44.339185149903805,47.2001234026077,48.157305882862346,48.72016812871199,48.77216834685248,47.33102209969516,44.8585569873533,41.305686218663986,38.03501374514319,34.06328967054941,30.178529510642857,26.34489674811802
res-amazonsagemaker-1262,2026-04-27T00:00:00+00:00,36.92824953863008,4776.127766077274,40262036.94433567,47863343.36798639,7617.325957496844,20.311141565427643,normal,26.060296388585314,23.582677316720776,22.2939053795809,22.285085069760363,22.97650199702421,24.12619352260082,26.467793213782336,29.146029727108743,33.177729733145966,36.97446103048885,40.72162746737282,44.66775122227717,47.712090551804,49.323291051195305,51.505130779764954,52.189520560042254,51.05173310311565,50.021531963241245,47.2501358616665,44.2048434322093,40.760482903804494,36.97446103048885,33.263442337191115,29.54127328414997
res-amazonsagemaker-1251,2026-04-28T00:00:00+00:00,14.691909368998752,5775.36,35708560.82011081,40093522.19746696,6540.528618220402,22.60392799261878,anomaly,13.06430072405806,13.282397463077439,17.562397362591845,13.634006089783622,15.525943342751834,17.202892831724547,15.032984519268211,12.851622615000082,12.75993975211833,14.707180077336105,14.05987922278654,13.84266323229183,16.93571494303123,12.129046823370434,14.950199996333382,14.642724940682214,12.692170441485132,15.27051353847905,17.255826393768594,13.15896225561766,16.79208545926153,17.18785325632261,15.918986136580372,15.536917625295722
res-amazonsagemaker-1252,2026-04-28T00:00:00+00:00,50.75063634486403,5380.873397635594,41996371.733622424,50675997.23534167,65754.10281279183,23.620011913071348,anomaly,40.492709945997255,37.63540582607335,35.96332811510749,35.55240444405477,36.52998213847184,37.7339881610452,39.72111318139478,43.0770952479792,46.7932497426543,50.77567685069375,54.82987351548073,58.253400242665755,61.68455051712386,63.76463786570664,65.88162185288452,65.69193367304587,65.35946196593335,63.78579760685297,61.2382262687575,57.98948884438493,54.77288805139508,50.77567685069375,46.758335223257596,42.954426145082174
res-amazonsagemaker-1253,2026-04-28T00:00:00+00:00,27.266035370955915,5477.564208403503,31351830.692935515,40934683.44914693,6782.307559994159,21.282537964504797,benign,16.484430985074702,16.03683835281595,14.808008518359586,14.364377642978152,14.820651877925886,14.219069867256897,13.315897561558813,14.2167490563865,15.964889981955137,13.19590776845123,14.232924056605404,15.166410852619963,14.366637294899682,74.27099097856944,71.8748591765545,78.3919879679393,75.2372410370873,71.68503664540007,14.849591393941088,16.198734557170276,15.601929968946733,13.761012438354506,14.453258417470831,16.867412504619967
res-amazonsagemaker-1254,2026-04-28T00:00:00+00:00,27.23306930364986,5044.835154232117,36104509.891962245,45287578.66817802,7577.270664727943,21.34809987364935,benign,16.418943965960292,14.035081255214319,13.215847204324273,13.050541187043795,15.16377785521997,13.352721980868003,13.91323135340798,15.972837309007263,15.965331766340256,13.077473172100945,16.76186600983339,13.97023618009031,13.126276174338315,78.70373851540413,77.3664866626301,72.41382911319069,74.03291430274018,73.71705858660685,13.17848788229708,15.958116856200114,14.808843610050218,16.860875541180317,14.175455459121544,14.353691344426403
res-amazonsagemaker-1255,2026-04-28T00:00:00+00:00,27.191835085616486,5014.534288290995,43711153.35189264,54888674.77355104,9013.842785951974,21.95041846436746,benign,14.618760440407002,13.139015762509004,15.261834922643873,13.593182191924809,15.297626498922465,15.588210282069808,16.068749240080884,15.882777300458788,13.9110036218221,13.816065477395464,14.353008594997489,15.430728153331748,15.557201733236429,75.16524000212983,71.7856343224302,73.76910483639189,75.06708198640634,72.14256463676098,15.934388985828964,14.196312524007887,16.33208745142437,15.917663701574444,13.196098418037614,16.579700970003167
res-amazonsagemaker-1256,2026-04-28T00:00:00+00:00,42.71503465019611,5139.8589349714775,46312337.376885824,52673268.42398475,8782.207963114164,23.693012107991304,normal,32.634054507169175,29.26125852749818,27.80987945925544,27.080043392497192,28.69148408512493,29.630514178890593,32.17313060794921,34.95346334131893,38.69617163974653,42.735246784539,46.49731719992623,50.57155827565039,53.674017211803545,56.01738468335295,57.016666251432554,58.19273378487725,56.57484674178436,55.14566090546539,53.65588742051207,50.572364017585734,46.75903527665898,42.735246784539,38.95995155546735,35.12291497166156
res-amazonsagemaker-1257,2026-04-28T00:00:00+00:00,39.694333019225375,5081.59234906645,31390934.131800923,37005866.16714171,6340.939920161413,22.414186522703254,normal,28.768081778116304,27.025383872274453,24.780231659420505,25.32055893030105,24.946758123794904,27.194950306987494,28.962408722160134,31.74069674514788,35.53072486400399,39.59003275195863,43.38474353809725,46.89611469307178,50.682358316339844,52.84599937277142,54.61869460488373,55.13154791499573,54.70127416207707,52.25136815035437,49.829312285523436,47.41837788667919,43.36648987471225,39.59003275195863,35.89075112254015,32.197100033238854
res-amazonsagemaker-1258,2026-04-28T00:00:00+00:00,37.191251288244636,5159.993683649731,33191619.993986182,38969510.947920196,6707.218980370628,22.40574176006638,normal,26.244682243370665,24.065466634405304,22.427819521871548,21.997111400495086,22.537471737720796,24.578669246831154,27.05912465715491,29.322497659524,33.24537075553148,37.18767039252217,41.186057461916896,44.49972718903992,48.02776352533325,50.37724627778698,51.85087679819455,52.51864001108372,51.0871240313109,50.4495069340967,47.87701290690817,44.65021674843684,40.91836390860898,37.18767039252217,33.41652202685631,29.877418456348753
res-amazonsagemaker-1259,2026-04-28T00:00:00+00:00,36.24788538469368,4938.205118078962,34648754.944273524,41278435.67762887,6780.22797832028,22.13552008517994,normal,26.179901098314218,22.866486220547007,22.103711042872376,21.098689568097704,22.078164192792073,23.78236718122086,25.221594866996043,28.96573659537993,32.21328534643673,36.28580819894089,40.03422258507064,43.69366554337313,47.35757901682375,48.91948059791663,50.12101876919686,50.78576058632275,50.69195219811584,49.334390078108385,46.66849095586097,44.05557819872613,40.09164994692919,36.28580819894089,32.37538982067189,28.738518424993472
res-amazonsagemaker-1260,2026-04-28T00:00:00+00:00,44.16292001023286,5406.041066540218,44121815.777523845,55857478.62294237,8766.737186758608,24.351619886943247,normal,33.15396118728755,30.953743135044164,29.350941718685867,29.00480564360383,29.702326719806422,31.240886418772938,33.34906553241918,36.453622372225695,40.30754504164205,44.207464227856406,47.949637338955505,52.06886869317235,54.83217001800775,57.66657158234639,58.41141343551469,59.3595757163418,58.982113502594814,57.44701094329773,54.88801584971995,51.570868826102256,48.18897659545172,44.207464227856406,40.173209927505084,36.43982159137796
res-amazonsagemaker-1261,2026-04-28T00:00:00+00:00,39.22757044643478,5181.175438295823,43698917.36398197,52568815.15372453,9057.541881600077,23.010044238263344,normal,28.27304660234332,26.641737675684684,24.447179870977337,24.421574427283176,25.058857945882426,25.978008043105927,28.497369976065492,31.834232875515724,35.18640034059642,39.248318579756756,43.17870664912874,46.86431881242653,50.20443841042727,52.47897101948742,53.99217224715427,54.19829654999032,53.04507183445651,51.7026261213636,50.19433489784949,46.68369939327099,43.02281825549501,39.248318579756756,35.40629955694732,31.65489204946931
res-amazonsagemaker-1262,2026-04-28T00:00:00+00:00,43.90986160357202,5599.358528998011,45745109.81024246,56256652.937879324,9193.787919507055,25.024903574192525,normal,33.71714433808284,30.695664141301783,30.08065427556585,28.583701874533723,29.605643094601017,30.71155325289766,33.73822288794878,36.55785059807311,39.82805941571764,43.86383587200718,47.71483542107195,51.39103609478924,54.36136975157629,56.57862986326253,58.30976255629574,58.30771636936581,57.98215347177951,57.39033396341335,54.96310852250217,51.38359452705316,47.55440106693674,43.86383587200718,40.06643657051335,36.58713468443198
res-amazonsagemaker-1251,2026-04-29T00:00:00+00:00,13.225990335889676,5898.24,35097680.07108578,40052160.728722915,6640.340462628805,22.774633912268484,anomaly,16.60930921301145,17.048226350934762,15.269355410287687,15.969808499318798,14.355385043264652,12.002546448476522,14.076725712426644,16.812191599429156,14.88908003485919,17.79021684139629,14.43354602251366,12.165197933973028,15.209168158488467,17.037441833778573,13.61808562434022,13.329427755559134,14.63644520778583,12.95831637842384,16.55857457663304,14.661193468580048,16.417750914586783,14.120859599438862,16.31852884931539,12.243443803220352
res-amazonsagemaker-1252,2026-04-29T00:00:00+00:00,48.91012729440663,4970.581274263612,40699937.300520584,49508250.145999424,63192.46201209823,22.97851649433841,anomaly,38.59014979889273,36.284803895978904,33.75043029565899,33.6932478312143,34.42481545946307,36.51131726556522,38.772617548182275,41.21388567534878,44.98203891350391,48.86063520031887,52.58537912598955,56.38998440461973,59.30177949314283,61.230333670504436,63.76528168400637,63.40735345938068,63.81568453351699,61.82497213615188,59.889081655131776,56.12201534718587,52.92222168627927,48.86063520031887,45.10972455351544,41.53466623188842
res-amazonsagemaker-1253,2026-04-29T00:00:00+00:00,27.23737802626172,5200.548667940339,30867780.38013288,36404156.67220944,5885.106490672676,21.27259471173858,benign,16.32634021718962,14.523026392999924,14.738190890033056,15.721784627850717,14.975777377738371,13.545781728299499,16.419571758159893,14.191465770246966,14.345877825378569,16.077216001184887,16.181338084483794,15.371739024307004,16.21507475205181,77.60116675657486,75.54729787884973,72.90360669012057,71.00564372664961,72.27422610551453,13.132730378591459,14.26839565527249,14.484504948457646,16.346640585800017,13.743700825028132,13.755974629498112
res-amazonsagemaker-1254,2026-04-29T00:00:00+00:00,27.35848173439415,4821.145648468771,36208796.276119575,42304752.12363287,7644.806993721633,21.33991823583149,benign,14.8722135841265,13.21298374720484,13.059026568997268,15.71883274985341,16.687402569165272,13.417786552368362,15.192296202440843,16.89578900527818,13.647945997079368,13.900451520899574,13.881465782435205,13.816417236743597,16.72271385628207,73.85561984120432,71.0999876762607,73.21953811703659,78.5890358208559,78.76701667830157,15.995091126164425,15.12849720357447,16.698982679760384,14.51284756973878,14.138121413934083,13.573498125753797
res-amazonsagemaker-1255,2026-04-29T00:00:00+00:00,27.406195542133545,4990.710973259131,46030935.8563609,51949539.26480494,8842.86154948833,21.43124480891905,benign,14.443429078658511,14.580256703635193,14.091992615732078,14.049397444513978,15.834651131059328,14.33707390448365,15.114429804380679,16.778618729766563,14.573246528391238,15.389520444474474,16.57612583510288,14.075765620548214,15.3528551816709,71.95320800382906,75.56093017285514,77.69983963261414,77.47917928886824,72.75413956502979,14.284793065984946,15.067912490998445,13.50127247089454,14.490954427428065,15.728608975147953,14.030491895137121
res-amazonsagemaker-1256,2026-04-29T00:00:00+00:00,40.56301207753084,5337.305187765483,47212265.39163737,57849939.79496726,9317.467555294495,24.276281787065017,normal,30.305786734157522,27.06667725861002,26.684218550837997,25.627024542160772,25.565593681885304,27.32603448885171,29.731850372833378,33.25214020230447,36.61136721914857,40.65511388123519,44.56844033350998,48.168213514915614,51.32417238438838,53.976181212296,54.771936449959945,55.08432842671726,54.676910098848225,53.77394124033853,51.11023381896253,48.20321925371858,44.63533303224691,40.65511388123519,36.651686204704234,33.08677307687387
res-amazonsagemaker-1257,2026-04-29T00:00:00+00:00,43.55357536456586,5622.8666741736215,31421035.03133274,40310585.30282347,6879.598167587015,24.783465467373027,normal,32.733750453296906,30.604728089980476,28.594281424378362,29.10986425582362,29.237575691415483,31.02458183161944,32.65254507358659,35.77335023837861,39.70393044787902,43.59773813986605,47.66309644337959,51.014585658226416,54.34264894048791,56.41266266973773,57.62544246335256,58.501129099114664,57.48566489780502,56.476181557656076,54.45118329606615,50.994901230228656,47.60990867271951,43.59773813986605,39.847309612876955,36.231010421838604
res-amazonsagemaker-1258,2026-04-29T00:00:00+00:00,41.99850659284078,5389.822155170183,35350571.23528179,41743776.08432167,7014.507667949718,23.317480637160358,normal,31.052987193642956,28.66244972966402,27.65934452205519,27.54913510675485,28.11125600102681,29.295518877097436,30.945252502794087,34.22826217325986,37.96385921274791,41.9756567907069,45.76495993619092,49.38965559323723,52.77921561086409,54.499386787128415,56.75633662334425,57.54176948018636,56.1733856174693,55.00996897455031,52.87026700042234,49.45316441947867,45.78701583412881,41.9756567907069,38.1793536842691,34.340299766452176
res-amazonsagemaker-1259,2026-04-29T00:00:00+00:00,41.70559547866372,5316.599488293009,33220210.904560853,42456747.77752441,7120.940256402511,23.234205881826075,normal,30.945362940562774,29.267694321196053,26.63732552777121,26.870411863304565,27.071271957951915,28.817852401737184,31.224190949541832,34.371851152000524,37.82982958404935,41.67043362193953,45.449643458462106,49.490661096300386,51.87057788782594,55.15096420470408,55.633655522225695,57.03869958254962,56.11781809927379,54.993329952995296,52.07288022247614,49.391859290333564,45.47298084787507,41.67043362193953,37.60220273312604,34.27236064778697
res-amazonsagemaker-1260,2026-04-29T00:00:00+00:00,43.05101953124921,5418.890329425128,43039487.75393391,56884232.842259064,8631.11976538293,24.26000609018336,normal,32.37716677605735,29.465568904636662,27.92554999819089,27.72556264208163,28.64383260849064,30.599055502034066,32.060581624975356,35.638713241558214,39.19188541256246,43.07045572908593,46.92639875587903,50.437206265562786,53.49587813797953,56.61818274226106,58.029863593722226,57.68211084588623,57.30208295068071,56.5829437286132,53.44338797915839,50.94132726537442,47.05356566834312,43.07045572908593,39.305394757474154,35.63729789028688
res-amazonsagemaker-1261,2026-04-29T00:00:00+00:00,43.97671153200711,5404.859712571438,46415768.861232296,53557132.86269645,9294.565786874593,25.07042999571674,normal,33.83540144364258,30.627458997276545,29.455380725359014,28.75279350456484,29.11277717630455,31.12757816360292,33.74603029658146,36.656448118091205,40.26108645278807,44.07158771377843,47.77450103745919,51.703849785358074,54.480140288883575,57.127694895141644,58.32660639227134,59.044195203966645,58.447734779891775,56.63073471368321,54.31803072850281,51.23662404320181,47.87068554114031,44.07158771377843,40.14228424400698,36.619864808895386
res-amazonsagemaker-1262,2026-04-29T00:00:00+00:00,45.6048256215062,5693.043778476617,44331974.551833704,55468687.65691671,9258.541694401289,25.926052698806007,normal,35.21241610778708,32.48513476907131,30.72384449386353,30.957205662277026,31.77447429143473,32.49215674552863,34.55291907325801,37.94681782851545,41.73752797102484,45.54334793388169,49.39223618532279,53.044545730657205,55.83426136598349,59.114290903864884,59.85157500718354,60.66849426931248,60.0730128575575,58.758698000503045,56.62581626576219,52.87007289872017,49.42352053907021,45.54334793388169,41.57688711348837,38.31321096819885
res-amazonsagemaker-1251,2026-04-30T00:00:00+00:00,14.52392077788841,6021.12,34121325.000424,41033043.39299537,7236.406315726572,23.75793491387162,anomaly,17.310167978777606,16.16197113181726,15.812432608363927,17.577512988249392,15.845790005024469,12.056277442647444,12.537497366316593,15.560753168580655,14.571974574531048,13.634347640844643,17.278943987446354,16.889649217425813,15.723164641104113,17.701159569652845,14.736987930506732,14.254340808761581,12.804648099313722,12.289642002589604,17.7279309169037,12.549547062475323,14.290518878979649,12.738355225318465,14.10620206395413,17.12673985862608
res-amazonsagemaker-1252,2026-04-30T00:00:00+00:00,54.30171775941975,5418.758480851976,43911031.54612075,52951810.82133746,73202.41816788497,24.796910587387142,anomaly,44.026098552593474,41.501177751961144,39.263816261549756,39.55394149874619,39.621549333550874,41.91444359861704,43.43306196333901,46.6532522181488,50.59041550181233,54.34923993303664,58.247767026090536,62.14621364533152,64.86937092148673,67.44907308948913,68.41495985245541,68.71260632627227,68.27354215440519,67.42820417650128,64.75533850164554,62.09855057478811,58.36423157687625,54.34923993303664,50.497810346874765,46.727321487465275
res-amazonsagemaker-1253,2026-04-30T00:00:00+00:00,28.062904536614052,5525.2655299988755,31802614.275713254,39741869.88145158,6343.262530886634,21.20776508227318,benign,14.180727227719647,16.794677516878053,16.102874664495644,16.955642838879402,15.416363988107896,13.29756401192412,16.82833353631721,15.474683541015812,15.823523822852806,15.098241703034905,15.945493037345832,16.190062339262237,14.41605250910889,76.04300339897729,78.00884287484882,78.37804006326074,73.4439673172959,77.5123224926665,13.00424816907218,13.600703525186436,16.99586552199449,15.715261379089736,14.356737276075684,13.926476123327014
res-amazonsagemaker-1254,2026-04-30T00:00:00+00:00,28.08397814143034,5312.508068042514,39525112.12158228,44980058.45006998,7735.4406908322335,21.516659845542843,benign,14.638314574264287,16.643600722642635,13.490025297413876,14.97203616809803,16.212462072709194,14.983077609836254,14.531656568705218,14.50121009873492,13.669522858661976,15.091036374995733,16.08440787652154,14.652746866203454,13.909859262754956,77.11987662055299,77.21267785444067,77.79504190404744,73.91837838628024,78.00602551342907,16.742912036762874,14.642230096649465,15.174158650155682,16.955587453103632,16.980537456857995,16.08809307050604
res-amazonsagemaker-1255,2026-04-30T00:00:00+00:00,27.380397791507985,5450.600544095479,48198020.416665204,58805966.950171374,9969.598679119032,21.33451008388802,benign,13.913230252018886,16.852462860343817,13.867993790184123,16.198383695914064,16.757745805703667,15.115367048203552,13.445864459451183,16.058493394848707,13.731307068440147,13.261459260734327,14.367590906837242,13.599907529346279,14.787241475913774,78.93136002267335,73.32155642099684,72.14533093924231,74.77944495723344,78.18302234451687,13.576779138026927,13.734535996622519,15.676408104565509,14.691510544272212,15.652584242918428,14.479966737183414
res-amazonsagemaker-1256,2026-04-30T00:00:00+00:00,42.76459590850775,5384.849988109244,47545091.755702145,57624992.55213848,9368.905411794582,24.067810702804106,normal,32.58937423299237,30.042935173784702,28.40733760156015,27.23330203372537,28.218212209220567,29.856244630754624,32.00706815841551,34.8736931055065,38.8060728431275,42.69555854412233,46.636648588292864,50.432483129903154,53.262926821874146,55.916749708244,57.487263653975226,58.156993140127696,57.71722558037917,55.81656862188597,53.21316424141299,50.0635889551808,46.61978279134091,42.69555854412233,38.75167289034768,34.84987660388961
res-amazonsagemaker-1257,2026-04-30T00:00:00+00:00,44.7439291538426,5581.341075377038,32514255.9834389,38567728.2474627,6901.446669066258,25.556745395538286,normal,34.018029122479376,32.44341447226617,30.02769172949162,30.175924826464808,30.003386926000083,32.11745454211165,34.32509979849897,37.180365958502506,40.76681241457338,44.79145481688279,48.736014260515,52.469032727231934,54.92473128136157,57.378430532490334,59.576097623100154,59.11950564221427,59.17794392701601,57.30624583219251,54.986037802018664,52.20572806339285,48.62930701131536,44.79145481688279,41.04116177384566,37.66297379137398
res-amazonsagemaker-1258,2026-04-30T00:00:00+00:00,42.62413074622652,5148.315672402373,32652728.422786176,40434712.07833458,6547.894527544311,23.54096884863884,normal,31.710646764002906,30.150991731744483,27.349561545713833,28.2397833000817,28.542912527245928,29.959680949086902,31.57574871500812,34.68727905626608,38.527663276808205,42.56161451070758,46.467495031859954,50.379464618579114,52.72819454303688,56.18935097325162,56.57533577753404,58.14436630658622,56.84908398779896,55.66641446785276,53.66153294819277,49.772673296274135,46.51615383706357,42.56161451070758,38.8131737478525,35.34840148618065
res-amazonsagemaker-1259,2026-04-30T00:00:00+00:00,39.724866107241745,4874.692315673616,32830033.723032195,39936898.87550827,7053.927101154727,22.43603164647806,normal,28.920608295836786,27.331421286761604,25.577508106909114,24.60912098166838,24.798389947044488,26.053177539517968,29.12336661068502,32.0510397353792,35.66878332564777,39.675363932274834,43.74540169778788,47.361624467722514,50.381618298190304,52.85496409250871,54.33610991445852,54.714323076894544,54.50545591893032,52.33926170458676,50.73080199616291,47.15388835490215,43.71894576428829,39.675363932274834,35.72702478164876,32.34322281172008
res-amazonsagemaker-1260,2026-04-30T00:00:00+00:00,41.48210145769529,5112.436445724097,45697697.97156404,54461338.12407058,9004.829639954662,22.818130916556253,normal,31.16259797722628,27.949625198040437,26.864573567429197,26.482442709948664,27.380679815493696,28.033288668607362,31.420643208280843,34.414208549941804,37.65366779236512,41.539805237855106,45.279100428395644,49.21778716979616,52.44473088051174,54.56688615280618,55.654179020663285,56.03924765690376,55.952519475584,54.36377428080593,51.82375730811359,48.95667938241056,45.27540710931946,41.539805237855106,37.68047586286184,33.87455229347123
res-amazonsagemaker-1261,2026-04-30T00:00:00+00:00,42.17165055950116,5565.949426675455,46519456.32623805,55478766.51658683,9148.001322591532,24.86164497788217,normal,31.75454576498499,29.759922985272567,27.327153854255705,27.90842707724165,28.31767384730042,29.157890637772645,32.009996605768436,34.63050553188435,38.2422365269003,42.22227490631984,46.21364227410872,49.55113171042099,52.46192386563299,54.72726943808527,56.203727260826085,56.6412513615691,56.29189938343265,55.43755456041602,52.3074514702943,49.425666176963404,46.030314356895424,42.22227490631984,38.41402063739443,34.86085828796768
res-amazonsagemaker-1262,2026-04-30T00:00:00+00:00,41.68484145006794,5157.127952135846,42068935.85647722,51280248.08877765,8975.49875528693,24.180226586827203,normal,31.521574491604472,28.086129701154725,26.873181626016382,26.452268009383662,27.8658335507236,28.520146738845973,31.329717587323966,34.247848433569565,37.67378234635932,41.69297838171026,45.497050022983984,49.331239747762325,52.63799668994207,54.128776874714866,56.66431202027026,56.30435942310476,56.0919367076701,55.09085401199245,52.05190083830332,49.236031451624,45.45085694874337,41.69297838171026,37.99957093594058,33.99486988017621
res-amazonsagemaker-1251,2026-05-01T00:00:00+00:00,13.804307657441651,6144.0,32532528.494748805,39788945.52389579,6520.396174402127,20.85805780128237,anomaly,17.01051836296628,16.012079162586076,17.12813674237666,17.40384432042315,17.06786506853312,12.535647053396003,12.814083622165043,16.616512122492413,17.7113073381795,17.738909442658816,15.072855318666889,14.741146200084781,16.933291382232213,17.994134636791955,16.039141498844305,15.80908721091879,17.053750966890206,12.932968297027774,12.688020338177308,13.549006969667177,14.685720597015319,13.72455116499949,13.531853998410641,13.854703052861945
res-amazonsagemaker-1252,2026-05-01T00:00:00+00:00,41.795994352619104,4418.101612450576,38531317.226758525,46541140.84381622,60888.88790728138,19.83280587045144,anomaly,30.94059467058974,28.900565588249876,27.687016016414415,26.750134992308674,27.353241815460855,28.94607078906753,31.48677487459169,33.900891278989064,37.82218385618455,41.74209920799633,45.43905981345418,49.20538330871139,52.576799181930724,55.012851087588786,56.07302478374214,56.855987623603404,56.572691092677154,54.77998497712415,52.38635311874792,49.10261426395283,45.537755692315336,41.74209920799633,37.78355371173575,34.506133509425695
res-amazonsagemaker-1253,2026-05-01T00:00:00+00:00,27.35369846231268,5077.436692709699,31377696.783316117,37188868.98802236,5932.441549174454,21.338119955706432,benign,15.759014454545014,13.674949323584906,14.845783031414982,13.7336180154708,16.819725125117724,13.10663357015296,13.177728403673516,13.342642645626471,13.84342876055217,16.552547921231593,14.718804979759136,14.573330324776709,16.52989046419271,77.07898159360623,73.73895378100906,75.63845016074532,72.44054451424121,77.19277438638605,16.535149064571527,16.181793550251093,15.62810142368389,14.030315493424872,13.872246048143566,13.473356059342759
res-amazonsagemaker-1254,2026-05-01T00:00:00+00:00,27.29362091804982,4612.225123140804,34265199.1525101,43109603.02739385,6807.954404485844,21.391597173491146,benign,15.514600584417348,14.155138414427736,15.862752030561735,14.787105922020142,13.689496736640214,14.65454361299038,16.790560434545323,16.65575584736098,16.73727332305185,13.173127705280784,16.200061012514308,15.113361528291701,16.284190436415436,72.37436720340659,71.04685714328411,74.09736720661337,73.70843884731265,73.34266479017762,14.736668169346867,16.916764249486583,14.133380670577925,15.302130194244686,15.39889552786386,14.371400442363422
res-amazonsagemaker-1255,2026-05-01T00:00:00+00:00,26.720394134490146,4432.400698372948,40724146.72489588,48925721.17759687,7814.732753542694,21.379853822948505,benign,14.431183275930557,13.836680716911117,16.263004852720915,13.0431618765782,13.554157966607178,13.859662583789055,13.357388450617034,13.64263964235939,14.501450601096675,16.380295963798613,16.136638381036274,15.077042954495393,13.244450157479571,71.21844284615965,72.08750881629972,77.24113925951242,72.78256427166373,74.44367226446612,16.596474120207713,14.414054349099656,14.142867844284034,13.387173930879074,13.1113206590864,14.5364834426849
res-amazonsagemaker-1256,2026-05-01T00:00:00+00:00,38.62853009423135,4773.532357160384,44938676.7837371,54222111.51716988,8616.481428982566,22.123457586085703,normal,28.286539618995924,25.789979648562444,24.629165132509996,24.015843437629144,24.66731807631333,25.713694851942385,28.31808553278563,31.031764591205025,34.71124846477449,38.483756999373774,42.47927813224084,45.642590513417915,49.07728745988999,51.17374451812315,53.312998589625145,52.949361275545584,53.62232499737186,51.90946074617684,48.9006232206618,45.807092417052345,42.29476218011997,38.483756999373774,34.63820414082775,31.145840717033302
res-amazonsagemaker-1257,2026-05-01T00:00:00+00:00,33.93930085789324,4612.220585004951,28392275.738611966,35691850.25481143,5779.554036373727,19.631699357640702,normal,23.255901179665337,20.413883175014085,19.015476895226893,19.321126721563914,19.959006230270123,21.261904653802404,23.256597214913555,26.041774862339828,29.90832305398898,33.9163609646063,37.902080937764644,41.74876459480225,45.018356723032454,46.47802868416206,48.097994061485736,49.5099723442734,48.69761399605635,46.386824326893056,44.61239417431456,41.5477411872819,37.950083074253065,33.9163609646063,30.208554863879716,26.118095705240865
res-amazonsagemaker-1258,2026-05-01T00:00:00+00:00,36.61994736550912,4770.537113839433,32181011.712980255,39196843.47452102,6359.691572357038,20.378895243770597,normal,26.05673851337368,24.02287730460234,21.633017882107204,21.029729622286524,22.56656582663213,24.118429594986914,25.523111758944943,29.394707158537205,32.64810265735461,36.59101258879019,40.46855043312846,44.20783750086434,47.03912495302194,49.35807242324619,51.062253859444155,51.69554172539519,50.713382292552325,49.50178549179715,47.540029813444804,44.41100968613202,40.43958306559688,36.59101258879019,32.86211652384159,29.404143507347897
res-amazonsagemaker-1259,2026-05-01T00:00:00+00:00,33.364008006273224,4214.674901635231,30401279.29152011,37822373.32138825,6414.713931239608,19.56324831630985,normal,23.15356819357838,20.907080574750324,18.322862390285813,17.70945896017815,18.494724157994426,20.229967140097244,23.23821411778774,25.67509987291635,29.656735373957858,33.433866565927346,37.337057118405575,40.74244064265034,44.08855934573412,46.03257814144319,48.39001163766791,48.18950970957614,47.2287579258516,46.86611259423587,43.6425513978823,41.282025840509355,37.22376999440115,33.433866565927346,29.440656589981238,26.016717298817582
res-amazonsagemaker-1260,2026-05-01T00:00:00+00:00,35.84564290869082,4715.46741455936,39662450.2345083,47699706.5642879,8396.15176374796,20.877426386571763,normal,25.550885560649498,22.744954938429416,21.578300630879024,21.490412134795882,21.406009096377975,22.305501389354184,25.208697808143633,27.963262711050213,31.770139646731742,35.778769102026175,39.73199264834058,43.210719861697505,46.904327952079065,48.969207574269625,50.94020058644638,51.47838094123126,50.31130484938089,48.29371927692498,45.98909388097738,43.409143942878515,39.60489654758786,35.778769102026175,31.930986040611867,27.945753585689847
res-amazonsagemaker-1261,2026-05-01T00:00:00+00:00,35.17926657313773,4609.805600672724,38830378.87930824,46323475.68033879,8037.888695756528,19.865303598319276,normal,24.131507480922266,22.337152436287045,20.72978117164074,20.45248275564323,21.252981013715754,22.207254074546018,24.63693611018803,27.887263690876836,31.302154370036234,35.12595733363838,39.18628999144205,42.7796550431649,45.28273650125827,48.23110666965496,49.204102841715894,49.60829278573758,49.936565052105735,48.74105951664182,46.001909043844165,42.551720745889064,39.18988045328522,35.12595733363838,31.098346320286282,27.301305019146717
res-amazonsagemaker-1262,2026-05-01T00:00:00+00:00,35.92867803477055,4838.345655033293,39508652.14856361,50476351.69955064,8114.617296070775,21.170952683881662,normal,25.631629839600215,22.677310653146236,21.182203007642556,21.63410227986281,20.90131896768797,22.382261812574797,25.01061651999582,28.2266296832152,32.099591420448945,36.02051102140877,39.80495932880814,43.853946612034605,46.150804705545866,49.23558565590552,50.04174260915794,51.61634970788957,50.13056950804372,48.753565356997115,46.48288568253803,43.798401835628155,39.84946017057651,36.02051102140877,31.967634924919675,28.815680509456303
res-amazonsagemaker-1251,2026-05-02T00:00:00+00:00,14.211375334516742,6266.879999999999,26435618.70723175,31804349.421480145,5702.984739713379,14.608958072774605,anomaly,12.377538631437487,16.677230053824438,12.453875821553229,14.058201415881342,12.657576256809893,13.8762391148514,13.265840955405034,14.828607797804915,13.079214170904145,14.175284901558127,13.754182603922596,12.457125745614293,17.947949188006127,15.058319521113466,12.233764839873187,16.06999503495917,15.660593769548283,12.973240832223306,13.677634745522804,14.69339363709731,15.530264595751785,14.274023941426908,16.890673069890987,17.42179462030137
res-amazonsagemaker-1252,2026-05-02T00:00:00+00:00,26.8583928046092,3553.6696823539337,32056555.168328807,40949270.68160956,54979.366529754785,14.885520614406301,anomaly,18.604613124691532,16.791959514851182,15.620332942537637,16.034420619687157,16.43665510222075,17.082541026132176,18.52162079850807,21.208933587449827,23.928413914015202,26.82604344549457,29.86193839911949,32.698243155991634,34.84471412530557,36.803679612755076,37.81119119705955,38.34144667373581,37.529505795383976,36.55750106096215,34.94261464055511,32.59108805291974,29.864430153647916,26.82604344549457,23.932186748829267,20.94131017327284
res-amazonsagemaker-1253,2026-05-02T00:00:00+00:00,27.698373492966923,3280.97562697273,22932252.483802386,29948410.626483455,4831.413567178227,21.668153043584812,benign,16.601376725331317,16.347658226687496,13.260252622861348,13.154391018897108,13.764990934572932,14.848790819908462,13.827024394712996,16.567179021324257,13.427692135548767,16.299067805519005,14.72095546693486,15.582950226983218,16.815795244434845,77.98916761572953,73.71525194721245,75.06328057741077,73.29236251054255,76.52099084726923,14.284751718246946,14.51047472495826,16.37293396887074,15.233608494367077,16.103297827373027,16.45671895550892
res-amazonsagemaker-1254,2026-05-02T00:00:00+00:00,27.591355988567425,3292.357496975017,29050835.717632126,35482306.77583942,5979.590448138736,21.00965479325279,benign,13.779942809492205,15.945016481743696,15.499433582853442,16.39055238443721,15.754058232304345,14.651086312721356,15.167864735547337,14.227400585616486,15.806025093031021,14.353847168117653,13.820265402452659,13.55823752253098,16.731105893672805,77.5696804010079,72.26325489408231,78.28288044485326,76.15156873593747,74.86346162881021,15.07895125116902,15.177830487959275,14.40924331527184,15.001009138385832,13.918153946472028,13.791673277147856
res-amazonsagemaker-1255,2026-05-02T00:00:00+00:00,27.224819709099744,3489.7959050510744,35053653.91532375,42616302.75405284,7290.899346349485,21.486969720411366,benign,13.919771324462166,15.899208533449812,16.181928675252085,14.493425973855901,13.268268140599647,14.85943889940907,16.781045683263773,13.473710122269186,13.337153574382336,15.33685185387153,14.922525036032722,14.816091811113104,13.947692116184555,76.37040903894321,71.25559797453505,74.42506253616494,74.38933400672023,75.0392685774486,16.781021493908813,13.804749480758684,16.527128415649738,14.407642962304655,15.100867142598368,14.057479645215583
res-amazonsagemaker-1256,2026-05-02T00:00:00+00:00,18.788694057022557,3652.0826266417057,35030679.28251365,45032006.54802952,7182.993398855733,15.226534596409499,normal,10.681697913361216,9.050080925123183,8.243112509312354,7.3297160879367365,7.549313406360087,8.85821164308987,10.973739804739218,12.849183156302846,15.894186334494432,18.7193937599252,21.711838066135044,24.51914997419533,26.56197494719961,28.49770142904073,29.5405438786701,30.522197119822565,29.87477371131206,28.77692857871444,27.056716720336404,24.575037768114598,21.753004460601627,18.7193937599252,15.706047646308676,12.964713767519841
res-amazonsagemaker-1257,2026-05-02T00:00:00+00:00,18.43797997602099,3597.396688450705,26346028.241445158,30734508.518053614,5358.655129782151,15.973300222658184,normal,10.41426269899673,8.532661782106608,7.925899805470485,7.395491669727936,7.346586901225532,9.144794969704332,10.148651145000887,12.916279382981454,15.65216709203572,18.422219546300784,21.29424443716095,24.24033291502085,26.253481928176836,28.103700859622073,29.732340045863722,29.30357422010296,29.206871189935868,27.818441036930118,26.512403349130935,24.207939919838964,21.359400584251777,18.422219546300784,15.636824326297042,12.520730072320434
res-amazonsagemaker-1258,2026-05-02T00:00:00+00:00,16.843637271275238,3183.978500303896,24790965.122208294,29841141.839803558,5207.727611215121,14.172766268393055,normal,9.192783148078732,7.413857937518644,6.387251085878596,5.0283518005449395,6.424573678234569,6.802412486827661,9.244582478642926,11.124838474757194,13.921591514100237,16.825051035013583,19.66991529781791,22.56313133279118,24.549191504891773,26.765374352933357,27.439592260584057,28.07013281425899,27.19190597931943,26.602116337983297,24.979786315425258,22.177658263582785,19.797545366594427,16.825051035013583,13.899682269797099,11.350917740015458
res-amazonsagemaker-1259,2026-05-02T00:00:00+00:00,19.046361443647815,3358.4826677089777,27860429.45755409,33410320.056394987,5170.506208306987,15.42557906870152,normal,11.109900181780054,9.129330929844512,7.900689247947795,7.4281669707191345,8.267797040449672,9.11740262303001,11.269597281385002,13.533229273803038,16.06420027394371,19.072586223288322,22.059928265507317,24.436059780729835,27.423980764992784,28.611816959443996,30.054606465031554,30.412304473345195,30.25015996778824,28.573681936718216,26.981176821542938,24.88058203335843,22.104510873067888,19.072586223288322,16.016402909788745,13.341977126752777
res-amazonsagemaker-1260,2026-05-02T00:00:00+00:00,20.568588469972262,3654.936852646529,37252687.66289653,42166753.93263109,7082.45214683104,16.7106199509752,normal,12.627073015439155,10.912254700194378,9.30129200535895,9.55976160228244,10.147566949558557,10.934931166692134,12.349697214559532,14.771404901595726,17.774840059238382,20.597546647246304,23.46083875261157,25.971335359613164,28.877015545689762,29.91488782382715,31.216370524602624,31.584249819089923,31.854174734335416,30.24542103675268,28.2276264095865,26.271168678803072,23.478766627597388,20.597546647246304,17.743944219034702,15.226408838378484
res-amazonsagemaker-1261,2026-05-02T00:00:00+00:00,16.88652420467046,3440.9459674604723,36200538.04826112,41845254.69813359,6646.075207623246,15.352324354474316,normal,8.73115312669745,7.121787000315235,6.428515801313468,5.566524386695786,6.174212451867847,7.098700555488321,8.627935128460079,11.186698839715978,13.905544379914554,16.924541608597753,19.896672684296,22.268933099837813,24.743403940493813,26.468013946185412,27.52783937674642,28.6072508548054,27.343622934768717,26.730565936302675,24.880523660363046,22.75855444140751,19.85831467371982,16.924541608597753,14.053252364498906,11.449478111001294
res-amazonsagemaker-1262,2026-05-02T00:00:00+00:00,19.266300293283887,3692.0191285467263,36735481.01982161,40999627.11669962,7366.692162550777,15.977450448436786,normal,11.403684004323782,9.905114836674464,8.306355318292178,7.451803879130409,7.9019777521403665,9.3354850487279,11.59591298915651,13.82172721667964,16.399599586890982,19.245793187759293,22.28397254550038,24.82480245540369,27.021903137114453,29.29853886755307,30.374770022108976,31.0255923039821,29.990988494927915,28.8475201871503,27.47405663587111,24.799549182283172,22.030826324549924,19.245793187759293,16.3264891322305,13.478950742602875
res-amazonsagemaker-1251,2026-05-03T00:00:00+00:00,16.383916855615233,6389.76,28171816.71591101,32532316.558145244,5618.131886371784,15.450972293647292,anomaly,13.298247997435638,13.629379827718305,17.88168483652158,17.30794850268595,14.244663682612048,13.903721804234934,13.755321199968595,15.38750232006402,17.394647261068553,15.579891616503598,15.788676144117156,13.719699091313704,16.836127191232034,14.703111317138745,17.208291318375807,15.504986329504955,17.840384758741063,14.044705411986008,15.863439406408038,14.429987469035865,13.38435220184145,13.856913886688769,15.071115939252145,13.385569244658766
res-amazonsagemaker-1252,2026-05-03T00:00:00+00:00,28.955281360570318,3498.7505578357664,34247054.71819008,38032499.3746497,50171.127010935896,14.617499152502273,anomaly,21.12211619352623,19.390721496822266,18.33679844259538,18.07854806607114,17.95296788741625,18.80526285312138,20.884819171278924,23.09048553986408,25.863231311735426,28.920344236862682,31.935377727608905,34.52226984166377,37.26766119253068,38.46518757738764,39.90118177192131,39.775526224317986,40.11186686773752,38.84451746859342,37.12401439017162,34.37069138567898,31.786385078207516,28.920344236862682,25.957443808410684,23.498989883301167
res-amazonsagemaker-1253,2026-05-03T00:00:00+00:00,27.643141887629042,3709.2325301087994,25057832.301861677,31218000.937042423,5283.756139659354,21.149232717846093,benign,16.17165364189592,14.834990931722388,14.497485663325406,16.02947720563757,16.477916756853194,15.052979469553602,14.700469657747723,14.264596771270053,14.98272240176987,16.390612474611405,16.25973336891136,13.400571653991438,15.039975949140095,74.20058667706597,77.54861736353077,77.60393299651045,75.85884937783734,73.89351863219133,13.897978867655109,13.68751285447743,14.309651584912174,14.170428232952819,15.154901332987592,15.006241436546015
res-amazonsagemaker-1254,2026-05-03T00:00:00+00:00,27.812969957505597,3143.790198012552,28977233.37111593,34896559.8171046,5832.809239985935,21.477910795107885,benign,16.849697414930734,15.654694071751093,14.93107509443764,16.444225778057756,16.742845205048503,13.588249578709354,14.229083655112753,16.656970357250387,14.91061553707036,15.651438143452914,16.766545192061162,16.575723620454095,16.524324033651023,71.65660954296104,74.16211340894517,74.99382671887501,72.97540955698274,78.42716601585502,16.58244992537123,14.432080203922574,14.212963272056271,16.042513717437767,15.368439502643367,13.132219433096331
res-amazonsagemaker-1255,2026-05-03T00:00:00+00:00,26.877627233290877,3304.6871239360617,34447998.65885655,42047530.78254952,6798.107152055799,21.400082217066807,benign,14.161711355350358,13.176483812944706,14.042799817908904,15.152755952114141,15.70091895666049,13.356666533329658,13.378340198409502,14.536917197651542,15.026921893229007,13.789075394212565,13.197169071979136,16.951374119156736,13.166938470274564,72.16393344704092,74.78381971140469,72.22468700327542,76.09888712271099,76.5558552119903,13.681400484415121,13.53115231305383,14.7605554624184,15.416220874901937,14.026668238272782,16.18180095627524
res-amazonsagemaker-1256,2026-05-03T00:00:00+00:00,17.95052184252062,3370.42445701415,35712233.70786817,42907744.22736272,6695.464462039986,13.956803594624171,normal,10.175739934131048,8.625569628685628,6.622703931502322,6.77015760255623,7.141212369230738,8.262624814473446,10.135072634303594,12.149562986236539,15.15846917374541,17.973344520265083,20.97820065454106,23.341760147041672,25.961485149479856,27.2750742325306,28.89807603497151,28.991386204604893,28.943343259190584,27.608971162650235,25.931965671686726,23.581492479200605,21.00103239847015,17.973344520265083,15.089581395757353,12.222353314974455
res-amazonsagemaker-1257,2026-05-03T00:00:00+00:00,17.250714510464693,3439.6612223236225,25741858.85296871,29083694.951204877,4781.949694542924,14.87632420696485,normal,8.950841724476746,7.877988265802292,6.797600971968308,6.350669793630987,6.302683368174364,7.488242144461346,9.489666434250637,11.60615594711251,14.199920160882154,17.244592439020344,20.12533915013405,22.991716110794275,25.440863274468168,26.932970031446025,28.46131940385278,28.016544204440546,27.99195713427434,26.526056650994942,24.952127270792648,22.777923641663335,20.231310864646286,17.244592439020344,14.242804470030055,11.77326235481519
res-amazonsagemaker-1258,2026-05-03T00:00:00+00:00,19.614852138451226,3537.071736172844,26803435.81592242,32603586.670007154,5418.454383942212,15.315485638373097,normal,11.384385118273908,10.158149028945427,8.642925018594912,8.72103749783533,8.9896474894431,9.487087207355989,11.279451411271987,14.13606753979181,16.71677129578915,19.60113033833671,22.38102850731941,25.209318957419626,27.92876828256746,29.391152049332593,30.74812230980823,30.55412871033043,30.052721814087914,29.39470298072429,27.913634006401352,25.35001999218995,22.368563587179253,19.60113033833671,16.61044029491041,14.136067546583519
res-amazonsagemaker-1259,2026-05-03T00:00:00+00:00,17.08710033325282,3377.308100460633,26973610.444899634,32197057.25984619,5320.152433235137,14.104391021384801,normal,9.142748516023715,7.619903882696199,6.393536855173361,6.000889828016105,5.889875755444738,7.682359427110152,9.1639305521941,11.675993076153174,14.2912200745858,17.08948966683832,20.101291396398928,22.864501474809646,24.70953153468198,26.913273507749675,28.213038648098333,27.933696206011433,27.53125119443507,26.85079761481115,24.675840974594063,22.66952384566117,19.983485866675032,17.08948966683832,14.115742155217447,11.488996277849736
res-amazonsagemaker-1260,2026-05-03T00:00:00+00:00,15.904944422560623,3242.453842830757,36043388.13037759,39415410.372407086,7054.513438609264,14.104017485044603,normal,8.314173687096684,6.097079343278038,5.116039060292643,4.20838330985803,5.089853168570608,5.704930651181946,7.568805500001112,10.428760897342624,13.041057028437994,15.884920422876405,18.776183684569375,21.32732241262793,23.966177468656994,25.801997473821753,26.90936307505244,27.561268160618944,26.504368146709773,26.01768621618991,23.88384630686795,21.605712555471968,18.889522387929198,15.884920422876405,13.078980022858612,10.057314738267593
res-amazonsagemaker-1261,2026-05-03T00:00:00+00:00,18.62588883245507,3348.4528462655344,34134037.62542286,40019300.886777125,7046.9809367952175,14.704747425866806,normal,10.810541059977993,8.432541402619384,7.623539678584736,7.6225745516020655,7.821159813061717,8.777508416633921,10.85427163229227,13.127395542347138,15.5613141081534,18.57034983111452,21.383529333735673,24.235980945776404,26.376483243071803,28.409281421965133,29.3911283207376,29.9396089299236,29.74960209557373,28.268629744662544,26.736323942019695,24.36446214268189,21.504830278757442,18.57034983111452,15.749718772828558,13.140206939686003
res-amazonsagemaker-1262,2026-05-03T00:00:00+00:00,19.025289323409044,3443.5593870615317,32869443.34566041,42429705.482166335,7064.9441107074745,15.095922083400922,normal,10.76402667361507,9.546633863228749,8.505687054422772,8.053567880774905,7.857130223885253,9.460760254451115,11.261155664589289,13.29479056273835,16.262854799279506,19.030328039579643,21.94362479557429,24.472907594404827,27.00930657988196,29.11218115777278,29.384998791282804,30.09208381346751,29.40720703086233,28.353548806511945,27.377458254162775,24.927505792105823,21.861118073467498,19.030328039579643,16.00146762066391,13.596272395514347
res-amazonsagemaker-1251,2026-05-04T00:00:00+00:00,14.870397911938376,6512.639999999999,32043252.853087243,39967538.6038876,6255.134261148457,20.699824031942104,anomaly,15.77601179749994,13.483635528695771,17.521299808442073,15.679096344678891,15.59370151839899,16.063370269053422,12.372936195953546,13.353714848506492,15.203557488295928,14.363009449198891,12.348668122589098,15.629314239338564,16.625564047223733,12.05619413361985,14.316890617240016,16.84181075338642,13.608313897121269,15.73026354598776,14.75826105489984,14.237263187786033,14.649307167060307,12.04469098030112,14.549046520446014,14.592226683752143
res-amazonsagemaker-1252,2026-05-04T00:00:00+00:00,44.22506620635277,4650.072269807661,37966298.2014132,45058778.91855141,61283.000733244655,20.446842647170673,anomaly,33.339156592954545,30.831151817286546,29.911326039720397,29.032795261552998,30.056278407454226,31.352458302113376,33.41276097552601,36.868578810429526,40.27906229422575,44.14928351665823,48.204279349713026,51.57176492998647,54.50667012522053,57.18744425969123,59.075479774278776,59.23353584895284,59.3062227472421,56.974786283992415,54.642225808943365,52.00514183285342,48.14106785449131,44.14928351665823,40.24285464210085,36.92797996042022
res-amazonsagemaker-1253,2026-05-04T00:00:00+00:00,27.330004900921136,4672.784131150513,28569410.61648639,34085595.95790465,5644.294176140649,21.12425783410582,benign,14.446684674243524,14.237779649264843,15.296008038459336,16.217167527202125,16.03829994993585,14.194657019935654,13.441303373897307,13.47864600012537,13.569473082837034,16.679349572673942,14.674802857245702,14.682150332418933,15.69780490534026,72.36550901599357,77.03141381162006,73.96089018565681,77.82733326219724,75.15380346030027,13.054820194630567,13.402608994231814,13.140000102764818,16.392448874031402,14.095997171053401,16.84116556604749
res-amazonsagemaker-1254,2026-05-04T00:00:00+00:00,27.55452426122318,4897.238143542173,35598989.62461288,43552910.42097619,7130.969482398155,21.349225953563433,benign,13.767020739498289,14.474569190897885,13.378908228648744,15.207632271635934,16.290196047864963,15.00808307642966,16.45608253425559,15.92669910200114,16.381851893633144,15.01432728267387,14.220030815097976,15.879143367507748,14.036024836267192,74.20737064425778,71.10859483448547,78.33942212701726,71.33912366747727,78.81417821212867,13.60036951118596,16.25636016780446,14.904173440399802,16.53469411520229,15.635906003576002,14.527820159409172
res-amazonsagemaker-1255,2026-05-04T00:00:00+00:00,27.54959822319127,4365.772633316098,43893941.92106081,51588649.24605343,8299.736185666077,21.251265444660664,benign,14.800449556349921,15.626458948298783,13.010713960743887,13.056925901972711,13.780095459855444,15.275125518805082,15.003637493099026,15.899691679308713,14.78892505621533,16.63420461312752,13.477366345674547,15.12047049924823,15.83380747534181,73.72728672421064,75.52291635761101,77.81542931061496,75.12330858461857,77.34414534468625,14.736700780922469,13.611980034346105,16.800971393714214,13.411257444757783,16.82301883698993,13.965470036077633
res-amazonsagemaker-1256,2026-05-04T00:00:00+00:00,36.29516328191876,4580.871227921084,43845164.84985325,50123422.31473848,8703.384099271,20.680102288028586,normal,26.099325287258527,23.64895995876077,21.792700904948397,21.331208981330413,22.25355482952766,23.607441050658426,25.400504583198856,28.565469778600637,32.42764460214499,36.21964819289524,39.960096853205854,43.66768975389816,47.145336539711955,49.59962988549318,50.228268832110714,51.77924462926895,50.48805102076259,49.26696558258702,46.76882327913462,43.69904737349074,40.15906504448354,36.21964819289524,32.38765707671402,28.367936532969757
res-amazonsagemaker-1257,2026-05-04T00:00:00+00:00,33.711054451659685,4599.23669025529,30343503.40506153,34417212.851946615,5781.357462507699,20.06956423543587,normal,23.293205096591354,21.338555050009617,19.40493745634876,19.274313098205507,18.91559257715408,20.997655511830914,23.067168807077863,26.28085662911004,29.94892055838757,33.71306720482177,37.44264358313136,41.13499249847843,44.347996895705016,46.676618193892594,47.512500284724794,48.57349367098845,48.06466323760501,46.711274795973,44.22555251968416,40.85912258224588,37.710901730092,33.71306720482177,29.861363683160825,25.996843969791627
res-amazonsagemaker-1258,2026-05-04T00:00:00+00:00,33.361562261489105,4631.705504893226,30728937.142328307,38835441.80998845,6354.670638435979,20.276567010806634,normal,22.360926341683438,20.681421186183698,18.314548162903236,18.934775719656713,19.07878743568711,20.814746177778204,22.73175040188458,25.67288185239053,29.662812988637857,33.38165121080181,37.33330145414833,41.060233176336034,43.73052594155646,46.251828042082266,47.3140060698527,48.59437809473568,47.74618747804937,45.95902929632995,43.93054165055519,41.24357776761515,37.326665781750954,33.38165121080181,29.650798962901384,25.520467871416123
res-amazonsagemaker-1259,2026-05-04T00:00:00+00:00,36.10619158313287,4605.903672828731,34070579.05726798,40987160.58016623,6633.130886485175,20.770937648072977,normal,25.53766254200976,22.482968268373664,21.47095654771398,21.413894330182515,22.1189552356823,22.503711225661384,25.773321171177223,28.55404920392001,32.352943672077345,36.049447189382875,39.741361423563625,43.8412678444339,46.71061791322013,48.457462129983995,50.103375698455565,51.72866502308668,51.21277668107435,48.662126210905456,47.054874990697556,43.86763458103979,39.98095735185369,36.049447189382875,32.34994399693875,28.530177574371535
res-amazonsagemaker-1260,2026-05-04T00:00:00+00:00,36.001725598802146,4795.760268532926,42569253.330143824,50764733.953673154,8390.07030845227,20.29549417906944,normal,25.53241693445495,22.47120110792411,21.54898998977159,21.076164922144507,22.038454830874173,23.463071389820307,25.19159504469916,28.38020081999713,31.974304255532658,36.048615630660905,39.98090479989037,43.86485926891183,46.21201856748611,48.7276522343805,50.24958305654862,50.89213844048998,49.832245336621874,49.096764111837075,46.87982221086642,43.374759295692016,40.11928782892094,36.048615630660905,32.326360062624,28.71138860044143
res-amazonsagemaker-1261,2026-05-04T00:00:00+00:00,37.448741695708755,5091.826416409246,42847031.605725914,52489428.409977645,8902.508629167292,22.344516971434544,normal,26.990377856467635,24.85465939139425,23.15157154548612,22.83647702894352,22.354819802634143,23.860364920150673,27.10885684982793,29.955388631718264,33.40606481260918,37.44813927640275,41.45115634675234,44.81953225822402,48.37043756201613,50.83279002728396,52.078904741169495,52.17849944096379,51.94834347590685,50.00661286403265,47.53772981940567,44.89571261827589,41.34931701437083,37.44813927640275,33.70744833786597,30.178456798705184
res-amazonsagemaker-1262,2026-05-04T00:00:00+00:00,35.74959293303849,4963.291509834629,42854257.83323844,47116052.093664825,8378.426013448781,22.02722772110732,normal,24.54936883220438,22.392292689923284,21.768400317514853,21.005208727345874,21.41499400379664,23.27597679220124,25.18688955644693,28.28579201287506,31.722230449408315,35.684848984765964,39.56780604051546,43.259937451374476,46.46629672765339,48.37600102863513,50.88236323177352,50.2936012670321,50.32353538516885,48.42155336300419,46.52045099166065,43.34894199690044,39.619116299385325,35.684848984765964,31.97255763370912,27.96721762486259
res-amazonsagemaker-1251,2026-05-05T00:00:00+00:00,15.627659591332332,6635.52,34215428.54024779,41181711.46773272,6872.344789648436,21.54118141814474,anomaly,15.083686075932526,17.251284070044182,13.766146206128862,14.69715907977039,17.53345052570484,15.79845385887943,14.07235332829,15.877792753267482,14.296346621941382,16.943948577935544,14.515149975634127,14.931766423892471,15.272395203194222,15.968961098722112,13.323158161741842,15.86568168906582,12.918598837222397,17.521151865127475,17.584456386763186,13.697134756393785,15.842455676354586,16.403210636960402,16.217847802740696,17.18936538198382
res-amazonsagemaker-1252,2026-05-05T00:00:00+00:00,44.02988736795562,4374.698170592675,36637441.124884404,44486913.60381967,57928.84019600231,20.191798977596854,anomaly,33.209497927198385,31.218286706723784,29.121247759110137,28.64593307106702,29.064625382937038,31.735310774367882,33.763435573556905,36.45895564414851,40.41933701959363,44.107578188458014,48.16485381953276,51.8867489717755,55.10877366593598,56.97924339506477,57.97056210297795,58.7716128080267,57.9754708712387,57.73264927916566,54.425268593773986,51.57795979971903,47.94681475479144,44.107578188458014,40.04282977025673,36.282722763056235
res-amazonsagemaker-1253,2026-05-05T00:00:00+00:00,27.26913654011665,4229.69233399777,27497151.580918167,32476280.27062421,5813.160798521479,21.581710155232873,benign,16.683437433463034,13.76646346510836,13.115343524075971,16.612895999037054,14.426369701323242,14.201799487065044,15.054624894658811,13.258495752590175,13.85844372242316,15.350315964219899,15.594036783695246,14.592203282408436,13.457116385015706,77.36683421372712,72.39995863652753,71.67662137993719,76.55895020152309,77.18577877720666,14.836952948521363,15.622422162956331,16.55463417624058,13.382149517256016,14.440319398506062,14.463109155313594
res-amazonsagemaker-1254,2026-05-05T00:00:00+00:00,27.512689239123414,4102.706018482105,31314166.236372016,40116620.339644775,6830.1722582657185,21.182043528285906,benign,14.12086222880824,15.617917177413934,16.907819406470125,16.25388307799735,16.31899723247203,15.457691564832789,15.432000857628157,14.991855443606344,15.152125207903696,14.866483484138454,13.607313408606661,15.392820411824943,14.08718022572812,78.01016243084278,73.39336913357668,74.22585306355332,75.71412449194548,73.45064582520537,15.634564223619702,16.48112892069228,14.832021744519807,13.32205653194186,13.00293425607797,14.03073138955589
res-amazonsagemaker-1255,2026-05-05T00:00:00+00:00,27.700628095792922,4671.681041393355,41644819.68918187,52070422.27265142,8490.148237366202,21.396352406631603,benign,13.681299217528238,16.937708195249947,14.78217047442714,14.471316175752184,15.200300135034825,14.195479682759254,14.619815403969941,14.852627228262097,16.11316539916329,16.50176735595486,16.942070488173165,16.177072018082395,16.617494035575902,73.89565493985258,76.00038698342973,71.31637446382942,76.75923648114903,74.83137711067067,14.79253862315026,16.91028435371978,16.876077548627087,14.204092402211263,13.14939542842665,14.98737015403041
res-amazonsagemaker-1256,2026-05-05T00:00:00+00:00,31.28177869063417,4368.194599372846,40210681.562529296,49881432.57720611,8209.327481512162,18.431851864140054,normal,20.91016995945366,18.63620498864686,16.421940386124305,15.985353967384125,17.213072046919393,18.433728997113967,20.66893065151598,23.896299327928922,27.385330500113803,31.12155128008027,35.05071834096508,38.69038737494155,41.36499837154095,44.5621672139751,45.5813878247156,46.50988323441374,45.97797451741343,44.38037950245746,41.536902849893565,38.915457997928165,35.04449826457265,31.12155128008027,27.398703098854803,23.955096598186408
res-amazonsagemaker-1257,2026-05-05T00:00:00+00:00,33.50224486339122,4466.366952455819,27885713.099244107,35249873.91745276,5526.773305635842,18.471089947393647,normal,22.561846803836218,20.552034873095412,19.045921985363286,19.04384263400535,18.86773403410181,19.99027108379091,22.94434732670164,25.84531699546984,29.633688531021928,33.477263049647476,37.299409263499015,41.1420984739278,43.969372323721544,46.71199006137331,48.19361666485692,48.158471905852934,47.75255249172541,46.53593257909685,44.26772566532034,41.192668022243524,37.29812693705143,33.477263049647476,29.750338384817777,26.342043581221123
res-amazonsagemaker-1258,2026-05-05T00:00:00+00:00,33.98494151479907,4489.9687369049825,31703454.113179415,36875773.52863261,6105.195964541053,19.707466540540754,normal,23.190042131658664,21.470264688086722,19.4144680465298,19.444045708590572,19.335495256674314,20.756754905766357,23.43532944806022,26.339618472512814,29.78032536769424,33.852568378099896,37.82688710463612,41.69829401632069,44.194039793989546,47.18662792687463,48.35368946614386,49.26580414383507,48.97348820285696,46.62736427688685,44.76732018956704,41.59154493935952,37.76698229579726,33.852568378099896,29.79605780959306,26.719015407543527
res-amazonsagemaker-1259,2026-05-05T00:00:00+00:00,33.87937109220172,4492.375954784302,31621171.44297953,39467029.10031477,6685.140416488919,20.03879518774334,normal,23.30079460916278,20.57377452798906,19.881263992808215,19.32469322674325,18.965694250572284,20.74918582047268,23.601349262849812,26.155109771195498,29.984497843300147,33.742320668845686,37.51899316043009,41.17767754009744,44.57890230309523,46.848382324716454,48.245819538331794,49.46366763960407,48.75012753235084,46.14512304145934,44.81215298258033,41.33573605523483,37.57949512950256,33.742320668845686,30.038873994437587,26.58895032821563
res-amazonsagemaker-1260,2026-05-05T00:00:00+00:00,30.95376412931569,4168.963650453027,37842612.72057371,46380883.437628694,8202.204519551673,18.859673177756555,normal,19.891091883170866,18.40812748258557,16.797348001600604,16.63064778469532,16.641813635045402,18.56212995035018,20.247787167440322,23.728548974079935,26.891450010489656,30.941556463414898,34.94877709942258,38.1060027255916,41.562817339364706,44.11643935456915,44.765640200058144,46.34947810536286,44.764353363479984,43.4382568226167,41.54182802234638,38.09313688963928,34.78522124680779,30.941556463414898,27.191080890812614,23.54524922721717
res-amazonsagemaker-1261,2026-05-05T00:00:00+00:00,32.3257659333765,4364.24589101133,40171128.9822584,46576755.97619919,8051.108103277957,19.628289587885,normal,21.234012333797573,18.932910786184312,18.133411213457634,16.74754984432596,18.31713811756883,19.30029652152649,22.014888729461518,24.54183739140624,28.445094065402618,32.36075311329788,36.28188131384516,40.10042152365826,42.60770553542597,44.99538660891748,47.48871160330117,47.563730803041224,46.646653321655165,45.94647433623143,43.0407771645021,39.539181614021004,36.278234490131176,32.36075311329788,28.450746900655115,24.489831955923865
res-amazonsagemaker-1262,2026-05-05T00:00:00+00:00,31.2276712351032,4489.424103996414,38500545.30897523,46420075.60890089,7824.84742796036,19.238887421323078,normal,20.253042338809763,17.890751794981945,17.276222616586296,15.877630808702316,16.737202967535104,18.10334907139952,20.90238501255654,23.677355557010067,27.15815623115495,31.127905500794235,35.12553712206787,38.888877190168806,41.908649283580935,44.48896380935399,44.9858742756819,46.86523032467164,45.60423087480572,44.7323325074827,42.12435207232112,38.64482810992835,35.0321264779341,31.127905500794235,27.25826818809182,23.67293200606295
res-amazonsagemaker-1251,2026-05-06T00:00:00+00:00,14.340339675139491,6758.4,33164852.354731217,41925246.681844525,6677.225565742649,23.14265040566569,anomaly,15.088022930580827,17.05667806444242,14.747775842635061,13.188041356068107,12.602250421579878,12.693361550692492,17.37940412321271,16.622101164912834,14.924962200573917,14.867085713870942,17.96103827890297,13.79385663758598,12.761114519496967,16.045560237083524,17.364823028518135,15.398564009046448,13.105580605207855,17.509618116892128,12.772900475503217,17.00063083822218,15.154946951728375,16.09585244465268,14.034296646337143,13.663818765415751
res-amazonsagemaker-1252,2026-05-06T00:00:00+00:00,49.975421630777156,5096.326816124798,40136616.10187667,48584666.71356219,66284.9795116367,22.517773304613343,anomaly,38.92067178626984,36.859225597711664,35.82797288904551,35.02724358290579,34.94486295097524,37.290124719375925,39.77768065983405,42.642890802304024,45.95887830452889,49.95539923777575,53.79675444521569,57.3619516665244,60.220396257019175,63.451643219445586,64.39964528208355,64.97167039840683,65.0357846086401,62.39460526963561,60.984324252589175,57.65663223953277,53.6677506594556,49.95539923777575,46.2122075285643,42.096403543036594
res-amazonsagemaker-1253,2026-05-06T00:00:00+00:00,27.46786935624297,4915.484267207071,30211819.646192167,37328539.86514288,6243.884695513537,21.215732373709958,benign,14.877326417166302,16.98929336454451,16.097489580962595,16.83295150120876,14.529082416467187,16.448172521182233,13.420692373359953,16.006868657053417,13.44827157832967,15.405183482788384,15.340811826194901,13.009208156050738,15.96678147084889,73.69050194071602,74.97530597499839,75.15709810562464,71.91808211113499,75.26990563502036,13.978017259714271,15.846936225302017,14.773017399693297,13.826117281673174,16.77733497158637,14.644414298210187
res-amazonsagemaker-1254,2026-05-06T00:00:00+00:00,27.450137767367977,4579.938048650108,35799553.63452663,41998239.1290225,6858.388163278403,21.132054874354804,benign,14.496168970633608,15.255766422724845,16.45421049475684,13.42833006942472,16.859999218605534,16.77179614394745,14.786477187265778,16.489518318683896,13.137163939297805,13.768020353262752,15.656307132733568,13.172628820516213,13.24868074548183,74.39624096170556,76.3297062089419,75.07481194132592,78.93239570711192,74.72535208775126,14.193016839070701,16.83621374306764,13.300524810043358,13.4758130104224,14.426870838935107,13.587292451120934
res-amazonsagemaker-1255,2026-05-06T00:00:00+00:00,27.54745296525628,4531.14749275487,43764935.6537678,52134912.874181606,8846.08904326212,21.27409753810279,benign,14.097401940598441,15.184364325796812,13.236065843943422,13.403846153447772,14.812258929811348,15.311971174032369,15.353997534872647,15.775141023318255,14.547308189204793,15.208667191460634,14.890096306912472,13.466660460658002,13.485025208758964,74.30218165583675,75.77332378737194,77.52837440576224,78.4224797805432,77.47981552334565,14.07810128410831,16.812632987967763,15.588291627660183,14.127014368657521,15.134562852627443,13.119288609453742
res-amazonsagemaker-1256,2026-05-06T00:00:00+00:00,35.76526206773851,4704.310667660023,40900154.872584656,52217406.09038772,8693.482002631294,20.431050749422784,normal,25.32986349915104,22.553153860387226,21.194656964516575,20.478508744715604,20.978053091268038,22.641123486589876,25.534052714766553,28.269933541760317,31.84912534479328,35.85224508546127,39.5696509910415,43.3908742447267,46.889124890007764,49.44445625912455,49.88725918607581,50.22801880542492,50.36966059930863,48.53287510362313,46.986896051494796,43.05695461658787,39.689487995438014,35.85224508546127,31.80934216277171,27.97872730122772
res-amazonsagemaker-1257,2026-05-06T00:00:00+00:00,40.22770257121594,5123.447021691731,30158528.214046385,37253054.90594048,6264.835231102901,22.639285213040136,normal,29.118140426650637,27.130727554943817,25.499349209547297,25.35939051780848,25.67360741425471,27.361467444904626,29.24146975524722,32.66908920321208,36.17587122121835,40.25131228847251,44.126824436921346,48.072388991209365,50.47459997539556,52.97224924635504,55.115251784937605,55.847641215531155,55.01879060402789,52.83576395634159,50.83709283786235,48.12239146284279,44.31513680442528,40.25131228847251,36.417437309167006,32.577555759433395
res-amazonsagemaker-1258,2026-05-06T00:00:00+00:00,37.35830823103191,5010.65058852261,30917231.882394966,40409075.91953271,6325.752494758925,22.00537366618177,normal,26.850522296351386,24.3738438778173,23.260164057731515,22.391941675291072,22.97162891022755,23.964657510013012,26.979627989473855,29.958427615767906,33.50470959820445,37.37899286938188,41.21544220198272,44.75891904535433,47.59236564134447,50.52234871745722,52.244638739352084,51.753689110381046,51.81878841803667,50.80207819276787,48.01073478380529,44.52071740652245,41.22401662513793,37.37899286938188,33.60009105974726,29.52205833323473
res-amazonsagemaker-1259,2026-05-06T00:00:00+00:00,34.14191981970887,4819.472718090557,33938288.15407462,40245689.664936736,6330.803249557133,20.402780108820217,normal,23.474986638271766,21.180600482752396,18.953779869887974,19.431732989901644,19.543071320195445,20.877893226505947,23.85778632810024,26.337854684213575,30.33068922218685,34.13669747095861,38.00644650478638,41.5794286256403,44.87117137283223,47.76428038887763,48.5100275900904,49.24321484389421,49.34390652574004,46.825299702806305,44.58150025307313,41.48971744468869,37.923633248302906,34.13669747095861,30.143784227192654,26.86187524115495
res-amazonsagemaker-1260,2026-05-06T00:00:00+00:00,39.791967411654625,5071.403117828188,44067825.59129313,52534023.02514286,9270.451047559864,22.86020933827922,normal,29.583757125327026,27.149267970969987,25.08201881836687,24.276934785575474,25.68260765532207,26.572702462408824,29.449464356331916,32.434273345499435,36.004272775935334,39.82303166004777,43.69634898788901,47.06061109698424,50.34679886098225,52.632197457434884,53.60807657277537,55.13036859321164,54.2638622895916,53.26930961942623,50.10941105842369,47.40246423582184,43.530496236901,39.82303166004777,35.78529375437054,32.29061650006626
res-amazonsagemaker-1261,2026-05-06T00:00:00+00:00,36.48673439820461,4848.631714872553,41736428.228500165,51244290.6519774,8805.63108809373,21.659124035299957,normal,25.706087637562714,23.03535691717529,22.160055394571195,21.934614350356227,21.897768474774995,23.57637477436267,25.821196980256634,29.155540566720312,32.76128736670876,36.547234504789316,40.48624231846455,44.36747497736552,46.8234076796647,49.12577078214215,50.57302449401359,51.80529421563444,50.77595388772415,48.971353120252004,47.40910764965717,44.41253066485982,40.418136634473164,36.547234504789316,32.660397280091324,28.710180380500532
res-amazonsagemaker-1262,2026-05-06T00:00:00+00:00,41.00296017877932,5042.753086487941,40643152.91656381,50405073.33261805,8657.567809732529,23.282925644843,normal,30.6985935247421,28.14143644110389,26.762101414393825,25.34807121770104,26.454040843123327,28.338354881298088,30.15364260503153,33.700149664603984,37.01062493247048,41.05689699656131,44.936410819935666,48.42898534202162,51.35249819391953,53.54551537854293,56.068860785767825,55.72622887626218,54.872768908275276,53.889609174924665,52.14147228374487,48.77202650320475,44.810169719985424,41.05689699656131,37.30226321346325,33.50342557306486
res-amazonsagemaker-1251,2026-05-07T00:00:00+00:00,15.142129541003182,6881.280000000001,32441645.335179735,37086750.04960991,6221.527413994943,19.065940342022106,anomaly,12.983006683197713,16.034013519490298,12.553888293772921,13.17817474954813,17.341740050744455,17.817983549871897,13.19293591556512,16.1505371081888,12.661259735715026,12.534572243090002,16.167634315814393,16.419868860862415,16.685568920274413,17.16436577788413,16.405075594666386,13.517692154881772,15.494383037121018,12.167721282083896,17.28616885057317,16.863801435412345,14.50905598556982,14.423130653615955,14.991307324105108,13.709626778597348
res-amazonsagemaker-1252,2026-05-07T00:00:00+00:00,43.492640740527236,4381.191852837676,39081121.23261624,43209729.88134753,63483.0923129788,19.75542321268036,anomaly,32.60723767948906,31.224574764197214,28.430056837239505,28.386643563604178,28.386854359500653,31.01199122213265,32.53747777097879,36.37165989578041,39.78436591427874,43.58171898579531,47.59996344637385,50.926473511894514,54.516335285059846,56.27457551287185,57.86158733097972,58.196718173495455,57.738096376888215,56.34664769608313,54.18487739736934,51.33487786984041,47.31505104089975,43.58171898579531,39.78958109667518,35.83429305543049
res-amazonsagemaker-1253,2026-05-07T00:00:00+00:00,27.973848178199614,4293.629540034913,28334078.33434322,32958461.986878276,5407.38237469706,21.400213624678063,benign,14.58328115056458,15.198364457733344,14.323676200311644,16.98996001544936,13.283283336208594,15.555856868328584,16.831019733442265,15.634361997404065,16.689515318735147,15.811693256246995,14.47843358453144,16.82637135132939,14.19805839433014,77.62479626560318,72.02744300166931,77.90101007417948,76.74721406271901,76.05911595333919,14.231185278514523,13.376374199782749,13.37792563957882,16.30686516041864,16.411892530966423,16.904658445403847
res-amazonsagemaker-1254,2026-05-07T00:00:00+00:00,27.73886820170827,4554.75851443781,35319795.74334663,40327026.164663315,6880.707317630752,21.315708480515937,benign,15.983400388590665,16.49023575328922,13.801233633171003,16.685953323481048,16.656062613972523,16.060478577263048,13.897622488177728,15.560462477069617,13.772795077870704,14.329674092266876,16.88206069551056,16.214534462141906,13.68709903543131,72.15059528413768,78.74725219318073,72.1275434126641,76.95284497998836,76.62668910946914,14.267380169828744,15.050004239356484,13.967780893646117,15.012675009190357,14.529968199846952,16.278490731453648
res-amazonsagemaker-1255,2026-05-07T00:00:00+00:00,27.349808538249608,4051.263732175008,40996595.57607844,49019808.87907012,7697.166117324483,21.466900516254935,benign,13.882429646218505,14.500175036362542,13.932619677644709,16.695434751261658,16.110080203222815,14.146554469624306,16.97598537894557,13.602581059712115,14.986291012303056,14.611741911770125,13.988614859592357,14.767963140252204,15.089059041215538,73.63224644844607,73.87195132187372,72.02556828608682,78.5866111491104,72.00720841262374,15.762966146029793,15.667238361160228,15.909995376912079,15.367550389647759,16.4299670105863,13.84457182738812
res-amazonsagemaker-1256,2026-05-07T00:00:00+00:00,29.235635991957537,4215.930655836548,37978803.59219825,46535964.062045716,8211.674871821006,18.361154837823243,normal,18.50872115662138,15.58651291253256,14.736973757864195,14.875063146750085,14.917089309272757,16.34991190079417,18.346788236550942,21.647251109802326,25.16952791246319,29.220517392512175,33.11801446248966,36.75667289945076,40.28678367730609,42.82731523282714,44.01318037130766,44.41303821170341,43.52018464134147,41.6140831163848,39.71439068870416,36.54233380710649,33.23763297722183,29.220517392512175,25.497169556414317,21.5355899370471
res-amazonsagemaker-1257,2026-05-07T00:00:00+00:00,29.622071907971314,4056.7063982113214,28057201.470881205,33181893.891039517,5395.119700238858,18.18159205892519,normal,18.595638467851817,16.16876165398444,15.24357652322167,15.240497233267547,14.946861598195987,16.291362893739766,19.376382841967605,21.894320537714698,25.842319609059107,29.69706553020649,33.4511953911116,36.991544083901914,40.7226673127399,42.50860203239772,44.30129817468901,44.21442539001973,44.70174569681187,42.27297652263008,39.829566638125115,37.503177759013305,33.66220345152642,29.69706553020649,25.952972369283074,21.823498549646093
res-amazonsagemaker-1258,2026-05-07T00:00:00+00:00,30.728039977745613,4151.763163827701,30296130.939098716,35447504.25366466,5783.485315505365,18.140645232488232,normal,19.65073613557776,17.733291616133062,15.732912474914967,15.663888432480906,16.182648631950677,17.87851360490192,20.66342665564605,23.13301008105183,26.933365178169076,30.74619037700453,34.7328255044218,38.45148843423071,41.70831737363684,43.523452050295376,44.75543629056842,45.20198330784465,45.491505761266936,43.732729749090105,41.74632422929293,37.897078858991364,34.585823404355224,30.74619037700453,26.99690089594222,23.58492004112292
res-amazonsagemaker-1259,2026-05-07T00:00:00+00:00,30.816063949677357,4121.333289476562,28759249.665306516,35450759.067158066,5952.867289224775,18.15355306064289,normal,20.124583951091264,18.359921187373097,16.272031564527232,16.397755298841787,15.601169579803658,17.326320527636433,20.025372009374706,23.42244491396172,26.968368616873335,30.775466462254883,34.69457523499007,38.135707232096955,41.502087635676396,43.249120241396625,45.679945929990275,46.427028119995455,44.82975118228107,43.47619471292435,41.86980910479521,38.464982048372256,34.6653702356534,30.775466462254883,26.92311069562674,23.618951844464778
res-amazonsagemaker-1260,2026-05-07T00:00:00+00:00,32.68012879779581,4302.525249260951,38279582.92018381,49045445.36120465,8166.1795739569925,19.295874093936455,normal,21.73737689829619,19.3195629301745,18.687600948359844,17.096445149137818,17.67184184987194,19.161382708436022,22.343945166088734,25.182832995426153,28.758501663993677,32.773869154777614,36.59265695651244,40.16066886569575,43.054848936902374,45.945871587809556,46.81104671265745,47.6118357016072,47.87412271465698,46.15301175408715,43.43927736623348,40.25804941601763,36.80233720114643,32.773869154777614,28.737190179899827,25.374945134533107
res-amazonsagemaker-1261,2026-05-07T00:00:00+00:00,35.55807672919735,4589.757177020517,39287393.82833835,48542007.83849574,8533.054896517051,20.229372870195192,normal,24.838316113339538,22.565659098345357,20.77943383529074,19.922363592072834,20.50739637959532,22.87881213239058,25.358348117835494,28.480811123702946,31.763554258058903,35.6346080138623,39.47815593008465,42.971763269540205,46.6104118579302,48.879524961004655,49.852982730492315,50.67470939290576,49.53849855078796,48.35053253959754,46.35426255458749,43.17475992430231,39.40664862749621,35.6346080138623,31.60297355599501,28.134706927655824
res-amazonsagemaker-1262,2026-05-07T00:00:00+00:00,31.748880835397767,4217.766031470578,39136222.400803596,46865411.3476276,7191.805918225637,18.725644868797882,normal,20.822381739711048,19.03609989062766,17.269606827049294,16.88177415724028,17.467600912432466,18.987520169273907,21.28864534104246,24.074732215844843,27.839719293047903,31.688934880061247,35.6613710249464,38.821871778741816,42.411337677834624,44.19135593708431,45.55839723239262,47.217264813842746,46.88226316494895,45.221532328719825,41.94624994906435,39.401334605556286,35.55002132074336,31.688934880061247,27.79938299569712,24.264806913581708
res-amazonsagemaker-1251,2026-05-08T00:00:00+00:00,15.654241534918764,7004.16,31935319.439120516,38681161.9293933,6432.897897724036,20.224474733826835,anomaly,14.421467554505163,14.131383237624366,17.269091179661658,13.209276284542515,14.88381673711945,12.333448751115135,15.58687667992416,16.31719100594393,16.65172026816886,13.869846532711922,15.05239714798173,15.468919996804914,13.445759081326056,14.609428971696152,13.863113108031369,14.698655643258945,14.89171031018477,14.407495064412721,13.734712802597594,16.95439337785814,13.84525837630631,12.960427333588308,13.331061296296186,13.423465051804268
res-amazonsagemaker-1252,2026-05-08T00:00:00+00:00,44.80239351022934,4638.717161210232,39661909.146769226,44934153.85618487,61850.1675824349,19.965085727106835,anomaly,34.626168539265755,32.35652889915596,30.75110370723071,30.36447282282161,30.38686433228856,31.439497020077795,34.04223294672776,37.064106158558815,40.960019733311896,44.72977313264498,48.56022869191273,52.56924328154504,55.00919510645303,58.13576058814844,59.717076823477434,59.40706332297711,58.617094978938326,57.72301600843154,55.359621385026124,52.16358210441027,48.71225503919982,44.72977313264498,40.823599723235766,37.00916676701964
res-amazonsagemaker-1253,2026-05-08T00:00:00+00:00,27.520589471751407,4484.477306477916,28320708.969248645,35103422.25930092,5693.054480677747,21.303704851817738,benign,13.346552233419082,15.15280124527646,15.936237794636952,16.82110707324952,15.988684519386918,13.231881669004917,14.812154505678519,14.406917567773155,13.031021856046587,15.174033257034463,14.302121318927158,14.073164969503376,13.818666077809596,75.05845370153578,77.12318421689552,75.55182848791569,75.23324972136035,75.90874778639872,16.855205162281045,16.482771515028816,15.696058030225972,13.718421629055442,15.02051583397289,13.750367149616814
res-amazonsagemaker-1254,2026-05-08T00:00:00+00:00,27.491639693468745,4296.73309834039,33893044.6592271,41822473.54787276,7133.601945087591,21.342122400532276,benign,15.621911728193709,13.96601592482958,15.269258577561246,14.142348435739477,15.386159773554581,15.232956757598384,15.634230208987509,16.618847658759254,15.838692525825925,14.397787714568192,15.200834506097554,14.935082877641864,16.327679208836116,73.66773140480842,75.65312819960772,74.11147893631845,71.38187334204073,75.8841624730736,15.906767498783307,13.010873460181909,16.64472901927424,13.341556300466076,16.241437171810844,15.383808938691153
res-amazonsagemaker-1255,2026-05-08T00:00:00+00:00,27.9189445084412,4059.7125466882717,41346533.853037775,45410544.63354222,7792.861656306146,21.37236810531107,benign,13.584427224471547,15.958486573478607,14.751342126873695,16.374414560782757,14.692326897107606,14.571181641100486,14.028956501634173,14.155723515273937,13.658774807319405,14.322145671366089,16.5725252528172,16.483486626291953,15.86870626616353,74.21843523001826,77.5465405301841,72.9075544074185,77.45904823188789,78.03736597237197,14.927101413232366,13.571200117341984,16.272498001181273,16.667922722993243,16.47242019355449,16.952083717723678
res-amazonsagemaker-1256,2026-05-08T00:00:00+00:00,30.527529714350635,4179.92258206963,39257499.807374954,47994792.480791554,8389.647479330206,18.7878577633484,normal,20.034584495202683,17.914448723023366,16.242909736502444,15.911206521664914,15.43817665951958,17.761693022599957,20.040015192283324,23.069199783038233,26.583309250969776,30.366194692078448,34.08847458513613,37.974101079249344,40.85847870872725,43.488249090869516,45.397046809772114,46.081977265437565,45.34988273076455,43.45968670510548,41.35309943459785,37.55641681773398,34.19769678308678,30.366194692078448,26.326530792102233,22.80113957287132
res-amazonsagemaker-1257,2026-05-08T00:00:00+00:00,34.03734919589434,4579.684844814099,29942502.19784799,34835054.324372955,5498.164396040703,19.9083809021168,normal,22.9463447511029,21.665427031829346,20.22086851083708,18.883565932621416,19.738486833923748,21.672533244273605,23.60558922950288,26.534318282087426,29.998256232617074,34.03361425657127,37.77848009348516,41.445829924778664,44.21939692517531,46.93352882855211,47.876373378479386,49.354253530988096,47.99911896413641,46.91132826120559,44.94273757009747,41.54602367008263,37.7384265798028,34.03361425657127,30.170718476904845,26.647545935837677
res-amazonsagemaker-1258,2026-05-08T00:00:00+00:00,34.23053638972733,4467.524151909672,30095205.05927677,35153543.58460517,5870.465890448296,19.958977287834948,normal,23.94652817844127,21.297356221303602,19.941685131941746,19.231488327797123,19.650995562557846,20.736101365056065,23.264930599203183,26.965280446409533,30.51818841868133,34.225814498010344,37.99919096619105,42.0480666106461,45.16296890575146,47.532368223827454,48.32605817303481,49.245671038617466,48.82053921464612,46.75182016802128,44.82620808511073,42.024782881340364,38.02256278898449,34.225814498010344,30.38100354661773,26.387449503254537
res-amazonsagemaker-1259,2026-05-08T00:00:00+00:00,32.33841303040128,4263.326852140055,30001180.63414794,38061311.62999597,5893.369328409835,18.52813163516744,normal,21.496253977425866,19.398594554674602,18.09541852523857,17.22494424432231,18.44421466316902,19.41768575601791,22.19243809084294,24.489343031268547,28.545182867547137,32.3193922225907,36.278702731126586,39.482820781578525,42.79621874448609,45.74809043841959,47.10078435813699,47.63492824709412,46.175563421026254,45.308896909796076,42.68157900089389,39.85766564108137,36.008877765919145,32.3193922225907,28.594693093228944,24.51023144115473
res-amazonsagemaker-1260,2026-05-08T00:00:00+00:00,33.26125984656971,4496.472585819392,41079449.08797911,50530895.22413978,8253.923783149374,20.028244440186846,normal,22.774940053410056,20.82054106530824,18.68396220904232,18.49602407907945,18.057803013325024,20.562306181683716,23.07499344898359,25.4374428324669,29.51166009278432,33.232074880858505,36.928752385947476,40.484872146605646,43.576947112441054,46.46443791031372,48.08701963589486,47.7866068598217,47.89378565478698,46.71799404597707,43.66398689812889,40.36961879646508,36.95313277426722,33.232074880858505,29.412727231831006,26.046532127391608
res-amazonsagemaker-1261,2026-05-08T00:00:00+00:00,31.68468649428864,4468.173641320475,38585165.26376599,48996542.27254304,7829.857953595034,19.555710490357576,normal,21.356307419521578,18.883927564925894,16.706701504540526,17.08321998593463,17.09078501030205,19.271213292004457,21.474227278925618,23.94806339071909,27.579483747083707,31.641359759921993,35.42410376039065,39.24382177065755,42.39298369379714,44.53907322389216,45.94307841042231,47.254766921822636,45.9359817187642,44.56794749163923,41.78673225102166,39.19120991945508,35.64730554949062,31.641359759921993,27.782319096817368,24.046503340955187
res-amazonsagemaker-1262,2026-05-08T00:00:00+00:00,33.933560600728725,4824.409876875943,40271295.130451374,47162989.754055485,7699.244836225537,20.93645598439783,normal,23.781410225545038,20.90502600681536,19.532495551981068,18.794966218311117,18.80477874829098,20.750680688640113,23.51021096577427,26.23132508351017,30.028983924827305,34.015099444962445,37.726704411836636,41.33943002334439,44.29071917820961,47.30013811718647,48.406497055016565,48.96384951869322,47.936667398671375,47.517795086395545,45.077027945606964,41.48486412032788,37.73655967639187,34.015099444962445,29.961565182864533,26.293560399324086
res-amazonsagemaker-1251,2026-05-09T00:00:00+00:00,16.264943455073425,7127.039999999999,22682091.81440935,27849524.542436574,4886.122619622468,9.815889011159575,anomaly,16.094619332451344,16.76000671588823,16.100375435107072,17.684522423962495,15.780131835330199,12.299301147180126,14.80288294188518,15.515971569820392,16.32062684418703,17.214578413699,12.494471892187857,15.296940603751064,17.04156716097409,16.97997686862709,17.487847615681467,12.80326492103439,15.914696649095177,16.997799144454568,12.336269627758538,14.183684243722904,16.9220598904244,12.837873286534759,17.114413103980265,12.004298744433719
res-amazonsagemaker-1252,2026-05-09T00:00:00+00:00,21.199630880412734,2364.861195687909,26380773.617292512,33975592.05071246,45068.736162309215,10.013851195650462,anomaly,14.440980901623139,12.382710999225122,12.197752877979076,12.0,12.0,12.922897753529865,14.514188652545961,16.329317105062156,18.668068607002965,21.106262708100886,23.66707179290812,25.711690806754916,28.09801274505265,29.54192331082791,30.65966418436572,31.0736901438721,30.678421783797763,29.14865743352655,27.917260929741282,25.97031680706521,23.615603470207596,21.106262708100886,18.52516646243125,16.515218946184493
res-amazonsagemaker-1253,2026-05-09T00:00:00+00:00,27.992292083592115,2488.560435550989,19745298.012680195,23925027.81031532,3898.1917252320172,21.45311197814608,benign,15.093868735780465,16.580507679789935,16.88834615188584,16.761336884814547,14.118531539722628,16.502658902780226,13.597872164473358,13.917140397820178,15.96049875500835,15.515304600500299,14.462186550895256,16.67669751048699,16.19195638869439,71.89506352155338,77.95671476671696,77.01049083669925,76.88234173815115,74.24106854540975,16.251735243623056,13.431764489153998,15.285393288999584,14.16666426966518,16.61139448536509,15.815472558220801
res-amazonsagemaker-1254,2026-05-09T00:00:00+00:00,27.38399128640042,2578.600986029824,25931676.927634265,31033390.723375574,5033.247666448907,21.365649409494228,benign,14.775970173022605,13.518452601248436,14.580706979736526,15.40804716561453,14.734128369282207,13.228001090770885,15.209981920874997,13.72949352088348,13.910260875358386,14.616838476111452,15.792179564682266,15.489017444440382,13.917049717977665,78.88524471948405,71.91928970531733,78.42880166732041,75.36744911789667,77.40005846932111,14.734202165067543,15.242291625898428,13.89475388686882,15.925121667944238,13.318996530644032,13.189453417843604
res-amazonsagemaker-1255,2026-05-09T00:00:00+00:00,28.07303633249219,2756.165036614953,30243549.734741997,34996762.65053776,6015.815511666872,21.441514676875755,benign,16.769743625589513,16.215049020621795,16.832618248820026,15.782159861740244,15.793580094248954,16.489453004397216,16.838791376642497,14.474896587916692,15.371806201953564,13.294123042146925,15.427233326267618,13.130232189597468,16.428357572068606,75.53461862127642,71.91160374862733,78.15577113320833,75.71932372554208,77.95139921818682,15.061003729652946,14.574016158456907,16.705992935697864,13.19803871839112,16.29083702519067,15.802222813570907
res-amazonsagemaker-1256,2026-05-09T00:00:00+00:00,9.808768385564248,2404.432239127308,28923281.209535357,37091409.72287637,6071.131057769963,10.197556288347203,normal,3.9190085957782865,2.7894237581327617,2.0,2.0,2.0,2.9071159641252207,3.849708971431759,5.508358978474598,7.69034527739567,9.786411384551505,11.861687822522562,13.819693444245642,15.67139324576514,16.95288841173349,18.12820000429529,17.944790670349015,17.56480018901526,16.866378612499506,15.391571988269579,13.812399923195652,11.89520300556443,9.786411384551505,7.741841808642539,5.522807813002517
res-amazonsagemaker-1257,2026-05-09T00:00:00+00:00,10.920276474537678,2485.5271948239283,20996660.06544984,23929092.219791725,4208.412367270651,10.345676286893266,normal,4.075980810142603,2.4140812241523553,2.0,2.0,2.000920408107773,2.7475366233225698,4.049595758561772,6.1397838731341645,8.590205583535468,10.943261661971839,13.444771375325953,15.708306071648332,17.544515477487195,18.8073710497822,20.136140598470675,20.026967066985016,19.977606343214603,18.98460301949671,17.947339031361107,15.553349674876735,13.32653663244924,10.943261661971839,8.431146757643994,6.293354685262132
res-amazonsagemaker-1258,2026-05-09T00:00:00+00:00,10.759177948111953,2550.0217508987885,21641406.617131002,28080650.82450351,4321.045016749603,10.505060099335386,normal,4.115202749351534,2.8075175573837914,2.0,2.0,2.0,2.892227877427774,4.09742004412843,5.950213736084143,8.434849847532554,10.749183113095263,13.242383748148137,15.58099830424251,17.147104874562366,18.996753131175943,19.414495210011655,19.749361075436862,19.38740288954192,18.86526385768176,17.00334409611797,15.244597335817769,13.175160384963608,10.749183113095263,8.446081807167145,6.17152600172046
res-amazonsagemaker-1259,2026-05-09T00:00:00+00:00,9.717839233174194,2368.959114981347,22967326.74825053,28041709.880374234,4359.718733524365,10.212196052531201,normal,4.066359155204747,2.5071707038227222,2.0,2.0,2.0,2.8615165607037882,3.999804480141167,5.378199440481074,7.4089395484400935,9.60776518581692,11.688507771489824,13.763301362879844,15.594399067799127,16.94232428078118,17.13017408265845,18.018120271771114,17.81907070327685,16.92468711369433,15.565446461963838,13.59269412180398,11.801818339911328,9.60776518581692,7.5528196941193615,5.397258063604022
res-amazonsagemaker-1260,2026-05-09T00:00:00+00:00,10.468260754341019,2646.7246083413997,29984705.910511922,35158953.63003134,5911.1076954760765,10.72433421611673,normal,4.032018395280774,2.485882323190829,2.0,2.0,2.0,2.7899752941895164,3.8615381994839497,6.105385862812188,8.134024455054591,10.452692245769413,12.806410348236838,14.996123346527968,16.638734946541007,18.41903934247633,19.117417447870807,19.49034570035513,18.681725465005165,18.48056629741828,16.58980089845396,14.894004966214034,12.727375759579335,10.452692245769413,8.147608822238807,5.93489574171612
res-amazonsagemaker-1261,2026-05-09T00:00:00+00:00,10.634312407818818,2530.3173172844063,28019394.183405053,34492409.85296773,5954.257413037386,9.561052638235603,normal,4.021958323185503,2.346981279517918,2.0,2.0,2.145595756464767,2.902077929195397,3.888651317734649,6.282260024276749,8.176730428370808,10.63684636079786,13.073953072284038,15.07813666061853,17.22144112497787,18.69238341457189,19.229409556959943,19.769349420540564,19.498114554121567,18.362862745332393,16.832938063176144,15.39646691337493,12.957346019645861,10.63684636079786,8.22125058630915,5.85189787539724
res-amazonsagemaker-1262,2026-05-09T00:00:00+00:00,11.166410110213684,2636.3148029249255,28585320.48435254,34080451.397055276,5682.006196184451,9.728533798342925,normal,4.183478466388642,2.944872120358723,2.0,2.0,2.0,2.5275956537238624,4.074223777324459,6.42890481932262,8.578607479620858,11.147699659444042,13.573824053527222,16.19809604212169,17.759982629482067,19.27397022940042,20.80972616393364,21.240400112945913,20.392729563189548,19.233765667428926,17.972101382224395,15.920704723704556,13.543755573207086,11.147699659444042,8.584424062994103,6.457280805341606
res-amazonsagemaker-1251,2026-05-10T00:00:00+00:00,16.59390312410916,7249.92,30324311.460666943,34583328.84219661,5718.773529876,16.287375214346813,anomaly,15.524062733374013,14.645637790181858,15.441265911709522,14.326022314321856,16.568318658788076,15.639085195598648,16.679396742701655,13.197250868617497,12.671670106494762,14.424064876731222,13.104050718863588,16.056184877144993,12.18404953673276,15.472954377053938,16.589911567339975,15.022555829606592,15.876600933449707,12.113805591086738,14.508115980942993,12.193329968020908,13.924470627894944,16.02188790536005,12.602944735400397,14.14555671644312
res-amazonsagemaker-1252,2026-05-10T00:00:00+00:00,30.80306806006973,3924.3866617306644,35408798.52547408,40878418.99572934,58783.26455228397,17.23065364405501,anomaly,23.074723997560234,21.410866218749327,19.454671344616617,19.4164115749993,20.02125355913782,20.677817179333427,22.568799583014265,24.994834201072702,27.81400089184054,30.782359269148095,33.82832231716552,36.23448008753562,39.08687264059766,40.78347391703678,41.41293057828726,41.7270107120098,41.704550422873474,40.78064772329273,39.13077020331167,36.54664403198461,33.80840310903122,30.782359269148095,27.819299347498657,25.412131262428154
res-amazonsagemaker-1253,2026-05-10T00:00:00+00:00,27.490553997581134,3872.1165204901886,26793791.315403894,31396735.664595798,5047.013645838518,21.222259031358476,benign,15.61036580694594,16.579065800550783,15.545093822333238,15.161287399062637,14.080803964370705,16.45635172633807,15.974473996069085,14.812010800240278,14.667246909853793,13.149517567820615,13.469106997899978,16.40490188464351,15.145620682982939,76.88397908391445,74.81623405963428,71.19941317211897,72.86122103807647,76.49902446773487,14.828064555415551,16.390663322281224,15.318608962217954,14.558150945113244,14.410338205845974,14.951750770482805
res-amazonsagemaker-1254,2026-05-10T00:00:00+00:00,27.96088599078817,3906.750472658209,31052700.6831143,37464999.87685936,6114.229422047005,21.387969956766984,benign,13.681330338925253,16.305960173816743,15.288798694338015,15.311400728192154,13.24088560239769,14.431018784092531,14.907354846650783,15.75929599188887,16.61685659147391,15.742958705438063,14.496439661123318,14.214170400344319,15.113553920974738,77.23663516942432,78.05621088791165,76.62739469542234,75.40776463019756,75.10034383019696,14.479208973224601,16.060748266323113,16.983269025569932,16.552573337285295,15.259535575939479,14.187554947764369
res-amazonsagemaker-1255,2026-05-10T00:00:00+00:00,27.313344959650134,3639.443699360437,36048549.845042914,45189117.09376851,7298.618512996651,21.445410864431164,benign,14.691325702905027,16.32474344742344,15.882678927320567,13.64074617123875,15.412342600913089,15.051539787928455,13.217862809195442,16.143677769464595,13.666893971732089,14.472220246435212,14.77751230108363,15.349406923462471,16.295984441142334,77.73491536914057,76.34242082735054,71.0934013397775,76.77377376467128,74.21953183786692,14.736020842175467,13.65291946229214,13.584659296506763,14.320267459630138,13.010318133361334,15.125115598585403
res-amazonsagemaker-1256,2026-05-10T00:00:00+00:00,21.40186333203783,3775.856893141198,37827731.291720346,44626124.128518105,7669.651103919113,16.688398404604303,normal,13.722498846736595,11.305998063814165,10.093294180034727,10.124174723171013,10.341248357573754,12.068654908458965,13.747927249089248,15.790051742929688,18.336594428066725,21.359926449608786,24.37056626916946,26.790377291414252,29.268288400848725,31.140613182508474,32.75362516433556,32.710494034681034,32.701924289032206,31.2701395977967,29.299322406311415,26.76349747017523,24.30418201335238,21.359926449608786,18.366013144465985,15.655381305724068
res-amazonsagemaker-1257,2026-05-10T00:00:00+00:00,18.143522132725682,3436.307951101088,26117562.25121069,29736319.668459944,5075.197299546743,15.37407771894447,normal,10.466705135720467,8.91013549836404,7.013046919231153,6.994849056184982,7.0630114246700275,8.129598598820001,9.975037616737714,12.702783118591608,15.399380613489038,18.168029445572028,21.2152306756456,23.689829896186954,25.772037802495664,27.982820665147855,28.925069978726036,29.268297721402753,29.18514295058783,27.960785576784765,25.952446932902397,23.67928430469724,21.151081952543393,18.168029445572028,15.385640178030412,12.286255677312466
res-amazonsagemaker-1258,2026-05-10T00:00:00+00:00,20.794332069083463,3793.3552464852196,29111267.843657132,35337066.28485861,5409.072084104451,16.965266606306876,normal,12.812103590440035,10.854046525577644,9.950864387426137,9.503380340026439,10.229115080343956,10.760165210127255,12.503448731725998,15.290076492098684,18.037424867186708,20.84674670120534,23.794404236727352,26.239427084551018,29.177025824994892,30.49078304754025,31.66045484843477,31.594143017633897,31.254996074509346,30.794294726803454,28.633012159115157,26.640233498215615,23.712658459706592,20.84674670120534,18.017132216905434,15.421285835501727
res-amazonsagemaker-1259,2026-05-10T00:00:00+00:00,19.77580117131645,3474.610616335201,28675116.464970358,33958792.08672368,5337.244682163613,15.354714240654303,normal,12.062339233768059,10.208957071175366,8.539380342821307,8.114576427209196,8.800588082648662,10.492617621004907,11.904455326884507,14.156724745788772,17.022056281776962,19.794494133261885,22.581868780430415,25.33964896647993,27.717814335682647,29.627265725904614,30.121115337212302,30.77513018055727,30.779323352707273,29.72044928462188,27.657537013814995,25.465494069191443,22.779016151344834,19.794494133261885,16.844829913113433,14.319051600932173
res-amazonsagemaker-1260,2026-05-10T00:00:00+00:00,20.104485344815387,3715.5586126363296,37502865.50691722,43573694.46924295,7351.929334976418,16.107556924150305,normal,12.151240732620504,10.175196447338413,9.130715405379611,9.172250290411395,9.717965800919558,10.270911446634518,12.203335537034517,14.19442360564583,17.12509057517043,20.06111268425598,22.993576311318325,25.75785886985743,28.259798938266968,29.59517602031344,30.652238509981,31.065698757585587,31.359298501718488,30.116311231722808,28.05370092864546,25.686961451525406,23.043666171867947,20.06111268425598,17.042998984434025,14.61700838866564
res-amazonsagemaker-1261,2026-05-10T00:00:00+00:00,19.35013103280154,3661.070023522684,37615424.560989924,45670423.439539954,7191.883271476462,16.648813174222486,normal,11.410607609450402,9.954230981841402,8.33219573150844,8.479742486484131,8.221700673445934,9.700504031268084,11.701559910751833,13.611113887630475,16.388009928012096,19.362454508168902,22.156074243850398,25.007229149227065,27.014370813137525,29.199544440833506,30.210400064841703,30.451285270766313,29.908849919599323,29.0304872744984,27.179267367173793,25.035635324712942,22.398105278578683,19.362454508168902,16.429195528468732,13.858125854817914
res-amazonsagemaker-1262,2026-05-10T00:00:00+00:00,19.45972078048325,3521.86731026527,33641033.61829623,43658489.572943754,6814.883089520444,15.331578465898525,normal,11.228936011171555,10.218368894538992,9.153490057344616,7.893494410191244,8.515799318608984,9.810495375558864,11.46234190735937,13.9471166477359,16.484600276231212,19.48117544234348,22.29892296999072,25.010564040260054,27.284539595042133,29.58263921233594,30.062294375735497,30.220580682017605,30.315413632563313,29.42133394016578,27.068302558851194,25.234549158892676,22.29160984353412,19.48117544234348,16.491312728020954,14.074242210760268
res-amazonsagemaker-1251,2026-05-11T00:00:00+00:00,13.819047133207574,7372.799999999999,33136957.485330056,40831634.715439945,7096.809434777556,22.395964884309876,anomaly,16.448574514950096,17.80120283479055,15.20723150277028,14.353847147841234,17.688265935810975,17.025853263735407,12.17941906532283,13.259743015321574,13.708169823645472,14.104568772586527,15.521305723637983,17.535654510085422,12.191021993250011,12.843004326381713,16.254045902385542,16.116377553160483,17.685685784803987,17.0771726531422,13.768580116682037,13.695721707009808,15.238586589471744,13.945355401589458,17.91635234528903,12.421599538989986
res-amazonsagemaker-1252,2026-05-11T00:00:00+00:00,49.80988193056771,5157.724668944576,40756195.1540577,47753438.714226216,68950.17414347375,23.529490269118398,anomaly,39.454044388343,36.59070040877291,34.98838752020671,34.99132485393173,34.77925958713229,36.62292840193082,39.199644142356185,42.674994656152094,45.94275369268008,49.83537572035745,53.74063080607964,57.55911259804103,59.96112907524227,62.3844919179148,63.909295231622856,65.4989886634622,64.92110492866937,62.79661447909366,60.89849679027738,57.02982877633367,53.67385926312609,49.83537572035745,45.851698541949595,42.297126169591785
res-amazonsagemaker-1253,2026-05-11T00:00:00+00:00,27.606572465142552,4844.572991835177,31634168.08141783,37186550.86736178,6037.388997669091,21.517647712235405,benign,16.063813550338352,16.76117879821457,16.162893035686608,15.265691215180517,16.87202469067391,16.461815308820942,15.872059705134642,14.292674414599958,13.751681137851982,13.10779783968877,15.260548989641777,15.939780128750577,13.465950865205865,73.55741610853926,75.89118896443422,77.36006160352505,75.54347481813444,75.016079851324,14.779479909134087,13.980736994610849,13.012583259413228,14.726460389027924,14.863281525590448,14.549066059899282
res-amazonsagemaker-1254,2026-05-11T00:00:00+00:00,27.798429999994937,5199.431726657174,36800808.820433326,45155465.616846964,7446.518937959782,21.301455301487355,benign,14.337714247459632,16.045173155241127,16.01168039719357,15.275083655462089,13.298991469460068,14.36079669404622,14.632937906107543,14.590958727760496,15.236268104746927,16.132041678620297,14.153239983947778,15.595849289098366,15.543383524531421,76.30296776960637,78.31038855414525,71.77462814506798,76.97393762053731,76.33260192640327,14.479401877386726,14.293126510672312,13.664160544572685,16.55944363210843,16.714697734771676,16.542846850930964
res-amazonsagemaker-1255,2026-05-11T00:00:00+00:00,27.563812700308905,4620.361165271293,41987974.143027335,51097013.891655006,8867.476915792455,21.271552650413245,benign,13.186060330111953,13.93344284673525,14.23209256599204,15.207572788988104,15.369546820519542,13.91554521266359,14.3030565041087,14.59698695136522,15.783929318480418,13.382119667771233,16.40008516650053,15.544014549938055,16.736007295391662,76.78429347922518,74.58217703832884,76.94860246166112,72.92814809578542,74.96712642834181,16.259088317259494,14.07990505017371,13.721501771017252,16.705008039371183,15.36737134344918,16.597822764234248
res-amazonsagemaker-1256,2026-05-11T00:00:00+00:00,36.96207515010797,4883.523416137476,42302084.52863937,50447833.20651423,8789.821054038206,20.940007470689427,normal,26.380515603336946,23.722411182901727,22.704172974925058,22.077640895811008,23.083623289333687,23.564730364745532,25.9195566631939,29.711935812655444,33.0909095531556,37.019138645478336,41.00340917482032,44.776224801640964,47.20999607548042,49.984378389792624,51.0590477125001,52.60632421550066,51.31413364653969,49.49132962831439,47.364491646931,44.71790757181877,40.87915876383472,37.019138645478336,33.06327874120734,29.32634960319474
res-amazonsagemaker-1257,2026-05-11T00:00:00+00:00,38.58688377707292,4990.416390236917,30759926.5720499,36248656.160503715,6315.372948609125,22.508149483949158,normal,27.662384689876514,25.790427128286304,23.819545765196786,22.823797159968592,24.578509301557784,26.1260163349677,28.001484333496688,31.28966475485918,34.67395950246482,38.50645520094277,42.44099425002262,46.300033948470144,49.44214379326827,51.74208424527449,53.384617768429194,53.50300716261303,52.87416129853162,51.51601961227112,49.330199397073386,45.970449861555444,42.19781961964861,38.50645520094277,34.441806003835865,31.16317431619626
res-amazonsagemaker-1258,2026-05-11T00:00:00+00:00,41.30289534979901,5344.303816904919,33907620.26574309,41417711.00788931,6874.271936185287,23.387362794417268,normal,30.300127984205073,28.690361721913,26.92441533254283,26.525849857050012,27.36595082220886,28.112972742693977,30.916219149300744,33.636030024004725,37.252069743444096,41.22776819224384,45.01593237957655,48.90020369373262,51.65887174175125,54.62650859636305,55.68765942409691,56.74298894487084,55.083967335146355,54.43078423851363,52.04999210111746,48.54914749746582,45.19269508902564,41.22776819224384,37.32992324384395,33.821280347821215
res-amazonsagemaker-1259,2026-05-11T00:00:00+00:00,35.15917392172326,4786.29155705766,33588768.153697625,39578980.56002681,6329.743966817387,21.65830136841607,normal,24.913656662760573,22.06465762254473,20.363511311978556,20.665096112535835,21.178718464841726,21.935489036373525,24.53968471438513,27.37867811990278,30.98848692210395,35.034416295287954,38.816113093923924,42.50883076613663,45.89387517529859,47.92673584811917,50.08849237236836,50.35577486983491,50.00985582076452,47.95806971611452,45.93142287285042,42.55216983802555,38.72833457207305,35.034416295287954,31.213016541007487,27.740671076838268
res-amazonsagemaker-1260,2026-05-11T00:00:00+00:00,43.286266981483095,5231.360908689331,45525452.94592412,56149253.80819392,9285.337252145417,24.034012321397906,normal,33.1666012595009,30.30353450098503,29.149983437129414,28.93472013751849,28.192563929339194,29.891866433627463,33.1625793348893,35.64693061070827,39.47365859717721,43.24737043273825,47.05002914580778,50.378217738200576,53.44969209546744,56.218213104038114,58.30564371143497,58.819833295473565,57.03772434228681,56.022363849264195,54.010625492220974,51.082450625452125,47.024791525419225,43.24737043273825,39.340284217443575,35.71335930673331
res-amazonsagemaker-1261,2026-05-11T00:00:00+00:00,37.66844240669568,5008.842456762653,41209198.82203784,51622457.30489176,8639.566290443001,22.02422852941482,normal,27.609103396238496,24.75065393020513,23.746252074103214,22.631231641404817,22.931157267262982,24.563713743857193,27.642027209910896,29.966114003245238,33.725498748487375,37.730767770523485,41.67617573919641,44.885413103948096,48.440471677365544,50.09274190047499,52.277178189037194,52.41357385083714,51.91643825344352,50.531047051869876,47.877386018304136,45.42391731688444,41.44705325851583,37.730767770523485,34.034005269630846,29.99992857542612
res-amazonsagemaker-1262,2026-05-11T00:00:00+00:00,38.08941631824217,4973.401260251646,42210669.5063041,48036294.34289306,8343.932935949942,22.55530539502118,normal,27.82820277919522,25.15678282243008,22.808053937226518,23.413043168603508,23.641897411113025,25.57300565989167,27.56457675641661,30.670676298330566,34.05557917165849,37.995012922254475,41.73836141427921,45.66246064332081,48.826163920197665,51.124106814177054,52.97639228506636,52.75118520756836,52.33392603447064,51.17410065308391,48.100588183451734,45.73210319977438,42.03349916121663,37.995012922254475,34.19642898814483,30.794831283685923
res-amazonsagemaker-1251,2026-05-12T00:00:00+00:00,13.572638342887736,7495.68,30653280.157946985,40434865.17589898,6517.873344872857,20.525108924085227,anomaly,17.667856843914667,15.537340089663402,13.149999204853255,14.354151996006173,12.841699576896119,12.731951036068388,16.501345141762656,13.23190285285049,14.413432414388978,12.835823693847004,14.511611455146358,13.797022585084324,12.559151033093016,15.059471921058641,13.932749326005421,12.402092174263707,13.148907312968207,13.26842249502563,17.671728401146666,13.59497995390863,12.996875976765665,12.048562167710958,15.715496433151484,12.726040516174493
res-amazonsagemaker-1252,2026-05-12T00:00:00+00:00,42.51555291071236,4584.25654246172,39880845.299183466,45591062.769571215,60397.085634578754,20.376430020078928,anomaly,32.078012172282776,29.792141635139686,27.432899350164455,27.84251692210736,27.575407195055327,29.3084650003753,31.62067987441562,34.75597676964358,38.818399392016346,42.553591869709905,46.50702191342805,50.16093517959898,53.30071216761091,55.68518398162861,56.34027992563404,57.44987443568641,57.092856264726535,56.173092617081124,53.28992332021081,50.00532472471708,46.56454997113893,42.553591869709905,38.71253884597256,34.75929445904228
res-amazonsagemaker-1253,2026-05-12T00:00:00+00:00,27.710298356056754,4815.612645974947,29080251.291009087,35269352.69639782,5798.732201278486,21.442817396805978,benign,13.288276231669924,13.511993631401136,15.720271985100805,13.076610942681643,14.604392205234877,15.411663048999234,16.60019085459453,15.931205253920883,15.201662493535958,14.5913718119677,16.400881685454582,15.143030186596388,16.321539255509514,78.24340130396973,72.67200517166113,75.55657874290898,74.63741623129282,77.87007769521507,15.61279171809197,15.211135893457227,14.659402834804968,14.567245947184482,16.854079270337046,13.359936149771492
res-amazonsagemaker-1254,2026-05-12T00:00:00+00:00,27.666426363705572,4272.621910774707,34934360.042288825,42132803.4245844,6489.015301424665,21.44508655183162,benign,15.894136356479466,16.551420592099856,13.906018094850602,14.445907509511052,15.466249943057264,15.918312370070183,13.053420148415338,15.988707607813653,14.523753231163003,14.136651356498867,16.48968931216546,16.168489259800058,16.52158705219933,73.54321414440642,74.53245223351504,75.91693460475274,76.3192310905922,74.30186858831787,13.866051312441153,15.181678851173643,16.009888053028494,16.170042426108033,13.260415356586806,15.828113233887223
res-amazonsagemaker-1255,2026-05-12T00:00:00+00:00,27.981382292226527,4339.941671778277,40628565.03660047,49552328.84562398,7958.23764858269,21.274157315638348,benign,16.910173002478125,16.931925455098124,16.71151389430637,16.58548570554399,13.434930059211801,15.98835628609149,16.21011241097466,14.97981583340552,15.85491847135809,13.223450322878247,16.943445291578307,13.071692327726835,13.713176723877472,75.20659919507354,78.9478806461738,71.51246999397596,77.74964173133743,77.1344874399053,16.473077226951336,13.562235355650623,15.692207562365287,14.809764657131142,15.306222722719134,14.599592697624107
res-amazonsagemaker-1256,2026-05-12T00:00:00+00:00,32.27769034012208,4355.992406547845,38987424.88855962,48559154.582480915,7599.331202100819,18.057189879759886,normal,21.699958321918402,18.972548963726826,17.37713352588338,18.0751186066826,17.183825336533722,19.760743212950814,21.42236641301061,24.96346991758511,28.482648458057973,32.385254650854364,36.16656745428807,39.8697678634798,42.762476375506026,44.734937163982906,46.38847863831177,46.972457111223534,47.387258430125556,45.106627965481515,43.20638491768784,39.63844682008223,36.23974077821245,32.385254650854364,28.516972484498393,24.966130101991617
res-amazonsagemaker-1257,2026-05-12T00:00:00+00:00,28.86896345174942,4078.4632924190873,27283552.157682773,31675301.647172354,5759.066059443445,18.53290537664088,normal,17.7023323472361,16.026566838917624,14.882213069528609,13.118221788077458,14.409976881539949,15.967147723424494,18.46174756820225,21.567796784866005,24.850190572842237,28.811505543000493,32.79250098417424,36.66861436207393,39.636256635987124,42.136275686502614,43.89321951266238,44.28910815831682,42.84317571664547,41.58059561370287,39.12623251952912,36.4787268964922,32.55623606055604,28.811505543000493,24.82911745420468,21.415858580502928
res-amazonsagemaker-1258,2026-05-12T00:00:00+00:00,30.518480808503543,4078.7703314870555,30984468.34201342,34058176.27365589,5855.36073990813,18.115888923701792,normal,20.112280903315856,17.339314379431045,15.851038799528762,15.548118123366658,15.504589407382069,16.861414225733835,19.61297893907503,22.9505203138887,26.72725532511963,30.49326288156731,34.51200697373591,37.91788489726532,41.608763615121106,43.65769365743928,44.315236154782596,46.102116327611455,45.45134124706935,43.447015639178424,41.26717215327875,38.16351996505643,34.38947304524591,30.49326288156731,26.7509577740745,23.36632177424975
res-amazonsagemaker-1259,2026-05-12T00:00:00+00:00,35.530224160654996,4651.283983488826,31245481.675371595,38165161.146837495,6172.074005408358,20.494550659025787,normal,25.35477022737514,22.641033972583283,21.59639566590492,20.307299358279817,21.17195371005773,22.692985313392974,24.519100005398393,27.77289869113353,31.734965007071725,35.51938388903454,39.40110748238491,43.19621984515949,45.70343363477872,48.31408629544604,50.34281855992805,49.99597380604567,50.58287450791162,48.90784711774405,45.616326032116994,43.084026144119164,39.33158906152855,35.51938388903454,31.740616132078056,27.678291507211952
res-amazonsagemaker-1260,2026-05-12T00:00:00+00:00,36.48553723494222,4613.7229713347115,40329653.68238896,48573692.34967304,8399.99326197674,20.64123478065082,normal,26.322648716142076,23.962788927770077,22.486251105170844,21.443005737166395,21.449703431338968,23.859055761759542,25.51015463305947,28.940397990389847,32.50045510269217,36.400625536014374,40.182485701962875,43.65783344461862,47.382933004216035,49.729569650171236,50.681289507371154,51.86533103887129,51.364743323535635,49.10599965078285,46.681430387904925,43.99747945237949,40.16604668689699,36.400625536014374,32.59713329057167,28.964906021812343
res-amazonsagemaker-1261,2026-05-12T00:00:00+00:00,32.77384987427652,4679.269641078067,42580461.93111268,50534908.86692834,8010.7942779030145,20.589325270374545,normal,22.06208623575198,19.76413442620809,18.35350185843329,17.025914986201144,18.88943617351601,19.543956259098312,22.486532858383832,25.33475594732991,28.88926586381009,32.713731329221915,36.52365141289761,40.43242760416662,43.44826049187757,45.23950794964732,47.3408863328234,47.617733414352585,47.85943892313571,45.54687143946893,43.614030087797346,40.38189606972972,36.66023562803917,32.713731329221915,28.753132492806706,25.37727786871737
res-amazonsagemaker-1262,2026-05-12T00:00:00+00:00,35.07499454041285,4652.061926851249,39107134.07725611,47069604.98279444,7927.146142792011,20.97408839952752,normal,24.615622901518076,22.297303050996675,20.395172515173947,20.542458922064206,20.61983196080228,22.00418760084824,24.099520958996173,27.17773078196869,31.25108286024499,35.05017015435628,38.94733623455841,42.19087374446145,45.81536200509268,48.490536220208135,50.1350829140021,50.288004329111985,48.97109266808198,48.41917855206778,45.790134820613574,42.60954257486704,38.79227781852279,35.05017015435628,30.990496102482236,27.256699124512362
res-amazonsagemaker-1251,2026-05-13T00:00:00+00:00,16.758156004695355,7618.5599999999995,34052105.81448106,38099860.895945854,6923.134035685888,21.094537428118063,anomaly,12.074972934033063,12.516100318118223,12.818239752619018,17.814495813155368,17.41924845917218,16.79623393525104,13.343129529202617,16.50141912120511,15.09136948903631,13.990319549254627,14.279837124097638,13.321790619387377,12.337853831110246,16.696143818358166,16.78746484002355,12.282402028112196,17.49973952960518,13.893299429119704,17.843669214685185,12.497997389757517,17.460228955813257,15.03331510355629,15.046142104995031,15.82072131005442
res-amazonsagemaker-1252,2026-05-13T00:00:00+00:00,47.89880146052727,4991.245986532581,39429001.06455638,48747778.76160753,65478.99954513976,21.508835722517883,anomaly,36.77858812891395,35.02694410516286,33.57109142664995,32.2624060439292,33.55598164504005,35.25695709143129,36.97573855003727,40.12642174313272,43.97949272874869,47.90311849066224,51.59299218832152,55.100378294028566,58.28754668627793,61.26532538368943,63.09569378072183,62.70261525938137,62.450247389612805,61.01780616697774,58.92585989322953,55.456140680110565,51.860157673346855,47.90311849066224,44.11335161117816,40.36326160140759
res-amazonsagemaker-1253,2026-05-13T00:00:00+00:00,27.228569265586216,4872.841642284276,30133801.97071304,36297048.66492341,5698.496240876676,21.23649082188064,benign,13.424963688056023,16.7892291186564,15.021511730881535,15.83649840829006,16.543453350984752,13.713300226192263,14.762079474202366,14.44305587305813,15.070819107355243,14.58623293556073,14.893922462130753,15.1914677414762,13.325327285229662,74.40269285691897,73.64815595521037,71.64895347835282,71.76615030750249,78.20692406934525,14.170954349910495,16.407175114240168,14.488367529023414,14.66245057031857,15.516591993489637,14.965384747682883
res-amazonsagemaker-1254,2026-05-13T00:00:00+00:00,27.32839281362405,4510.768349511623,34770271.47612996,41896142.172187224,7101.015396845917,21.378297555346226,benign,14.307771882604694,16.846287007594952,14.060109928897528,14.488543087475353,13.773598572821182,16.16041479153464,13.338240959331678,15.07147920230032,15.162922437235457,14.855436589178177,15.644375714385205,14.020927191655394,15.840813023761868,74.33166480707416,72.05918157265393,75.42810365743688,72.50508198738393,78.93215837156127,15.992691617625493,16.58800705549254,13.364818817578257,13.349015174456131,14.528065681163815,15.231718395774239
res-amazonsagemaker-1255,2026-05-13T00:00:00+00:00,27.616472822030733,4516.812241066896,43303200.284382164,49159992.68417129,8190.477533969908,21.415503277486852,benign,16.776940448368073,13.175969508856076,13.80415008730645,16.416578456986947,15.617451675787294,15.263681467996072,16.88109822674931,16.52839809459565,15.506308595586336,13.62063635752622,13.210637680308729,16.989495277038206,16.103158170380205,75.06079531305257,73.70110585582701,75.64196367279423,74.89250889787323,78.95204857921381,14.222068923935328,14.17548806606993,13.099570217448772,13.51292878100288,16.419199447541885,13.22316592649245
res-amazonsagemaker-1256,2026-05-13T00:00:00+00:00,33.67419932292471,4491.074264152675,42144832.485527076,50832779.697327025,8467.867176304933,19.413105012630595,normal,22.982739873710873,20.2833208731302,19.246578775767762,18.46536236781213,19.723126845835203,20.765424706089995,23.41701817706303,26.29094600966627,29.86220809524837,33.65418520606216,37.346972694381584,41.033721662918275,43.75752720191653,47.14573645792345,48.432389005943364,48.85093716240058,47.621590860241184,47.28171546883315,44.0413228335892,41.26365557630075,37.436162494708086,33.65418520606216,29.73367422084996,25.890281973738716
res-amazonsagemaker-1257,2026-05-13T00:00:00+00:00,33.482734800479875,4685.222553281565,29060789.185170814,35137527.411477655,5623.524822696345,20.37805503881029,normal,23.036409071862458,20.98539185293642,19.43953904583831,17.876918416651982,19.58647600965495,20.63839215394776,23.030413745163074,26.223942096843384,29.662899335412106,33.392867140492214,37.33589011835017,40.805921602039646,43.64207100576879,45.95796255604949,48.14064436551196,48.73804750025742,48.43716717956437,46.32113000763145,43.74882031406901,41.049834869111955,37.16011595276397,33.392867140492214,29.457465753204385,25.524447977899474
res-amazonsagemaker-1258,2026-05-13T00:00:00+00:00,33.84960192196848,4341.038918178182,30401315.14469036,36445353.014675096,5983.454330113022,18.5526172283243,normal,23.554895963423732,21.18653813365509,19.128679728905286,18.77192605580875,19.40946079267637,20.98226902583384,23.466654114144607,25.912377965663538,29.761673131752715,33.67142907416413,37.666133344780434,41.43353357304289,44.19489135207093,47.19318821538996,48.54312653538402,48.987819593703655,48.31668438627085,47.131932743249806,44.04630109722748,41.53271906848131,37.36811746621024,33.67142907416413,29.93627539199821,26.522390299241444
res-amazonsagemaker-1259,2026-05-13T00:00:00+00:00,34.062871508254666,4627.264944955747,33507223.77215666,37154649.980236374,6724.794242089806,20.323463664925082,normal,23.351376672696798,20.744925697168973,19.840154336621758,19.801010400535816,19.40377558922618,20.78229449639953,23.34456782849471,26.415818481277206,30.300936125045332,34.09645938359541,38.024832582728685,41.63927874678225,45.19377197134502,46.93595110299994,48.717419230874086,48.37924414801743,48.144123281378356,47.13596954966872,44.926223972286344,41.5480700730642,38.1463306040973,34.09645938359541,30.19289907136085,26.34702346885166
res-amazonsagemaker-1260,2026-05-13T00:00:00+00:00,35.52013171810112,4763.546361214244,43832472.404699735,51679179.34241199,8072.796431707854,21.042712016555438,normal,25.15720896132961,22.914125142338076,20.414431166890804,19.831005287411386,21.373933099342665,23.05869810468349,24.43521927174611,27.668783853173164,31.402342127844037,35.4727147321742,39.293288967598215,43.11844640528197,46.058876697458295,48.87456876587851,50.60695656870684,50.686241177574985,50.36764562882317,48.304709622278864,46.1156061783997,42.755367639003765,39.23309148950841,35.4727147321742,31.749870411178772,28.11731520362755
res-amazonsagemaker-1261,2026-05-13T00:00:00+00:00,34.94982182118074,4569.903101927487,40986484.434291035,47811438.386845745,8366.873126555354,20.347558786710838,normal,23.99688012517904,22.33090932262005,20.645329692739004,20.642283337409836,20.43523848062997,22.01749402465652,23.8673916509549,27.43957857730193,30.93714084787238,34.96508352600588,38.89633792710064,42.38337668232898,45.63009122330981,47.537935567338444,49.42434565565617,49.38818014268905,50.09698666223755,47.8852024427617,45.302713099376504,42.77098659092373,38.67072911420068,34.96508352600588,31.079425567337935,27.486999921701134
res-amazonsagemaker-1262,2026-05-13T00:00:00+00:00,36.158274393547224,5028.7369006574245,41760643.3949516,49950673.48396764,8514.940077948486,21.807298430992716,normal,25.500198036618272,22.93571601202604,21.85896309835062,20.95360777822166,21.965956684744736,23.444963478453403,25.4342580029808,28.84974146130176,32.14798391042583,36.17841651618839,40.05741010204431,43.71106940338035,46.556762322700806,49.18270295389495,50.39545528595483,51.665192951607054,50.44670047435457,49.25933628958459,46.38317739424037,44.007908115805385,40.215996951526925,36.17841651618839,32.142921851912845,28.325729852626417
res-amazonsagemaker-1251,2026-05-14T00:00:00+00:00,14.413420980279964,7741.4400000000005,32049489.85446962,39017172.495308444,6352.914423070038,20.479440553749555,anomaly,16.836419511629174,12.982887836864123,13.31803526023748,16.822590572361232,14.735060387218692,13.18442023547018,12.780454677337563,14.216755484989957,12.735822639070326,13.933065931690047,17.55620152930313,13.10881483610991,12.426924299430901,17.967873225556215,16.406756857933267,12.102118966566005,14.987831445945753,12.234843156205878,13.555519118793113,15.027319664388726,17.577873874110548,17.924920989023367,12.90240645275155,13.243058471624671
res-amazonsagemaker-1252,2026-05-14T00:00:00+00:00,44.32511708790789,4816.410289003016,40007438.662122495,48689408.06813826,60430.23362378467,21.190450446402405,anomaly,33.81464774177505,31.502412667474164,29.50395772859382,29.789497155168206,30.214686386462233,30.697095846704016,33.597743669070695,36.487875163150335,40.47988744357636,44.320513390529655,48.35375346282885,52.16989462504931,55.10073875092727,56.72867308412184,58.50767854072624,59.429866530698376,59.386778543293616,57.64661313822621,54.976262494127006,51.63526367275864,48.267918860894625,44.320513390529655,40.37441580097635,36.496122022126926
res-amazonsagemaker-1253,2026-05-14T00:00:00+00:00,27.50030050376901,4602.914042234914,29927338.187129986,33658074.818360716,5935.911014966749,21.407464423120203,benign,16.11046066257114,15.499805057860076,14.16298259976368,13.133892626839295,15.892207491421527,15.892063926068232,15.84097421064549,15.798775570223077,16.122673494044868,16.37493047808192,16.117073974854033,15.213713776114936,13.653679155219454,75.10305629857697,73.44414692609473,74.79068389639846,74.08490510972638,75.01489996111638,14.676582198663597,13.301337565474308,16.220399862429556,13.00663344186788,16.00344211064892,14.547891695751442
res-amazonsagemaker-1254,2026-05-14T00:00:00+00:00,27.768023330379204,4359.041263671554,32206905.911666002,40178393.37686036,6895.793853270518,21.232847437884477,benign,14.759791063156259,13.17578672223371,15.098574021477939,13.855022811868693,16.810582455064083,13.293807297544863,14.758547713508138,16.114208989270743,13.726082310519699,16.83016807285049,15.660461784850952,14.282327101565821,15.649244481320007,76.99106182985197,75.7625616933443,74.51887583596141,74.02587309390779,77.69225471263226,14.740042512701704,16.372563215037395,13.489362078970846,15.75496165586628,16.303383794476648,16.767014681118916
res-amazonsagemaker-1255,2026-05-14T00:00:00+00:00,27.865834750985496,4480.712587824003,42982029.821481735,48630992.92578723,8423.363618907792,21.419119450903015,benign,13.59140985293481,13.829182262518612,15.934826690265732,16.866026219543024,14.65851517045628,13.59183155012493,16.206609908758228,16.123857491970014,15.91458772178177,16.145880645478492,14.851947011980522,14.380145455632936,13.40742452066685,78.62498794572832,77.79213395499146,77.9396173095896,72.47243547834785,74.90389106986392,13.37805699446045,15.800094788097589,14.985622016323877,16.44737158796236,16.159916228498897,14.773662147675399
res-amazonsagemaker-1256,2026-05-14T00:00:00+00:00,31.407984289276826,4407.347448075641,40995014.082121335,50447437.55782901,8053.939188381634,18.46557207867165,normal,20.56544748462727,18.98450635963151,17.452121377309474,16.288714878446548,16.9136879202194,17.910403798105524,20.543318440175327,23.898131642370853,27.442880841326915,31.422635197505056,35.35470774353422,39.251033835057584,41.81092233634804,43.935601994941194,45.49282923136166,47.11354451037819,46.29060704554641,43.823219665920504,42.357449068436935,39.25877078464971,35.292965023071304,31.422635197505056,27.41032488395161,23.555163682223622
res-amazonsagemaker-1257,2026-05-14T00:00:00+00:00,33.842669188525996,4408.8698108456765,28836876.599714786,33447932.168673206,6067.445567078254,20.35471785217114,normal,22.963747290182297,20.492339074999528,19.27957626528041,18.48671484811815,18.825280800988615,21.461258173311364,23.543078541791033,26.12795630741897,30.190903774354503,33.987297736106946,37.7274233908927,41.78531117882438,44.36140634227512,46.50182594466192,47.959223920275925,49.459884454614524,47.965272930140706,46.83442152945018,44.72267588435249,41.34337045719151,37.82002984319032,33.987297736106946,30.25983392054721,26.137930179548086
res-amazonsagemaker-1258,2026-05-14T00:00:00+00:00,36.83072085725677,4532.759800908007,32125783.733255796,39838636.71676251,6251.037595724299,20.2518371225998,normal,26.37973434126452,23.462498110941503,22.36173666480569,21.96978804254598,22.430220090759228,23.295686337307444,25.971105643573864,29.34009508786405,32.99181637459312,36.78914443981098,40.71711070512584,44.40344830793755,46.987837554331996,50.20279596168935,51.906380382824175,52.137254544358086,51.93162900068496,49.60316990463977,47.0624048234005,44.32124713920927,40.513791032427925,36.78914443981098,32.92385359068561,29.445408053570176
res-amazonsagemaker-1259,2026-05-14T00:00:00+00:00,33.59793174014785,4669.5380526686495,31448549.532229327,38534895.64563021,6415.46376553454,20.005499426466557,normal,23.622855252675514,20.238860723885175,19.20567238238437,17.990418815258078,18.647212474044075,20.693513125116525,23.23728969840602,26.090613704243474,29.993704442678165,33.72724162219353,37.55603897012433,41.49707993195131,44.008439236753546,47.09068908735962,47.53401224549886,48.126355938527276,48.234007381445196,46.58808981559944,43.9680304515561,41.11543367489868,37.480195767423346,33.72724162219353,29.92463217823841,26.052733221093863
res-amazonsagemaker-1260,2026-05-14T00:00:00+00:00,34.67877748312335,4454.979359264937,38933941.06020906,49068161.19582472,8423.25434543168,20.164385695708717,normal,23.7089026441187,21.5466844475934,20.03853167032826,19.883103519663678,20.344449020630805,21.28321598936975,24.159741445977588,27.160309204173707,30.755007312717947,34.79039726096209,38.60623659022318,41.99537078850217,45.61487816324079,47.25196075546246,49.966053866416146,50.04783850254919,49.72602008253223,47.28926784963862,44.95668275775494,42.00045710590458,38.68345144271657,34.79039726096209,30.767787004548822,26.923914908972563
res-amazonsagemaker-1261,2026-05-14T00:00:00+00:00,33.884092858080145,4697.062524067914,42107588.84477424,46001820.49166817,7940.907725443218,20.149989579054463,normal,23.577504795185202,21.323736847409393,18.844827643176906,19.360018215864898,20.02977617175148,20.63620285120124,23.5374183877853,26.35423763007983,29.954392223239285,33.85074071899683,37.669871191966536,41.07869601073157,44.62471293178574,47.047790993598824,48.546078962625785,48.558207029694685,48.65300316306055,46.27353251381178,44.15341777180184,41.474223789661956,37.543261113004434,33.85074071899683,29.893246021674447,26.382590896818012
res-amazonsagemaker-1262,2026-05-14T00:00:00+00:00,36.987334173118086,4903.6666432765805,39448782.90441386,50827832.40218866,8487.843402656436,21.7108369339257,normal,25.844668172402336,23.954362945500808,23.105774401203902,21.976936712420233,22.117441240975488,24.57931593225235,26.224887954001503,29.244233485710513,33.011111494540486,36.97419490379997,40.67875698630583,44.486757057630705,47.37080574758897,50.59797940902489,50.76343664498798,52.05976975586783,51.88728476199548,49.69369714940952,48.04087895060903,44.44272253985652,40.82458986561712,36.97419490379997,33.21915573769616,29.623063401636475
res-amazonsagemaker-1251,2026-05-15T00:00:00+00:00,14.515417109553779,7782.4,32863741.952890463,41033595.381223746,6392.508582328885,21.345272232148726,anomaly,16.738710180878755,14.447428567632521,17.825274152492764,17.55948792036956,12.283465764013332,17.36027579174477,16.425043945596286,15.832467287532424,16.513192920270107,15.986157094821804,15.374133926321852,16.66650512970082,12.744718054588958,14.142957764399975,13.188023883036456,13.067977173112352,16.881261807863833,14.096713708541792,14.400928455660338,13.088605241798708,15.374358365460928,17.628215693508245,16.129325377816976,13.877767012885151
res-amazonsagemaker-1252,2026-05-15T00:00:00+00:00,50.34856583410558,5075.166777861447,41763872.31237989,49583087.87299545,65656.40074564934,21.836070485666266,anomaly,40.08085508047374,36.82744434154756,35.930558130152946,35.73768428015261,35.65463092739515,36.957220777064435,39.558780967901015,42.62676951370394,46.50896170633537,50.28085510931341,54.17584164674927,57.94430880115529,60.57495696917145,63.245664767930926,64.83028330716378,65.72032715046143,65.37980937404487,63.46852873106032,61.29435416520198,58.094438020294405,54.049322760728955,50.28085510931341,46.2575589783513,42.88556940286638
res-amazonsagemaker-1253,2026-05-15T00:00:00+00:00,27.325021122249954,4860.05206174051,31321105.259457517,35612538.515757434,6106.780011998302,21.282858115900087,benign,15.861545692654143,15.730233477128689,13.01987870978388,16.412193581026226,16.478003710630638,15.11541302770835,13.17964716472679,14.851693540882538,13.56395126595353,13.45603344740573,13.39439505033809,16.860070698746757,15.184220707197388,75.01934255878163,77.89108570557066,71.43143334053744,73.26658434736373,77.78677922074036,14.698666962971002,14.908487679538162,13.704658911741674,14.289451500820338,14.590677474534395,15.1060591572168
res-amazonsagemaker-1254,2026-05-15T00:00:00+00:00,27.67589433733734,4657.810196222004,37499076.3402361,41760277.52361944,7541.642950131293,21.680252411671002,benign,13.799099614186598,13.45327520410162,16.80125959533323,15.24294375938858,15.86290504648043,15.638705586461287,15.818193672301472,14.986814167322168,15.272199312295285,16.059060242769352,15.910626033138714,13.590938239900861,15.318954706697856,75.53286455972211,72.34122680760441,78.3415024217446,72.8633664698706,74.38056878580349,14.912790951337282,13.850876432621106,15.617966822960115,16.2399460007236,16.07676521009384,16.30861445323761
res-amazonsagemaker-1255,2026-05-15T00:00:00+00:00,27.300235069478475,5031.3981609649245,46619359.687123604,54167964.49251931,9118.114311502253,21.460652162299336,benign,13.755212967489504,15.306244407492393,13.230862159271698,16.731019350833712,13.789455115276082,15.989684045666275,13.438514715814392,14.107965800888007,13.254395143623748,14.593458977442287,13.469911452464189,15.64785867997554,13.827673155577003,74.05419934370326,76.08549419059246,76.66602673849499,78.14603526340204,71.04194742551458,13.399961261734509,16.80852424739469,16.454895863870703,13.96261376552037,15.26141958547169,16.182268009969313
res-amazonsagemaker-1256,2026-05-15T00:00:00+00:00,42.14367268255028,5100.525187330199,46497404.548436925,53114110.54747595,9569.779252688506,22.999342768950722,normal,31.53342207950928,28.51241823469964,27.312559660278797,27.17261993617383,27.720068488627795,29.718520850975274,31.740316825989296,34.49924650923174,38.39935928981099,42.08773526822851,46.050357434407466,49.78857382954527,52.7415696208454,55.705657340758876,56.225433459341964,57.508669528973364,56.2992688999145,54.78400074536499,52.69509195589675,49.8160072156848,45.863893179739286,42.08773526822851,38.27699563758597,34.90862312139432
res-amazonsagemaker-1257,2026-05-15T00:00:00+00:00,35.70508644436609,4902.584505755104,29388905.995358557,36982454.88169666,6215.983630514956,21.384211045519244,normal,25.116917442850617,22.176878811574333,21.46128589543629,20.676031783674425,21.05489683408289,23.15912570750033,24.89270860450943,28.023411292562216,31.686429144912083,35.678240027272565,39.51854843954639,43.13452943004051,46.569263657811256,48.4958493961817,50.74564095862442,50.98967858886804,49.91889725067793,48.768251493933484,46.42209965949786,43.12824962209705,39.54555337553053,35.678240027272565,31.835220014416414,28.246127205912735
res-amazonsagemaker-1258,2026-05-15T00:00:00+00:00,37.66382965605314,4912.060440659838,33036256.67800597,38540292.1283174,6763.630145969013,22.006472346330685,normal,27.252644111773563,24.759775388812713,23.35673941476979,22.075422377156016,22.956009966614964,24.548141850344077,26.606222705027555,30.24263675588481,33.886160248833654,37.69739344146925,41.46064679591882,45.55080581201264,47.84647383557944,50.57573091518806,52.16332792205078,52.55379766601372,52.83375708283738,50.52138205989336,48.3213143990808,45.10645877120021,41.75029844238551,37.69739344146925,33.94862561995349,30.220752721005553
res-amazonsagemaker-1259,2026-05-15T00:00:00+00:00,38.52053665083565,4986.583572386542,33246043.935090903,41247886.485603444,6991.120587243462,22.5927560935801,normal,27.55185820422141,26.05868873905642,23.98242003775665,22.92813789756932,24.214141333304312,24.932766984979814,28.270545738826026,30.80838262790576,34.42620460880573,38.41366776488226,42.33082539638433,46.11925445857876,49.118057990259814,52.02370788695197,53.152390483064934,54.090299230484916,53.520203353572846,51.358863439586216,49.4136921844196,45.57524390190123,42.28752606830626,38.41366776488226,34.5627658820156,30.939567642339252
res-amazonsagemaker-1260,2026-05-15T00:00:00+00:00,38.8164891401535,4983.787977788473,42019936.31192214,52475165.179622956,8769.545026618174,22.737453321317822,normal,27.941971169479174,25.37339556926265,24.96876423269284,24.195584038177405,24.299343720468038,26.377728336537764,27.945060633827307,31.550550422470828,34.752244603815534,38.73715404552048,42.495895516805895,46.487031109872994,49.45777747800894,52.2538682472745,53.02452253911707,53.56209652832795,53.32669176263053,51.90131358399508,48.89265963684765,46.123944584783374,42.639858566091306,38.73715404552048,34.952467394402824,31.598661597753456
res-amazonsagemaker-1261,2026-05-15T00:00:00+00:00,41.636223744505266,5304.9736896357135,43071954.999597035,53241072.57592845,8508.843532063072,23.334911947327406,normal,31.232714920587036,28.60145886374496,27.159023250807905,25.945533893258812,27.50008182148961,28.601436520004018,31.46904372198268,33.759200591395896,37.682524613922865,41.604987904098394,45.311409235348215,49.42556069848339,51.759146204994444,54.94399294650358,55.71211777346697,56.70741456932319,56.689724756161546,54.3732142089965,52.68138273737292,48.77329324190942,45.65825652207925,41.604987904098394,37.86648836787519,34.20637460022124
res-amazonsagemaker-1262,2026-05-15T00:00:00+00:00,37.04798565249288,5142.249744934399,42613987.78678024,50065416.04467561,8792.413035456391,22.411862910884526,normal,26.605124947083354,24.006909311274292,22.179220781391706,22.435909124504832,22.564363991650072,24.24834047215723,26.376823499737853,29.86501049668216,32.94883299279087,36.99041357720044,40.99353513565385,44.47910726087562,47.423555765591125,49.993356169444425,51.206766807502206,52.02366332164213,51.99287135713213,49.607835320081264,47.869148629509866,44.72016789129447,41.0016312727843,36.99041357720044,33.11503337258344,29.513620584061137
res-amazonsagemaker-1251,2026-05-16T00:00:00+00:00,14.1553789090726,7782.4,28512573.98762506,34935726.559130885,5578.006933566023,16.14348493247293,anomaly,13.69815649417001,12.737323231950205,16.239073480464896,15.524979426208043,15.359712018172626,12.131111298671822,16.217518679652073,16.482332819314735,14.590834408494834,15.661638612505353,14.645223604478492,14.755591202025396,14.841953228949125,15.289869423075924,13.108993177351847,12.29204937338458,16.342792794494677,13.754227742278607,17.170418855491096,15.193150765970762,16.882879721376533,15.554846198643748,14.514927053918223,17.743874983632118
res-amazonsagemaker-1252,2026-05-16T00:00:00+00:00,30.465983539090804,3569.40258470396,32703136.154774476,42558040.491468236,52324.95751293895,15.75341189238855,anomaly,22.228363352092266,21.216733012832883,19.81780653405206,19.239694997425815,19.15907802991436,20.549928672908585,22.82616032036669,24.91397020430213,27.628202151318014,30.47682195643923,33.38709355160912,35.87159504794501,38.4750643369606,40.423264214927485,40.95645556468338,41.746775625106174,41.05346810499277,40.49313813882715,38.33449214960675,35.8619414293419,33.26863276197909,30.47682195643923,27.692015799172587,25.086087024936063
res-amazonsagemaker-1253,2026-05-16T00:00:00+00:00,27.550760678075353,4187.873290858868,27357659.065829277,31975548.302822486,5431.560527965928,21.19570362117376,benign,16.05445348910235,15.520307683923637,15.785579768776936,13.0318262855651,14.406324965968281,15.127999462518058,16.741194136570364,14.027759414310284,15.237459813327634,15.832326142089853,13.969998390306404,16.23446633389657,13.701026742228432,72.08536559863482,74.6782937079179,76.64418786824216,76.82705250355454,78.30598455747622,14.720854040474247,14.890390672439832,14.806794230269666,13.469712411901646,14.322523336551116,14.79637471776238
res-amazonsagemaker-1254,2026-05-16T00:00:00+00:00,27.684472277581552,3592.4289030703694,31768122.5892049,36047587.29051862,6176.875274136538,21.187007168929895,benign,16.242025605802713,15.480408054173788,15.508263219638355,16.7061759770647,15.10671140627517,13.908225097449918,14.78903387820861,16.455060977398848,16.464712108837933,15.024717512288465,13.340615115761787,13.430974154440957,16.692291991353553,73.29966742894082,74.89110246014363,73.17405680785374,78.8219201297348,77.91220438336829,13.947790421355432,16.993615691773275,13.041325959609875,14.14498387840607,16.044783954782165,13.006668447294402
res-amazonsagemaker-1255,2026-05-16T00:00:00+00:00,27.653704787356478,3707.364092106706,39277032.24375623,48196877.87723921,7571.0932303378395,21.61759033588478,benign,14.253039998323649,15.312070166564489,13.569856021043085,15.885251721879333,16.273130662448796,16.56170398101937,13.363050842872854,14.975288926919504,16.319275568967875,14.06749314734923,13.590036234100925,16.81466629855938,16.16986184153914,73.4408633504247,77.41395893526965,78.57886089100452,78.43176211033484,72.5736614728317,13.837956096428647,13.1487067171919,16.60254623361639,13.767253366421125,15.726996069154758,13.01162424228963
res-amazonsagemaker-1256,2026-05-16T00:00:00+00:00,19.372698728119634,3621.64718213531,35386149.11965153,43700849.249085434,7645.588706186,16.117457414405457,normal,11.32389684208901,9.60017505272031,9.047241111731006,7.825843514401906,8.00189553454989,9.856432219573048,11.145965746239499,13.556142389715472,16.42551104571943,19.375536611860415,22.209129647433592,24.982561359838947,27.496971603152513,29.471945983955287,30.19715192862508,30.707545722285936,30.632806791838345,28.646321962302917,27.40150384365812,25.216108640301954,22.313223177578845,19.375536611860415,16.471738023256602,13.663584110182665
res-amazonsagemaker-1257,2026-05-16T00:00:00+00:00,20.4906181965527,3888.5230776978924,26958473.465179954,33073996.90710584,5501.303517425148,17.635313780017537,normal,12.759608367343505,11.10677861318539,9.279836768228472,9.067067939566503,9.426292073367929,10.894994947825987,12.204912559466873,14.832268978747763,17.623120653434064,20.513352509483095,23.405083497454562,26.00013127184462,28.310938698355027,30.12216665859666,30.84549518631756,32.05903679770842,31.610973242526907,30.7000587494134,28.1763783238478,26.195388180407214,23.51829309767253,20.513352509483095,17.585735285534668,15.023571807452711
res-amazonsagemaker-1258,2026-05-16T00:00:00+00:00,18.879947397199743,3664.0698712030458,26422400.56941922,33302644.623960644,5323.833039593959,15.463365860793202,normal,11.198891909828546,9.178297471353062,7.956785600648747,7.7128618062317855,7.8066560725203615,9.394681931408712,10.93424003892792,13.043944470304417,15.79858144070348,18.813137992739403,21.74241152192762,24.501079586879033,26.543202860342788,29.021976135215738,30.01640714370536,30.356827623489643,29.239347589809753,28.618413621694714,27.12038723698833,24.47212041803074,21.761002956196407,18.813137992739403,15.799074766530786,13.275269344577076
res-amazonsagemaker-1259,2026-05-16T00:00:00+00:00,19.167196157258985,3888.7891653155375,28753082.20527055,35120785.66601713,5670.642416757597,16.530410682480987,normal,11.235252360252169,9.331524422870672,8.895142426765002,7.513859426266988,8.02536874162592,9.425773061669693,11.208653357312352,13.52143308504194,16.429599242803747,19.22463842572885,22.166982425792227,24.797401855955393,27.0495207335587,29.36795633218226,30.01959775816653,30.527136725104864,29.66119731329817,28.523410117122808,27.05430753746872,24.750035035136936,22.006981172599794,19.22463842572885,16.44151955306971,13.610778238693332
res-amazonsagemaker-1260,2026-05-16T00:00:00+00:00,21.51348261989965,3947.975996185684,39518665.68303249,43439977.7030353,7216.554916353588,17.90048281119253,normal,13.568098186637805,11.605228274154454,10.570735421429864,9.838745518609983,10.239553532413012,11.771319150288807,13.999301676440028,15.955892913957609,18.700742605892465,21.64135793191047,24.625677166559058,27.24056804713021,29.67342068974005,31.704515597153716,32.28846185883121,32.36925848995227,32.298972355579814,31.07560326647588,29.300712900062173,27.12825672276724,24.47275295807968,21.64135793191047,18.684556335240583,15.92849334637485
res-amazonsagemaker-1261,2026-05-16T00:00:00+00:00,18.806965589012133,3586.1947185928416,35569383.23055017,41771436.644001015,7372.154356264918,15.760536966079425,normal,10.71162434425683,9.425695262445231,8.101692452899616,7.365924705927533,7.642792248936104,8.766442908531674,11.13375837783494,12.96318742141003,15.860656446638796,18.80450580064301,21.769727696291596,24.244714975158917,26.756271089174504,28.75151040462287,29.362380288162242,30.419516843090758,30.13921590604194,28.56962943260027,26.87622512861854,24.27746113351776,21.81062339131443,18.80450580064301,15.825752005538993,12.983360071991541
res-amazonsagemaker-1262,2026-05-16T00:00:00+00:00,23.336985037105165,4100.273662174813,35949848.57866447,43215051.90049987,7199.422593930539,17.40150173482383,normal,15.31921475278554,13.598441824402599,12.76331254394357,12.095903387708953,12.493730273403845,13.7271874970863,15.718775711548183,17.578384515731432,20.349036180632663,23.31364285368852,26.33814404220706,28.71481688830849,31.004077465932657,33.33658600601403,33.95581812535251,35.051483896063836,34.00922933502628,33.51546904405488,31.02809548661905,28.857661497647932,26.138516709158832,23.31364285368852,20.363621851820202,17.50284814769812
res-amazonsagemaker-1251,2026-05-17T00:00:00+00:00,14.931409386870019,7782.4,28496375.534570776,33196821.537136268,5859.492061462859,15.641230372873125,anomaly,14.86249869178894,16.002887726903026,15.230159108093854,17.757985619394855,13.472480836853252,14.882642160326645,14.801679217441496,12.924136568309113,17.57440645715809,12.86604931315927,12.746689427353493,14.090783735030508,15.431408375555634,14.170997280234088,17.977487088085823,12.772737971284254,16.776337466105502,14.361248785773459,17.2221477869618,15.70750167857951,13.02880843862058,14.778217754521744,12.815456979013135,16.30625849445697
res-amazonsagemaker-1252,2026-05-17T00:00:00+00:00,28.173275657322982,3470.1049510612097,34940237.969627395,40921697.890455015,53107.06936548173,15.703151932260154,anomaly,20.525234495680504,17.912009947855317,17.40898254857761,16.373442272539418,17.57476291357144,18.812092185561973,19.868116908944405,22.747594541166418,25.147881945015126,28.12380651266453,31.08766962619915,33.649654102315495,36.42834507032678,37.64109583007267,39.51858371458133,39.82228557316631,39.307344443519185,37.486124064533975,36.46122352038205,33.47821727246554,31.012370270959046,28.12380651266453,25.323270333985022,22.324701169003717
res-amazonsagemaker-1253,2026-05-17T00:00:00+00:00,27.47395354575995,4033.1316682672536,28091122.69151095,32929679.37314661,5277.332506499267,21.451172288287932,benign,15.202894109477747,14.67542924702544,14.326075060932876,16.85719384909409,15.586438703830387,16.784705131297162,15.003319281615456,16.034109516145655,15.553976470588998,15.584179658890495,16.001359039227466,14.44464200662771,13.856731966980329,77.48829038116463,72.54086297816119,73.976210806967,72.68799142790509,72.42139358387391,15.9244234517009,13.090232223940196,16.709789619352804,16.801080392465835,13.924924017551316,13.89863217342205
res-amazonsagemaker-1254,2026-05-17T00:00:00+00:00,27.81021075245793,3843.230110783658,30147941.4077877,37461653.760482624,6296.957072671521,21.328700083376972,benign,15.26882221290116,16.162482056347528,14.978455943593938,16.108577270607558,15.677418759381663,15.223222408117904,13.120423791527193,14.19651288071682,15.526563123351671,13.744026837323949,15.07658645820791,14.894412029687059,14.662115591111956,72.86780519435533,78.9461876700329,78.15717522187848,73.10462720790032,77.89481301599596,14.735615495649489,13.311154668220532,14.388000556064934,16.297677168491454,16.463413919914412,16.638968577610164
res-amazonsagemaker-1255,2026-05-17T00:00:00+00:00,27.290442239016567,3694.3741703303103,36400003.03132472,46848581.32288056,7357.548404512811,21.48532891047775,benign,16.864241962914754,14.28656609868707,16.405820208773243,14.192125460477028,13.343465400436516,15.77521937377699,15.218020459203341,15.188822355201642,16.294541902038024,14.3257724228676,13.925327387635818,13.199894473518398,15.188701499833948,75.65438005187833,78.66624287473896,73.32739292946499,74.40058422239832,71.12536313992725,13.862571503302153,14.288177680956553,16.567647084880445,13.360192616774036,16.073879434293975,13.43566319241819
res-amazonsagemaker-1256,2026-05-17T00:00:00+00:00,21.5103689864153,4007.9775602156533,38407263.06034799,44672225.53701644,7566.00821904323,17.11697256738997,normal,13.642096912999023,11.294538371879455,10.946577551431506,9.8868197411621,11.025796538726146,11.817192650030108,13.73338005425802,15.617110903175242,18.65550238282905,21.435214732378444,24.45424526068094,26.970019226630193,29.085042201667388,31.617732049918928,32.37552258254496,32.93135073399543,32.81097456295698,30.92761154734184,29.62678263461493,27.260690023281526,24.330943651154453,21.435214732378444,18.398333117684913,15.970163510247211
res-amazonsagemaker-1257,2026-05-17T00:00:00+00:00,20.544789228580015,3989.1447784685242,26562239.1627724,31773066.92390677,5427.846589830154,16.783464175019077,normal,12.738610075570458,10.935282253988209,9.24637696547143,9.336778873544048,9.688766336752202,11.027171491978185,12.580738848065739,14.721948269160672,17.55526164330576,20.57511607606135,23.590827193607417,26.050982036246168,28.57447601110609,30.179058536056075,31.35765925035563,31.673916838043105,31.602754955344423,30.630036198376935,28.257207803555485,26.001887714805683,23.38614245491388,20.57511607606135,17.72685262612572,15.06197295742434
res-amazonsagemaker-1258,2026-05-17T00:00:00+00:00,22.223397883665513,3898.344213394976,27293710.604663976,32628707.96943452,5456.992844271945,17.39302803013736,normal,14.56620255555333,12.623528699688162,11.264521627494094,11.3869938542891,11.1366159052283,12.113976546658598,14.048811086807662,16.537800792036123,19.2993548653534,22.259715259021846,25.22814404025401,27.615696098023218,30.00972229533879,31.544570077870638,33.62846071387327,33.52219577627571,33.162612558069,32.07760607281372,30.119409644731427,27.794104174558314,25.056489866715197,22.259715259021846,19.246795524704396,16.85850591359216
res-amazonsagemaker-1259,2026-05-17T00:00:00+00:00,19.517680045043114,3579.533747786398,28701276.707907848,32263822.421128448,5327.039950235931,15.803258752798815,normal,11.783058507114129,9.594452567809563,8.61004943254409,7.784920841316504,8.749872048998725,9.675835325400811,11.75238878969656,13.918388731591723,16.566611387945628,19.470895075018603,22.37234283861958,25.0014586964275,27.685868730975976,29.69797059107551,30.605502073011316,31.277551124924983,30.398461522262078,28.90287936405915,27.38222893511365,24.86672972180482,22.332186532100188,19.470895075018603,16.453321141351044,14.070452026854015
res-amazonsagemaker-1260,2026-05-17T00:00:00+00:00,21.617773513832148,4092.3048851207354,38927397.08577442,47134243.59304223,7604.779874529235,17.62119491762558,normal,13.795865483680833,12.103519014440828,10.160284354582272,10.738990330665334,10.933121369184112,11.846597797703813,13.960422885601515,16.015805229379776,18.74917951026871,21.51944201569894,24.324802375214524,27.1540611722476,29.775600488650227,31.238564404555788,32.52038559916669,32.76632032492729,32.446840736224814,31.324484355875533,29.495122104794298,27.36410533583004,24.314700080028114,21.51944201569894,18.668705851955128,16.09020149559647
res-amazonsagemaker-1261,2026-05-17T00:00:00+00:00,20.4850175846852,3649.121880453665,35866144.983970165,45062091.464506894,7274.82248842265,16.540092892214453,normal,12.248700045190887,11.064639744612329,10.019665488005728,9.719658440184185,9.21964435102866,11.020930300712456,12.202905393472468,15.035950055028904,17.56202839590997,20.43048816152171,23.2807363331815,26.232655687296358,28.105848508406616,30.316610905513983,31.235109430833628,31.680551742278375,31.50821818829852,30.514793386165138,27.99633280180132,26.267290717387837,23.30483679297131,20.43048816152171,17.46594056117628,14.776398439944892
res-amazonsagemaker-1262,2026-05-17T00:00:00+00:00,18.956581525711684,3625.552087991113,34208162.76881795,40680590.59287274,7199.0213867820985,15.895455563701264,normal,11.215989178566858,9.565255774016075,8.34537542942037,7.648818583762676,7.984624309710395,9.368116396442035,10.882204104875989,13.369156350728048,15.818742402830413,18.846600901617144,21.879620746423086,24.69058033572381,27.017302831317398,29.027984188882073,29.723059880959404,29.80548260190247,29.646402736466474,28.23810177935658,27.16782414431281,24.661796315598856,21.866322058954935,18.846600901617144,15.984217110899305,13.357777552696108
res-amazonsagemaker-1251,2026-05-18T00:00:00+00:00,15.501653728015684,7782.4,35294586.77318429,41957832.208271764,6649.2247147626795,22.660269645424794,anomaly,15.682993104589634,17.00427541438834,17.177399414327073,16.361819805540645,17.17701656101714,15.10285043424109,12.325401171221285,17.269285109444315,14.952710005737176,16.519390147571947,16.80413792444981,16.84643091829411,16.496444141471194,13.454208510016828,12.748385002930101,16.63479288203656,13.217737504432035,15.467630823645814,16.299764793742867,17.73479222843774,16.560914039441545,15.176345943330277,16.390514030654337,16.94967564949905
res-amazonsagemaker-1252,2026-05-18T00:00:00+00:00,47.34241870520218,4688.568525921417,40691159.109942764,47162118.86544013,62212.553999802956,21.523285380937796,anomaly,36.808931844163794,34.80974784883817,32.802301007233346,32.00268235906694,32.43313450388713,34.25946665366197,36.801062236665075,39.94364680881132,43.46665146325298,47.39930871127162,51.145908906605044,54.816067336298566,57.60364514212881,59.901919679538594,61.36057301109752,62.58204843053641,62.58721305687443,60.416231122319004,58.3410243621103,55.08624284605507,51.33202892053986,47.39930871127162,43.39358295457396,39.52532100805075
res-amazonsagemaker-1253,2026-05-18T00:00:00+00:00,27.570654443122393,5009.980993843365,30145986.325430624,37037856.809517995,6143.542192109249,21.290407776561178,benign,16.06510595429194,13.99896705825257,13.977410979913389,13.066696233721556,16.610675929689553,14.796237867323722,15.166706775971154,15.924046328111302,15.352887094912237,13.189723943906216,16.88991356271086,13.199466908224956,13.093343086302838,78.30011319885475,76.59904038843541,75.1730420856754,75.49306766350558,74.42388014253793,16.66034147925705,14.385911311863412,15.71851685049128,14.022986874247595,15.530865607263387,14.056759309473332
res-amazonsagemaker-1254,2026-05-18T00:00:00+00:00,27.55692513753949,4604.997604510286,36314394.44551246,41255556.509916395,7376.849309358304,21.508403503319716,benign,14.957437087940042,13.01120198369809,16.517438634539104,16.17828447479367,15.81654577499304,14.138899530805116,13.037173638168618,13.045560830059715,14.315564225375287,14.325689859329506,14.490730999775996,15.013400197411563,16.768699257260398,73.70242477079636,74.46801495399248,74.09504318841024,76.5543070743293,77.79182771323264,16.70032361822498,13.2682363118413,14.585483259638943,16.31197787518189,15.981343334455879,16.29059470669366
res-amazonsagemaker-1255,2026-05-18T00:00:00+00:00,27.489211221038996,4543.439000421576,41267126.79602935,49811147.19651643,8507.573845578361,21.355736186576426,benign,13.582292683262718,14.554798711795296,16.238440646114185,13.664142671389174,13.740070877372622,13.303057392853677,15.497800885456098,13.513891426004491,15.734890660261462,13.935720385564391,16.771652426545494,14.150606882935078,14.341717684867028,72.48009770160422,78.59899089136042,73.37542230666207,72.90027561194331,78.31911336939898,16.270442302641005,16.218349440807202,16.250464094620604,14.845114581258189,15.669518169246818,15.784197500971347
res-amazonsagemaker-1256,2026-05-18T00:00:00+00:00,35.398581423869935,4666.751934412655,41121041.15932761,50289755.14923129,8484.288110802283,21.501635955559724,normal,25.145698211235704,22.623484881594536,21.079057213501187,20.283969627378134,20.286982506732038,22.714631385419107,25.177264920135883,27.720492509652118,31.34859445220784,35.326561086762155,39.149492049531595,42.8537685408442,45.92085462464326,47.74956618819881,50.47171338826689,50.103809708572356,50.27643790714809,48.47177927076432,46.16741607372759,42.85062032862206,39.127176143241584,35.326561086762155,31.405997541997763,27.984024525939
res-amazonsagemaker-1257,2026-05-18T00:00:00+00:00,38.96918389553546,5073.393331340215,31544640.961406164,37847759.22578007,6098.2249041554605,22.281357511286917,normal,27.940354393172655,25.746664859091418,25.04963322043321,24.061821245912576,24.96092273575597,26.184125999273768,28.696512017576957,31.105806680689362,35.05590382548101,38.939991231963646,42.88808548349969,46.254603779403425,50.059706578178066,52.53938133723581,52.809317412905266,54.11382364833336,53.62537853348924,51.37459194775114,49.10610314854971,46.52795946683248,42.911962783538726,38.939991231963646,34.94482417673912,31.422947755080845
res-amazonsagemaker-1258,2026-05-18T00:00:00+00:00,37.84179159205963,4834.090038597669,31286257.573738087,40229532.020622924,6751.295861403056,21.18234643046762,normal,27.277847575169258,24.605095852018557,22.99977214860857,22.858466152453975,23.23239797577643,24.634996936817064,27.098653756647956,30.784887362182985,34.25810165429285,38.008153057929555,41.75031523045068,45.23289451202519,48.995129890880136,50.396513784505764,52.055989972522184,52.87374687458179,52.203000869641635,50.67893785087471,48.25809796286485,45.79434168839286,41.949623555365704,38.008153057929555,34.05231783211165,30.195562655387164
res-amazonsagemaker-1259,2026-05-18T00:00:00+00:00,37.02156007353411,4699.958590262964,33968034.614715435,37977016.52917081,6957.035441271242,21.84737183600342,normal,26.117494224900796,24.118926535350397,23.148135439187637,22.141126707070537,22.271690185110536,24.618535301180707,26.051870261197067,29.416538993779014,32.97317753463302,36.98615598215717,40.94891325923407,44.18226782255055,47.52991668252017,50.097914818844636,51.27602674378029,52.218035064228665,51.609535983528424,50.45398612973305,47.29933322600458,44.82630149831575,40.75690038307694,36.98615598215717,33.09053336194598,29.397969644331475
res-amazonsagemaker-1260,2026-05-18T00:00:00+00:00,36.11897715757991,4643.4725430323715,41539083.71312908,50490228.83974104,8494.44149268405,20.924977183399285,normal,25.33018472196082,23.481276316314535,22.17610278087583,21.100497408619994,21.1693581396718,23.586096268977755,25.11438116468764,28.99707402298567,32.25246843112512,36.15150909495516,40.09576710755096,43.34805702052542,46.725147694213526,49.3749421319002,49.9408829585564,50.93003988077237,50.13566198962014,49.692313157681454,47.06781420983949,43.3449987994487,39.976581399680114,36.15150909495516,32.31138571731224,28.401402269687324
res-amazonsagemaker-1261,2026-05-18T00:00:00+00:00,37.751087991099205,4826.469108197565,40583149.42364524,52532787.11393243,8725.422773518663,22.125084368706972,normal,26.983658475119068,24.1730148815941,22.63293121955632,22.835751837662087,23.840505047670394,24.60610717015769,27.116841960115657,30.153337565115507,33.983823588691195,37.7757261100208,41.81229152403496,45.496883935865476,48.22835054951318,50.730919986827615,52.906973613560396,52.78250557755128,52.51345615752006,50.81112999139338,48.084141520103046,45.00228451312707,41.490189034413035,37.7757261100208,33.70377574652469,30.585785670223196
res-amazonsagemaker-1262,2026-05-18T00:00:00+00:00,39.05690903989745,5103.058171218155,41768030.33938965,51144094.719033614,8508.329077076978,22.743343501148704,normal,28.819925927762718,25.57510172360567,23.956188435692663,23.68716596292277,25.04999482314808,26.472714475685052,28.479056393061107,31.370196433533273,35.226642246068934,39.13213043918617,42.96566359973073,46.901236393735545,49.32451277379389,51.503551580652136,53.88434907178743,54.339533146674796,53.49794488456794,51.666432608679045,49.87681148394949,46.66784173497557,43.10459213586324,39.13213043918617,35.05831595678961,31.6737842864866
res-amazonsagemaker-1251,2026-05-19T00:00:00+00:00,16.37587673669513,7782.4,34867855.278930806,41840196.07271456,7315.252897321318,22.852677592652952,anomaly,14.944948594433058,17.816914684003592,12.878800095224463,12.795475900827213,12.961547185345053,14.769794596414545,12.675908025377051,15.154922051610331,15.656511544645483,14.216507071856034,14.086253168766936,12.583334913024384,16.352324595975045,12.573454769739149,12.436727666657271,15.93899123421242,15.489642333171386,17.351907702131506,15.568238215244623,12.836696535607972,16.726012902532645,17.58116059959834,13.14594303803668,16.006461396776604
res-amazonsagemaker-1252,2026-05-19T00:00:00+00:00,46.42412818990075,4908.841573587079,40029531.45029601,49791027.690043785,63948.07964017212,21.96561909888309,anomaly,35.580865756657914,33.029880258329214,32.55818357619042,31.800110731174893,31.727580754352655,33.3722693406248,35.89454112516623,39.17688627149271,42.54044759790595,46.46606796724372,50.3770412276576,53.9195291503377,56.98362041401593,59.85177646638229,60.532918762568045,61.62886568833288,60.38263496720326,58.911949789103815,57.226382764179306,54.180273155652564,50.49235086046651,46.46606796724372,42.38988984517151,38.688942120164214
res-amazonsagemaker-1253,2026-05-19T00:00:00+00:00,27.336437144555976,5014.647612144332,30362243.35462036,34524027.039870985,5943.667135560306,21.407110662456613,benign,13.83699501476655,13.429844570815069,15.716593416926347,13.304598276118012,16.438199140513323,13.17450280186506,14.783915831804325,13.5719723724859,15.47691382042665,16.478675777838447,16.68117608661576,15.659729213515394,15.32434338931138,76.36248286351133,75.61530758139591,75.06586471169973,74.10655118209215,72.88724689892021,14.039837110547639,15.72620166989693,13.803666344954387,13.706395811811275,14.018496184959364,16.86498139655233
res-amazonsagemaker-1254,2026-05-19T00:00:00+00:00,27.32397676364809,5121.887716197553,38302946.314656705,46791179.03792816,7286.165883018429,20.994455095424865,benign,13.620288238454489,14.742595177696572,14.449118962907596,13.32431280872208,13.976120520899782,14.883973212403417,13.910621307504233,15.776219268516964,16.67784465072397,13.434352236463162,14.06012870117216,13.556965802674565,15.299362595088773,71.11730986330615,77.60758214784252,76.3532712128225,77.69621641769453,78.34878037584981,13.289843378848712,14.209228190318715,15.048205556467206,13.30532993838899,15.728196754818576,15.359575007968697
res-amazonsagemaker-1255,2026-05-19T00:00:00+00:00,27.399328629059482,4823.271447943483,42177039.89988861,55042810.62919449,8975.5881365882,21.266065450573148,benign,13.499706002701407,15.332951082336848,13.693534908079585,13.759637748551233,16.76142753277902,16.88472997443919,15.102742012662958,15.947020227281342,13.058347203569914,16.857608042635988,13.54748451570607,16.995763348822138,13.529233016198035,74.9457686135408,74.76626906082572,73.00575079888132,72.2812163294196,78.93902027379673,13.486806813315294,13.478036759248411,15.969423339614146,14.035448894533282,16.63907367524254,15.06688692324597
res-amazonsagemaker-1256,2026-05-19T00:00:00+00:00,39.04544483729466,5166.900932765987,43269126.38762714,53214727.66900645,8708.622720587535,22.00915280980019,normal,28.872917310272896,25.980291723425207,24.01116655755564,23.469148570181517,25.001168503558326,26.055922745788077,28.877324261388658,31.37824294464373,35.222152504835734,38.968784915052154,42.98965970507268,46.25071314689001,49.91518148089132,52.44815321358775,53.82871032472868,53.968650532994005,54.156105155054405,51.631342040507064,49.28569014429754,46.40830015358096,43.00847342660414,38.968784915052154,35.226113466633834,31.167678352475313
res-amazonsagemaker-1257,2026-05-19T00:00:00+00:00,34.859829178870505,4857.594235009194,31356423.240483865,35305792.48529393,6018.708116788285,21.671267773241528,normal,23.69210835997183,21.186701550727875,20.72910998133215,19.932976948616897,20.43635752344244,22.325461532565846,23.88705139993206,27.473917132062493,30.88845583447905,34.799742955578644,38.76481753825095,42.39799852356683,44.95266961529529,48.34727603926893,49.714033328555395,49.92256311031433,50.01013010273485,47.5519373299604,45.56532084862763,42.04032804690373,38.82177889346257,34.799742955578644,30.80697271803181,27.588448023631447
res-amazonsagemaker-1258,2026-05-19T00:00:00+00:00,39.9807664195173,5070.792564774744,35009998.67281173,38613904.17139677,6565.33833167867,23.306337384675103,normal,29.577552462880618,26.753131389374154,25.87050642160714,24.466855158365206,25.945840972176036,26.463232078190366,29.831924272962816,32.64099136456212,35.93700918253876,39.93105297058649,43.76289365041055,47.29395713746143,50.57423358917685,53.19914283111059,53.74420819078727,55.054815376121084,55.13967199065042,52.28172793839154,50.6873069521813,47.72174699283265,43.98554353347581,39.93105297058649,36.114854262642275,32.629142379343385
res-amazonsagemaker-1259,2026-05-19T00:00:00+00:00,39.10178959449663,5016.939046852917,33022870.566237304,42185153.13762983,6520.76819516693,21.51237830528899,normal,28.369072298972057,25.975306608940592,23.92874804453384,24.771818780801098,25.214702870046082,25.896483917135775,28.671685869971515,31.598209641484058,35.279214592464655,39.1353064165812,43.18128078657514,46.33857951580403,49.86061945338122,51.53348701064812,53.13847321718091,53.7780868608039,54.24978216356935,52.68108622411596,49.67250767791412,46.58626545802444,42.99973301054292,39.1353064165812,35.150706323592864,31.29648710825403
res-amazonsagemaker-1260,2026-05-19T00:00:00+00:00,37.23076118893533,4772.626932614192,42887041.270176895,52492487.28329682,8375.205176735604,21.535559831451387,normal,26.896094916509252,24.21404327439044,22.077012540160414,21.900586754538473,23.337207990373642,24.030660549001134,26.736128874099002,29.83243738418084,33.21763269574188,37.16602775577509,41.07119111376748,44.95166645902627,48.10284736791506,49.93824157175385,51.62271278004738,52.743754047430656,51.8817663259491,50.61759199713089,47.46256430962065,44.488685854768995,40.97965516016189,37.16602775577509,33.38208525841203,29.721645797918505
res-amazonsagemaker-1261,2026-05-19T00:00:00+00:00,43.79643081322674,5382.0615593097855,46191224.521078855,55327642.76795922,9045.60073874884,23.96416407297509,normal,33.08490662829766,30.743231811835166,29.223001262597542,28.72114576313681,29.334637183596627,31.24355122695912,33.555396955071096,36.07502782228648,39.68100078326811,43.71562376139224,47.687781404397334,51.50763129520522,53.82850374727362,57.282002212415705,58.25069852826563,59.227990133790556,57.80624437247637,56.970476033313716,54.55892713684442,51.056805183899236,47.77536287435149,43.71562376139224,39.749351827582565,36.31941780779287
res-amazonsagemaker-1262,2026-05-19T00:00:00+00:00,38.446458884813644,5201.622958890809,43178135.50515795,50763744.20789649,8763.327186302055,23.46308021213048,normal,28.223863124531462,25.267926317871062,24.04057420474399,23.168162170069714,23.420036772748748,25.25203516910245,27.789662116176288,31.200304393352116,34.58579249989507,38.474798119562294,42.35968241180328,45.84145983571227,48.889756026340734,51.18200042655525,53.546408712852,53.370220861866585,52.83344736385364,51.404341646908264,49.37136306200301,46.27245351088248,42.317058041076386,38.474798119562294,34.74393583468987,30.68493249336838
res-amazonsagemaker-1251,2026-05-20T00:00:00+00:00,16.23290726828571,7782.4,34996227.63234637,39709891.01182806,6757.710144268545,23.128987105059938,anomaly,17.049067397560428,17.856880028665923,16.489887831266742,17.988814612128415,14.974740963170834,17.222895431546007,17.56100656786831,14.726657287090779,16.727220774790922,17.529720648756957,16.558052217284118,12.082071935101602,17.116167025389682,12.714449604748603,14.334791413423119,12.530426319208816,16.68243960262346,17.62701677794949,14.093086823049717,14.416538271318274,13.950856083121895,14.721903579132954,17.01106585205713,13.253075284983904
res-amazonsagemaker-1252,2026-05-20T00:00:00+00:00,46.07641293237717,4875.986551747978,40356232.80589023,45890594.554724224,65652.4326754777,21.655628121327922,anomaly,35.16338851628439,33.37367979265737,31.961307761929277,31.081441476295915,31.808735474953558,32.811396602229195,35.31875868122762,38.48320088706272,41.927492394772045,45.95063636827967,49.93543305267735,53.30010033101913,57.01179183607283,59.24050744803249,60.90840739992052,61.69173892056508,60.96464267708323,58.893472090702204,56.09252851809511,53.258621338075656,49.91819531695883,45.95063636827967,42.239200359362556,38.54859676451558
res-amazonsagemaker-1253,2026-05-20T00:00:00+00:00,27.97829030324186,5105.608189874897,30651681.911450494,37879144.62654338,6565.007515048546,21.286726153069335,benign,13.668279817823764,15.32473838033534,14.215579472723235,13.634800190080355,16.05001866916496,16.2650954811832,15.48221793045609,14.992938486144213,14.075997465399633,14.445581343784148,16.6295220711501,15.928541592011136,16.898935902711912,76.7277280412006,74.43136167947064,75.12405419839557,77.31968153601483,77.76865704028975,16.480035456659667,15.705910865056188,14.814610119244705,16.43308475718171,13.92928589648948,15.132310884833416
res-amazonsagemaker-1254,2026-05-20T00:00:00+00:00,27.039979877950362,4574.868596312017,34298820.56268135,42719910.17159329,6790.697437472903,21.405469703721323,benign,16.561213811499073,15.547412626131402,15.925433577871607,14.66180248351776,14.661409413261316,13.550899479699329,13.76583651629261,15.374017552355692,14.743898063475593,13.625945994192758,13.358037983982355,13.676927350801478,13.00254719713929,78.1123858800362,77.31697987022757,73.59363210250497,71.56886963868693,73.75831964738603,13.296613820960202,14.947241605644994,14.740603822505946,13.602901302268844,13.700329711260595,15.866257619106232
res-amazonsagemaker-1255,2026-05-20T00:00:00+00:00,27.89643278307714,4857.545864947959,41491882.650872566,53515354.53143003,8719.829679725417,21.35509720306986,benign,14.674983646753237,15.843733050421704,16.508912661902748,14.49329845577086,16.620602407769326,16.637112997026183,14.434001637532146,15.200103290106078,13.346357041779957,14.894388797226737,13.333932139294529,14.594496108514935,16.806627737535113,74.07424749005916,75.5614518911452,76.08856441349577,78.55902800932374,71.56671072186415,16.86982129358007,16.669621190444808,15.270480454808116,16.263256372561248,15.053348404803817,16.14930658013173
res-amazonsagemaker-1256,2026-05-20T00:00:00+00:00,33.308104764558344,4625.9598495368555,43790998.3290941,52547498.33035935,8325.59875973339,20.36469346958295,normal,22.96742080537206,19.733920197630844,18.7828683115426,18.165820202949437,18.899421525882115,20.191438894083717,22.866970734762,25.83085447653183,29.467938012628967,33.30530969092426,37.320352359849096,40.5797936757754,43.72116922384508,45.68081038721116,48.368301702538865,49.01704549433657,48.19792934846325,45.956170747872704,44.23102713000917,40.53166718132019,37.247150648477906,33.30530969092426,29.287833653641357,25.7379902528275
res-amazonsagemaker-1257,2026-05-20T00:00:00+00:00,36.93827032008779,4859.330324854116,31129944.284308773,36299856.22780255,6330.335911521531,21.85414637070941,normal,26.214370287920083,24.118716262142442,21.796158058227554,21.97003038978623,22.03877163381172,24.240626582765508,26.246260146807714,29.701453076590234,33.244395423417544,36.9654862635307,40.77421326479012,44.47994604651752,48.061921823224516,49.89445293076362,51.45153754556208,51.37432539708221,51.00398673598239,50.45347779658409,47.085055517341985,44.81632892121972,40.97708717961846,36.9654862635307,33.23573221692751,29.408667917962322
res-amazonsagemaker-1258,2026-05-20T00:00:00+00:00,33.95324404912147,4576.4521413332595,31829309.693663564,38898917.836733855,6370.987708190208,20.631746623594346,normal,23.788926282283214,20.509262268442598,19.87788306595339,18.93679709837314,18.97727699700102,20.463169830979265,23.703637766066247,26.70511034195003,30.0617036802504,33.95092670662388,37.78394534135139,41.18740390383349,44.45936152221086,46.585002287711816,48.058159787039386,49.67461980871564,48.61581792214134,47.44119407488082,44.24211256285172,41.48060753884106,37.77299213587128,33.95092670662388,29.949829665206856,26.70118988371272
res-amazonsagemaker-1259,2026-05-20T00:00:00+00:00,37.79257424317587,4899.11847212063,33619757.660317786,38551284.31490321,6574.750348653597,21.75822123759458,normal,27.12226539444221,24.977915742685333,23.173232613234738,22.33209893442804,23.861350209313926,24.83241394259184,26.846049064334835,30.551954153570218,34.10841608379986,37.89663294223068,41.630412812026265,45.72621087283083,48.27950160610253,50.40542762429113,52.55194091440918,52.80714042771178,51.712637036033236,50.99016104384813,48.0050982962486,45.37431490170145,41.7445956009645,37.89663294223068,34.05339337560926,30.1419853015816
res-amazonsagemaker-1260,2026-05-20T00:00:00+00:00,37.922417401318306,5121.277290598367,44273934.924817145,52635668.97438377,9099.086265192595,22.661307898116515,normal,26.99910818838378,25.247845322774335,23.139690942803597,23.427876570288625,23.524218669557392,25.017584545244148,27.38435671874464,30.44149355727193,33.9620822525966,38.02709705654506,41.885677673148685,45.69727310333054,48.14985376462879,50.54067049703545,52.173155697111646,52.56071004226557,53.04540618621614,50.4059705739828,48.21604996398796,45.42746532735322,41.82174781058208,38.02709705654506,34.33133996748394,30.684246143757257
res-amazonsagemaker-1261,2026-05-20T00:00:00+00:00,34.90233628538799,4832.095645365254,41072865.20373243,47437850.65743332,8071.830075703844,20.9783203517097,normal,24.51637141465964,21.68142280364975,20.13461086696347,20.40847851828531,19.77584204647419,21.56902786724588,24.352473102511603,27.654723827232672,31.020347146008827,34.87853642866918,38.599210179762174,42.28864787274299,45.74695516104539,48.2725901898267,48.94853423141814,50.17886727873821,49.493007588162705,48.01327159688989,45.8201910481178,42.158086767057306,38.631214144179154,34.87853642866918,30.886802483634245,27.748321857367333
res-amazonsagemaker-1262,2026-05-20T00:00:00+00:00,39.25906804394487,5234.734219159392,41748165.81827282,49395199.341376916,8845.47066779333,22.85027892754864,normal,28.6385934871333,26.295420805063472,24.467990262411558,23.591475688483158,24.23773192484814,26.953114067117177,29.203706170769827,31.728680590086842,35.5476743639417,39.299874905694466,42.99757092411791,46.96035350379933,49.50039732372483,52.62179119955614,53.682163622414706,53.850174983356666,53.73891171897194,52.381662990384136,50.32332676109448,46.69294667660744,43.11630264673002,39.299874905694466,35.27270926402536,31.81518426864985
res-amazonsagemaker-1251,2026-05-21T00:00:00+00:00,16.56780065075252,7782.4,32285057.55337677,36701052.83468349,6229.4177393682385,18.40959978520241,anomaly,12.676289683174645,17.736534718916737,12.94187692708839,17.723470959206974,12.897260419111968,17.991635577424272,12.333643679011221,15.84693585050718,17.70313131730635,17.25514154099345,15.798381692258662,17.927685636973766,14.420314694036536,17.388160106595556,12.779272521172736,15.740337467296031,17.499429633461606,12.291082781109413,16.51879960099729,15.067171201737722,12.806222682807274,16.129712991300114,12.337913709960308,13.123686390338163
res-amazonsagemaker-1252,2026-05-21T00:00:00+00:00,41.90980291680853,4417.171953253989,37946750.8578078,45853567.09943118,59808.707207054074,18.915194694323453,anomaly,31.481657526656925,28.563928852500055,27.64584222178447,27.474511810079246,27.648497857259557,28.667829972530882,31.662914296560913,34.251441314309545,38.10958293166041,41.93447129085854,45.653455711469846,49.64489887424812,52.397077624694646,55.134589214998215,56.66933355356425,56.617797698249106,55.79449628951777,54.286298811356694,52.624169653479,49.626224411080436,45.963667207594575,41.93447129085854,37.95619757092517,34.091914017167795
res-amazonsagemaker-1253,2026-05-21T00:00:00+00:00,27.536997105329466,4293.955754580052,26779743.76111948,33731388.45382948,5833.535530526211,21.525579937840202,benign,13.03227383978955,16.089682056139086,14.696562718118267,14.267608571254486,16.750104835143343,15.866722832970776,15.876226134478749,16.552043074313477,16.269247763720823,16.423605918914284,13.507893599848044,15.297571151185336,15.359254127145343,78.12765240951663,74.37115697722747,74.51795293287714,71.20602163214075,74.6017404179514,14.65667848142845,13.807716363036228,16.626941518992833,13.46525912459003,14.238544206675062,15.279469840449732
res-amazonsagemaker-1254,2026-05-21T00:00:00+00:00,27.135788565869507,4246.777467342642,31427352.1948406,40119841.310277745,6213.866800650924,21.233478376778645,benign,15.698723060023838,14.533176315851504,13.811904712821699,13.732267000535902,15.11081121939947,13.923079422273469,15.064003253365367,14.381705023866719,13.061894248084066,14.155691269572582,14.901962745248207,13.80827852681777,15.703809642686778,72.20943852094302,75.5717188544404,71.81399081172911,78.7060744596223,72.13960636350808,15.636202148274778,16.02544742662639,15.615329967517017,16.598730813033146,13.168718771147407,15.886361003479166
res-amazonsagemaker-1255,2026-05-21T00:00:00+00:00,26.981956008954807,4626.981190214149,41385636.96761858,51280005.19246536,8050.240412782589,21.556470058327267,benign,15.437966368467071,14.930722504053612,13.783825593553463,16.768315571480432,13.665881876933316,13.252760397261307,14.997621685524399,13.752565245232557,14.721939636712023,14.596179931658778,13.836517211737029,14.800479000898747,15.159629119126937,77.29589094814258,72.506227450384,76.14641618104983,74.8020782017509,74.59538487670164,13.14059256404271,13.050625413660594,13.76697334434917,13.441448023886593,14.892953845179427,14.22394922312818
res-amazonsagemaker-1256,2026-05-21T00:00:00+00:00,33.97889606083468,4241.501962249462,39196535.26908899,49127801.24515196,8022.686961486604,18.729664279594676,normal,23.137044209120127,21.623703175537788,18.947717994052432,18.601308882229404,19.1830732465111,20.808907959473355,23.000570169611258,26.708307266763065,30.160980421471415,34.0126086168543,38.05211478988826,41.7413760142144,44.19977771140641,47.20229850749239,49.13656439436692,49.119387464558926,48.454675324181025,46.83364888096456,44.1908916693136,41.66892746292655,37.90533790832829,34.0126086168543,30.025971379016646,26.76570339489581
res-amazonsagemaker-1257,2026-05-21T00:00:00+00:00,31.709156412872762,4058.669183268048,27087385.26352951,33900227.8466878,5646.207125464522,18.07985682170053,normal,20.65149053734221,18.85681115978549,17.647344014976387,16.04917240731237,17.87991537610939,18.414277547480214,21.578942212374656,23.82731044907741,27.671399469466422,31.67828757720404,35.36897061063425,38.99659456829547,42.265371295785755,44.32425657067444,46.150370960754316,47.18427661862318,46.329112949902445,45.28159208965181,42.39991955047754,38.880399786334785,35.73122514411275,31.67828757720404,27.985957641445232,24.188467793921713
res-amazonsagemaker-1258,2026-05-21T00:00:00+00:00,26.96673196826251,3964.3193816859143,29944494.754574127,35727692.591061,5719.786827385098,17.89708304354,normal,16.196845141584696,13.574829754580643,12.729941150384043,11.614194464755677,12.898384820397812,13.732244722101766,15.914780626873421,19.398454458223583,23.17756109963002,27.00836895930071,30.99229961799839,34.45150790221024,37.48662712583857,39.83657768222521,41.92686998767923,41.78225760905572,41.349064568144826,40.16594942030014,37.304871318268916,34.51790615549747,31.030835838027503,27.00836895930071,23.255031457107606,19.84779439881345
res-amazonsagemaker-1259,2026-05-21T00:00:00+00:00,29.79016732638824,4383.168159210228,31840713.364487894,36784067.51221229,5980.942751576963,18.582337430658455,normal,19.136727279201686,16.602092568456335,15.047415256486477,14.879440663190277,15.928535163715633,16.54292084518582,19.22278475130821,22.347501187640148,25.932831342951847,29.778521700617617,33.71989162066116,37.15565841252053,39.922359323290415,42.13082021394202,44.90888210892046,44.53278077914708,44.835319282683855,42.716550578946084,40.395842817733715,37.60967397362197,33.72165622586896,29.778521700617617,26.02759615434928,22.089691882260553
res-amazonsagemaker-1260,2026-05-21T00:00:00+00:00,34.25147542626172,4379.227099950874,42337814.7693378,49416098.12932682,7744.10457461484,19.492352319650877,normal,23.42905235743427,21.593823594039435,19.715067534607634,19.169819492381965,20.153361408134153,21.687345396762275,23.790300635317692,26.471319124497178,30.11556357593246,34.10516958392991,37.98485591505975,41.97654023913913,44.55166942034791,47.58586706433084,49.14602449368858,49.78200489806178,48.76461289243165,46.48722148909336,44.946391859197334,41.33523909688055,37.87585088215788,34.10516958392991,30.411723670747815,26.851416022177844
res-amazonsagemaker-1261,2026-05-21T00:00:00+00:00,31.794795456199832,4526.075512187728,40835364.072238326,46108365.09721621,7719.418856648203,19.690482431035402,normal,21.3185927758181,18.832027972597572,17.66296006901279,16.27109677635464,17.285461510271602,19.38115064474558,21.16515492755094,24.187848619570257,28.011414093597697,31.739890033717806,35.7207960925066,39.59838000959339,42.31146290063958,45.30704041903124,45.77629669990995,46.64079635554648,46.17427487998387,45.349011323214796,41.938534152975336,39.15088119102463,35.44342500513891,31.739890033717806,27.920586852930196,24.148117609346116
res-amazonsagemaker-1262,2026-05-21T00:00:00+00:00,33.77801888083683,4407.862043070692,39502961.537767954,44339405.041271836,7756.41847769348,19.054409791981815,normal,22.702665354502052,21.167473603921778,18.71230683302183,18.804461614860116,19.81113702124474,21.326023744162754,23.45906313689498,26.416336171041902,29.720733929845117,33.791270843792105,37.67505400900042,41.14716412944449,44.426530950665764,46.99875207302591,48.05975013084245,48.55765214103477,48.02089964920083,46.345378628227465,44.13300743354196,41.349535049041144,37.667196471377984,33.791270843792105,30.08712948453559,26.501659893065657
res-amazonsagemaker-1251,2026-05-22T00:00:00+00:00,15.163102906578128,7782.4,32252455.14765099,39491359.53056628,6506.087213131172,19.336964522931755,anomaly,17.33126581039965,15.771211489208367,15.443851543101886,14.272329127113315,12.226474924667821,14.39219581410281,14.874714625233679,12.638935374786861,14.730741560180272,14.782260347397365,17.71006072406066,15.022992427170745,17.055081248743235,13.306773579397323,12.564501648025221,17.78343135941927,13.142419021733216,15.237725699043816,14.278563421405249,12.26016025322458,13.29945467407607,16.29161000838427,17.26415162323434,13.943834231922603
res-amazonsagemaker-1252,2026-05-22T00:00:00+00:00,42.22368426688292,4225.71702909368,36678168.748945855,45601537.049105234,61853.56679366799,19.38096371058141,anomaly,31.21612079417497,29.24242906275977,27.77253950092899,27.294087318381134,27.78288675612057,28.639544148134057,32.01589472699485,34.932571355734865,38.25224724104051,42.253545723494,45.96652134333411,49.46206581318275,53.11838421900986,54.98406960332954,57.22474703579728,57.32746683805236,56.51246404686913,55.03171609493906,53.35929129356695,50.04722381306042,46.01862985222418,42.253545723494,38.20719225854464,34.45323784202223
res-amazonsagemaker-1253,2026-05-22T00:00:00+00:00,28.08077537057927,4108.421182022164,26001876.518712226,32435399.170950178,5668.995501869419,21.365255427210837,benign,15.692146871202883,14.541352629819523,16.67125123473722,16.607093581335167,16.080010365525713,14.072859690041394,14.894671597561237,16.910050461724538,16.045125423069983,16.526080009742255,15.557334841476026,13.795661792015427,16.54571570378529,75.40992158926731,77.63685311228703,75.91614449198784,78.68276955118851,72.99652657465015,13.309413026253255,14.196985241558416,16.038794842054944,15.566780392981254,15.49065467290302,14.754411196734084
res-amazonsagemaker-1254,2026-05-22T00:00:00+00:00,27.82631007354432,4063.5330438746364,32458356.209735446,39714345.601588175,6297.565116891241,21.188914458452427,benign,16.459434353118493,14.718533347268188,16.32806841837588,13.456891702013813,16.456918169997213,15.38128559497615,14.435433650609664,14.271957762329091,15.0592568675407,14.374516156377592,15.981939752579358,14.52258183898978,15.952682007618506,77.62089017180291,74.48302238441784,78.55158462753806,72.04199918835259,78.82668359172129,13.988497778956084,15.41668377886808,13.391828312259957,16.168664559345757,16.385584668388542,13.5565030816181
res-amazonsagemaker-1255,2026-05-22T00:00:00+00:00,27.60723091654786,4453.621875934975,43709249.103985675,51677946.435157895,8217.474166984717,21.26679105524931,benign,14.21414826562659,14.041417026018737,15.752997459407116,16.675338726901188,15.014742208543492,16.80085382032988,16.635613472887133,16.258402563809327,16.08892302148221,13.371170304033685,14.411174297861264,14.024653741772404,13.443581570511894,71.42729368379598,76.00501341336243,74.57282274865727,78.40589202899578,76.81959756373713,13.24252122693677,14.193270054450307,15.032320007938448,16.592744903125634,14.280251381744531,15.268798505219365
res-amazonsagemaker-1256,2026-05-22T00:00:00+00:00,33.12312003347679,4536.704619488882,41088108.08818866,46969727.42848592,7824.884080576465,19.48854977281461,normal,22.720269086620377,20.36143790812285,18.880003195533497,18.68418389809211,18.601435047819685,20.43192475169426,22.409636734533837,25.53325212746473,29.243614662229806,33.03864180943212,37.03393518694929,40.445982911197,44.137417825443,46.67225843284769,47.45793500733269,47.43045199575802,47.037814122703885,45.70916154743046,44.13282480866627,40.54493772979888,36.9099861594428,33.03864180943212,29.115577215028043,25.38355682986944
res-amazonsagemaker-1257,2026-05-22T00:00:00+00:00,29.992175839739797,4023.47703594899,26629969.297019344,32300020.032737114,5344.705978894711,17.33464769056928,normal,19.664026859451333,16.545181214069828,15.588013264382141,15.182024174294185,16.05932129079497,16.479219032093965,19.722770253185104,22.787693043757738,26.128743491126546,29.979737221990042,33.90608130586392,37.536673599433065,40.46767443735673,43.597725455584154,43.935774255450454,44.710543957765935,44.72801379542199,42.55730016621597,40.312600263722096,37.230700391992926,33.91611239169775,29.979737221990042,26.08849104346005,22.70806202265417
res-amazonsagemaker-1258,2026-05-22T00:00:00+00:00,28.610954199832292,4132.80076399092,28619358.35503688,34517742.576787144,5995.464309384308,17.655769417446844,normal,17.589451990415697,15.676069349914368,14.119950463889342,12.859170815733385,14.475497436137204,15.874503316978366,18.496568363324556,20.980387525846794,24.60541486859218,28.59578471494871,32.47141163979603,35.75594228735777,39.4274782261203,42.20934791917466,43.17757693286226,44.01933614932109,42.864520850532415,41.27494410942438,39.00556726159333,36.42315549363427,32.558760844412824,28.59578471494871,24.8286715555979,20.777603965418574
res-amazonsagemaker-1259,2026-05-22T00:00:00+00:00,31.37258767743167,4400.6144573421825,30201494.668632466,35384785.29002133,5838.506293380884,19.026400416855267,normal,20.50930437420962,18.866772720796057,16.92435075259703,16.910988211735166,16.9546759974317,18.158637912313974,20.36800350696398,23.496968858092956,27.612981438440816,31.368486811252037,35.28178583700314,38.60382495051258,41.95647128278037,44.49711499587543,45.34105482962425,46.184402157344465,46.37906841979497,44.18827751092199,41.84388426541666,39.20074192676777,35.380488957959685,31.368486811252037,27.33712507363965,24.2082066556339
res-amazonsagemaker-1260,2026-05-22T00:00:00+00:00,31.210517276952135,4013.020633800544,37936146.10590205,47398592.5264701,7823.824834762367,18.139908121262664,normal,20.539767083907837,18.15131723337359,16.28025308702825,16.54125406734091,16.71052449685634,18.559390182541733,20.97906236801654,23.60703743679018,27.33854339249026,31.235105635517023,34.960969143737785,38.67776641678022,41.879576396715876,43.82621466301477,45.78532410327915,45.776363430629495,46.25546071807399,43.58765789237778,42.06520010894521,39.09089375900079,35.08095988036307,31.235105635517023,27.213827098594088,23.67484041595932
res-amazonsagemaker-1261,2026-05-22T00:00:00+00:00,30.216096276743656,4249.9206247489565,38523758.30384489,44834582.83993769,7472.443543965435,18.71722795238042,normal,19.95993384480257,17.272302966685373,15.019537156751232,15.635916027021315,15.035414052935465,17.61489799388186,19.96638249541131,22.600242734840823,26.372811320063242,30.189955087292113,34.23917683866344,37.886808606778,40.65742580318906,43.41644253858767,44.519578861376765,45.2371560138247,44.203858736646595,43.453420519500156,40.8254054511413,38.02241573196429,33.9224436346513,30.189955087292113,26.164935550359402,22.779893588187637
res-amazonsagemaker-1262,2026-05-22T00:00:00+00:00,34.95781310836906,4585.3144020968775,40995181.31884254,48259894.77437401,8056.62119508086,20.837996162173248,normal,24.818239967367752,21.468044950577024,21.110805864529755,20.27929775433736,20.04452640785968,22.508804790266726,23.910323916538132,27.43172574819939,30.99424714356153,34.923710399721685,38.90947116249064,42.31389518713893,45.54108832397742,47.43614174125224,48.96645616124464,50.04840515671051,49.55609120347086,47.836317142407765,45.85421954546289,42.75889901010398,38.707191170824714,34.923710399721685,30.8769595541584,27.768941898933683
res-amazonsagemaker-1251,2026-05-23T00:00:00+00:00,13.118874595713535,7782.4,24661000.294878516,31698996.330286738,5307.93031198221,13.368398929062915,anomaly,15.84151002903994,17.061153640070344,16.94779466715923,12.51970642613678,16.672678813657853,15.362270686978139,13.08665497673838,13.589628102268465,13.447218110788649,14.23320439366047,17.44532345585672,16.76195856434309,14.668555256118246,17.810605214707298,14.44784263561023,12.165579299753315,13.904777709080513,12.494172077254975,13.475245791336022,17.703677544646965,17.778820700756643,14.212966031548005,16.869331392649645,15.885330836806947
res-amazonsagemaker-1252,2026-05-23T00:00:00+00:00,23.356543721667478,2695.9684863983593,27307270.379667833,33027305.32551772,44012.68693482166,11.080489939229588,anomaly,15.01885028969207,13.730491308875184,12.350882615016268,12.109323931910348,12.920078010686694,13.31504543680763,15.408972997222733,17.959539810004443,20.540688420316883,23.350745266187968,26.256296934810592,28.806719225887797,31.458511637314892,32.85651483795491,34.737015801665535,34.32879633218471,34.302978448627144,33.10805170462242,31.445302214607178,28.715820395616014,26.312642668640436,23.350745266187968,20.34603951153206,17.82699625364762
res-amazonsagemaker-1253,2026-05-23T00:00:00+00:00,27.76951224680023,3019.331984381422,22772118.19569388,27761724.389623497,4309.593747303824,21.233275303525673,benign,16.023523634267086,13.457358140655025,13.837104795847077,13.738027073929144,14.077055116873533,13.082117402516987,15.331314847985684,16.3388075887921,15.964248354467152,15.006431443685003,15.81181844886386,15.505461573005814,13.561861582274355,78.86545444789762,76.14887305632625,74.53937930836337,72.72457407744605,78.92893096957687,15.210642204311519,16.10929400260593,14.481683715990506,16.064423874408778,14.973437385552335,16.686470877563465
res-amazonsagemaker-1254,2026-05-23T00:00:00+00:00,27.41126743782995,2936.1789958053455,27451995.473056596,33291030.045267344,5635.365822785409,21.50470271064181,benign,13.048675335425166,13.82914569868699,16.328212140141158,16.153060982213123,13.444741347566568,13.881073837203655,16.572589036652303,15.962259438444782,13.369281405141484,13.780197188571446,13.886279253924863,13.50862691015572,16.347906441683506,77.27465223792302,75.55592088756302,73.55257246756331,74.33081802851463,74.67846579236125,13.868080161713488,16.898241186468773,15.159239742077183,15.928975097805797,16.34433762569242,14.167066264425063
res-amazonsagemaker-1255,2026-05-23T00:00:00+00:00,27.589109838129286,2752.7195888114047,31241730.887636255,38318481.89803622,6551.151659449208,21.302111196007726,benign,15.974011789617713,14.696225651574256,13.824918100283272,15.014244345990845,15.525345970387637,14.173068079519124,13.925814241097935,13.741444584333028,13.618929834415937,15.351800266426558,14.940936053600929,13.356696232182136,16.252662239000962,76.26832165169512,75.04843381599814,77.79094961110924,75.93772329476552,77.8606594504125,15.260292165776171,15.310354130466752,13.03456156217673,13.653602941761081,16.20194496660114,15.375695135910144
res-amazonsagemaker-1256,2026-05-23T00:00:00+00:00,14.973216137411848,3111.0655718958196,31830511.12756241,39710765.800213344,6599.832257237214,13.093853289320679,normal,6.756089892347047,5.260854384566899,3.8729648743911196,4.312522757775965,4.532956238709643,5.151469786559309,7.425895167840245,9.145716549617088,12.012388273497923,15.040418601581687,17.90338934070362,20.573439023513124,22.755787165775846,24.36734348568487,25.715852862548708,26.398192286456442,25.471595333555094,24.95901337410707,22.67322065745426,20.389830113556208,17.82807775443563,15.040418601581687,12.22516623123381,9.544584540391092
res-amazonsagemaker-1257,2026-05-23T00:00:00+00:00,12.361877663039683,2616.255533073834,21513867.345329702,26491880.750626583,4260.706343372415,11.051251132892576,normal,5.043394459878313,2.5765337256771756,2.0,2.0,2.0,3.310561667868405,4.407278888194881,6.7375559018312074,9.551278534214102,12.345635054984696,15.153536538455445,17.606901559925145,20.326563836323633,21.619596968151306,22.58007758385594,22.961221364752717,22.759483472608004,21.938214162511272,19.762168472975958,17.973434086804886,15.241388533646237,12.345635054984696,9.465863826984855,6.978740218323457
res-amazonsagemaker-1258,2026-05-23T00:00:00+00:00,15.703143297366642,2920.789259428066,24165935.85915244,30540853.04729291,4772.260277795521,13.040362061387881,normal,7.586996732919447,5.764682159307251,4.814752021759954,4.199376656125434,4.9949459846588455,5.554241238674802,8.098098490249104,10.02976057117736,12.801458966040745,15.678346605429736,18.604806133565774,21.265465193616095,23.961305944631633,25.28836178804535,27.000515907486108,27.008313307486183,26.90372924959367,25.426129586017986,23.48562635956283,21.39601045025734,18.651411977558155,15.678346605429736,12.755060379149004,9.927696828056842
res-amazonsagemaker-1259,2026-05-23T00:00:00+00:00,11.983672252205258,2593.041409087237,24670552.930708982,27769202.188679483,4664.668228261353,11.339033528796643,normal,4.832132694889234,3.0099315270033395,2.0886849377911103,2.0,2.0003208861545168,2.8331281182493493,4.728157140493991,6.904956223322501,9.112474517015222,11.923401837452516,14.626314249623412,17.311199510086936,19.598592249533397,21.018122484989934,22.43988475361532,21.947849215138767,21.66429989785041,20.735731904250397,19.489593616806175,16.90670748436336,14.682719314177039,11.923401837452516,9.338147315006482,6.4923823376602225
res-amazonsagemaker-1260,2026-05-23T00:00:00+00:00,15.09917812222144,2898.159935331612,30097364.72283406,39208622.50105933,6504.446287183805,11.694743788990072,normal,6.763192337627828,5.591169958185075,4.5278780875534625,3.2772750827155024,4.354592912022138,5.50242093808073,7.14692597072767,9.683367618696852,12.048714846472832,15.049913275611381,17.9479755733048,20.481237339582762,22.98400926215195,25.14871751071692,25.557080957920586,26.710318400789838,26.192408728611174,24.58645153173063,23.351712568749328,20.891367658855156,18.00464643162437,15.049913275611381,12.200342281069052,9.32864238490318
res-amazonsagemaker-1261,2026-05-23T00:00:00+00:00,12.366160045498708,2694.6284632076345,30983718.273522217,34873140.90153962,6014.020191929243,10.405198358039211,normal,4.616127559358226,3.412430362223731,2.0,2.0,2.3282525350721572,3.373402630494413,4.409107746039347,7.155609948752121,9.617169290011548,12.294979846562093,15.149501567095362,17.581574091237517,19.765813652006162,21.422072453339474,22.5939830189957,23.08053478054835,23.12562742804586,21.676761071056188,19.818529950438542,17.59965832183978,15.207868158364334,12.294979846562093,9.416965393758105,6.8468914401678465
res-amazonsagemaker-1262,2026-05-23T00:00:00+00:00,14.799133609891024,2834.9944903178666,29500569.326458372,38021173.658773236,6070.505459279569,12.194597047467212,normal,6.740477799237389,4.994193282965407,4.0518498007829615,3.730235573685522,4.250774304143601,5.160029108608627,6.980455904879715,8.80592201316441,11.749364725439904,14.704386631454486,17.71412590064635,20.363990260117777,22.53927497357133,24.927983858709048,25.54049641771768,26.4019436787612,25.694087325728205,24.185358751888593,22.71510343815967,20.424690350878294,17.61712865445802,14.704386631454486,11.932993773543831,9.249953477388084
res-amazonsagemaker-1251,2026-05-24T00:00:00+00:00,16.511483381903222,7782.4,28325915.88399209,34838904.41118149,5263.372871407304,15.15364249100287,anomaly,14.295578453897743,12.24280351086309,14.330037920477276,13.344827080275161,13.85236537098822,16.1573338169139,16.18531301503689,14.865294215097657,13.256431832485058,12.684428984877087,15.242598558648172,16.31307824191994,14.14772962504399,15.463973278676605,17.51268637424002,16.540233937614584,12.398091749867538,17.47665774487018,13.813068161619137,15.239182171288316,15.569442936261094,13.004230231754647,16.022263023845817,12.89487392298595
res-amazonsagemaker-1252,2026-05-24T00:00:00+00:00,29.06918425026434,3487.0577002920013,32132049.41942679,41717085.06850405,53693.43104535056,15.761212931256193,anomaly,21.36909587439999,19.29918851877825,17.954969966531735,18.325538900437554,17.9127405251698,19.0981977156815,21.428760800018704,23.21507995077531,26.049895321951233,29.04837349126297,31.82224965349613,34.58051192385576,37.25531897059192,38.881379700440164,40.17965124837269,40.277217495454664,39.56501307312186,38.835790180401176,37.1860468197211,34.791723308910555,31.94732768512098,29.04837349126297,26.155998926406266,23.43197846418079
res-amazonsagemaker-1253,2026-05-24T00:00:00+00:00,27.534288996830345,3523.657169516779,25051209.579472028,29960941.972326517,4931.92067198763,21.662679610052276,benign,13.097073037352882,13.365441116978147,14.950420241481975,16.319802765382992,13.974152864240558,13.875258632748068,15.764980479561943,14.32262092385228,15.678488384849903,13.250579141280713,13.866194849482705,15.749253083517528,13.022459609033445,74.85216657817443,76.61958627396075,78.03856170781027,77.1382102099192,72.75439565121829,13.143653443227857,16.068347488326086,15.976381090770513,16.97049632309782,15.332173811006628,16.692238216653386
res-amazonsagemaker-1254,2026-05-24T00:00:00+00:00,27.9337708595739,3265.89390116348,28464605.81051652,35376889.556839496,5696.93461135352,21.457045478753432,benign,16.791158382567556,16.7902273522282,13.773719119158699,13.514379688884237,14.985165072811293,13.694831492671018,14.579806178763903,14.19441319942319,14.425591888080747,13.161067216716285,16.136022090213732,16.934983211630485,15.321103665972613,75.80487954966877,78.60757526282967,78.23727351172231,76.00367735735102,78.71621469273317,14.654923880498526,15.40592775712327,16.670902171837795,13.853663111550022,14.261631784804651,13.89136299053249
res-amazonsagemaker-1255,2026-05-24T00:00:00+00:00,27.340587222254356,3233.9592292542693,34532540.48037789,39757932.6545356,6587.416923416715,21.13362110862242,benign,13.847821431503409,15.66216540397731,14.447583975887762,16.936781845793544,16.80527014940784,13.811199216288948,16.97454630184121,14.524235156485021,13.068474072043859,15.970026532379674,14.127578554091526,13.947214310586183,13.340803009941547,74.46875015620223,78.04273926174395,75.20261251763787,75.24939102691255,75.7342846226868,13.35817212676507,15.351146195247447,13.111184691774547,13.662003725754875,15.460107852345502,13.07000119680581
res-amazonsagemaker-1256,2026-05-24T00:00:00+00:00,16.719307506870294,3153.810947570978,32379867.12161579,41521360.471590415,7107.0343621159345,13.486354607858972,normal,9.026467552868235,6.9212648299483455,5.815510930232501,4.9725386903741295,5.600686642027641,7.242538669140785,8.431065567037793,11.326707449839224,13.824710890087934,16.746434257132524,19.52314486223383,22.309549591708105,24.941495705137946,26.06209585689867,27.207709117953883,28.245148384611404,28.128668452580236,26.915611532360614,24.382292598362252,22.420260046561637,19.679233709551603,16.746434257132524,13.873653326400099,10.92015724470518
res-amazonsagemaker-1257,2026-05-24T00:00:00+00:00,14.705750545751803,3085.2403475174565,24175457.25206934,29517925.6717042,4788.619023002258,14.143735806901944,normal,6.644543570087406,4.53305631548902,3.407157238723016,3.5862126417389137,3.5382162638333834,5.384675583831044,7.017483972952942,8.826157933949851,11.674475797771604,14.695294211269747,17.638263269419248,20.41649407491334,22.69964581228787,24.311753021658376,26.04070816081112,25.612928616578703,25.98065819810224,24.710298513733356,22.658321831650454,20.19135995606089,17.742405471847032,14.695294211269747,11.891527178663376,9.041081251400616
res-amazonsagemaker-1258,2026-05-24T00:00:00+00:00,17.65575176311347,3402.7104596783847,25025928.762084354,30983313.428157277,5369.540972883494,14.648610874721742,normal,9.508295345035341,7.996776829604217,6.665218815781515,5.996341685052332,6.818876102198096,8.266730402613863,10.035105909486356,11.788030755243092,14.622097737158974,17.667070344098757,20.525170232233652,23.456602862578343,25.781315353027495,27.13207007547915,28.271660804140282,28.91227374068561,28.604025061561327,27.827071243454196,25.51720182885343,23.305176461630293,20.55074638346948,17.667070344098757,14.814676925991293,12.00843707124746
res-amazonsagemaker-1259,2026-05-24T00:00:00+00:00,14.82090480170273,3120.039568519315,24503481.70077937,30486383.63793262,5172.13270279604,13.72059218021414,normal,6.528693620949047,5.44054618301837,3.4819945835843282,3.449098300613184,4.4679422361792,4.606487682191476,6.869232260621806,8.952122853410259,11.76615159179465,14.8135953017056,17.772304815404667,20.672889712444345,22.85380119689006,24.964101972795476,25.187107288235502,26.054558628800343,25.93798311759253,24.838848093775525,23.023498484369036,20.46549279481811,17.76697685924642,14.8135953017056,12.025308440436149,8.949383920283825
res-amazonsagemaker-1260,2026-05-24T00:00:00+00:00,16.57482673767897,3019.7503441531103,32918593.39676771,38769728.59801924,6564.7951541433495,13.24145991396016,normal,8.48426716052915,6.517432155896227,6.093353015173921,4.959678154021709,5.5913951165488704,6.803021068358003,8.440770978754928,11.156078962915409,13.724972407477209,16.604200541800267,19.548849568826412,22.078533469644906,24.698540242272976,25.94224032910347,27.48916395536357,28.00189613662122,27.459792974094416,26.237579628866172,24.83775936326577,22.42040113977821,19.46890770765411,16.604200541800267,13.6671706374681,10.965636448059922
res-amazonsagemaker-1261,2026-05-24T00:00:00+00:00,14.57429651769089,3118.2233440300083,33732057.98914066,38961062.44705094,6337.36918251844,13.108739089007946,normal,6.306302384850528,4.830734807403175,3.3654901070784904,3.028045426535025,3.895446365331493,5.205625086916934,6.871067466545311,8.901905976180435,11.692083376512567,14.546685346995538,17.487629699383426,20.094387658642663,22.460822669308833,24.465873322682747,25.915833295965037,25.806159022918195,25.68548242760688,23.9674242445612,22.532174273145813,19.996835774528858,17.35839124659795,14.546685346995538,11.631166289693498,9.190864808201223
res-amazonsagemaker-1262,2026-05-24T00:00:00+00:00,17.618095884445903,3390.2844386333404,33540436.800902206,40845703.893743545,6581.178248131949,15.029874975047164,normal,9.732780488842646,7.981826500657606,7.219324203691588,5.955743960313883,6.236260925960984,8.16604174254361,9.934571826829355,11.842372491204973,14.585711013894405,17.62062213991655,20.628733655763448,23.4013428864341,25.770689001136915,26.954897273573444,28.562940961332494,28.468231842176746,28.44351961493891,27.46631049855624,25.65970947057912,23.192927633156927,20.46241628029582,17.62062213991655,14.715150415876135,12.211554259109278
res-amazonsagemaker-1251,2026-05-25T00:00:00+00:00,16.527857216498138,7782.4,36309653.19269041,41564874.65363147,7527.558834564122,24.72851687417812,anomaly,16.400967078963554,12.548487027377469,16.139736752155684,14.569524886668818,12.953689741324467,16.102786043481252,16.865549647348367,17.743809207619652,16.68399782996456,16.989207813014062,14.058355441016932,17.241261444221823,13.742892677758647,12.659055324304934,17.574152813652564,13.861469644800378,15.152982392631047,14.507936672266638,14.97652938488623,16.282532594613627,16.09860485083019,14.970232300740815,14.984974515179273,17.073897607080887
res-amazonsagemaker-1252,2026-05-25T00:00:00+00:00,49.51732577040878,5244.612908181856,43246532.93076274,47996584.89653476,69942.48283688788,22.99117579714175,anomaly,38.935933999511946,35.95984833856516,35.12205478815989,34.21054228677233,35.172347474360805,36.954558806672914,38.776757328655904,41.895183129972494,45.86447475288956,49.58509111484101,53.6381154078095,57.36997262876096,60.67332163724572,61.959248101457305,63.95534476268473,64.16791678111905,64.70323850997471,62.023576380621726,59.75746228684485,57.081628972949446,53.52581425302634,49.58509111484101,45.63570763873445,41.86258799333904
res-amazonsagemaker-1253,2026-05-25T00:00:00+00:00,27.39818337270195,5491.681180613112,32509883.084780723,38201882.79735222,6301.288559610247,21.361421630181514,benign,14.064397767033602,13.721270769805306,13.347435206279927,15.269746223134806,14.782730509137787,13.593827227126134,15.904682024464147,16.404041432411894,14.352956332204581,16.86453024889518,13.34043758268315,16.498436757060663,15.575277309121594,76.60067686640308,72.95379387880192,71.57072579168903,78.25498074034776,71.24267108988869,16.2789702063151,16.356080123963615,13.579762573414424,15.46577755677798,14.892314183143714,16.640878544742716
res-amazonsagemaker-1254,2026-05-25T00:00:00+00:00,27.104148487077413,5400.737727893662,40993959.600361094,49101008.19025138,7790.710289627564,21.17815619186049,benign,13.276318900237339,14.692671538509792,13.506640141927686,13.967358187098524,16.669101010888863,13.336815230756091,13.709086528608713,13.020852875645604,13.413797067793436,15.472154011119606,15.942461906777899,13.55676827929701,14.3103437253442,73.9243149820691,76.88274557261468,78.7619900508924,72.63197453334274,74.02828556595009,16.677065731684355,14.039150776997833,14.30139140918384,14.57168036033391,16.22622840591288,13.580366896871368
res-amazonsagemaker-1255,2026-05-25T00:00:00+00:00,27.90009150191494,5002.7260749144325,46429792.373056196,56778548.9837121,8957.786835932895,21.19755160094927,benign,13.557308171068865,16.619221438255664,16.90826249475613,14.485222801241049,16.210548762001892,15.42694522869292,15.735690480813012,15.96279971877375,14.511009585175405,14.34872923590789,13.80565672345019,14.735802099109142,13.570925049133507,78.66697008811578,75.4661363054748,76.52688197005152,77.57873076440168,73.60730932513121,16.643019186665175,15.374575804005705,14.537473386401361,14.177593135272112,16.165200913647602,14.980183378412129
res-amazonsagemaker-1256,2026-05-25T00:00:00+00:00,45.99957299992162,5740.905389618229,49036831.45897619,55445909.83980261,9605.640997784918,25.492459649684665,normal,35.36178634205472,33.141093550634665,31.265402007083004,30.655783376512403,32.066110351791544,32.73195704467652,35.108858033914125,38.52457684767452,42.028936689922354,45.932527886528476,49.728125260899844,53.80423265148329,56.75292867826881,59.06444798969222,60.58465559389817,61.625043150819465,60.420424802483936,59.147033118147405,56.23756702048293,53.576483044634024,49.963415346408205,45.932527886528476,41.927604172795085,38.40823115078468
res-amazonsagemaker-1257,2026-05-25T00:00:00+00:00,40.301490935514614,5119.288628008538,30593108.3175725,37809484.528885625,5969.669646532132,22.88848687639366,normal,30.105949470650074,27.430243004191677,25.56201148184342,25.515784324456583,25.277734102151015,27.368273275800213,29.735853164366226,32.870505975874096,36.43110677414707,40.38362477434075,44.42856804473423,47.55409974383744,50.6189761411909,53.96696521227006,54.51277737526036,55.01067759193509,54.55828429210224,52.87182557387321,50.5836008338306,47.97570346079524,44.22762549378413,40.38362477434075,36.692701089266855,33.169266477308675
res-amazonsagemaker-1258,2026-05-25T00:00:00+00:00,37.85940027679484,4989.475530512794,31950000.302146632,41029547.47208203,6434.133761716061,22.764487648569283,normal,26.89251880646639,25.059490772967287,23.812386606072028,23.490501843340454,23.59644742707659,24.23920547691599,27.570292169137815,30.61979760360334,33.975431162689446,37.789140605024535,41.82754897215289,45.305595632182346,48.64471467123903,50.78982528828113,52.54368007494878,53.21487794369891,52.260203205242505,50.15895415008935,48.193284727927306,45.059579077193625,41.865471785587644,37.789140605024535,33.91872393567653,30.0087941005376
res-amazonsagemaker-1259,2026-05-25T00:00:00+00:00,36.61350454843977,4853.605720104364,34338242.0095273,40514112.68744435,6582.308912378883,22.250703874246227,normal,25.52526307805738,23.875206441799698,22.273396029439123,21.58437340701728,21.57442887734571,23.928920194802327,26.244594870666464,29.42935883328007,32.69807252520795,36.66189712455946,40.35205168235185,44.185867663852534,47.21991020254537,49.70389349475608,50.6518458852527,50.93109902626061,51.76361490459242,49.19692752514085,47.23910282914102,44.258725426344945,40.65525995139397,36.66189712455946,32.7254025197836,29.38299954440363
res-amazonsagemaker-1260,2026-05-25T00:00:00+00:00,41.43742724319009,5354.090426986645,44395885.22600641,52098442.186037995,8934.975869503869,24.1785066351995,normal,30.765152280972153,28.75152253505837,26.911303521107108,26.819587467902853,26.59051116588112,28.04946121650739,30.890836106100807,33.77575030817709,37.56854061775154,41.45824154093804,45.52703286468527,48.79333215215831,52.08868099753603,54.382266550597755,56.66612657917726,55.78063823877616,55.52988001077864,54.765868322532306,52.04988009467841,48.587889940138304,45.47240232869457,41.45824154093804,37.61883111795881,34.19627633751586
res-amazonsagemaker-1261,2026-05-25T00:00:00+00:00,44.253129261067535,5446.238828677602,43712317.53404819,55192758.44293798,8886.704756540634,24.15962815739634,normal,33.746996815222744,31.84502604728373,29.732277234001533,29.847247455889303,29.102735967778493,31.358179927235838,33.44179571083783,36.537353061494365,40.38281569187082,44.290232218386755,48.01680746070277,51.61339521776219,55.326044859216296,57.779231005914056,58.46792546378303,58.65115364522289,58.592564689312916,56.89367185428429,55.1511601683934,51.96110396706554,48.224605962987866,44.290232218386755,40.40728485184385,36.41526077074358
res-amazonsagemaker-1262,2026-05-25T00:00:00+00:00,43.63709353713548,5770.36815470912,45053756.82276973,55365387.06799568,8696.03009465657,25.868160686980385,normal,33.54002732050532,30.16946357261211,28.608081893598055,28.47270444816015,28.894672798646617,30.837402288890246,32.71400376600629,36.29191340778809,39.68302077557418,43.701860726704446,47.46162071247827,51.37563977676582,54.03951825582444,56.83332466242866,57.99100764924267,58.70267457774289,58.79799037420841,56.86233910943902,53.89365356126764,51.05161671719691,47.57754728746238,43.701860726704446,39.885504860554036,36.20279562145012
res-amazonsagemaker-1251,2026-05-26T00:00:00+00:00,13.1323648886668,7782.4,36371816.90894842,42724282.293283924,7150.937584067288,23.169684005731092,anomaly,14.979677320351207,15.308077772806998,17.329761936300404,14.857027097987906,12.496836797413454,16.349379361442743,13.57298412749318,12.196961665578375,17.133349122419077,14.733624552642478,17.7312760354823,12.020058659219156,12.599125259782994,17.613673052987707,15.376314732150147,13.970387505324505,13.54832167331595,15.012182925656047,17.564324590208933,15.782466133737204,13.135765504643212,14.490220758371214,15.52621317820686,12.591263112246315
res-amazonsagemaker-1252,2026-05-26T00:00:00+00:00,45.48115074027558,4611.69904901605,37935363.9703378,46686236.6622907,64519.507465407885,20.760865430331346,anomaly,35.368638735112256,32.53715815185873,31.065568984789664,30.83579951995057,30.806328306912583,32.26094592562202,35.100330034320706,37.877923093044686,41.49532187341209,45.532771599294705,49.56770021872611,52.75044119026217,56.62871056498903,57.94645340520751,59.473832565049264,60.582438962791144,59.90692279135749,58.178330172468826,56.21368717725122,52.970144334311755,49.31447168135928,45.532771599294705,41.628539566020564,37.97238731320692
res-amazonsagemaker-1253,2026-05-26T00:00:00+00:00,27.26586292956333,5007.81369290893,30446571.73274725,37381070.68873497,5791.068031302113,21.19053524117677,benign,14.4046219408435,13.090540376379984,14.761005281421554,14.68001725830081,15.155491901754502,13.47889199397263,13.660111867730507,14.034763029909788,15.564819018443561,13.407926843684123,15.119184784830257,13.020432680676404,13.086698634498267,76.58450306057489,78.70967411408259,75.11865370145996,76.6255134435372,72.20189459632184,13.60480077617502,14.55435664238429,14.84884894074415,15.611849842794744,16.813999738424037,16.242109840575313
res-amazonsagemaker-1254,2026-05-26T00:00:00+00:00,27.54243895415029,4974.266476250258,36477605.00382002,43341284.765721396,7265.569040056951,21.610454797197423,benign,14.495671438279363,16.267125296753647,15.494447771357251,14.957569042865146,16.92247438129584,13.442844902558328,14.237285785111524,16.597636982227318,13.917181565111498,15.955155150366767,15.923355744057421,13.712056183262144,15.15170324270186,73.56684149886519,76.7620537503717,73.92188451607439,71.15619048052028,77.62488561291877,14.027971661084118,16.303993379901,13.539153456445183,15.770720578284521,16.383349804809928,14.886982674383724
res-amazonsagemaker-1255,2026-05-26T00:00:00+00:00,27.429311452438252,4982.925146467222,44679996.25115171,53244356.03943276,9061.058091447136,21.333057814940773,benign,15.58237284950128,15.150648764985679,15.91198800565757,15.053258227456503,15.66401113508244,15.609469769467054,14.633020376882735,14.757629965542897,15.615849492833274,16.270057343784284,13.850723599922814,13.820654926171311,14.827786405886261,72.15929013638588,76.37858884846162,75.22517864572862,72.01090469370858,76.19757124030536,16.041412003890546,16.671786984758512,14.24357008963457,14.200115126113168,13.564555232066779,14.863030994290389
res-amazonsagemaker-1256,2026-05-26T00:00:00+00:00,36.058360628567726,4888.061691018453,42265006.15913231,53606563.3918733,9095.601018040672,21.343685434794597,normal,24.994780018618577,23.373201437622484,21.808794496438622,21.11949805816181,22.093665899269432,22.87150791883743,25.90322436507673,28.226246170287624,31.980623859986824,36.043410735534756,39.86070653717369,43.83115737806151,46.59453883577197,48.78647917761742,50.61762932055224,50.697014055855846,51.08451907653196,48.506704222969816,46.9981947931299,43.24088749859433,39.804092153544254,36.043410735534756,32.329092573868316,28.591275766585127
res-amazonsagemaker-1257,2026-05-26T00:00:00+00:00,38.830411094200876,5021.009523617021,29942503.062049814,36391061.03327587,5948.9929074888405,22.4404876003137,normal,28.372835218551682,26.237355588936843,24.41923491672237,24.261856955616967,23.587499219187343,25.67251536549862,27.723942694356992,31.190616650571936,35.045989910828865,38.79812276569366,42.570762916470414,46.01955182377913,49.610994723354814,52.35815559162398,53.60699990401448,53.872324612375415,52.82707871325057,52.17116561649029,49.5475519777081,46.35713333102542,42.84703660035984,38.79812276569366,34.96510539799995,31.067913000709556
res-amazonsagemaker-1258,2026-05-26T00:00:00+00:00,37.30597674117094,4772.994628080898,32798908.915309656,38557992.86844975,6722.527854242521,22.006720733159433,normal,26.918945458460698,24.48598301105666,22.546407558767513,22.787452902831603,23.38206401211396,24.42962767709077,26.247129105688476,29.723016697304665,33.61005725439174,37.379469893534896,41.30134542695471,44.56270705651706,47.607495964831934,50.69756841838013,51.3076128344683,51.95573054589677,51.61185723859761,50.203108288248075,47.4870989452261,44.8025376468405,41.40930762939089,37.379469893534896,33.312480540099045,30.194967787875505
res-amazonsagemaker-1259,2026-05-26T00:00:00+00:00,39.885137340538144,5084.090305852872,33426447.281776886,42336536.37474602,7030.186699591313,23.131228054671162,normal,29.70745444007857,26.715164014274517,25.71871439337,25.001519416841976,26.11306190047019,26.45791970551825,28.85155436691265,32.1936267734484,36.06867746397464,39.91962009738938,43.61976117873563,47.20502174449514,50.41598031128531,53.5157021147659,54.57257916467325,54.80038595989936,53.776718579671495,52.826223644490085,50.23252755915091,47.09952420881756,43.91151544135109,39.91962009738938,36.193791637991424,32.406631957920276
res-amazonsagemaker-1260,2026-05-26T00:00:00+00:00,37.56948816842897,4841.519169846902,40285042.00866179,50060963.79644634,8717.986667168172,21.413606379238512,normal,26.91469837790647,24.87348849668725,22.799113759596587,23.03734943279619,23.312294498683208,24.785993212569707,27.305382180267998,30.32724530506348,33.39910536870105,37.46201934712265,41.493610875875625,45.13987306150518,47.93666308552469,50.029917104654565,52.628546830968475,52.2596208405595,52.03794805520735,50.15039618769246,48.514336326255545,44.78021857225727,41.27361672081451,37.46201934712265,33.76874371221567,29.97551534224719
res-amazonsagemaker-1261,2026-05-26T00:00:00+00:00,35.85896410491698,4913.390026902341,43590164.58039054,50151261.85532418,8620.188188908305,21.505006234553495,normal,25.6974987991212,23.472233186707754,21.008549240549264,20.823276307415913,21.7379772713158,22.253640777443167,25.643456289957207,28.694554064855005,32.115833186979906,35.85470676017097,39.82775198476748,43.41307626514977,45.97755976435714,48.27422563407282,49.733496890281714,51.14557143977762,50.89813338484254,48.74943886433388,46.73086098874485,43.177921679286754,39.588827234035165,35.85470676017097,31.816552104429324,28.12528963924124
res-amazonsagemaker-1262,2026-05-26T00:00:00+00:00,39.57940570321947,4861.7281156543195,40384609.12641283,47510102.8331094,8646.841730342228,22.656701097742623,normal,28.480580746478253,26.207927805973114,25.21912469268032,23.912568541403555,24.97040882384466,26.921711256205796,29.29090878738592,32.04227172305482,35.584633179682996,39.57860330653149,43.49978654173833,47.0277594084108,50.54037360496088,52.85305905784435,53.51651125808619,54.12371498502095,54.77269965386706,53.040759879502126,50.366705171579255,47.41250239960471,43.63029246148531,39.57860330653149,35.51770751733311,31.816522768061933
res-amazonsagemaker-1251,2026-05-27T00:00:00+00:00,16.52875165721751,7782.4,33386820.510148186,40290800.53677279,7045.677260297611,23.12317371415535,anomaly,12.526388258399168,15.506218780390448,14.011269382831514,14.195255212788119,15.169967401035196,13.831075803081696,17.800233451254883,15.546183050953637,13.854379483843584,13.78434850829013,13.20597904034102,12.552535228810001,13.832288591143758,17.90509052415096,12.593552707911181,16.199579831111613,16.41896420327583,13.9438413480488,15.64045577501755,13.300463594834282,16.45521061450878,17.49702119383929,12.091736993577294,15.155456850373529
res-amazonsagemaker-1252,2026-05-27T00:00:00+00:00,47.23449958330776,4926.648437062499,41466463.9888066,47262374.76247203,64146.37267806307,21.646797389668297,anomaly,36.548792980716414,34.017844695857384,32.20559186556215,32.81135019045535,32.31860513485475,34.91748508735539,37.052077419153264,39.93323989875499,43.309475948708204,47.3132780496875,51.13417594164667,54.45855151718755,57.558083471816396,60.188669713463064,61.402923905962794,62.32149010754353,62.06414639950322,60.32507594303343,57.69541257356841,54.68129488767961,51.032081709284874,47.3132780496875,43.23916934678097,39.78589516112284
res-amazonsagemaker-1253,2026-05-27T00:00:00+00:00,27.719788867403253,4676.119061981022,29709520.23066131,34116468.51071505,5906.871938225662,21.18495735564485,benign,15.823332448956126,16.567375272432212,16.191762067900804,16.440245842168217,16.27977283772974,13.472694732102646,15.591332110976792,16.858147775927268,14.305153757141685,15.30683125744553,13.428340006909202,15.539766398995065,13.05759010592968,78.79165787114796,73.69459465577377,76.97403311726103,74.55396926301115,74.51914271165592,15.494090505257589,13.551411653673375,14.249632312693686,14.664204678985,15.154900438928559,14.764950994674942
res-amazonsagemaker-1254,2026-05-27T00:00:00+00:00,27.42362920266665,4422.125487601183,35631915.371986374,40335386.53410316,7062.755500576395,21.203469660440174,benign,13.741051110029657,15.238275288018176,13.84295330658135,14.508010224813795,15.609816043152861,16.360535988972877,15.743696800104951,14.116031361787883,13.980920283496019,16.597649142609477,13.564257418134737,15.801858245250282,16.00408773102325,76.0972100742433,78.20890073993384,71.60133187846941,72.45324029311577,73.78624408910265,13.342489840335542,15.25258361372458,14.660321019168624,16.960901232540824,14.315480271914854,16.379254867474874
res-amazonsagemaker-1255,2026-05-27T00:00:00+00:00,26.892542726861468,4849.01371905371,43354002.43330421,52934522.79338318,8947.184542050483,21.41220661674753,benign,15.199899531170324,14.641866574602444,14.029982872443952,15.120541643476866,13.374876442676237,16.129583192004084,15.878614355476614,13.563366003153416,13.842941824384052,16.133986672321754,14.693450370839614,13.843333970114958,14.233449800052972,72.19922679262665,72.52240760501074,74.65692304576358,74.70462971011744,73.18401192371972,15.281875071017975,15.10199115024093,14.54967320661735,14.302260119313647,14.27197990960782,13.960153657922085
res-amazonsagemaker-1256,2026-05-27T00:00:00+00:00,32.14052044098704,4399.782779512523,42304841.84671614,47744886.0799592,8590.326549244926,19.49860874182914,normal,21.898774294276038,19.43737864540497,17.083014279257903,17.482140596477606,17.90481510207176,18.965934398166294,21.94429267041876,24.59078876563365,28.393401301548742,32.08515482294038,36.009385530303184,39.77647520672606,42.331831544310596,45.122799269077994,47.06199112189027,47.36709473774353,45.93471416293069,45.52100148756881,42.40168680922835,39.54591536247799,35.87218583705338,32.08515482294038,28.194188231398225,24.36237158384324
res-amazonsagemaker-1257,2026-05-27T00:00:00+00:00,39.77394247005042,4985.854812488801,31385607.099008065,36555550.83210222,6339.178099063766,22.764999752426395,normal,28.839996710438886,26.404628943092632,25.76800258950024,24.711971525956578,24.923347836395415,27.26255878200253,28.676633451575434,32.31471204903138,35.954365939155636,39.797106327253715,43.52163194845915,47.537677165272015,49.88119663854219,53.11059856665319,54.759000782446535,54.43475185756128,54.00962993946258,53.373541650865775,49.90538498774435,47.503923002672664,43.711280643795995,39.797106327253715,35.82389595258646,32.551675663491764
res-amazonsagemaker-1258,2026-05-27T00:00:00+00:00,38.714523899472475,5065.176400133601,31393016.846209142,39388838.6496422,6825.34511413232,22.176748550229668,normal,28.258970936181285,25.561516430243856,24.707829032658477,23.673722174044542,24.31988284500211,25.234019541575584,27.847443227287158,31.3691249332743,35.051488881520534,38.74412562376172,42.62756980398317,46.520943811545436,49.42103867751095,51.569582137782916,53.430222594413955,53.32130391686388,53.8303847898294,51.10640287307865,48.97603242599102,46.25740672873776,42.57055182173162,38.74412562376172,34.76397212170097,31.240912634858393
res-amazonsagemaker-1259,2026-05-27T00:00:00+00:00,36.080301388048916,4739.187388720783,33766818.69293124,41403434.93595791,6840.833049901348,21.839117975768712,normal,25.16062096893225,23.146733328101625,21.623711461745053,21.340346129293515,21.510257077168284,23.004482271878963,25.71842852484879,28.471740721547953,32.33611994941329,36.037454960862,39.99092919427957,43.692004481712466,46.19297707534545,49.09672840123422,50.69702783512605,51.12853748123274,51.15677996488697,49.13688487620094,46.464652346986654,43.68000074072459,39.76213206640888,36.037454960862,32.30640914859403,28.234819345787578
res-amazonsagemaker-1260,2026-05-27T00:00:00+00:00,36.96501648545074,4884.782049887337,42798165.897733636,50431681.76566433,8509.45405263935,20.948848689770298,normal,26.13446948055961,24.365337619081437,22.829065689353435,21.632250043734018,22.76454178663312,24.426724965566244,25.875221465766742,29.149508370545252,33.1139492374668,36.939497626599696,40.78405559151146,44.26068071177932,47.80875357683337,49.632804184761,51.82431735718359,51.72453274569407,51.7608990660036,49.91060335680741,47.49507190003952,44.48335603469559,40.936738629004374,36.939497626599696,33.06278767277726,29.305730911821236
res-amazonsagemaker-1261,2026-05-27T00:00:00+00:00,37.374680726073414,4688.239068891598,42423460.76956353,52262976.9806499,8285.836010484927,21.33085465829364,normal,26.83125241651534,24.97910754771269,22.339001990505025,21.79419289893209,22.976016933744106,24.597670342101267,27.040072363207493,29.721459597128263,33.481915151856604,37.35909661955053,41.13449210209029,44.501141153399814,47.74012346200249,50.66230507258491,51.93767726597219,52.37776992280999,51.79347581080439,50.480157611090235,48.3178761962982,45.165012253566225,41.11897804149376,37.35909661955053,33.456705029380124,29.827741023465332
res-amazonsagemaker-1262,2026-05-27T00:00:00+00:00,40.038199112744856,4943.381167622235,44196273.22061408,52705826.777433746,8229.06729536744,22.791286489695857,normal,29.619655981733338,26.843368190343185,25.806083613285864,25.243873779015036,25.668903360297726,27.146838317042203,29.527465178032635,32.35143720459272,36.25112585157633,39.992667719762466,43.85093126588895,47.37760863260334,50.65169932807651,52.95938170193212,54.55444338928214,54.97771334689457,54.86590133273087,52.40983975460108,50.661362424759886,47.45900602889789,43.70222822281539,39.992667719762466,36.267799274329114,32.734777087620614
res-amazonsagemaker-1251,2026-05-28T00:00:00+00:00,15.138522715254643,7782.4,37575620.280452505,45087409.33754372,7699.6767093977205,26.241835151768893,anomaly,14.619495392786462,13.072820861370811,12.866451760504994,15.781139367695737,13.416621729128872,14.337558657859642,15.725807744673617,15.224781641344467,14.778484248103961,17.479689807126288,15.661718966746013,16.385255352884403,14.562324534357858,17.141120283537575,12.10245454390457,17.292007508581708,14.94347387375489,17.14248566622565,14.74809029856078,17.594075253281815,16.74474776315762,12.030518485199213,14.488318187818411,16.127521240080924
res-amazonsagemaker-1252,2026-05-28T00:00:00+00:00,55.459759582068784,5768.148914720172,43106107.55677704,53090622.630579196,70481.94567224455,26.308035374523772,anomaly,44.420478154028665,42.927489973945384,40.30855942769384,39.75412174678903,41.55466504966177,42.87817009310054,44.84994092880255,48.11444537790856,51.438597233120845,55.43433688688314,59.361242028774264,63.02755771144809,66.4557185293283,68.95112509603891,70.38922640738772,70.38715346734813,70.07756331762033,68.59611375325318,65.68141000858473,62.75141513594632,59.263844853664345,55.43433688688314,51.39831554102544,47.57840236041371
res-amazonsagemaker-1253,2026-05-28T00:00:00+00:00,27.64041873222155,5658.901667232452,32791340.82035116,39851221.24065136,6891.175918261943,21.373826214989275,benign,14.432437091464484,14.579232960389884,13.012223107006108,13.48156194418738,16.477033581232035,13.613632175076038,16.641596995521713,16.108448084937454,13.13744272536253,15.700088437367251,14.123490534564901,13.139462007291666,14.411947607833426,78.80557720875704,76.92517991427702,77.619145440616,72.8829817744771,77.69862669935614,16.796418089422765,15.266042331285828,16.19959386263591,14.897373270383492,13.495858213994056,13.924655515877058
res-amazonsagemaker-1254,2026-05-28T00:00:00+00:00,27.80300539316713,5141.8335822107165,38722083.11307576,44115186.49058519,7428.311713154444,21.29249987246241,benign,14.801000229876283,16.528339667824962,13.089426452315056,15.24509491176738,16.73454525783701,15.419806237994715,13.771858728917282,16.97054487572477,15.487296768691504,15.789972207699178,15.784368646219498,13.909755634014259,16.027367055094267,71.40605788960019,78.22856086214702,72.26473463298346,71.57589478676513,78.76750726180856,15.4963034285557,14.323543282427018,16.654544172490013,16.8796098751169,15.178778710255303,16.937217859885667
res-amazonsagemaker-1255,2026-05-28T00:00:00+00:00,27.476245984897457,4998.926269415765,47509435.92209168,55742422.70476795,9071.328921296365,21.546999519499476,benign,16.265337122846958,13.278520467956291,13.961566784180095,14.555582932352607,16.261801960326764,15.19595831896312,14.077393318910532,14.516805273396539,16.73417460071429,15.841349909105066,14.63884494262464,15.87996141474945,16.40512921284821,73.9489761432339,77.92054421647597,71.8710113889976,75.13939047800189,76.0097700033763,14.333547915613886,13.49153772146196,16.76163340192951,14.866349946028576,13.24160586103315,14.23311030241166
res-amazonsagemaker-1256,2026-05-28T00:00:00+00:00,44.63895718267074,5655.742022148496,48706548.82901469,58598197.64826125,9420.845928348223,26.116201459593796,normal,34.412731432305115,31.868778465777254,30.31912967069248,29.67553053795382,29.879992063953964,31.51943562889212,33.83439807880641,36.89437466869861,40.65802270503793,44.6128993854107,48.43238451543384,51.88779782858032,55.428382896753654,57.00532517789066,59.36155670227304,59.29704134733828,59.76405778034907,58.011422021678754,55.38094038308829,52.083057519998825,48.33539950994316,44.6128993854107,40.670040465166196,37.389374212664514
res-amazonsagemaker-1257,2026-05-28T00:00:00+00:00,44.767853319025996,5781.856455672155,34713339.95416429,41811495.78532766,6898.489659411693,26.452278025906672,normal,33.92323846358342,31.675111176118747,30.18090376966819,29.56212934256653,30.97484885292802,31.970254226728333,33.90277807921667,37.451813929179266,40.74154524993192,44.745389431481314,48.735671089568974,52.105389015686505,55.06411782901779,57.810924786064675,59.44273686350458,59.65601722532645,59.67176939137633,57.93324557439887,55.4905261317172,51.93660812534442,48.59916139024319,44.745389431481314,40.70068154833633,37.408228733155
res-amazonsagemaker-1258,2026-05-28T00:00:00+00:00,44.7525846077418,5652.754182092616,35957645.69087583,42478531.56247797,7078.771274400173,25.606660286446363,normal,34.00105156981731,32.09445765089684,30.730960261296406,29.193014324717574,29.88369273933317,32.24619655164179,33.691603606443564,37.48721103495262,40.9146354429655,44.80086238199331,48.74234866547481,52.00105234973775,55.69096989772693,57.54431489765545,59.53470263325884,59.08258927714756,58.7496184279964,58.203353424506275,55.08986382665797,52.63556349031631,48.52516360734601,44.80086238199331,40.86899103962973,37.54895110229802
res-amazonsagemaker-1259,2026-05-28T00:00:00+00:00,42.51489756434296,5295.003199136544,35864806.67298846,41168592.66025879,7098.740575386426,23.95707913481499,normal,31.72654654673226,29.118401243073215,27.9783664327363,27.502579158933287,27.61302943420599,29.993477568232976,31.71918220405734,34.87054551206084,38.736845894988086,42.54520779396236,46.30684341077341,49.763228763406545,53.21737122158452,56.04997349204584,57.07600380457755,58.09578897878758,56.46251905698963,55.080726410180546,53.31625973094794,50.23819446442087,46.368682265871975,42.54520779396236,38.66997875838915,35.36258160331045
res-amazonsagemaker-1260,2026-05-28T00:00:00+00:00,44.12172190413177,5614.447722211147,46518738.6677719,55529073.54918229,9470.388262340733,25.33034437542746,normal,33.479945209135295,31.700258540315247,28.96366300896224,29.732399915578064,29.017891649893414,30.61260397158937,33.7790645146365,36.82911287947046,40.24151181858215,44.13429221804613,48.13154670580937,51.38875454539923,54.56304473019207,56.89637233356473,59.02968348036454,59.61234319869778,58.98418771067148,57.07016652150189,54.336558475967934,51.59370489754905,47.9587412013634,44.13429221804613,40.296930096025974,36.43425585780001
res-amazonsagemaker-1261,2026-05-28T00:00:00+00:00,46.12943190015316,5619.560999469105,47177411.366176955,54742117.70303568,9151.766439014204,26.053954077782244,normal,35.89941525911276,32.68143301504493,31.61292024349794,31.515371352024573,31.368797651802986,33.456483504901236,35.97158291856379,38.41036842926242,42.11010543467023,46.154837418189196,50.14071775417381,53.65395879121371,57.13229469156039,59.27241224089735,60.41796483686895,60.76992645677953,60.16725001931282,58.50013561860372,57.15858117386303,53.66820524383243,50.22357897710492,46.154837418189196,42.15378503948264,38.51140211472323
res-amazonsagemaker-1262,2026-05-28T00:00:00+00:00,43.5662270605865,5334.475467458054,44296851.766083784,53147557.227965735,8493.919322945736,25.104462750762544,normal,32.956381599886036,30.726078318303927,29.725024314285683,28.720341839450665,28.380455841139902,31.120311623302563,32.76053597224144,36.21491308744427,39.85213640232603,43.54638453904718,47.5190886454579,50.703662132462966,53.91026599540804,56.58737585290382,58.32749768731104,58.23186096691286,57.836160315488236,56.90727014917401,54.01591776447031,50.69787174794447,47.441243112042216,43.54638453904718,39.47108269303486,36.391204314990325
res-amazonsagemaker-1251,2026-05-29T00:00:00+00:00,14.681987818017282,7782.4,38557420.149729155,42558319.256389044,7638.229770767386,25.978936381634853,anomaly,16.7653391105878,15.809273330541284,13.719225375068872,16.503365475436322,17.80949043488341,15.983306255799983,17.011231988396293,15.97121640967665,12.8375232507741,12.238194099268986,17.799992772154063,12.653290912270455,15.126986679241508,14.903583437992427,15.01604695113999,14.060158319611933,14.626302324720143,13.39124457918403,16.03296307100202,12.62367850740061,15.896259523789343,12.741341516525326,13.45250635797368,12.102470416031776
res-amazonsagemaker-1252,2026-05-29T00:00:00+00:00,51.045566204010925,5498.620888683681,44060713.86267639,51974337.59170869,66877.13881745253,23.941097977239586,anomaly,40.21310794467024,37.812309802027784,36.46753525558171,36.33062543203535,36.33156457622565,38.153253202069614,40.22180402732269,43.820641229209386,47.33605742980015,51.08796756004844,54.81602332699816,58.63900208622083,61.411017975997716,63.70658553269456,65.84663154181499,66.13774733259017,64.97415632898925,64.70785445927895,61.46010455472493,58.83100722481131,55.15922234510271,51.08796756004844,47.23981651385151,43.30158565414763
res-amazonsagemaker-1253,2026-05-29T00:00:00+00:00,27.672322595029545,5739.338138999366,32694527.35561274,41074032.09919425,6804.075515364107,21.33910826096117,benign,14.058373885141998,13.643871459967638,15.917015060975984,13.515507140322397,16.487261168333326,16.429590519005156,14.938075866476154,16.869267009411942,13.82529927819646,14.258200248373141,14.96613538331864,13.003112700990393,15.669611669714554,78.6759352290562,74.64978909305503,75.19911005814052,78.02738291165717,78.80923710139342,15.42794867220408,13.734422914893432,13.33757515954132,14.888124120777125,13.067990406379185,14.736905223383808
res-amazonsagemaker-1254,2026-05-29T00:00:00+00:00,27.662064804115158,5190.062128420464,37486416.8720923,45564730.269804746,7544.196579271833,21.260255457879015,benign,16.769497592868817,16.107212649233922,16.36969855348305,13.139658906447448,14.924340195959054,14.67607079048171,15.357044571299287,16.77304547168119,15.405973004254367,16.67778965989627,14.046995265461863,15.376715535637207,13.584907995608713,76.5421265368028,75.53403676288434,78.92524743700088,73.81763128647464,71.76172751806399,15.261027932762293,16.791201955669052,13.216132696224488,13.135731389999012,13.799497051608965,15.896244538960477
res-amazonsagemaker-1255,2026-05-29T00:00:00+00:00,27.389247476783243,5446.792789843521,46463694.15639156,58336596.54314763,9654.317249621407,21.422594885570064,benign,15.527628112591865,15.712818978680879,14.007501389744744,14.332702895491874,15.849995132673317,13.19308375695848,13.401146187675895,14.432864172027243,16.87153899022029,13.844305902932595,14.788323184692935,14.823555818059738,13.581018694625952,76.3493522077287,71.5383667055289,74.86063922496605,74.74035013480378,78.96843114566896,14.26912615491737,13.244822620463491,15.51865240384805,16.478163122927782,15.290738017986877,15.71681448758213
res-amazonsagemaker-1256,2026-05-29T00:00:00+00:00,39.810768256392414,5393.361125692262,47058902.21767083,53983183.97827991,9243.412534114286,24.214648693633418,normal,29.36438074143588,26.914464602054437,25.116508227185783,25.411923868396165,25.72083693875576,26.880924015451093,29.33885225825751,31.883604612680884,35.75534559141862,39.73340386364986,43.79656826494788,46.99755534077353,50.83059499961705,52.57452864653872,54.65054488554174,54.96235200058692,54.24494239466367,52.47957899034015,50.09440583413383,47.57428336240431,43.79332793197514,39.73340386364986,35.70494719853329,31.901159720425888
res-amazonsagemaker-1257,2026-05-29T00:00:00+00:00,42.10485279011586,5230.157926426754,32321364.21311932,36367309.447063856,6365.692870804874,23.76169241099353,normal,31.84545490732263,28.67342221328491,28.124891011514293,27.445646119360013,27.966661115164804,28.55309767005801,31.178093728448005,34.702199627981194,38.10839810110909,42.08493913103503,46.09064003205063,49.91676547605709,52.9622497315433,55.58880557692161,56.2906937244648,57.475744166322094,56.07651990866164,54.82228500169886,52.34044602978221,49.747209193044185,45.81373307923965,42.08493913103503,38.07110388186785,34.552528404813664
res-amazonsagemaker-1258,2026-05-29T00:00:00+00:00,39.611366159226485,5180.862746064336,35058278.753407665,41018010.812080316,7161.3548843323715,23.10535425238301,normal,28.53090204642794,27.018549255400732,24.7497556900002,25.095306255261768,24.993988312003495,27.096107038248363,29.202016293424276,32.35373037415336,35.798304406704986,39.544249065382864,43.31410856076471,46.8280319166909,50.352058443976475,51.989152965681164,54.07050126365055,55.1216985561729,54.493348816604566,52.86677793957047,49.83138438833002,47.03245771793482,43.349815465429955,39.544249065382864,35.70723216733669,31.789061816901565
res-amazonsagemaker-1259,2026-05-29T00:00:00+00:00,43.993207680543925,5389.22210559925,36831921.896185175,41584293.763780884,7297.774447182788,24.737360411117884,normal,33.11914272332195,31.64283567899708,29.607999516258516,29.15580737156904,28.98197927305474,30.471508954740933,32.927065568014804,36.350323490825275,40.355282529018524,44.06025424112175,47.85540761787334,51.64066079575151,54.83882128619047,56.406691953992215,58.83764685284991,58.7445083989458,58.84178721438824,57.290718932675695,54.315438917433134,51.77342485691493,47.92345881387659,44.06025424112175,40.098682162944804,36.53728294117344
res-amazonsagemaker-1260,2026-05-29T00:00:00+00:00,41.65902600044149,5255.94355593459,43800849.65115734,55013203.68343027,9076.118695342308,24.00907910407382,normal,30.64748176632014,29.24435540573092,27.28473487105536,26.19728804283551,27.109450259383948,28.354772599334886,30.578370242529054,33.93750286002102,37.90444762210106,41.699794296591314,45.70414080616192,49.20496550057368,52.50120963761843,55.032003957766825,56.239686147556675,57.05206182985238,56.35177743151755,54.18458583262256,52.51504507462963,49.04116701816466,45.53042988180376,41.699794296591314,37.81216392159048,33.9893947082428
res-amazonsagemaker-1261,2026-05-29T00:00:00+00:00,46.93241732253864,5626.930905416019,46586922.24146162,56080038.60411278,9170.389478838326,25.405933495930245,normal,35.98998775182497,34.385090688837245,32.762777615117365,32.44023685567111,32.179518205856795,33.349654679576254,35.816236956705644,39.61257011659605,43.127157876955565,46.92233045913681,50.63042584287914,54.18071827809118,57.28166485257947,59.79793982715081,61.24291906949079,62.034314161335054,61.98410150186034,60.37663165038851,57.89664539666933,54.65575564095688,50.6665962799635,46.92233045913681,43.00254347806846,39.119868096079294
res-amazonsagemaker-1262,2026-05-29T00:00:00+00:00,42.69110007972799,5427.96896912045,46332965.70056155,53515788.10065171,8906.795153183079,24.768524698049042,normal,31.614355422080493,30.32430065234156,28.206889976222946,28.13880475061895,28.628174579567037,29.93726873619467,32.03189523778758,35.370064946372366,38.75452971081475,42.67587389264938,46.52235232266536,49.810770898503925,52.995063112288335,55.80855792081935,57.01820735770023,57.49650945638035,57.06718216004699,55.045879432031924,53.51749740603344,50.18002662098462,46.66158418828029,42.67587389264938,38.822607519120815,35.28213172131694
res-amazonsagemaker-1251,2026-05-30T00:00:00+00:00,13.787112933781449,7782.4,27438228.772579316,35024159.79566599,5845.36048117506,15.951217318434434,anomaly,16.872347176956417,17.33240718750693,14.266592464423177,14.524660292066134,15.9502860957197,13.859231548898036,15.088239280861991,16.192827806528616,14.208823628410574,12.546080003916229,16.15367522308088,13.501052232102191,17.366134492193854,14.876149561093474,14.11589985518086,16.50269300030276,15.662490435182036,14.587078688808898,15.018686686902965,17.238704915587906,15.948381433732248,17.693211891138517,14.504615654334408,15.889694405073865
res-amazonsagemaker-1252,2026-05-30T00:00:00+00:00,28.008936757539992,3452.66670265271,32003954.75676333,40852314.60871098,51522.984553992355,15.424839686871051,anomaly,20.23669244539967,18.044227892352865,17.334968561071683,17.2908130828263,16.81391544017332,18.598019273384345,19.806247495849096,22.27343473255874,25.1828953177998,28.041030772432865,30.852261662023984,33.60225249490503,35.74132657534997,38.128007605791275,38.56702851159112,38.74550079889176,38.89199919587773,37.9698238285753,35.72188933237885,33.73288577402708,31.068906301042954,28.041030772432865,24.996015727011166,22.53330858721202
res-amazonsagemaker-1253,2026-05-30T00:00:00+00:00,27.129500684060492,4015.4864051674317,25071316.779066607,31879316.053210307,5451.411360712433,21.33585731393144,benign,15.622073910544614,15.551495926718188,13.634502287029804,16.595511629715432,13.260240153036003,13.488649776963303,14.82430140363532,14.592210490885186,13.28133205562172,15.322485526505051,13.66440651059558,16.909666010027696,16.512862175934174,76.43498397092111,71.4125859368996,77.19707709697033,74.63798345612906,72.95262228170341,16.520176888346636,13.79089598859089,13.227401350300237,14.67888183142197,13.185875321605067,13.80979443735156
res-amazonsagemaker-1254,2026-05-30T00:00:00+00:00,27.53875911719291,3694.2260794147746,30550610.493258234,37266109.55778128,5952.508302944316,21.41444190123506,benign,13.99314460490308,14.491591517952141,15.06470626239738,16.88416263357786,15.434754119622497,13.293418218456567,15.659409447577161,15.303449714885511,16.990489533187148,16.761041828894772,16.144887635558455,13.568841567754282,16.810154564234963,75.72589549512176,75.48891400720295,71.71366812668383,74.60537647280371,75.46050940586814,14.04187195560385,16.378123667386234,13.463256773544737,13.611820206388426,16.120371356222122,13.920359696802194
res-amazonsagemaker-1255,2026-05-30T00:00:00+00:00,27.438599272878623,3878.10372889632,39019798.65033859,47080505.98992506,7874.2756507346785,21.46632863944612,benign,14.868963919848133,13.97166135020676,15.59160551027322,15.870911363210157,13.39335737137492,16.843068481699916,14.345939318575304,14.692366535099065,15.021414506400209,13.669633290634259,14.539834981179188,14.633175207462982,16.54575420478098,75.53508157749533,78.32239669361302,74.9758066672134,77.75321288076728,73.01763830963809,14.656095361519721,14.926333440467872,14.036804594753995,13.964370534949882,13.704605398220307,13.64635104970294
res-amazonsagemaker-1256,2026-05-30T00:00:00+00:00,19.384613971090385,3668.188935361614,35828642.786642164,44652814.29532105,7001.043554814542,15.934320918874532,normal,11.238258565123566,10.087026640859623,8.132719285637679,8.066214012949239,8.845285402974646,9.418006807308027,11.13594815338457,13.973344604698958,16.550069100873664,19.46131146295017,22.40392611352823,24.857817069583152,27.70078469229039,29.30176563459052,30.03215099119259,30.429851705835066,30.119624610083548,28.904896768176457,27.11939446104226,25.01050171315649,22.51153700256593,19.46131146295017,16.644952804942044,13.82403623947223
res-amazonsagemaker-1257,2026-05-30T00:00:00+00:00,21.400265345282957,3763.020405230354,25601377.548895996,33052135.903825067,5155.708314213518,16.393600175607254,normal,13.454012736941499,12.05047066174672,10.862223643509834,10.472700713080517,10.824789648056814,11.572763554734511,13.23076888980501,15.653084087090456,18.583145176939603,21.414059946854316,24.25141874028987,26.803314905392455,29.292779461309614,31.010128960769965,32.38987534231455,32.480857580760016,32.32856039049998,31.144537475896282,29.00397345076911,26.81547531839257,24.29460294142354,21.414059946854316,18.47343224567305,15.785332467686272
res-amazonsagemaker-1258,2026-05-30T00:00:00+00:00,18.500570684073526,3589.4561750347343,28198630.514275897,32562250.303475168,5569.774734889444,15.240182992821794,normal,10.748312183965472,9.053430691681799,7.550924028620903,7.468640907707947,7.1723566315862906,8.337874227183237,10.660438826306214,12.864112269649041,15.596949577962041,18.484452691000932,21.342610533103453,24.057088741123422,26.458236551255702,28.24425976068432,29.752400821561906,29.952646595555652,28.848732657735876,28.390118602908554,26.7471240245698,24.276082841137246,21.275919454009227,18.484452691000932,15.580131138994272,12.6663999684605
res-amazonsagemaker-1259,2026-05-30T00:00:00+00:00,19.74361989992223,3735.4211515658994,27340918.054366477,35982300.16041452,5847.547637875716,16.38133337894455,normal,11.599574158227025,9.570110431199753,8.721868123173515,8.947949166192943,8.614183194255308,9.595214588986943,11.46553283042116,14.28336042928563,16.79532639666188,19.795617697209813,22.782202254289572,25.679882536865396,27.720881629209785,29.37772449127402,31.151454542480316,30.88581525188583,30.50319004938588,29.48903826111376,27.66545422141499,25.616733451376852,22.659836718911297,19.795617697209813,17.014327875445098,14.115981601656951
res-amazonsagemaker-1260,2026-05-30T00:00:00+00:00,19.521250628601283,3686.998041015897,35540198.35991771,44765916.96219497,7443.818025556719,15.146920669366796,normal,11.669608386484619,9.900044493939609,8.449544681007321,8.457801996990533,8.79732140843942,9.551183917549277,11.192347717812181,13.669090656452157,16.718571045359475,19.5346946854995,22.408543082117667,24.890446510701537,27.792248331714923,29.467402198496586,30.20075906681108,30.80973776923492,30.563611027606918,29.52537794977077,27.642942979531846,24.966057776391978,22.43458291265798,19.5346946854995,16.53429642973628,13.799105376624695
res-amazonsagemaker-1261,2026-05-30T00:00:00+00:00,17.805268832548183,3750.194665531822,34552211.50335819,43976184.73065574,6992.369576422533,16.127986607509904,normal,9.519525662811409,8.513524924015524,6.412125744011171,6.076206953221305,6.733209455569938,8.345178353882039,10.19781636383968,12.094720098411932,15.002724799982783,17.80955754344898,20.8391461227113,23.15679100264433,26.008845325488352,27.13656913098041,28.65561046793509,28.66167306031379,28.91095118861196,28.036536730557053,26.140510927204186,23.355048441391045,20.625228001428823,17.80955754344898,14.927299802514629,12.358094336731723
res-amazonsagemaker-1262,2026-05-30T00:00:00+00:00,19.140789355998237,3585.8696678292827,35028836.68986218,42243568.90627653,6934.756374212147,15.99124505671006,normal,11.429718837203765,9.083151208628223,7.895041144817478,7.699080747766032,8.685578968502925,9.137913261051118,10.911834089860882,13.598283728011003,16.163217577802428,19.12904528390872,21.919157736028865,24.788663182335704,27.414327607052456,28.691064021715277,30.088702504148092,30.72123015768027,30.29487033386863,28.62197198459451,27.09600530643314,24.683328825284445,22.180974075206837,19.12904528390872,16.256890917142357,13.759847761005856
res-amazonsagemaker-1251,2026-05-31T00:00:00+00:00,13.744471438443284,7782.4,30067881.5770793,37845177.606507026,5830.95782550418,18.594061550620918,anomaly,12.79324515408602,17.928254710350537,15.336024231713534,13.349809495471625,12.564074038701941,13.249627356813127,15.479155255571289,14.970686351675791,13.726097908566615,15.891338667619003,12.502757273374295,17.771097381444882,15.921829481821899,14.810823098754723,17.407498398628082,16.358422770641475,13.144856203700435,16.902005702650914,16.767554912875116,16.56486901105074,13.733999781045048,16.63060872572072,13.93086521202691,14.369816465161511
res-amazonsagemaker-1252,2026-05-31T00:00:00+00:00,32.94990037860515,3943.767121857118,37776553.210350476,43958180.778844714,56287.838022469,18.393270205046896,anomaly,24.932824622176078,23.05427985996793,22.038099957279677,21.554805174028722,21.568409918538762,23.30653668284732,24.82615280287381,27.410901458380938,30.03567847883096,32.94059604279559,35.76858068565847,38.37247315465884,40.85650862684007,43.14498896621804,43.735965524381285,44.633045171888675,44.12244227404755,42.85672608723373,40.979613023750964,38.33683048860655,35.99783654575805,32.94059604279559,30.047331656926563,27.336385840039377
res-amazonsagemaker-1253,2026-05-31T00:00:00+00:00,26.912560816192073,3993.8363195334546,26421031.563392583,31640753.077604342,5379.832308768411,21.51886021436258,benign,16.512798174124054,13.578819598703351,16.56715315135591,13.138848502701267,15.032733224947412,14.567571709655622,16.055496572187206,13.122370839025676,15.346762023793971,14.959444114818288,14.510762036841797,13.283899440335748,13.267264558794958,71.93096355000775,72.04886852011218,74.48242093756083,78.4158614563582,72.78738076903467,14.207635419581575,13.364922555161792,13.897753598537555,15.470393534119932,13.573209413311183,15.77812588753884
res-amazonsagemaker-1254,2026-05-31T00:00:00+00:00,27.179074984583718,3887.7512411017265,30194114.400494065,37525332.388382055,6426.013560010148,21.19782613737374,benign,13.582904581201912,13.144239336269312,13.44432683521573,13.853765170133247,13.60471014917539,15.339278097876717,16.33064596797497,16.890495640672714,13.031541995668812,14.474829898816722,16.966794233765874,13.881207217438115,13.566751134002077,75.97917857823681,77.16861989146436,76.70097500836133,72.5889997677171,71.071847891722,16.31887658127568,14.894119309191069,13.843953809798894,16.904346756244017,13.803167677515146,14.912224100271233
res-amazonsagemaker-1255,2026-05-31T00:00:00+00:00,27.10898125120254,4245.745907810817,39870285.839870654,49703731.72002435,8117.639637527187,21.358995446093562,benign,16.300180047219776,13.69053952607117,13.548916436116988,13.613957775025433,14.57127506484572,14.546823002459224,13.8626208226182,16.571736545242434,15.806507975136283,14.43216564817629,15.005648454184655,13.258565006556768,13.185566760883477,75.4927406216986,74.55177996383956,72.28839793392774,75.14008001050418,74.7710145372232,15.80026589226948,15.251461924581523,15.105844663464064,14.485648599117841,13.228436644315863,16.10537617338248
res-amazonsagemaker-1256,2026-05-31T00:00:00+00:00,19.241227856827,3802.8362730895014,36251727.715785205,47378078.081509136,7259.359571062681,16.446652947117414,normal,11.17045962682728,9.231731925910289,8.034227492681248,7.880441129124129,8.68744123790621,9.213112954906029,11.519750961342288,13.567607687961555,16.2883186961802,19.321609082562045,22.342361016550598,24.903386222371353,27.085678543252644,28.598244827169545,30.446396204667742,31.125651718897313,29.794989331294513,28.927141949879292,26.90997603055626,24.94021838745859,22.281746488823963,19.321609082562045,16.291460897342645,13.905907067620156
res-amazonsagemaker-1257,2026-05-31T00:00:00+00:00,20.024730485334924,3768.9888631478184,26876810.250165585,32824673.406566646,5444.700751044945,17.04106432537178,normal,11.815493996591622,9.851845575510719,9.369972507871216,8.552021268905523,9.379273148392796,10.145997662560246,12.104164324372288,14.43914979968826,17.109929968034635,20.02594669828508,22.856604104793167,25.74374683551473,27.596131569815025,29.41142149429814,31.0489900065052,31.682417621084355,31.007195350151132,30.154844548288846,27.781134603012784,25.85360438243122,23.03766888035993,20.02594669828508,17.20356986308982,14.3964607401964
res-amazonsagemaker-1258,2026-05-31T00:00:00+00:00,20.832252849831825,3990.3362667852857,29487174.920602184,34705180.29917268,5646.9096344778345,16.80281772999958,normal,12.703968758525821,11.53626803506753,10.461348149217974,9.378099433573116,10.060778438330097,11.453006359093813,13.103080762664684,15.407051508090941,18.037679436938184,20.8040547928688,23.76816148160832,26.463207948561777,28.916300031908726,30.392221513458136,31.743343969560023,31.65395964082049,31.257497362753725,30.178816298900223,28.52832272618931,26.505172004129673,23.636352689866996,20.8040547928688,18.019653926714255,15.161668334252393
res-amazonsagemaker-1259,2026-05-31T00:00:00+00:00,24.2219497433346,4069.5458016732523,31347924.780997094,36403231.83556577,5918.199632526439,18.927031278765973,normal,16.474463806663447,14.649395494232675,13.619356780987328,12.624109310790574,13.423606508082825,14.466789491498215,16.457497328843786,18.752555174295967,21.396702125734137,24.178211480670942,27.001204658028307,29.69592852719397,32.033671416991744,33.48464500573087,35.14299632868706,35.8096981171003,35.27019528468077,33.63704561509443,32.235845365633025,29.666714866522646,27.05252551114163,24.178211480670942,21.40881482498352,18.666609335771195
res-amazonsagemaker-1260,2026-05-31T00:00:00+00:00,22.09576465968743,4074.0335566071717,40804162.376497276,45511734.69153455,7512.2459043147055,18.260051802925602,normal,14.378409024401563,12.649871659154487,10.932083950580912,11.135923487556607,11.311436189718615,12.039804304863996,14.000607670835286,16.76624957817131,19.216625251674103,22.1565446258696,25.14523810611302,27.55037585716895,30.086429743863608,31.729433826174997,32.701521548217414,33.12725934737215,32.803684721754045,32.10268105779273,29.932163412934525,27.579581833443704,25.099378782722958,22.1565446258696,19.38102720715667,16.31547601908742
res-amazonsagemaker-1261,2026-05-31T00:00:00+00:00,23.576528446369895,4302.829533914823,38978324.260578655,45157624.15257709,7691.4858277480635,18.43263146372411,normal,15.496060971852394,13.824673985653662,12.579195215095826,12.775379912677993,12.909847749039498,14.099822692441844,15.559597457778644,17.767281760235008,20.80027303172544,23.58075393007364,26.447302544454388,29.084998832775057,31.870854234972754,32.92604852040775,34.28905506542673,34.304042772761264,34.321338789051204,33.476021896716944,31.821029382911206,29.179346572109054,26.577239307285428,23.58075393007364,20.68159367293353,17.884170484424697
res-amazonsagemaker-1262,2026-05-31T00:00:00+00:00,23.585838827149193,4113.005419550943,38582425.511987254,46606454.6792149,7244.553037117843,17.91339003420872,normal,16.017472930495114,14.239232032789513,13.0694973790524,12.69647837071799,12.565907957178432,14.268883596532385,15.594757452020254,17.85312943416726,20.60890755864095,23.597413197552996,26.425984551561193,29.231707138908455,31.296267480712647,33.34556508584966,34.60908851869896,34.55516664496599,34.52602151851277,32.86335033545592,31.15835032404383,29.001395998192706,26.443574192740357,23.597413197552996,20.758093863185053,17.736473092052808
