date,linked_account_name,service_code,region,unblended_cost,final_label
2026-03-01,prod-core,AWSDataTransfer,us-east-1,423.25,normal
2026-03-01,prod-core,AWSELB,us-east-1,25.08,normal
2026-03-01,prod-core,AmazonCloudWatch,us-east-1,288.09,normal
2026-03-01,prod-core,AmazonEC2,us-east-1,454.76,normal
2026-03-01,prod-core,AmazonEKS,us-east-1,17.83,normal
2026-03-01,prod-core,AmazonElastiCache,us-east-1,67.2,normal
2026-03-01,prod-core,AmazonRDS,us-east-1,233.73,normal
2026-03-01,prod-core,AmazonS3,us-east-1,398.39,normal
2026-03-01,prod-core,AmazonVPC,us-east-1,13.51,normal
2026-03-01,prod-payments,AWSDataTransfer,us-east-1,185.74,normal
2026-03-01,prod-payments,AmazonDynamoDB,us-east-1,327.41,normal
2026-03-01,prod-payments,AmazonEC2,us-east-1,439.1,normal
2026-03-01,prod-payments,AmazonKinesis,us-east-1,24.21,normal
2026-03-01,prod-payments,AmazonRDS,us-east-1,212.8,normal
2026-03-01,prod-payments,awskms,us-east-1,2.96,normal
2026-03-01,staging,AmazonCloudWatch,us-east-1,104.52,normal
2026-03-01,staging,AmazonEC2,us-east-1,47.6,normal
2026-03-01,staging,AmazonEKS,us-east-1,10.85,normal
2026-03-01,staging,AmazonRDS,us-east-1,45.54,normal
2026-03-01,dev,AWSLambda,us-east-1,121.24,normal
2026-03-01,dev,AmazonEC2,us-east-1,68.41,normal
2026-03-01,dev,AmazonRDS,us-east-1,49.11,normal
2026-03-01,data-analytics,AmazonAthena,us-east-1,62.55,normal
2026-03-01,data-analytics,AmazonDynamoDB,us-east-1,229.7,normal
2026-03-01,data-analytics,AmazonES,us-west-2,86.06,normal
2026-03-01,data-analytics,AmazonMSK,us-east-1,104.31,normal
2026-03-01,data-analytics,AmazonS3,us-east-1,482.77,normal
2026-03-01,ml-research,AmazonEC2,us-east-1,80.94,normal
2026-03-01,ml-research,AmazonS3,us-east-1,163.23,normal
2026-03-01,ml-research,AmazonSageMaker,us-east-1,33.29,normal
2026-03-02,prod-core,AWSDataTransfer,us-east-1,539.7,normal
2026-03-02,prod-core,AWSELB,us-east-1,32.02,normal
2026-03-02,prod-core,AmazonCloudWatch,us-east-1,354.37,normal
2026-03-02,prod-core,AmazonEC2,us-east-1,575.97,normal
2026-03-02,prod-core,AmazonEKS,us-east-1,22.63,normal
2026-03-02,prod-core,AmazonElastiCache,us-east-1,86.77,normal
2026-03-02,prod-core,AmazonRDS,us-east-1,301.94,normal
2026-03-02,prod-core,AmazonS3,us-east-1,511.24,normal
2026-03-02,prod-core,AmazonVPC,us-east-1,17.35,normal
2026-03-02,prod-payments,AWSDataTransfer,us-east-1,246.34,normal
2026-03-02,prod-payments,AmazonDynamoDB,us-east-1,397.05,normal
2026-03-02,prod-payments,AmazonEC2,us-east-1,525.42,normal
2026-03-02,prod-payments,AmazonKinesis,us-east-1,30.82,normal
2026-03-02,prod-payments,AmazonRDS,us-east-1,260.13,normal
2026-03-02,prod-payments,awskms,us-east-1,3.75,normal
2026-03-02,staging,AmazonCloudWatch,us-east-1,132.46,normal
2026-03-02,staging,AmazonEC2,us-east-1,121.46,normal
2026-03-02,staging,AmazonEKS,us-east-1,14.04,normal
2026-03-02,staging,AmazonRDS,us-east-1,57.6,normal
2026-03-02,dev,AWSLambda,us-east-1,149.84,normal
2026-03-02,dev,AmazonEC2,us-east-1,159.25,normal
2026-03-02,dev,AmazonRDS,us-east-1,62.97,normal
2026-03-02,data-analytics,AmazonAthena,us-east-1,82.29,normal
2026-03-02,data-analytics,AmazonDynamoDB,us-east-1,307.48,normal
2026-03-02,data-analytics,AmazonES,us-west-2,110.82,normal
2026-03-02,data-analytics,AmazonMSK,us-east-1,133.04,normal
2026-03-02,data-analytics,AmazonS3,us-east-1,623.39,normal
2026-03-02,ml-research,AmazonEC2,us-east-1,207.84,normal
2026-03-02,ml-research,AmazonS3,us-east-1,202.85,normal
2026-03-02,ml-research,AmazonSageMaker,us-east-1,42.59,normal
2026-03-03,prod-core,AWSDataTransfer,us-east-1,512.85,normal
2026-03-03,prod-core,AWSELB,us-east-1,29.85,normal
2026-03-03,prod-core,AmazonCloudWatch,us-east-1,330.36,normal
2026-03-03,prod-core,AmazonEC2,us-east-1,541.67,normal
2026-03-03,prod-core,AmazonEKS,us-east-1,21.53,normal
2026-03-03,prod-core,AmazonElastiCache,us-east-1,81.09,normal
2026-03-03,prod-core,AmazonRDS,us-east-1,278.77,normal
2026-03-03,prod-core,AmazonS3,us-east-1,482.11,normal
2026-03-03,prod-core,AmazonVPC,us-east-1,16.1,normal
2026-03-03,prod-payments,AWSDataTransfer,us-east-1,232.11,normal
2026-03-03,prod-payments,AmazonDynamoDB,us-east-1,387.15,normal
2026-03-03,prod-payments,AmazonEC2,us-east-1,504.74,normal
2026-03-03,prod-payments,AmazonKinesis,us-east-1,28.95,normal
2026-03-03,prod-payments,AmazonRDS,us-east-1,252.66,normal
2026-03-03,prod-payments,awskms,us-east-1,3.51,normal
2026-03-03,staging,AmazonCloudWatch,us-east-1,120.46,normal
2026-03-03,staging,AmazonEC2,us-east-1,114.45,normal
2026-03-03,staging,AmazonEKS,us-east-1,13.51,normal
2026-03-03,staging,AmazonRDS,us-east-1,56.26,normal
2026-03-03,dev,AWSLambda,us-east-1,147.29,normal
2026-03-03,dev,AmazonEC2,us-east-1,149.39,normal
2026-03-03,dev,AmazonRDS,us-east-1,57.78,normal
2026-03-03,data-analytics,AmazonAthena,us-east-1,75.72,normal
2026-03-03,data-analytics,AmazonDynamoDB,us-east-1,289.68,normal
2026-03-03,data-analytics,AmazonES,us-west-2,102.14,normal
2026-03-03,data-analytics,AmazonMSK,us-east-1,122.51,normal
2026-03-03,data-analytics,AmazonS3,us-east-1,560.29,normal
2026-03-03,ml-research,AmazonEC2,us-east-1,191.12,normal
2026-03-03,ml-research,AmazonS3,us-east-1,188.86,normal
2026-03-03,ml-research,AmazonSageMaker,us-east-1,39.67,normal
2026-03-04,prod-core,AWSDataTransfer,us-east-1,534.24,normal
2026-03-04,prod-core,AWSELB,us-east-1,30.57,normal
2026-03-04,prod-core,AmazonCloudWatch,us-east-1,345.46,normal
2026-03-04,prod-core,AmazonEC2,us-east-1,557.45,normal
2026-03-04,prod-core,AmazonEKS,us-east-1,21.53,normal
2026-03-04,prod-core,AmazonElastiCache,us-east-1,82.37,normal
2026-03-04,prod-core,AmazonRDS,us-east-1,292.34,normal
2026-03-04,prod-core,AmazonS3,us-east-1,498.9,normal
2026-03-04,prod-core,AmazonVPC,us-east-1,16.49,normal
2026-03-04,prod-payments,AWSDataTransfer,us-east-1,237.31,normal
2026-03-04,prod-payments,AmazonDynamoDB,us-east-1,394.7,normal
2026-03-04,prod-payments,AmazonEC2,us-east-1,516.86,normal
2026-03-04,prod-payments,AmazonKinesis,us-east-1,29.63,normal
2026-03-04,prod-payments,AmazonRDS,us-east-1,257.09,normal
2026-03-04,prod-payments,awskms,us-east-1,3.61,normal
2026-03-04,staging,AmazonCloudWatch,us-east-1,129.02,normal
2026-03-04,staging,AmazonEC2,us-east-1,116.9,normal
2026-03-04,staging,AmazonEKS,us-east-1,13.86,normal
2026-03-04,staging,AmazonRDS,us-east-1,56.19,normal
2026-03-04,dev,AWSLambda,us-east-1,149.13,normal
2026-03-04,dev,AmazonEC2,us-east-1,154.0,normal
2026-03-04,dev,AmazonRDS,us-east-1,59.67,normal
2026-03-04,data-analytics,AmazonAthena,us-east-1,82.83,normal
2026-03-04,data-analytics,AmazonDynamoDB,us-east-1,283.65,normal
2026-03-04,data-analytics,AmazonES,us-west-2,107.03,normal
2026-03-04,data-analytics,AmazonMSK,us-east-1,126.6,normal
2026-03-04,data-analytics,AmazonS3,us-east-1,582.22,normal
2026-03-04,ml-research,AmazonEC2,us-east-1,202.45,normal
2026-03-04,ml-research,AmazonS3,us-east-1,205.19,normal
2026-03-04,ml-research,AmazonSageMaker,us-east-1,40.84,normal
2026-03-05,prod-core,AWSDataTransfer,us-east-1,531.96,normal
2026-03-05,prod-core,AWSELB,us-east-1,31.75,normal
2026-03-05,prod-core,AmazonCloudWatch,us-east-1,360.76,normal
2026-03-05,prod-core,AmazonEC2,us-east-1,568.2,normal
2026-03-05,prod-core,AmazonEKS,us-east-1,22.66,normal
2026-03-05,prod-core,AmazonElastiCache,us-east-1,83.87,normal
2026-03-05,prod-core,AmazonRDS,us-east-1,296.66,normal
2026-03-05,prod-core,AmazonS3,us-east-1,512.35,normal
2026-03-05,prod-core,AmazonVPC,us-east-1,16.99,normal
2026-03-05,prod-payments,AWSDataTransfer,us-east-1,241.27,normal
2026-03-05,prod-payments,AmazonDynamoDB,us-east-1,405.33,normal
2026-03-05,prod-payments,AmazonEC2,us-east-1,519.45,normal
2026-03-05,prod-payments,AmazonKinesis,us-east-1,30.42,normal
2026-03-05,prod-payments,AmazonRDS,us-east-1,261.48,normal
2026-03-05,prod-payments,awskms,us-east-1,3.69,normal
2026-03-05,staging,AmazonCloudWatch,us-east-1,128.92,normal
2026-03-05,staging,AmazonEC2,us-east-1,121.16,normal
2026-03-05,staging,AmazonEKS,us-east-1,14.09,normal
2026-03-05,staging,AmazonRDS,us-east-1,57.6,normal
2026-03-05,dev,AWSLambda,us-east-1,155.6,normal
2026-03-05,dev,AmazonEC2,us-east-1,157.02,normal
2026-03-05,dev,AmazonRDS,us-east-1,61.73,normal
2026-03-05,data-analytics,AmazonAthena,us-east-1,78.42,normal
2026-03-05,data-analytics,AmazonDynamoDB,us-east-1,308.62,normal
2026-03-05,data-analytics,AmazonES,us-west-2,109.4,normal
2026-03-05,data-analytics,AmazonMSK,us-east-1,129.78,normal
2026-03-05,data-analytics,AmazonS3,us-east-1,590.95,normal
2026-03-05,ml-research,AmazonEC2,us-east-1,205.71,normal
2026-03-05,ml-research,AmazonS3,us-east-1,210.25,normal
2026-03-05,ml-research,AmazonSageMaker,us-east-1,42.05,normal
2026-03-06,prod-core,AWSDataTransfer,us-east-1,539.1,normal
2026-03-06,prod-core,AWSELB,us-east-1,32.16,normal
2026-03-06,prod-core,AmazonCloudWatch,us-east-1,353.54,normal
2026-03-06,prod-core,AmazonEC2,us-east-1,580.22,normal
2026-03-06,prod-core,AmazonEKS,us-east-1,22.72,normal
2026-03-06,prod-core,AmazonElastiCache,us-east-1,87.31,normal
2026-03-06,prod-core,AmazonRDS,us-east-1,308.0,normal
2026-03-06,prod-core,AmazonS3,us-east-1,515.26,normal
2026-03-06,prod-core,AmazonVPC,us-east-1,17.08,normal
2026-03-06,prod-payments,AWSDataTransfer,us-east-1,250.59,normal
2026-03-06,prod-payments,AmazonDynamoDB,us-east-1,406.22,normal
2026-03-06,prod-payments,AmazonEC2,us-east-1,522.55,normal
2026-03-06,prod-payments,AmazonKinesis,us-east-1,31.2,normal
2026-03-06,prod-payments,AmazonRDS,us-east-1,259.23,normal
2026-03-06,prod-payments,awskms,us-east-1,3.81,normal
2026-03-06,staging,AmazonCloudWatch,us-east-1,130.56,normal
2026-03-06,staging,AmazonEC2,us-east-1,123.16,normal
2026-03-06,staging,AmazonEKS,us-east-1,14.12,normal
2026-03-06,staging,AmazonRDS,us-east-1,58.23,normal
2026-03-06,dev,AWSLambda,us-east-1,149.56,normal
2026-03-06,dev,AmazonEC2,us-east-1,160.95,normal
2026-03-06,dev,AmazonRDS,us-east-1,63.52,normal
2026-03-06,data-analytics,AmazonAthena,us-east-1,86.16,normal
2026-03-06,data-analytics,AmazonDynamoDB,us-east-1,294.22,normal
2026-03-06,data-analytics,AmazonES,us-west-2,112.53,normal
2026-03-06,data-analytics,AmazonMSK,us-east-1,132.75,normal
2026-03-06,data-analytics,AmazonS3,us-east-1,611.51,normal
2026-03-06,ml-research,AmazonEC2,us-east-1,211.42,normal
2026-03-06,ml-research,AmazonS3,us-east-1,206.05,normal
2026-03-06,ml-research,AmazonSageMaker,us-east-1,43.19,normal
2026-03-07,prod-core,AWSDataTransfer,us-east-1,420.39,normal
2026-03-07,prod-core,AWSELB,us-east-1,24.58,normal
2026-03-07,prod-core,AmazonCloudWatch,us-east-1,273.35,normal
2026-03-07,prod-core,AmazonEC2,us-east-1,450.2,normal
2026-03-07,prod-core,AmazonEKS,us-east-1,17.85,normal
2026-03-07,prod-core,AmazonElastiCache,us-east-1,67.26,normal
2026-03-07,prod-core,AmazonRDS,us-east-1,230.1,normal
2026-03-07,prod-core,AmazonS3,us-east-1,393.16,normal
2026-03-07,prod-core,AmazonVPC,us-east-1,13.3,normal
2026-03-07,prod-payments,AWSDataTransfer,us-east-1,182.84,normal
2026-03-07,prod-payments,AmazonDynamoDB,us-east-1,305.96,normal
2026-03-07,prod-payments,AmazonEC2,us-east-1,434.85,normal
2026-03-07,prod-payments,AmazonKinesis,us-east-1,23.99,normal
2026-03-07,prod-payments,AmazonRDS,us-east-1,204.29,normal
2026-03-07,prod-payments,awskms,us-east-1,2.95,normal
2026-03-07,staging,AmazonCloudWatch,us-east-1,104.78,normal
2026-03-07,staging,AmazonEC2,us-east-1,47.36,normal
2026-03-07,staging,AmazonEKS,us-east-1,11.01,normal
2026-03-07,staging,AmazonRDS,us-east-1,44.95,normal
2026-03-07,dev,AWSLambda,us-east-1,118.28,normal
2026-03-07,dev,AmazonEC2,us-east-1,67.45,normal
2026-03-07,dev,AmazonRDS,us-east-1,48.79,normal
2026-03-07,data-analytics,AmazonAthena,us-east-1,62.73,normal
2026-03-07,data-analytics,AmazonDynamoDB,us-east-1,243.34,normal
2026-03-07,data-analytics,AmazonES,us-west-2,86.04,normal
2026-03-07,data-analytics,AmazonMSK,us-east-1,102.68,normal
2026-03-07,data-analytics,AmazonS3,us-east-1,479.98,normal
2026-03-07,ml-research,AmazonEC2,us-east-1,81.52,normal
2026-03-07,ml-research,AmazonS3,us-east-1,169.69,normal
2026-03-07,ml-research,AmazonSageMaker,us-east-1,32.8,normal
2026-03-08,prod-core,AWSDataTransfer,us-east-1,499.39,normal
2026-03-08,prod-core,AWSELB,us-east-1,29.55,normal
2026-03-08,prod-core,AmazonCloudWatch,us-east-1,318.93,normal
2026-03-08,prod-core,AmazonEC2,us-east-1,534.87,normal
2026-03-08,prod-core,AmazonEKS,us-east-1,20.31,normal
2026-03-08,prod-core,AmazonElastiCache,us-east-1,80.3,normal
2026-03-08,prod-core,AmazonRDS,us-east-1,280.99,normal
2026-03-08,prod-core,AmazonS3,us-east-1,475.11,normal
2026-03-08,prod-core,AmazonVPC,us-east-1,15.6,normal
2026-03-08,prod-payments,AWSDataTransfer,us-east-1,220.43,normal
2026-03-08,prod-payments,AmazonDynamoDB,us-east-1,388.13,normal
2026-03-08,prod-payments,AmazonEC2,us-east-1,498.72,normal
2026-03-08,prod-payments,AmazonKinesis,us-east-1,28.23,normal
2026-03-08,prod-payments,AmazonRDS,us-east-1,240.51,normal
2026-03-08,prod-payments,awskms,us-east-1,3.49,normal
2026-03-08,staging,AmazonCloudWatch,us-east-1,125.2,normal
2026-03-08,staging,AmazonEC2,us-east-1,55.78,normal
2026-03-08,staging,AmazonEKS,us-east-1,13.35,normal
2026-03-08,staging,AmazonRDS,us-east-1,54.12,normal
2026-03-08,dev,AWSLambda,us-east-1,142.09,normal
2026-03-08,dev,AmazonEC2,us-east-1,78.95,normal
2026-03-08,dev,AmazonRDS,us-east-1,57.83,normal
2026-03-08,data-analytics,AmazonAthena,us-east-1,76.02,normal
2026-03-08,data-analytics,AmazonDynamoDB,us-east-1,281.44,normal
2026-03-08,data-analytics,AmazonES,us-west-2,101.61,normal
2026-03-08,data-analytics,AmazonMSK,us-east-1,122.73,normal
2026-03-08,data-analytics,AmazonS3,us-east-1,536.76,normal
2026-03-08,ml-research,AmazonEC2,us-east-1,95.94,normal
2026-03-08,ml-research,AmazonS3,us-east-1,193.67,normal
2026-03-08,ml-research,AmazonSageMaker,us-east-1,39.07,normal
2026-03-09,prod-core,AWSDataTransfer,us-east-1,541.11,normal
2026-03-09,prod-core,AWSELB,us-east-1,31.57,normal
2026-03-09,prod-core,AmazonCloudWatch,us-east-1,352.29,normal
2026-03-09,prod-core,AmazonEC2,us-east-1,574.34,normal
2026-03-09,prod-core,AmazonEKS,us-east-1,22.73,normal
2026-03-09,prod-core,AmazonElastiCache,us-east-1,84.62,normal
2026-03-09,prod-core,AmazonRDS,us-east-1,302.04,normal
2026-03-09,prod-core,AmazonS3,us-east-1,486.68,normal
2026-03-09,prod-core,AmazonVPC,us-east-1,17.33,normal
2026-03-09,prod-payments,AWSDataTransfer,us-east-1,236.53,normal
2026-03-09,prod-payments,AmazonDynamoDB,us-east-1,416.75,normal
2026-03-09,prod-payments,AmazonEC2,us-east-1,512.39,normal
2026-03-09,prod-payments,AmazonKinesis,us-east-1,31.05,normal
2026-03-09,prod-payments,AmazonRDS,us-east-1,263.3,normal
2026-03-09,prod-payments,awskms,us-east-1,3.76,normal
2026-03-09,staging,AmazonCloudWatch,us-east-1,130.81,normal
2026-03-09,staging,AmazonEC2,us-east-1,121.42,normal
2026-03-09,staging,AmazonEKS,us-east-1,13.99,normal
2026-03-09,staging,AmazonRDS,us-east-1,58.1,normal
2026-03-09,dev,AWSLambda,us-east-1,154.92,normal
2026-03-09,dev,AmazonEC2,us-east-1,158.36,normal
2026-03-09,dev,AmazonRDS,us-east-1,62.42,normal
2026-03-09,data-analytics,AmazonAthena,us-east-1,83.27,normal
2026-03-09,data-analytics,AmazonDynamoDB,us-east-1,293.44,normal
2026-03-09,data-analytics,AmazonES,us-west-2,110.05,normal
2026-03-09,data-analytics,AmazonMSK,us-east-1,132.22,normal
2026-03-09,data-analytics,AmazonS3,us-east-1,577.29,normal
2026-03-09,ml-research,AmazonEC2,us-east-1,209.76,normal
2026-03-09,ml-research,AmazonS3,us-east-1,205.89,normal
2026-03-09,ml-research,AmazonSageMaker,us-east-1,42.4,normal
2026-03-10,prod-core,AWSDataTransfer,us-east-1,532.48,normal
2026-03-10,prod-core,AWSELB,us-east-1,31.98,normal
2026-03-10,prod-core,AmazonCloudWatch,us-east-1,366.2,normal
2026-03-10,prod-core,AmazonEC2,us-east-1,583.23,normal
2026-03-10,prod-core,AmazonEKS,us-east-1,23.24,normal
2026-03-10,prod-core,AmazonElastiCache,us-east-1,86.87,normal
2026-03-10,prod-core,AmazonRDS,us-east-1,303.15,normal
2026-03-10,prod-core,AmazonS3,us-east-1,519.28,normal
2026-03-10,prod-core,AmazonVPC,us-east-1,17.47,normal
2026-03-10,prod-payments,AWSDataTransfer,us-east-1,235.15,normal
2026-03-10,prod-payments,AmazonDynamoDB,us-east-1,411.17,normal
2026-03-10,prod-payments,AmazonEC2,us-east-1,516.86,normal
2026-03-10,prod-payments,AmazonKinesis,us-east-1,31.27,normal
2026-03-10,prod-payments,AmazonRDS,us-east-1,261.9,normal
2026-03-10,prod-payments,awskms,us-east-1,3.81,normal
2026-03-10,staging,AmazonCloudWatch,us-east-1,128.34,normal
2026-03-10,staging,AmazonEC2,us-east-1,123.23,normal
2026-03-10,staging,AmazonEKS,us-east-1,14.03,normal
2026-03-10,staging,AmazonRDS,us-east-1,58.4,normal
2026-03-10,dev,AWSLambda,us-east-1,151.57,normal
2026-03-10,dev,AmazonEC2,us-east-1,160.78,normal
2026-03-10,dev,AmazonRDS,us-east-1,62.72,normal
2026-03-10,data-analytics,AmazonAthena,us-east-1,85.7,normal
2026-03-10,data-analytics,AmazonDynamoDB,us-east-1,300.97,normal
2026-03-10,data-analytics,AmazonES,us-west-2,110.87,normal
2026-03-10,data-analytics,AmazonMSK,us-east-1,131.81,normal
2026-03-10,data-analytics,AmazonS3,us-east-1,603.9,normal
2026-03-10,ml-research,AmazonEC2,us-east-1,213.29,normal
2026-03-10,ml-research,AmazonS3,us-east-1,210.24,normal
2026-03-10,ml-research,AmazonSageMaker,us-east-1,42.89,normal
2026-03-11,prod-core,AWSDataTransfer,us-east-1,542.43,normal
2026-03-11,prod-core,AWSELB,us-east-1,30.71,normal
2026-03-11,prod-core,AmazonCloudWatch,us-east-1,340.35,normal
2026-03-11,prod-core,AmazonEC2,us-east-1,563.31,normal
2026-03-11,prod-core,AmazonEKS,us-east-1,21.35,normal
2026-03-11,prod-core,AmazonElastiCache,us-east-1,84.83,normal
2026-03-11,prod-core,AmazonRDS,us-east-1,285.07,normal
2026-03-11,prod-core,AmazonS3,us-east-1,495.82,normal
2026-03-11,prod-core,AmazonVPC,us-east-1,16.35,normal
2026-03-11,prod-payments,AWSDataTransfer,us-east-1,227.32,normal
2026-03-11,prod-payments,AmazonDynamoDB,us-east-1,380.59,normal
2026-03-11,prod-payments,AmazonEC2,us-east-1,513.74,normal
2026-03-11,prod-payments,AmazonKinesis,us-east-1,29.6,normal
2026-03-11,prod-payments,AmazonRDS,us-east-1,251.71,normal
2026-03-11,prod-payments,awskms,us-east-1,3.63,normal
2026-03-11,staging,AmazonCloudWatch,us-east-1,123.43,normal
2026-03-11,staging,AmazonEC2,us-east-1,116.47,normal
2026-03-11,staging,AmazonEKS,us-east-1,13.46,normal
2026-03-11,staging,AmazonRDS,us-east-1,56.15,normal
2026-03-11,dev,AWSLambda,us-east-1,143.96,normal
2026-03-11,dev,AmazonEC2,us-east-1,154.23,normal
2026-03-11,dev,AmazonRDS,us-east-1,61.11,normal
2026-03-11,data-analytics,AmazonAthena,us-east-1,76.88,normal
2026-03-11,data-analytics,AmazonDynamoDB,us-east-1,293.93,normal
2026-03-11,data-analytics,AmazonES,us-west-2,105.86,normal
2026-03-11,data-analytics,AmazonMSK,us-east-1,127.61,normal
2026-03-11,data-analytics,AmazonS3,us-east-1,577.29,normal
2026-03-11,ml-research,AmazonEC2,us-east-1,202.29,normal
2026-03-11,ml-research,AmazonS3,us-east-1,199.2,normal
2026-03-11,ml-research,AmazonSageMaker,us-east-1,40.7,normal
2026-03-12,prod-core,AWSDataTransfer,us-east-1,535.21,normal
2026-03-12,prod-core,AWSELB,us-east-1,30.57,normal
2026-03-12,prod-core,AmazonCloudWatch,us-east-1,345.06,normal
2026-03-12,prod-core,AmazonEC2,us-east-1,553.57,normal
2026-03-12,prod-core,AmazonEKS,us-east-1,21.36,normal
2026-03-12,prod-core,AmazonElastiCache,us-east-1,82.36,normal
2026-03-12,prod-core,AmazonRDS,us-east-1,283.46,normal
2026-03-12,prod-core,AmazonS3,us-east-1,485.09,normal
2026-03-12,prod-core,AmazonVPC,us-east-1,16.24,normal
2026-03-12,prod-payments,AWSDataTransfer,us-east-1,223.21,normal
2026-03-12,prod-payments,AmazonDynamoDB,us-east-1,393.68,normal
2026-03-12,prod-payments,AmazonEC2,us-east-1,500.58,normal
2026-03-12,prod-payments,AmazonKinesis,us-east-1,29.42,normal
2026-03-12,prod-payments,AmazonRDS,us-east-1,248.33,normal
2026-03-12,prod-payments,awskms,us-east-1,3.62,normal
2026-03-12,staging,AmazonCloudWatch,us-east-1,120.39,normal
2026-03-12,staging,AmazonEC2,us-east-1,116.2,normal
2026-03-12,staging,AmazonEKS,us-east-1,13.57,normal
2026-03-12,staging,AmazonRDS,us-east-1,55.83,normal
2026-03-12,dev,AWSLambda,us-east-1,139.81,normal
2026-03-12,dev,AmazonEC2,us-east-1,152.39,normal
2026-03-12,dev,AmazonRDS,us-east-1,60.23,normal
2026-03-12,data-analytics,AmazonAthena,us-east-1,77.5,normal
2026-03-12,data-analytics,AmazonDynamoDB,us-east-1,284.69,normal
2026-03-12,data-analytics,AmazonES,us-west-2,103.91,normal
2026-03-12,data-analytics,AmazonMSK,us-east-1,126.04,normal
2026-03-12,data-analytics,AmazonS3,us-east-1,571.11,normal
2026-03-12,ml-research,AmazonEC2,us-east-1,197.48,normal
2026-03-12,ml-research,AmazonS3,us-east-1,197.55,normal
2026-03-12,ml-research,AmazonSageMaker,us-east-1,40.01,normal
2026-03-13,prod-core,AWSDataTransfer,us-east-1,567.74,normal
2026-03-13,prod-core,AWSELB,us-east-1,32.68,normal
2026-03-13,prod-core,AmazonCloudWatch,us-east-1,355.95,normal
2026-03-13,prod-core,AmazonEC2,us-east-1,591.31,normal
2026-03-13,prod-core,AmazonEKS,us-east-1,23.34,normal
2026-03-13,prod-core,AmazonElastiCache,us-east-1,88.49,normal
2026-03-13,prod-core,AmazonRDS,us-east-1,313.05,normal
2026-03-13,prod-core,AmazonS3,us-east-1,524.22,normal
2026-03-13,prod-core,AmazonVPC,us-east-1,17.46,normal
2026-03-13,prod-payments,AWSDataTransfer,us-east-1,255.55,normal
2026-03-13,prod-payments,AmazonDynamoDB,us-east-1,424.38,normal
2026-03-13,prod-payments,AmazonEC2,us-east-1,540.3,normal
2026-03-13,prod-payments,AmazonKinesis,us-east-1,31.82,normal
2026-03-13,prod-payments,AmazonRDS,us-east-1,269.01,normal
2026-03-13,prod-payments,awskms,us-east-1,3.87,normal
2026-03-13,staging,AmazonCloudWatch,us-east-1,139.36,normal
2026-03-13,staging,AmazonEC2,us-east-1,125.68,normal
2026-03-13,staging,AmazonEKS,us-east-1,14.39,normal
2026-03-13,staging,AmazonRDS,us-east-1,60.21,normal
2026-03-13,dev,AWSLambda,us-east-1,158.75,normal
2026-03-13,dev,AmazonEC2,us-east-1,163.96,normal
2026-03-13,dev,AmazonRDS,us-east-1,63.97,normal
2026-03-13,data-analytics,AmazonAthena,us-east-1,87.41,normal
2026-03-13,data-analytics,AmazonDynamoDB,us-east-1,323.34,normal
2026-03-13,data-analytics,AmazonES,us-west-2,114.47,normal
2026-03-13,data-analytics,AmazonMSK,us-east-1,137.45,normal
2026-03-13,data-analytics,AmazonS3,us-east-1,638.07,normal
2026-03-13,ml-research,AmazonEC2,us-east-1,218.12,normal
2026-03-13,ml-research,AmazonS3,us-east-1,212.34,normal
2026-03-13,ml-research,AmazonSageMaker,us-east-1,42.99,normal
2026-03-14,prod-core,AWSDataTransfer,us-east-1,439.23,normal
2026-03-14,prod-core,AWSELB,us-east-1,26.06,normal
2026-03-14,prod-core,AmazonCloudWatch,us-east-1,295.51,normal
2026-03-14,prod-core,AmazonEC2,us-east-1,463.1,normal
2026-03-14,prod-core,AmazonEKS,us-east-1,18.41,normal
2026-03-14,prod-core,AmazonElastiCache,us-east-1,70.29,normal
2026-03-14,prod-core,AmazonRDS,us-east-1,244.74,normal
2026-03-14,prod-core,AmazonS3,us-east-1,420.52,normal
2026-03-14,prod-core,AmazonVPC,us-east-1,13.85,normal
2026-03-14,prod-payments,AWSDataTransfer,us-east-1,197.14,normal
2026-03-14,prod-payments,AmazonDynamoDB,us-east-1,341.21,normal
2026-03-14,prod-payments,AmazonEC2,us-east-1,446.8,normal
2026-03-14,prod-payments,AmazonKinesis,us-east-1,25.02,normal
2026-03-14,prod-payments,AmazonRDS,us-east-1,211.93,normal
2026-03-14,prod-payments,awskms,us-east-1,3.05,normal
2026-03-14,staging,AmazonCloudWatch,us-east-1,103.07,normal
2026-03-14,staging,AmazonEC2,us-east-1,49.01,normal
2026-03-14,staging,AmazonEKS,us-east-1,11.03,normal
2026-03-14,staging,AmazonRDS,us-east-1,46.94,normal
2026-03-14,dev,AWSLambda,us-east-1,119.67,normal
2026-03-14,dev,AmazonEC2,us-east-1,70.17,normal
2026-03-14,dev,AmazonRDS,us-east-1,51.65,normal
2026-03-14,data-analytics,AmazonAthena,us-east-1,67.71,normal
2026-03-14,data-analytics,AmazonDynamoDB,us-east-1,244.69,normal
2026-03-14,data-analytics,AmazonES,us-west-2,89.55,normal
2026-03-14,data-analytics,AmazonMSK,us-east-1,105.51,normal
2026-03-14,data-analytics,AmazonS3,us-east-1,481.33,normal
2026-03-14,ml-research,AmazonEC2,us-east-1,84.48,normal
2026-03-14,ml-research,AmazonS3,us-east-1,174.56,normal
2026-03-14,ml-research,AmazonSageMaker,us-east-1,33.76,normal
2026-03-15,prod-core,AWSDataTransfer,us-east-1,462.43,normal
2026-03-15,prod-core,AWSELB,us-east-1,26.57,normal
2026-03-15,prod-core,AmazonCloudWatch,us-east-1,297.0,normal
2026-03-15,prod-core,AmazonEC2,us-east-1,478.29,normal
2026-03-15,prod-core,AmazonEKS,us-east-1,18.86,normal
2026-03-15,prod-core,AmazonElastiCache,us-east-1,70.79,normal
2026-03-15,prod-core,AmazonRDS,us-east-1,251.37,normal
2026-03-15,prod-core,AmazonS3,us-east-1,418.5,normal
2026-03-15,prod-core,AmazonVPC,us-east-1,14.09,normal
2026-03-15,prod-payments,AWSDataTransfer,us-east-1,202.08,normal
2026-03-15,prod-payments,AmazonDynamoDB,us-east-1,331.41,normal
2026-03-15,prod-payments,AmazonEC2,us-east-1,456.59,normal
2026-03-15,prod-payments,AmazonKinesis,us-east-1,25.64,normal
2026-03-15,prod-payments,AmazonRDS,us-east-1,215.95,normal
2026-03-15,prod-payments,awskms,us-east-1,3.14,normal
2026-03-15,staging,AmazonCloudWatch,us-east-1,104.89,normal
2026-03-15,staging,AmazonEC2,us-east-1,50.09,normal
2026-03-15,staging,AmazonEKS,us-east-1,11.84,normal
2026-03-15,staging,AmazonRDS,us-east-1,48.81,normal
2026-03-15,dev,AWSLambda,us-east-1,130.94,normal
2026-03-15,dev,AmazonEC2,us-east-1,71.29,normal
2026-03-15,dev,AmazonRDS,us-east-1,52.37,normal
2026-03-15,data-analytics,AmazonAthena,us-east-1,68.89,normal
2026-03-15,data-analytics,AmazonDynamoDB,us-east-1,246.13,normal
2026-03-15,data-analytics,AmazonES,us-west-2,92.45,normal
2026-03-15,data-analytics,AmazonMSK,us-east-1,110.03,normal
2026-03-15,data-analytics,AmazonS3,us-east-1,509.07,normal
2026-03-15,ml-research,AmazonEC2,us-east-1,88.1,normal
2026-03-15,ml-research,AmazonS3,us-east-1,175.83,normal
2026-03-15,ml-research,AmazonSageMaker,us-east-1,35.27,normal
2026-03-16,prod-core,AWSDataTransfer,us-east-1,529.59,normal
2026-03-16,prod-core,AWSELB,us-east-1,32.71,normal
2026-03-16,prod-core,AmazonCloudWatch,us-east-1,365.38,normal
2026-03-16,prod-core,AmazonEC2,us-east-1,580.08,normal
2026-03-16,prod-core,AmazonEKS,us-east-1,22.68,normal
2026-03-16,prod-core,AmazonElastiCache,us-east-1,86.98,normal
2026-03-16,prod-core,AmazonRDS,us-east-1,304.33,normal
2026-03-16,prod-core,AmazonS3,us-east-1,494.16,normal
2026-03-16,prod-core,AmazonVPC,us-east-1,17.42,normal
2026-03-16,prod-payments,AWSDataTransfer,us-east-1,240.05,normal
2026-03-16,prod-payments,AmazonDynamoDB,us-east-1,408.67,normal
2026-03-16,prod-payments,AmazonEC2,us-east-1,535.19,normal
2026-03-16,prod-payments,AmazonKinesis,us-east-1,31.43,normal
2026-03-16,prod-payments,AmazonRDS,us-east-1,271.47,normal
2026-03-16,prod-payments,awskms,us-east-1,3.79,normal
2026-03-16,staging,AmazonCloudWatch,us-east-1,129.82,normal
2026-03-16,staging,AmazonEC2,us-east-1,122.27,normal
2026-03-16,staging,AmazonEKS,us-east-1,14.12,normal
2026-03-16,staging,AmazonRDS,us-east-1,59.2,normal
2026-03-16,dev,AWSLambda,us-east-1,151.07,normal
2026-03-16,dev,AmazonEC2,us-east-1,161.1,normal
2026-03-16,dev,AmazonRDS,us-east-1,63.43,normal
2026-03-16,data-analytics,AmazonAthena,us-east-1,82.46,normal
2026-03-16,data-analytics,AmazonDynamoDB,us-east-1,308.79,normal
2026-03-16,data-analytics,AmazonES,us-west-2,111.48,normal
2026-03-16,data-analytics,AmazonMSK,us-east-1,134.46,normal
2026-03-16,data-analytics,AmazonS3,us-east-1,624.35,normal
2026-03-16,ml-research,AmazonEC2,us-east-1,209.27,normal
2026-03-16,ml-research,AmazonS3,us-east-1,205.87,normal
2026-03-16,ml-research,AmazonSageMaker,us-east-1,42.82,normal
2026-03-17,prod-core,AWSDataTransfer,us-east-1,588.47,normal
2026-03-17,prod-core,AWSELB,us-east-1,34.44,normal
2026-03-17,prod-core,AmazonCloudWatch,us-east-1,370.9,normal
2026-03-17,prod-core,AmazonEC2,us-east-1,620.82,normal
2026-03-17,prod-core,AmazonEKS,us-east-1,24.09,normal
2026-03-17,prod-core,AmazonElastiCache,us-east-1,92.18,normal
2026-03-17,prod-core,AmazonRDS,us-east-1,319.88,normal
2026-03-17,prod-core,AmazonS3,us-east-1,556.0,normal
2026-03-17,prod-core,AmazonVPC,us-east-1,18.45,normal
2026-03-17,prod-payments,AWSDataTransfer,us-east-1,256.2,normal
2026-03-17,prod-payments,AmazonDynamoDB,us-east-1,448.93,normal
2026-03-17,prod-payments,AmazonEC2,us-east-1,554.84,normal
2026-03-17,prod-payments,AmazonKinesis,us-east-1,33.31,normal
2026-03-17,prod-payments,AmazonRDS,us-east-1,283.51,normal
2026-03-17,prod-payments,awskms,us-east-1,4.05,normal
2026-03-17,staging,AmazonCloudWatch,us-east-1,139.66,normal
2026-03-17,staging,AmazonEC2,us-east-1,132.85,normal
2026-03-17,staging,AmazonEKS,us-east-1,15.28,normal
2026-03-17,staging,AmazonRDS,us-east-1,62.46,normal
2026-03-17,dev,AWSLambda,us-east-1,161.45,normal
2026-03-17,dev,AmazonEC2,us-east-1,169.4,normal
2026-03-17,dev,AmazonRDS,us-east-1,67.41,normal
2026-03-17,data-analytics,AmazonAthena,us-east-1,89.48,normal
2026-03-17,data-analytics,AmazonDynamoDB,us-east-1,315.86,normal
2026-03-17,data-analytics,AmazonES,us-west-2,119.09,normal
2026-03-17,data-analytics,AmazonMSK,us-east-1,141.69,normal
2026-03-17,data-analytics,AmazonS3,us-east-1,674.74,normal
2026-03-17,ml-research,AmazonEC2,us-east-1,222.05,normal
2026-03-17,ml-research,AmazonS3,us-east-1,227.66,normal
2026-03-17,ml-research,AmazonSageMaker,us-east-1,45.19,normal
2026-03-18,prod-core,AWSDataTransfer,us-east-1,517.64,normal
2026-03-18,prod-core,AWSELB,us-east-1,31.33,normal
2026-03-18,prod-core,AmazonCloudWatch,us-east-1,342.74,normal
2026-03-18,prod-core,AmazonEC2,us-east-1,565.36,normal
2026-03-18,prod-core,AmazonEKS,us-east-1,22.68,normal
2026-03-18,prod-core,AmazonElastiCache,us-east-1,83.97,normal
2026-03-18,prod-core,AmazonRDS,us-east-1,297.08,normal
2026-03-18,prod-core,AmazonS3,us-east-1,494.86,normal
2026-03-18,prod-core,AmazonVPC,us-east-1,16.93,normal
2026-03-18,prod-payments,AWSDataTransfer,us-east-1,234.54,normal
2026-03-18,prod-payments,AmazonDynamoDB,us-east-1,401.17,normal
2026-03-18,prod-payments,AmazonEC2,us-east-1,520.55,normal
2026-03-18,prod-payments,AmazonKinesis,us-east-1,30.33,normal
2026-03-18,prod-payments,AmazonRDS,us-east-1,263.05,normal
2026-03-18,prod-payments,awskms,us-east-1,3.71,normal
2026-03-18,staging,AmazonCloudWatch,us-east-1,125.02,normal
2026-03-18,staging,AmazonEC2,us-east-1,119.78,normal
2026-03-18,staging,AmazonEKS,us-east-1,13.97,normal
2026-03-18,staging,AmazonRDS,us-east-1,56.41,normal
2026-03-18,dev,AWSLambda,us-east-1,150.65,normal
2026-03-18,dev,AmazonEC2,us-east-1,156.52,normal
2026-03-18,dev,AmazonRDS,us-east-1,61.2,normal
2026-03-18,data-analytics,AmazonAthena,us-east-1,80.48,normal
2026-03-18,data-analytics,AmazonDynamoDB,us-east-1,301.02,normal
2026-03-18,data-analytics,AmazonES,us-west-2,108.58,normal
2026-03-18,data-analytics,AmazonMSK,us-east-1,130.08,normal
2026-03-18,data-analytics,AmazonS3,us-east-1,569.55,normal
2026-03-18,ml-research,AmazonEC2,us-east-1,202.12,normal
2026-03-18,ml-research,AmazonS3,us-east-1,206.43,normal
2026-03-18,ml-research,AmazonSageMaker,us-east-1,41.96,normal
2026-03-19,prod-core,AWSDataTransfer,us-east-1,535.07,normal
2026-03-19,prod-core,AWSELB,us-east-1,30.61,normal
2026-03-19,prod-core,AmazonCloudWatch,us-east-1,346.15,normal
2026-03-19,prod-core,AmazonEC2,us-east-1,559.34,normal
2026-03-19,prod-core,AmazonEKS,us-east-1,21.61,normal
2026-03-19,prod-core,AmazonElastiCache,us-east-1,84.57,normal
2026-03-19,prod-core,AmazonRDS,us-east-1,290.2,normal
2026-03-19,prod-core,AmazonS3,us-east-1,479.17,normal
2026-03-19,prod-core,AmazonVPC,us-east-1,16.74,normal
2026-03-19,prod-payments,AWSDataTransfer,us-east-1,226.03,normal
2026-03-19,prod-payments,AmazonDynamoDB,us-east-1,396.0,normal
2026-03-19,prod-payments,AmazonEC2,us-east-1,506.8,normal
2026-03-19,prod-payments,AmazonKinesis,us-east-1,29.51,normal
2026-03-19,prod-payments,AmazonRDS,us-east-1,261.27,normal
2026-03-19,prod-payments,awskms,us-east-1,3.65,normal
2026-03-19,staging,AmazonCloudWatch,us-east-1,128.15,normal
2026-03-19,staging,AmazonEC2,us-east-1,119.48,normal
2026-03-19,staging,AmazonEKS,us-east-1,13.56,normal
2026-03-19,staging,AmazonRDS,us-east-1,57.01,normal
2026-03-19,dev,AWSLambda,us-east-1,146.7,normal
2026-03-19,dev,AmazonEC2,us-east-1,154.34,normal
2026-03-19,dev,AmazonRDS,us-east-1,60.8,normal
2026-03-19,data-analytics,AmazonAthena,us-east-1,82.78,normal
2026-03-19,data-analytics,AmazonDynamoDB,us-east-1,297.41,normal
2026-03-19,data-analytics,AmazonES,us-west-2,105.83,normal
2026-03-19,data-analytics,AmazonMSK,us-east-1,129.43,normal
2026-03-19,data-analytics,AmazonS3,us-east-1,564.97,normal
2026-03-19,ml-research,AmazonEC2,us-east-1,201.61,normal
2026-03-19,ml-research,AmazonS3,us-east-1,201.59,normal
2026-03-19,ml-research,AmazonSageMaker,us-east-1,40.83,normal
2026-03-20,prod-core,AWSDataTransfer,us-east-1,582.23,normal
2026-03-20,prod-core,AWSELB,us-east-1,33.32,normal
2026-03-20,prod-core,AmazonCloudWatch,us-east-1,362.38,normal
2026-03-20,prod-core,AmazonEC2,us-east-1,604.82,normal
2026-03-20,prod-core,AmazonEKS,us-east-1,23.54,normal
2026-03-20,prod-core,AmazonElastiCache,us-east-1,90.61,normal
2026-03-20,prod-core,AmazonRDS,us-east-1,317.01,normal
2026-03-20,prod-core,AmazonS3,us-east-1,525.49,normal
2026-03-20,prod-core,AmazonVPC,us-east-1,18.26,normal
2026-03-20,prod-payments,AWSDataTransfer,us-east-1,250.0,normal
2026-03-20,prod-payments,AmazonDynamoDB,us-east-1,436.17,normal
2026-03-20,prod-payments,AmazonEC2,us-east-1,537.99,normal
2026-03-20,prod-payments,AmazonKinesis,us-east-1,32.46,normal
2026-03-20,prod-payments,AmazonRDS,us-east-1,270.27,normal
2026-03-20,prod-payments,awskms,us-east-1,3.94,normal
2026-03-20,staging,AmazonCloudWatch,us-east-1,131.5,normal
2026-03-20,staging,AmazonEC2,us-east-1,128.14,normal
2026-03-20,staging,AmazonEKS,us-east-1,15.05,normal
2026-03-20,staging,AmazonRDS,us-east-1,87.46,anomaly
2026-03-20,dev,AWSLambda,us-east-1,162.85,normal
2026-03-20,dev,AmazonEC2,us-east-1,166.5,normal
2026-03-20,dev,AmazonRDS,us-east-1,65.79,normal
2026-03-20,data-analytics,AmazonAthena,us-east-1,83.37,normal
2026-03-20,data-analytics,AmazonDynamoDB,us-east-1,323.88,normal
2026-03-20,data-analytics,AmazonES,us-west-2,117.74,normal
2026-03-20,data-analytics,AmazonMSK,us-east-1,139.21,normal
2026-03-20,data-analytics,AmazonS3,us-east-1,610.35,normal
2026-03-20,ml-research,AmazonEC2,us-east-1,220.89,normal
2026-03-20,ml-research,AmazonS3,us-east-1,222.45,normal
2026-03-20,ml-research,AmazonSageMaker,us-east-1,43.96,normal
2026-03-21,prod-core,AWSDataTransfer,us-east-1,437.62,normal
2026-03-21,prod-core,AWSELB,us-east-1,24.84,normal
2026-03-21,prod-core,AmazonCloudWatch,us-east-1,287.49,normal
2026-03-21,prod-core,AmazonEC2,us-east-1,452.22,normal
2026-03-21,prod-core,AmazonEKS,us-east-1,17.78,normal
2026-03-21,prod-core,AmazonElastiCache,us-east-1,66.77,normal
2026-03-21,prod-core,AmazonRDS,us-east-1,237.13,normal
2026-03-21,prod-core,AmazonS3,us-east-1,410.32,normal
2026-03-21,prod-core,AmazonVPC,us-east-1,13.51,normal
2026-03-21,prod-payments,AWSDataTransfer,us-east-1,186.58,normal
2026-03-21,prod-payments,AmazonDynamoDB,us-east-1,317.71,normal
2026-03-21,prod-payments,AmazonEC2,us-east-1,439.59,normal
2026-03-21,prod-payments,AmazonKinesis,us-east-1,24.34,normal
2026-03-21,prod-payments,AmazonRDS,us-east-1,202.02,normal
2026-03-21,prod-payments,awskms,us-east-1,2.96,normal
2026-03-21,staging,AmazonCloudWatch,us-east-1,102.25,normal
2026-03-21,staging,AmazonEC2,us-east-1,48.01,normal
2026-03-21,staging,AmazonEKS,us-east-1,11.09,normal
2026-03-21,staging,AmazonRDS,us-east-1,73.24,anomaly
2026-03-21,dev,AWSLambda,us-east-1,121.47,normal
2026-03-21,dev,AmazonEC2,us-east-1,68.26,normal
2026-03-21,dev,AmazonRDS,us-east-1,49.52,normal
2026-03-21,data-analytics,AmazonAthena,us-east-1,67.41,normal
2026-03-21,data-analytics,AmazonDynamoDB,us-east-1,230.06,normal
2026-03-21,data-analytics,AmazonES,us-west-2,87.25,normal
2026-03-21,data-analytics,AmazonMSK,us-east-1,104.27,normal
2026-03-21,data-analytics,AmazonS3,us-east-1,487.96,normal
2026-03-21,ml-research,AmazonEC2,us-east-1,81.61,normal
2026-03-21,ml-research,AmazonS3,us-east-1,159.31,normal
2026-03-21,ml-research,AmazonSageMaker,us-east-1,33.19,normal
2026-03-22,prod-core,AWSDataTransfer,us-east-1,396.86,normal
2026-03-22,prod-core,AWSELB,us-east-1,23.4,normal
2026-03-22,prod-core,AmazonCloudWatch,us-east-1,259.88,normal
2026-03-22,prod-core,AmazonEC2,us-east-1,424.0,normal
2026-03-22,prod-core,AmazonEKS,us-east-1,16.76,normal
2026-03-22,prod-core,AmazonElastiCache,us-east-1,62.88,normal
2026-03-22,prod-core,AmazonRDS,us-east-1,221.45,normal
2026-03-22,prod-core,AmazonS3,us-east-1,363.04,normal
2026-03-22,prod-core,AmazonVPC,us-east-1,12.69,normal
2026-03-22,prod-payments,AWSDataTransfer,us-east-1,175.15,normal
2026-03-22,prod-payments,AmazonDynamoDB,us-east-1,303.68,normal
2026-03-22,prod-payments,AmazonEC2,us-east-1,419.86,normal
2026-03-22,prod-payments,AmazonKinesis,us-east-1,22.6,normal
2026-03-22,prod-payments,AmazonRDS,us-east-1,193.48,normal
2026-03-22,prod-payments,awskms,us-east-1,2.76,normal
2026-03-22,staging,AmazonCloudWatch,us-east-1,95.08,normal
2026-03-22,staging,AmazonEC2,us-east-1,44.95,normal
2026-03-22,staging,AmazonEKS,us-east-1,10.22,normal
2026-03-22,staging,AmazonRDS,us-east-1,72.38,anomaly
2026-03-22,dev,AWSLambda,us-east-1,109.55,normal
2026-03-22,dev,AmazonEC2,us-east-1,63.78,normal
2026-03-22,dev,AmazonRDS,us-east-1,45.97,normal
2026-03-22,data-analytics,AmazonAthena,us-east-1,62.76,normal
2026-03-22,data-analytics,AmazonDynamoDB,us-east-1,219.56,normal
2026-03-22,data-analytics,AmazonES,us-west-2,80.91,normal
2026-03-22,data-analytics,AmazonMSK,us-east-1,97.6,normal
2026-03-22,data-analytics,AmazonS3,us-east-1,457.73,normal
2026-03-22,ml-research,AmazonEC2,us-east-1,76.0,normal
2026-03-22,ml-research,AmazonS3,us-east-1,154.46,normal
2026-03-22,ml-research,AmazonSageMaker,us-east-1,31.12,normal
2026-03-23,prod-core,AWSDataTransfer,us-east-1,491.75,normal
2026-03-23,prod-core,AWSELB,us-east-1,29.57,normal
2026-03-23,prod-core,AmazonCloudWatch,us-east-1,322.97,normal
2026-03-23,prod-core,AmazonEC2,us-east-1,529.89,normal
2026-03-23,prod-core,AmazonEKS,us-east-1,20.81,normal
2026-03-23,prod-core,AmazonElastiCache,us-east-1,78.72,normal
2026-03-23,prod-core,AmazonRDS,us-east-1,284.72,normal
2026-03-23,prod-core,AmazonS3,us-east-1,465.82,normal
2026-03-23,prod-core,AmazonVPC,us-east-1,15.96,normal
2026-03-23,prod-payments,AWSDataTransfer,us-east-1,219.35,normal
2026-03-23,prod-payments,AmazonDynamoDB,us-east-1,365.67,normal
2026-03-23,prod-payments,AmazonEC2,us-east-1,500.86,normal
2026-03-23,prod-payments,AmazonKinesis,us-east-1,28.45,normal
2026-03-23,prod-payments,AmazonRDS,us-east-1,242.88,normal
2026-03-23,prod-payments,awskms,us-east-1,3.5,normal
2026-03-23,staging,AmazonCloudWatch,us-east-1,120.8,normal
2026-03-23,staging,AmazonEC2,us-east-1,112.79,normal
2026-03-23,staging,AmazonEKS,us-east-1,12.99,normal
2026-03-23,staging,AmazonRDS,us-east-1,81.79,anomaly
2026-03-23,dev,AWSLambda,us-east-1,144.35,normal
2026-03-23,dev,AmazonEC2,us-east-1,147.82,normal
2026-03-23,dev,AmazonRDS,us-east-1,57.83,normal
2026-03-23,data-analytics,AmazonAthena,us-east-1,76.57,normal
2026-03-23,data-analytics,AmazonDynamoDB,us-east-1,271.5,normal
2026-03-23,data-analytics,AmazonES,us-west-2,102.07,normal
2026-03-23,data-analytics,AmazonMSK,us-east-1,123.26,normal
2026-03-23,data-analytics,AmazonS3,us-east-1,551.25,normal
2026-03-23,ml-research,AmazonEC2,us-east-1,192.81,normal
2026-03-23,ml-research,AmazonS3,us-east-1,192.99,normal
2026-03-23,ml-research,AmazonSageMaker,us-east-1,39.25,normal
2026-03-24,prod-core,AWSDataTransfer,us-east-1,533.06,normal
2026-03-24,prod-core,AWSELB,us-east-1,29.87,normal
2026-03-24,prod-core,AmazonCloudWatch,us-east-1,340.78,normal
2026-03-24,prod-core,AmazonEC2,us-east-1,547.58,normal
2026-03-24,prod-core,AmazonEKS,us-east-1,21.41,normal
2026-03-24,prod-core,AmazonElastiCache,us-east-1,81.79,normal
2026-03-24,prod-core,AmazonRDS,us-east-1,280.98,normal
2026-03-24,prod-core,AmazonS3,us-east-1,484.89,normal
2026-03-24,prod-core,AmazonVPC,us-east-1,16.36,normal
2026-03-24,prod-payments,AWSDataTransfer,us-east-1,232.51,normal
2026-03-24,prod-payments,AmazonDynamoDB,us-east-1,395.13,normal
2026-03-24,prod-payments,AmazonEC2,us-east-1,508.27,normal
2026-03-24,prod-payments,AmazonKinesis,us-east-1,29.53,normal
2026-03-24,prod-payments,AmazonRDS,us-east-1,247.79,normal
2026-03-24,prod-payments,awskms,us-east-1,3.61,normal
2026-03-24,staging,AmazonCloudWatch,us-east-1,126.93,normal
2026-03-24,staging,AmazonEC2,us-east-1,115.54,normal
2026-03-24,staging,AmazonEKS,us-east-1,13.33,normal
2026-03-24,staging,AmazonRDS,us-east-1,84.94,anomaly
2026-03-24,dev,AWSLambda,us-east-1,148.81,normal
2026-03-24,dev,AmazonEC2,us-east-1,151.42,normal
2026-03-24,dev,AmazonRDS,us-east-1,58.6,normal
2026-03-24,data-analytics,AmazonAthena,us-east-1,77.82,normal
2026-03-24,data-analytics,AmazonDynamoDB,us-east-1,282.04,normal
2026-03-24,data-analytics,AmazonES,us-west-2,105.89,normal
2026-03-24,data-analytics,AmazonMSK,us-east-1,125.05,normal
2026-03-24,data-analytics,AmazonS3,us-east-1,563.15,normal
2026-03-24,ml-research,AmazonEC2,us-east-1,199.28,normal
2026-03-24,ml-research,AmazonS3,us-east-1,193.11,normal
2026-03-24,ml-research,AmazonSageMaker,us-east-1,39.94,normal
2026-03-25,prod-core,AWSDataTransfer,us-east-1,489.95,normal
2026-03-25,prod-core,AWSELB,us-east-1,30.03,normal
2026-03-25,prod-core,AmazonCloudWatch,us-east-1,337.69,normal
2026-03-25,prod-core,AmazonEC2,us-east-1,539.64,normal
2026-03-25,prod-core,AmazonEKS,us-east-1,20.96,normal
2026-03-25,prod-core,AmazonElastiCache,us-east-1,79.83,normal
2026-03-25,prod-core,AmazonRDS,us-east-1,281.3,normal
2026-03-25,prod-core,AmazonS3,us-east-1,481.47,normal
2026-03-25,prod-core,AmazonVPC,us-east-1,16.19,normal
2026-03-25,prod-payments,AWSDataTransfer,us-east-1,225.31,normal
2026-03-25,prod-payments,AmazonDynamoDB,us-east-1,381.88,normal
2026-03-25,prod-payments,AmazonEC2,us-east-1,496.33,normal
2026-03-25,prod-payments,AmazonKinesis,us-east-1,28.54,normal
2026-03-25,prod-payments,AmazonRDS,us-east-1,251.86,normal
2026-03-25,prod-payments,awskms,us-east-1,3.52,normal
2026-03-25,staging,AmazonCloudWatch,us-east-1,125.4,normal
2026-03-25,staging,AmazonEC2,us-east-1,114.14,normal
2026-03-25,staging,AmazonEKS,us-east-1,13.23,normal
2026-03-25,staging,AmazonRDS,us-east-1,79.69,anomaly
2026-03-25,dev,AWSLambda,us-east-1,141.75,normal
2026-03-25,dev,AmazonEC2,us-east-1,149.78,normal
2026-03-25,dev,AmazonRDS,us-east-1,59.08,normal
2026-03-25,data-analytics,AmazonAthena,us-east-1,79.4,normal
2026-03-25,data-analytics,AmazonDynamoDB,us-east-1,280.27,normal
2026-03-25,data-analytics,AmazonES,us-west-2,102.24,normal
2026-03-25,data-analytics,AmazonMSK,us-east-1,123.26,normal
2026-03-25,data-analytics,AmazonS3,us-east-1,572.14,normal
2026-03-25,ml-research,AmazonEC2,us-east-1,196.06,normal
2026-03-25,ml-research,AmazonS3,us-east-1,200.57,normal
2026-03-25,ml-research,AmazonSageMaker,us-east-1,39.55,normal
2026-03-26,prod-core,AWSDataTransfer,us-east-1,508.83,normal
2026-03-26,prod-core,AWSELB,us-east-1,30.04,normal
2026-03-26,prod-core,AmazonCloudWatch,us-east-1,342.63,normal
2026-03-26,prod-core,AmazonEC2,us-east-1,539.03,normal
2026-03-26,prod-core,AmazonEKS,us-east-1,21.26,normal
2026-03-26,prod-core,AmazonElastiCache,us-east-1,81.28,normal
2026-03-26,prod-core,AmazonRDS,us-east-1,287.87,normal
2026-03-26,prod-core,AmazonS3,us-east-1,484.21,normal
2026-03-26,prod-core,AmazonVPC,us-east-1,16.12,normal
2026-03-26,prod-payments,AWSDataTransfer,us-east-1,225.26,normal
2026-03-26,prod-payments,AmazonDynamoDB,us-east-1,375.44,normal
2026-03-26,prod-payments,AmazonEC2,us-east-1,508.62,normal
2026-03-26,prod-payments,AmazonKinesis,us-east-1,29.0,normal
2026-03-26,prod-payments,AmazonRDS,us-east-1,247.37,normal
2026-03-26,prod-payments,awskms,us-east-1,3.56,normal
2026-03-26,staging,AmazonCloudWatch,us-east-1,126.27,normal
2026-03-26,staging,AmazonEC2,us-east-1,116.6,normal
2026-03-26,staging,AmazonEKS,us-east-1,13.23,normal
2026-03-26,staging,AmazonRDS,us-east-1,83.91,anomaly
2026-03-26,dev,AWSLambda,us-east-1,138.23,normal
2026-03-26,dev,AmazonEC2,us-east-1,150.78,normal
2026-03-26,dev,AmazonRDS,us-east-1,59.9,normal
2026-03-26,data-analytics,AmazonAthena,us-east-1,76.43,normal
2026-03-26,data-analytics,AmazonDynamoDB,us-east-1,289.17,normal
2026-03-26,data-analytics,AmazonES,us-west-2,104.81,normal
2026-03-26,data-analytics,AmazonMSK,us-east-1,125.9,normal
2026-03-26,data-analytics,AmazonS3,us-east-1,551.26,normal
2026-03-26,ml-research,AmazonEC2,us-east-1,199.72,normal
2026-03-26,ml-research,AmazonS3,us-east-1,199.14,normal
2026-03-26,ml-research,AmazonSageMaker,us-east-1,39.65,normal
2026-03-27,prod-core,AWSDataTransfer,us-east-1,570.71,normal
2026-03-27,prod-core,AWSELB,us-east-1,32.08,normal
2026-03-27,prod-core,AmazonCloudWatch,us-east-1,352.31,normal
2026-03-27,prod-core,AmazonEC2,us-east-1,585.69,normal
2026-03-27,prod-core,AmazonEKS,us-east-1,22.72,normal
2026-03-27,prod-core,AmazonElastiCache,us-east-1,87.65,normal
2026-03-27,prod-core,AmazonRDS,us-east-1,299.97,normal
2026-03-27,prod-core,AmazonS3,us-east-1,502.79,normal
2026-03-27,prod-core,AmazonVPC,us-east-1,17.32,normal
2026-03-27,prod-payments,AWSDataTransfer,us-east-1,236.33,normal
2026-03-27,prod-payments,AmazonDynamoDB,us-east-1,430.84,normal
2026-03-27,prod-payments,AmazonEC2,us-east-1,526.66,normal
2026-03-27,prod-payments,AmazonKinesis,us-east-1,31.62,normal
2026-03-27,prod-payments,AmazonRDS,us-east-1,268.91,normal
2026-03-27,prod-payments,awskms,us-east-1,3.83,normal
2026-03-27,staging,AmazonCloudWatch,us-east-1,133.72,normal
2026-03-27,staging,AmazonEC2,us-east-1,124.02,normal
2026-03-27,staging,AmazonEKS,us-east-1,14.46,normal
2026-03-27,staging,AmazonRDS,us-east-1,89.42,anomaly
2026-03-27,dev,AWSLambda,us-east-1,149.97,normal
2026-03-27,dev,AmazonEC2,us-east-1,161.16,normal
2026-03-27,dev,AmazonRDS,us-east-1,64.22,normal
2026-03-27,data-analytics,AmazonAthena,us-east-1,84.01,normal
2026-03-27,data-analytics,AmazonDynamoDB,us-east-1,316.42,normal
2026-03-27,data-analytics,AmazonES,us-west-2,111.61,normal
2026-03-27,data-analytics,AmazonMSK,us-east-1,134.34,normal
2026-03-27,data-analytics,AmazonS3,us-east-1,602.02,normal
2026-03-27,ml-research,AmazonEC2,us-east-1,209.83,normal
2026-03-27,ml-research,AmazonS3,us-east-1,218.28,normal
2026-03-27,ml-research,AmazonSageMaker,us-east-1,43.25,normal
2026-03-28,prod-core,AWSDataTransfer,us-east-1,473.19,normal
2026-03-28,prod-core,AWSELB,us-east-1,29.03,normal
2026-03-28,prod-core,AmazonCloudWatch,us-east-1,324.54,normal
2026-03-28,prod-core,AmazonEC2,us-east-1,521.12,normal
2026-03-28,prod-core,AmazonEKS,us-east-1,20.34,normal
2026-03-28,prod-core,AmazonElastiCache,us-east-1,78.2,normal
2026-03-28,prod-core,AmazonRDS,us-east-1,266.87,normal
2026-03-28,prod-core,AmazonS3,us-east-1,444.28,normal
2026-03-28,prod-core,AmazonVPC,us-east-1,15.62,normal
2026-03-28,prod-payments,AWSDataTransfer,us-east-1,211.64,normal
2026-03-28,prod-payments,AmazonDynamoDB,us-east-1,363.93,normal
2026-03-28,prod-payments,AmazonEC2,us-east-1,476.1,normal
2026-03-28,prod-payments,AmazonKinesis,us-east-1,27.98,normal
2026-03-28,prod-payments,AmazonRDS,us-east-1,237.41,normal
2026-03-28,prod-payments,awskms,us-east-1,3.41,normal
2026-03-28,staging,AmazonCloudWatch,us-east-1,120.89,normal
2026-03-28,staging,AmazonEC2,us-east-1,55.09,normal
2026-03-28,staging,AmazonEKS,us-east-1,12.65,normal
2026-03-28,staging,AmazonRDS,us-east-1,82.3,anomaly
2026-03-28,dev,AWSLambda,us-east-1,137.07,normal
2026-03-28,dev,AmazonEC2,us-east-1,77.11,normal
2026-03-28,dev,AmazonRDS,us-east-1,56.83,normal
2026-03-28,data-analytics,AWSDataTransfer,us-east-1,660.08,benign
2026-03-28,data-analytics,AmazonAthena,us-east-1,77.59,normal
2026-03-28,data-analytics,AmazonDynamoDB,us-east-1,271.41,normal
2026-03-28,data-analytics,AmazonES,us-west-2,100.01,normal
2026-03-28,data-analytics,AmazonMSK,us-east-1,119.83,normal
2026-03-28,data-analytics,AmazonS3,us-east-1,532.35,normal
2026-03-28,ml-research,AmazonEC2,us-east-1,94.66,normal
2026-03-28,ml-research,AmazonS3,us-east-1,190.36,normal
2026-03-28,ml-research,AmazonSageMaker,us-east-1,37.79,normal
2026-03-29,prod-core,AWSDataTransfer,us-east-1,543.19,normal
2026-03-29,prod-core,AWSELB,us-east-1,33.07,normal
2026-03-29,prod-core,AmazonCloudWatch,us-east-1,375.01,normal
2026-03-29,prod-core,AmazonEC2,us-east-1,589.94,normal
2026-03-29,prod-core,AmazonEKS,us-east-1,22.65,normal
2026-03-29,prod-core,AmazonElastiCache,us-east-1,88.79,normal
2026-03-29,prod-core,AmazonRDS,us-east-1,305.85,normal
2026-03-29,prod-core,AmazonS3,us-east-1,518.5,normal
2026-03-29,prod-core,AmazonVPC,us-east-1,17.77,normal
2026-03-29,prod-payments,AWSDataTransfer,us-east-1,246.8,normal
2026-03-29,prod-payments,AmazonDynamoDB,us-east-1,433.95,normal
2026-03-29,prod-payments,AmazonEC2,us-east-1,532.94,normal
2026-03-29,prod-payments,AmazonKinesis,us-east-1,31.58,normal
2026-03-29,prod-payments,AmazonRDS,us-east-1,269.64,normal
2026-03-29,prod-payments,awskms,us-east-1,3.85,normal
2026-03-29,staging,AmazonCloudWatch,us-east-1,129.64,normal
2026-03-29,staging,AmazonEC2,us-east-1,62.02,normal
2026-03-29,staging,AmazonEKS,us-east-1,14.79,normal
2026-03-29,staging,AmazonRDS,us-east-1,85.78,anomaly
2026-03-29,dev,AWSLambda,us-east-1,157.85,normal
2026-03-29,dev,AmazonEC2,us-east-1,86.65,normal
2026-03-29,dev,AmazonRDS,us-east-1,63.39,normal
2026-03-29,data-analytics,AWSDataTransfer,us-east-1,670.33,benign
2026-03-29,data-analytics,AmazonAthena,us-east-1,83.17,normal
2026-03-29,data-analytics,AmazonDynamoDB,us-east-1,299.61,normal
2026-03-29,data-analytics,AmazonES,us-west-2,113.13,normal
2026-03-29,data-analytics,AmazonMSK,us-east-1,136.27,normal
2026-03-29,data-analytics,AmazonS3,us-east-1,620.33,normal
2026-03-29,ml-research,AmazonEC2,us-east-1,105.43,normal
2026-03-29,ml-research,AmazonS3,us-east-1,214.51,normal
2026-03-29,ml-research,AmazonSageMaker,us-east-1,43.53,normal
2026-03-30,prod-core,AWSDataTransfer,us-east-1,652.55,normal
2026-03-30,prod-core,AWSELB,us-east-1,37.57,normal
2026-03-30,prod-core,AmazonCloudWatch,us-east-1,436.2,normal
2026-03-30,prod-core,AmazonEC2,us-east-1,682.33,normal
2026-03-30,prod-core,AmazonEKS,us-east-1,26.84,normal
2026-03-30,prod-core,AmazonElastiCache,us-east-1,102.49,normal
2026-03-30,prod-core,AmazonRDS,us-east-1,362.09,normal
2026-03-30,prod-core,AmazonS3,us-east-1,601.32,normal
2026-03-30,prod-core,AmazonVPC,us-east-1,20.36,normal
2026-03-30,prod-payments,AWSDataTransfer,us-east-1,287.28,normal
2026-03-30,prod-payments,AmazonDynamoDB,us-east-1,484.58,normal
2026-03-30,prod-payments,AmazonEC2,us-east-1,598.54,normal
2026-03-30,prod-payments,AmazonKinesis,us-east-1,36.61,normal
2026-03-30,prod-payments,AmazonRDS,us-east-1,315.36,normal
2026-03-30,prod-payments,awskms,us-east-1,4.46,normal
2026-03-30,staging,AmazonCloudWatch,us-east-1,154.05,normal
2026-03-30,staging,AmazonEC2,us-east-1,143.56,normal
2026-03-30,staging,AmazonEKS,us-east-1,16.82,normal
2026-03-30,staging,AmazonRDS,us-east-1,97.14,anomaly
2026-03-30,dev,AWSLambda,us-east-1,185.62,normal
2026-03-30,dev,AmazonEC2,us-east-1,186.35,normal
2026-03-30,dev,AmazonRDS,us-east-1,74.09,normal
2026-03-30,data-analytics,AWSDataTransfer,us-east-1,630.45,benign
2026-03-30,data-analytics,AmazonAthena,us-east-1,94.71,normal
2026-03-30,data-analytics,AmazonDynamoDB,us-east-1,363.72,normal
2026-03-30,data-analytics,AmazonES,us-west-2,131.26,normal
2026-03-30,data-analytics,AmazonMSK,us-east-1,157.39,normal
2026-03-30,data-analytics,AmazonS3,us-east-1,691.32,normal
2026-03-30,ml-research,AmazonEC2,us-east-1,248.17,normal
2026-03-30,ml-research,AmazonS3,us-east-1,249.82,normal
2026-03-30,ml-research,AmazonSageMaker,us-east-1,49.91,normal
2026-03-31,prod-core,AWSDataTransfer,us-east-1,583.57,normal
2026-03-31,prod-core,AWSELB,us-east-1,34.36,normal
2026-03-31,prod-core,AmazonCloudWatch,us-east-1,374.12,normal
2026-03-31,prod-core,AmazonEC2,us-east-1,621.73,normal
2026-03-31,prod-core,AmazonEKS,us-east-1,24.24,normal
2026-03-31,prod-core,AmazonElastiCache,us-east-1,92.35,normal
2026-03-31,prod-core,AmazonRDS,us-east-1,324.98,normal
2026-03-31,prod-core,AmazonS3,us-east-1,549.61,normal
2026-03-31,prod-core,AmazonVPC,us-east-1,18.37,normal
2026-03-31,prod-payments,AWSDataTransfer,us-east-1,257.2,normal
2026-03-31,prod-payments,AmazonDynamoDB,us-east-1,442.24,normal
2026-03-31,prod-payments,AmazonEC2,us-east-1,554.38,normal
2026-03-31,prod-payments,AmazonKinesis,us-east-1,32.93,normal
2026-03-31,prod-payments,AmazonRDS,us-east-1,281.08,normal
2026-03-31,prod-payments,awskms,us-east-1,4.03,normal
2026-03-31,staging,AmazonCloudWatch,us-east-1,144.74,normal
2026-03-31,staging,AmazonEC2,us-east-1,130.35,normal
2026-03-31,staging,AmazonEKS,us-east-1,15.13,normal
2026-03-31,staging,AmazonRDS,us-east-1,90.59,anomaly
2026-03-31,dev,AWSLambda,us-east-1,159.37,normal
2026-03-31,dev,AmazonEC2,us-east-1,168.07,normal
2026-03-31,dev,AmazonRDS,us-east-1,66.7,normal
2026-03-31,data-analytics,AmazonAthena,us-east-1,89.07,normal
2026-03-31,data-analytics,AmazonDynamoDB,us-east-1,334.04,normal
2026-03-31,data-analytics,AmazonES,us-west-2,119.14,normal
2026-03-31,data-analytics,AmazonMSK,us-east-1,141.46,normal
2026-03-31,data-analytics,AmazonS3,us-east-1,637.15,normal
2026-03-31,ml-research,AmazonEC2,us-east-1,219.29,normal
2026-03-31,ml-research,AmazonS3,us-east-1,228.33,normal
2026-03-31,ml-research,AmazonSageMaker,us-east-1,45.27,normal
2026-04-01,prod-core,AWSDataTransfer,us-east-1,562.17,normal
2026-04-01,prod-core,AWSELB,us-east-1,33.74,normal
2026-04-01,prod-core,AmazonCloudWatch,us-east-1,382.78,normal
2026-04-01,prod-core,AmazonEC2,us-east-1,605.55,normal
2026-04-01,prod-core,AmazonEKS,us-east-1,23.82,normal
2026-04-01,prod-core,AmazonElastiCache,us-east-1,90.86,normal
2026-04-01,prod-core,AmazonRDS,us-east-1,319.69,normal
2026-04-01,prod-core,AmazonS3,us-east-1,518.35,normal
2026-04-01,prod-core,AmazonVPC,us-east-1,17.93,normal
2026-04-01,prod-payments,AWSDataTransfer,us-east-1,249.9,normal
2026-04-01,prod-payments,AmazonDynamoDB,us-east-1,414.2,normal
2026-04-01,prod-payments,AmazonEC2,us-east-1,530.88,normal
2026-04-01,prod-payments,AmazonKinesis,us-east-1,32.19,normal
2026-04-01,prod-payments,AmazonRDS,us-east-1,274.54,normal
2026-04-01,prod-payments,awskms,us-east-1,3.89,normal
2026-04-01,staging,AmazonCloudWatch,us-east-1,141.25,normal
2026-04-01,staging,AmazonEC2,us-east-1,127.6,normal
2026-04-01,staging,AmazonEKS,us-east-1,14.15,normal
2026-04-01,staging,AmazonRDS,us-east-1,88.13,anomaly
2026-04-01,dev,AWSLambda,us-east-1,159.45,normal
2026-04-01,dev,AmazonEC2,us-east-1,164.73,normal
2026-04-01,dev,AmazonRDS,us-east-1,66.11,normal
2026-04-01,data-analytics,AmazonAthena,us-east-1,89.21,normal
2026-04-01,data-analytics,AmazonDynamoDB,us-east-1,372.52,normal
2026-04-01,data-analytics,AmazonES,us-west-2,117.07,normal
2026-04-01,data-analytics,AmazonMSK,us-east-1,137.55,normal
2026-04-01,data-analytics,AmazonS3,us-east-1,606.32,normal
2026-04-01,ml-research,AmazonEC2,us-east-1,215.42,normal
2026-04-01,ml-research,AmazonS3,us-east-1,222.02,normal
2026-04-01,ml-research,AmazonSageMaker,us-east-1,44.09,normal
2026-04-02,prod-core,AWSDataTransfer,us-east-1,569.75,normal
2026-04-02,prod-core,AWSELB,us-east-1,32.69,normal
2026-04-02,prod-core,AmazonCloudWatch,us-east-1,353.37,normal
2026-04-02,prod-core,AmazonEC2,us-east-1,590.7,normal
2026-04-02,prod-core,AmazonEKS,us-east-1,23.43,normal
2026-04-02,prod-core,AmazonElastiCache,us-east-1,89.18,normal
2026-04-02,prod-core,AmazonRDS,us-east-1,304.2,normal
2026-04-02,prod-core,AmazonS3,us-east-1,502.66,normal
2026-04-02,prod-core,AmazonVPC,us-east-1,17.79,normal
2026-04-02,prod-payments,AWSDataTransfer,us-east-1,248.77,normal
2026-04-02,prod-payments,AmazonDynamoDB,us-east-1,428.35,normal
2026-04-02,prod-payments,AmazonEC2,us-east-1,526.29,normal
2026-04-02,prod-payments,AmazonKinesis,us-east-1,31.56,normal
2026-04-02,prod-payments,AmazonRDS,us-east-1,261.98,normal
2026-04-02,prod-payments,awskms,us-east-1,3.84,normal
2026-04-02,staging,AmazonCloudWatch,us-east-1,135.88,normal
2026-04-02,staging,AmazonEC2,us-east-1,124.87,normal
2026-04-02,staging,AmazonEKS,us-east-1,14.22,normal
2026-04-02,staging,AmazonRDS,us-east-1,88.87,anomaly
2026-04-02,dev,AWSLambda,us-east-1,152.34,normal
2026-04-02,dev,AmazonEC2,us-east-1,163.49,normal
2026-04-02,dev,AmazonRDS,us-east-1,64.2,normal
2026-04-02,data-analytics,AmazonAthena,us-east-1,84.11,normal
2026-04-02,data-analytics,AmazonDynamoDB,us-east-1,369.75,normal
2026-04-02,data-analytics,AmazonES,us-west-2,112.81,normal
2026-04-02,data-analytics,AmazonMSK,us-east-1,135.32,normal
2026-04-02,data-analytics,AmazonS3,us-east-1,610.52,normal
2026-04-02,ml-research,AmazonEC2,us-east-1,212.79,normal
2026-04-02,ml-research,AmazonS3,us-east-1,214.82,normal
2026-04-02,ml-research,AmazonSageMaker,us-east-1,43.61,normal
2026-04-03,prod-core,AWSDataTransfer,us-east-1,572.89,normal
2026-04-03,prod-core,AWSELB,us-east-1,32.9,normal
2026-04-03,prod-core,AmazonCloudWatch,us-east-1,360.03,normal
2026-04-03,prod-core,AmazonEC2,us-east-1,597.01,normal
2026-04-03,prod-core,AmazonEKS,us-east-1,23.49,normal
2026-04-03,prod-core,AmazonElastiCache,us-east-1,88.1,normal
2026-04-03,prod-core,AmazonRDS,us-east-1,307.95,normal
2026-04-03,prod-core,AmazonS3,us-east-1,503.45,normal
2026-04-03,prod-core,AmazonVPC,us-east-1,17.96,normal
2026-04-03,prod-payments,AWSDataTransfer,us-east-1,250.89,normal
2026-04-03,prod-payments,AmazonDynamoDB,us-east-1,434.0,normal
2026-04-03,prod-payments,AmazonEC2,us-east-1,538.33,normal
2026-04-03,prod-payments,AmazonKinesis,us-east-1,31.95,normal
2026-04-03,prod-payments,AmazonRDS,us-east-1,273.79,normal
2026-04-03,prod-payments,awskms,us-east-1,3.89,normal
2026-04-03,staging,AmazonCloudWatch,us-east-1,136.56,normal
2026-04-03,staging,AmazonEC2,us-east-1,127.11,normal
2026-04-03,staging,AmazonEKS,us-east-1,14.35,normal
2026-04-03,staging,AmazonRDS,us-east-1,88.74,anomaly
2026-04-03,dev,AWSLambda,us-east-1,160.31,normal
2026-04-03,dev,AmazonEC2,us-east-1,163.76,normal
2026-04-03,dev,AmazonRDS,us-east-1,64.05,normal
2026-04-03,data-analytics,AmazonAthena,us-east-1,82.35,normal
2026-04-03,data-analytics,AmazonDynamoDB,us-east-1,364.21,normal
2026-04-03,data-analytics,AmazonES,us-west-2,115.0,normal
2026-04-03,data-analytics,AmazonMSK,us-east-1,137.06,normal
2026-04-03,data-analytics,AmazonS3,us-east-1,604.36,normal
2026-04-03,ml-research,AmazonEC2,us-east-1,217.43,normal
2026-04-03,ml-research,AmazonS3,us-east-1,215.67,normal
2026-04-03,ml-research,AmazonSageMaker,us-east-1,43.52,normal
2026-04-04,prod-core,AWSDataTransfer,us-east-1,429.89,normal
2026-04-04,prod-core,AWSELB,us-east-1,25.65,normal
2026-04-04,prod-core,AmazonCloudWatch,us-east-1,285.33,normal
2026-04-04,prod-core,AmazonEC2,us-east-1,467.45,normal
2026-04-04,prod-core,AmazonEKS,us-east-1,18.65,normal
2026-04-04,prod-core,AmazonElastiCache,us-east-1,68.49,normal
2026-04-04,prod-core,AmazonRDS,us-east-1,244.45,normal
2026-04-04,prod-core,AmazonS3,us-east-1,421.55,normal
2026-04-04,prod-core,AmazonVPC,us-east-1,14.18,normal
2026-04-04,prod-payments,AWSDataTransfer,us-east-1,199.43,normal
2026-04-04,prod-payments,AmazonDynamoDB,us-east-1,318.31,normal
2026-04-04,prod-payments,AmazonEC2,us-east-1,450.91,normal
2026-04-04,prod-payments,AmazonKinesis,us-east-1,24.83,normal
2026-04-04,prod-payments,AmazonRDS,us-east-1,214.81,normal
2026-04-04,prod-payments,awskms,us-east-1,3.05,normal
2026-04-04,staging,AmazonCloudWatch,us-east-1,107.05,normal
2026-04-04,staging,AmazonEC2,us-east-1,49.04,normal
2026-04-04,staging,AmazonEKS,us-east-1,11.07,normal
2026-04-04,staging,AmazonRDS,us-east-1,76.86,anomaly
2026-04-04,dev,AWSLambda,us-east-1,123.15,normal
2026-04-04,dev,AmazonEC2,us-east-1,69.73,normal
2026-04-04,dev,AmazonRDS,us-east-1,50.66,normal
2026-04-04,data-analytics,AmazonAthena,us-east-1,65.76,normal
2026-04-04,data-analytics,AmazonDynamoDB,us-east-1,303.37,normal
2026-04-04,data-analytics,AmazonES,us-west-2,89.71,normal
2026-04-04,data-analytics,AmazonMSK,us-east-1,107.51,normal
2026-04-04,data-analytics,AmazonS3,us-east-1,470.5,normal
2026-04-04,ml-research,AmazonEC2,us-east-1,83.99,normal
2026-04-04,ml-research,AmazonS3,us-east-1,173.76,normal
2026-04-04,ml-research,AmazonSageMaker,us-east-1,34.34,normal
2026-04-05,prod-core,AWSDataTransfer,us-east-1,416.08,normal
2026-04-05,prod-core,AWSELB,us-east-1,25.24,normal
2026-04-05,prod-core,AmazonCloudWatch,us-east-1,274.5,normal
2026-04-05,prod-core,AmazonEC2,us-east-1,450.79,normal
2026-04-05,prod-core,AmazonEKS,us-east-1,17.36,normal
2026-04-05,prod-core,AmazonElastiCache,us-east-1,67.76,normal
2026-04-05,prod-core,AmazonRDS,us-east-1,235.75,normal
2026-04-05,prod-core,AmazonS3,us-east-1,380.96,normal
2026-04-05,prod-core,AmazonVPC,us-east-1,13.54,normal
2026-04-05,prod-payments,AWSDataTransfer,us-east-1,182.68,normal
2026-04-05,prod-payments,AmazonDynamoDB,us-east-1,314.41,normal
2026-04-05,prod-payments,AmazonEC2,us-east-1,442.34,normal
2026-04-05,prod-payments,AmazonKinesis,us-east-1,24.05,normal
2026-04-05,prod-payments,AmazonRDS,us-east-1,210.23,normal
2026-04-05,prod-payments,awskms,us-east-1,2.95,normal
2026-04-05,staging,AmazonCloudWatch,us-east-1,102.59,normal
2026-04-05,staging,AmazonEC2,us-east-1,47.58,normal
2026-04-05,staging,AmazonEKS,us-east-1,11.38,normal
2026-04-05,staging,AmazonRDS,us-east-1,74.17,anomaly
2026-04-05,dev,AWSLambda,us-east-1,123.99,normal
2026-04-05,dev,AmazonEC2,us-east-1,68.22,normal
2026-04-05,dev,AmazonRDS,us-east-1,48.5,normal
2026-04-05,data-analytics,AmazonAthena,us-east-1,63.95,normal
2026-04-05,data-analytics,AmazonDynamoDB,us-east-1,307.31,normal
2026-04-05,data-analytics,AmazonES,us-west-2,85.77,normal
2026-04-05,data-analytics,AmazonMSK,us-east-1,104.37,normal
2026-04-05,data-analytics,AmazonS3,us-east-1,470.29,normal
2026-04-05,ml-research,AmazonEC2,us-east-1,81.19,normal
2026-04-05,ml-research,AmazonS3,us-east-1,168.23,normal
2026-04-05,ml-research,AmazonSageMaker,us-east-1,32.9,normal
2026-04-06,prod-core,AWSDataTransfer,us-east-1,489.92,normal
2026-04-06,prod-core,AWSELB,us-east-1,28.38,normal
2026-04-06,prod-core,AmazonCloudWatch,us-east-1,305.31,normal
2026-04-06,prod-core,AmazonEC2,us-east-1,512.46,normal
2026-04-06,prod-core,AmazonEKS,us-east-1,19.9,normal
2026-04-06,prod-core,AmazonElastiCache,us-east-1,76.46,normal
2026-04-06,prod-core,AmazonRDS,us-east-1,268.63,normal
2026-04-06,prod-core,AmazonS3,us-east-1,441.98,normal
2026-04-06,prod-core,AmazonVPC,us-east-1,15.33,normal
2026-04-06,prod-payments,AWSDataTransfer,us-east-1,210.31,normal
2026-04-06,prod-payments,AmazonDynamoDB,us-east-1,362.54,normal
2026-04-06,prod-payments,AmazonEC2,us-east-1,473.85,normal
2026-04-06,prod-payments,AmazonKinesis,us-east-1,27.58,normal
2026-04-06,prod-payments,AmazonRDS,us-east-1,232.17,normal
2026-04-06,prod-payments,awskms,us-east-1,3.36,normal
2026-04-06,staging,AmazonCloudWatch,us-east-1,113.15,normal
2026-04-06,staging,AmazonEC2,us-east-1,109.1,normal
2026-04-06,staging,AmazonEKS,us-east-1,12.53,normal
2026-04-06,staging,AmazonRDS,us-east-1,79.95,anomaly
2026-04-06,dev,AWSLambda,us-east-1,138.01,normal
2026-04-06,dev,AmazonEC2,us-east-1,142.8,normal
2026-04-06,dev,AmazonRDS,us-east-1,56.69,normal
2026-04-06,data-analytics,AmazonAthena,us-east-1,71.25,normal
2026-04-06,data-analytics,AmazonDynamoDB,us-east-1,336.42,normal
2026-04-06,data-analytics,AmazonES,us-west-2,98.43,normal
2026-04-06,data-analytics,AmazonMSK,us-east-1,116.0,normal
2026-04-06,data-analytics,AmazonS3,us-east-1,536.05,normal
2026-04-06,ml-research,AmazonEC2,us-east-1,187.48,normal
2026-04-06,ml-research,AmazonS3,us-east-1,180.47,normal
2026-04-06,ml-research,AmazonSageMaker,us-east-1,37.33,normal
2026-04-07,prod-core,AWSDataTransfer,us-east-1,592.67,normal
2026-04-07,prod-core,AWSELB,us-east-1,34.37,normal
2026-04-07,prod-core,AmazonCloudWatch,us-east-1,377.56,normal
2026-04-07,prod-core,AmazonEC2,us-east-1,621.63,normal
2026-04-07,prod-core,AmazonEKS,us-east-1,24.27,normal
2026-04-07,prod-core,AmazonElastiCache,us-east-1,92.14,normal
2026-04-07,prod-core,AmazonRDS,us-east-1,322.43,normal
2026-04-07,prod-core,AmazonS3,us-east-1,554.45,normal
2026-04-07,prod-core,AmazonVPC,us-east-1,18.09,normal
2026-04-07,prod-payments,AWSDataTransfer,us-east-1,263.87,normal
2026-04-07,prod-payments,AmazonDynamoDB,us-east-1,426.47,normal
2026-04-07,prod-payments,AmazonEC2,us-east-1,543.59,normal
2026-04-07,prod-payments,AmazonKinesis,us-east-1,33.06,normal
2026-04-07,prod-payments,AmazonRDS,us-east-1,278.48,normal
2026-04-07,prod-payments,awskms,us-east-1,4.03,normal
2026-04-07,staging,AmazonCloudWatch,us-east-1,140.93,normal
2026-04-07,staging,AmazonEC2,us-east-1,130.52,normal
2026-04-07,staging,AmazonEKS,us-east-1,14.89,normal
2026-04-07,staging,AmazonRDS,us-east-1,88.69,anomaly
2026-04-07,dev,AWSLambda,us-east-1,160.73,normal
2026-04-07,dev,AmazonEC2,us-east-1,169.53,normal
2026-04-07,dev,AmazonRDS,us-east-1,65.98,normal
2026-04-07,data-analytics,AmazonAthena,us-east-1,88.68,normal
2026-04-07,data-analytics,AmazonDynamoDB,us-east-1,388.93,normal
2026-04-07,data-analytics,AmazonES,us-west-2,118.96,normal
2026-04-07,data-analytics,AmazonMSK,us-east-1,141.96,normal
2026-04-07,data-analytics,AmazonS3,us-east-1,638.22,normal
2026-04-07,ml-research,AmazonEC2,us-east-1,222.76,normal
2026-04-07,ml-research,AmazonS3,us-east-1,222.48,normal
2026-04-07,ml-research,AmazonSageMaker,us-east-1,45.32,normal
2026-04-08,prod-core,AWSDataTransfer,us-east-1,600.22,normal
2026-04-08,prod-core,AWSELB,us-east-1,33.75,normal
2026-04-08,prod-core,AmazonCloudWatch,us-east-1,380.9,normal
2026-04-08,prod-core,AmazonEC2,us-east-1,614.42,normal
2026-04-08,prod-core,AmazonEKS,us-east-1,23.8,normal
2026-04-08,prod-core,AmazonElastiCache,us-east-1,91.29,normal
2026-04-08,prod-core,AmazonRDS,us-east-1,321.87,normal
2026-04-08,prod-core,AmazonS3,us-east-1,518.71,normal
2026-04-08,prod-core,AmazonVPC,us-east-1,18.25,normal
2026-04-08,prod-payments,AWSDataTransfer,us-east-1,253.55,normal
2026-04-08,prod-payments,AmazonDynamoDB,us-east-1,449.8,normal
2026-04-08,prod-payments,AmazonEC2,us-east-1,540.6,normal
2026-04-08,prod-payments,AmazonKinesis,us-east-1,33.12,normal
2026-04-08,prod-payments,AmazonRDS,us-east-1,284.52,normal
2026-04-08,prod-payments,awskms,us-east-1,4.0,normal
2026-04-08,staging,AmazonCloudWatch,us-east-1,138.04,normal
2026-04-08,staging,AmazonEC2,us-east-1,129.43,normal
2026-04-08,staging,AmazonEKS,us-east-1,15.14,normal
2026-04-08,staging,AmazonRDS,us-east-1,91.46,anomaly
2026-04-08,dev,AWSLambda,us-east-1,158.93,normal
2026-04-08,dev,AmazonEC2,us-east-1,167.82,normal
2026-04-08,dev,AmazonRDS,us-east-1,66.63,normal
2026-04-08,data-analytics,AmazonAthena,us-east-1,90.96,normal
2026-04-08,data-analytics,AmazonDynamoDB,us-east-1,377.05,normal
2026-04-08,data-analytics,AmazonES,us-west-2,117.39,normal
2026-04-08,data-analytics,AmazonMSK,us-east-1,140.85,normal
2026-04-08,data-analytics,AmazonS3,us-east-1,631.6,normal
2026-04-08,ml-research,AmazonEC2,us-east-1,595.55,normal
2026-04-08,ml-research,AmazonS3,us-east-1,217.99,normal
2026-04-08,ml-research,AmazonSageMaker,us-east-1,45.24,normal
2026-04-09,prod-core,AWSDataTransfer,us-east-1,547.97,normal
2026-04-09,prod-core,AWSELB,us-east-1,32.46,normal
2026-04-09,prod-core,AmazonCloudWatch,us-east-1,369.82,normal
2026-04-09,prod-core,AmazonEC2,us-east-1,591.67,normal
2026-04-09,prod-core,AmazonEKS,us-east-1,23.29,normal
2026-04-09,prod-core,AmazonElastiCache,us-east-1,88.71,normal
2026-04-09,prod-core,AmazonRDS,us-east-1,306.55,normal
2026-04-09,prod-core,AmazonS3,us-east-1,523.23,normal
2026-04-09,prod-core,AmazonVPC,us-east-1,17.37,normal
2026-04-09,prod-payments,AWSDataTransfer,us-east-1,255.11,normal
2026-04-09,prod-payments,AmazonDynamoDB,us-east-1,414.15,normal
2026-04-09,prod-payments,AmazonEC2,us-east-1,529.15,normal
2026-04-09,prod-payments,AmazonKinesis,us-east-1,31.68,normal
2026-04-09,prod-payments,AmazonRDS,us-east-1,266.64,normal
2026-04-09,prod-payments,awskms,us-east-1,3.87,normal
2026-04-09,staging,AmazonCloudWatch,us-east-1,130.5,normal
2026-04-09,staging,AmazonEC2,us-east-1,125.27,normal
2026-04-09,staging,AmazonEKS,us-east-1,14.22,normal
2026-04-09,staging,AmazonRDS,us-east-1,87.29,anomaly
2026-04-09,dev,AWSLambda,us-east-1,151.56,normal
2026-04-09,dev,AmazonEC2,us-east-1,163.69,normal
2026-04-09,dev,AmazonRDS,us-east-1,64.0,normal
2026-04-09,data-analytics,AmazonAthena,us-east-1,83.19,normal
2026-04-09,data-analytics,AmazonDynamoDB,us-east-1,373.1,normal
2026-04-09,data-analytics,AmazonES,us-west-2,113.84,normal
2026-04-09,data-analytics,AmazonMSK,us-east-1,139.07,normal
2026-04-09,data-analytics,AmazonS3,us-east-1,620.81,normal
2026-04-09,ml-research,AmazonEC2,us-east-1,583.76,normal
2026-04-09,ml-research,AmazonS3,us-east-1,216.31,normal
2026-04-09,ml-research,AmazonSageMaker,us-east-1,42.91,normal
2026-04-10,prod-core,AWSDataTransfer,us-east-1,563.2,normal
2026-04-10,prod-core,AWSELB,us-east-1,32.58,normal
2026-04-10,prod-core,AmazonCloudWatch,us-east-1,348.09,normal
2026-04-10,prod-core,AmazonEC2,us-east-1,586.84,normal
2026-04-10,prod-core,AmazonEKS,us-east-1,22.94,normal
2026-04-10,prod-core,AmazonElastiCache,us-east-1,87.43,normal
2026-04-10,prod-core,AmazonRDS,us-east-1,305.88,normal
2026-04-10,prod-core,AmazonS3,us-east-1,487.25,normal
2026-04-10,prod-core,AmazonVPC,us-east-1,17.2,normal
2026-04-10,prod-payments,AWSDataTransfer,us-east-1,248.51,normal
2026-04-10,prod-payments,AmazonDynamoDB,us-east-1,426.13,normal
2026-04-10,prod-payments,AmazonEC2,us-east-1,521.56,normal
2026-04-10,prod-payments,AmazonKinesis,us-east-1,30.98,normal
2026-04-10,prod-payments,AmazonRDS,us-east-1,265.84,normal
2026-04-10,prod-payments,awskms,us-east-1,3.8,normal
2026-04-10,staging,AmazonCloudWatch,us-east-1,136.66,normal
2026-04-10,staging,AmazonEC2,us-east-1,123.87,normal
2026-04-10,staging,AmazonEKS,us-east-1,14.65,normal
2026-04-10,staging,AmazonRDS,us-east-1,87.04,anomaly
2026-04-10,dev,AWSLambda,us-east-1,154.57,normal
2026-04-10,dev,AmazonEC2,us-east-1,160.85,normal
2026-04-10,dev,AmazonRDS,us-east-1,63.0,normal
2026-04-10,data-analytics,AmazonAthena,us-east-1,83.37,normal
2026-04-10,data-analytics,AmazonDynamoDB,us-east-1,368.7,normal
2026-04-10,data-analytics,AmazonES,us-west-2,111.78,normal
2026-04-10,data-analytics,AmazonMSK,us-east-1,133.31,normal
2026-04-10,data-analytics,AmazonS3,us-east-1,624.22,normal
2026-04-10,ml-research,AmazonEC2,us-east-1,574.46,normal
2026-04-10,ml-research,AmazonS3,us-east-1,209.98,normal
2026-04-10,ml-research,AmazonSageMaker,us-east-1,42.76,normal
2026-04-11,prod-core,AWSDataTransfer,us-east-1,480.61,normal
2026-04-11,prod-core,AWSELB,us-east-1,27.98,normal
2026-04-11,prod-core,AmazonCloudWatch,us-east-1,328.58,normal
2026-04-11,prod-core,AmazonEC2,us-east-1,514.0,normal
2026-04-11,prod-core,AmazonEKS,us-east-1,19.86,normal
2026-04-11,prod-core,AmazonElastiCache,us-east-1,75.28,normal
2026-04-11,prod-core,AmazonRDS,us-east-1,265.08,normal
2026-04-11,prod-core,AmazonS3,us-east-1,431.07,normal
2026-04-11,prod-core,AmazonVPC,us-east-1,15.45,normal
2026-04-11,prod-payments,AWSDataTransfer,us-east-1,220.01,normal
2026-04-11,prod-payments,AmazonDynamoDB,us-east-1,374.27,normal
2026-04-11,prod-payments,AmazonEC2,us-east-1,487.83,normal
2026-04-11,prod-payments,AmazonKinesis,us-east-1,27.4,normal
2026-04-11,prod-payments,AmazonRDS,us-east-1,231.84,normal
2026-04-11,prod-payments,awskms,us-east-1,3.34,normal
2026-04-11,staging,AmazonCloudWatch,us-east-1,112.21,normal
2026-04-11,staging,AmazonEC2,us-east-1,53.95,normal
2026-04-11,staging,AmazonEKS,us-east-1,12.33,normal
2026-04-11,staging,AmazonRDS,us-east-1,79.16,anomaly
2026-04-11,dev,AWSLambda,us-east-1,139.54,normal
2026-04-11,dev,AmazonEC2,us-east-1,76.16,normal
2026-04-11,dev,AmazonRDS,us-east-1,55.24,normal
2026-04-11,data-analytics,AmazonAthena,us-east-1,72.1,normal
2026-04-11,data-analytics,AmazonDynamoDB,us-east-1,394.93,normal
2026-04-11,data-analytics,AmazonES,us-west-2,98.38,normal
2026-04-11,data-analytics,AmazonMSK,us-east-1,118.73,normal
2026-04-11,data-analytics,AmazonS3,us-east-1,524.16,normal
2026-04-11,ml-research,AmazonEC2,us-east-1,461.61,normal
2026-04-11,ml-research,AmazonS3,us-east-1,183.29,normal
2026-04-11,ml-research,AmazonSageMaker,us-east-1,37.49,normal
2026-04-12,prod-core,AWSDataTransfer,us-east-1,444.57,normal
2026-04-12,prod-core,AWSELB,us-east-1,26.27,normal
2026-04-12,prod-core,AmazonCloudWatch,us-east-1,308.08,normal
2026-04-12,prod-core,AmazonEC2,us-east-1,477.83,normal
2026-04-12,prod-core,AmazonEKS,us-east-1,18.82,normal
2026-04-12,prod-core,AmazonElastiCache,us-east-1,71.02,normal
2026-04-12,prod-core,AmazonRDS,us-east-1,248.48,normal
2026-04-12,prod-core,AmazonS3,us-east-1,413.37,normal
2026-04-12,prod-core,AmazonVPC,us-east-1,14.19,normal
2026-04-12,prod-payments,AWSDataTransfer,us-east-1,195.6,normal
2026-04-12,prod-payments,AmazonDynamoDB,us-east-1,345.6,normal
2026-04-12,prod-payments,AmazonEC2,us-east-1,462.93,normal
2026-04-12,prod-payments,AmazonKinesis,us-east-1,25.61,normal
2026-04-12,prod-payments,AmazonRDS,us-east-1,214.79,normal
2026-04-12,prod-payments,awskms,us-east-1,3.12,normal
2026-04-12,staging,AmazonCloudWatch,us-east-1,110.85,normal
2026-04-12,staging,AmazonEC2,us-east-1,50.69,normal
2026-04-12,staging,AmazonEKS,us-east-1,11.53,normal
2026-04-12,staging,AmazonRDS,us-east-1,75.94,anomaly
2026-04-12,dev,AWSLambda,us-east-1,129.27,normal
2026-04-12,dev,AmazonEC2,us-east-1,72.01,normal
2026-04-12,dev,AmazonRDS,us-east-1,51.43,normal
2026-04-12,data-analytics,AmazonAthena,us-east-1,66.66,normal
2026-04-12,data-analytics,AmazonDynamoDB,us-east-1,385.58,normal
2026-04-12,data-analytics,AmazonES,us-west-2,91.94,normal
2026-04-12,data-analytics,AmazonMSK,us-east-1,109.19,normal
2026-04-12,data-analytics,AmazonS3,us-east-1,515.02,normal
2026-04-12,ml-research,AmazonEC2,us-east-1,461.64,normal
2026-04-12,ml-research,AmazonS3,us-east-1,170.23,normal
2026-04-12,ml-research,AmazonSageMaker,us-east-1,34.88,normal
2026-04-13,prod-core,AWSDataTransfer,us-east-1,530.22,normal
2026-04-13,prod-core,AWSELB,us-east-1,31.92,normal
2026-04-13,prod-core,AmazonCloudWatch,us-east-1,346.37,normal
2026-04-13,prod-core,AmazonEC2,us-east-1,569.88,normal
2026-04-13,prod-core,AmazonEKS,us-east-1,22.48,normal
2026-04-13,prod-core,AmazonElastiCache,us-east-1,86.5,normal
2026-04-13,prod-core,AmazonRDS,us-east-1,297.08,normal
2026-04-13,prod-core,AmazonS3,us-east-1,498.07,normal
2026-04-13,prod-core,AmazonVPC,us-east-1,17.11,normal
2026-04-13,prod-payments,AWSDataTransfer,us-east-1,233.71,normal
2026-04-13,prod-payments,AmazonDynamoDB,us-east-1,407.99,normal
2026-04-13,prod-payments,AmazonEC2,us-east-1,515.63,normal
2026-04-13,prod-payments,AmazonKinesis,us-east-1,30.62,normal
2026-04-13,prod-payments,AmazonRDS,us-east-1,256.29,normal
2026-04-13,prod-payments,awskms,us-east-1,3.72,normal
2026-04-13,staging,AmazonCloudWatch,us-east-1,132.25,normal
2026-04-13,staging,AmazonEC2,us-east-1,119.86,normal
2026-04-13,staging,AmazonEKS,us-east-1,14.28,normal
2026-04-13,staging,AmazonRDS,us-east-1,86.51,anomaly
2026-04-13,dev,AWSLambda,us-east-1,147.05,normal
2026-04-13,dev,AmazonEC2,us-east-1,157.25,normal
2026-04-13,dev,AmazonRDS,us-east-1,60.98,normal
2026-04-13,data-analytics,AmazonAthena,us-east-1,79.54,normal
2026-04-13,data-analytics,AmazonDynamoDB,us-east-1,416.78,normal
2026-04-13,data-analytics,AmazonES,us-west-2,108.83,normal
2026-04-13,data-analytics,AmazonMSK,us-east-1,131.92,normal
2026-04-13,data-analytics,AmazonS3,us-east-1,582.91,normal
2026-04-13,ml-research,AmazonEC2,us-east-1,573.27,normal
2026-04-13,ml-research,AmazonS3,us-east-1,212.85,normal
2026-04-13,ml-research,AmazonSageMaker,us-east-1,41.73,normal
2026-04-14,prod-core,AWSDataTransfer,us-east-1,582.76,normal
2026-04-14,prod-core,AWSELB,us-east-1,33.15,normal
2026-04-14,prod-core,AmazonCloudWatch,us-east-1,379.23,normal
2026-04-14,prod-core,AmazonEC2,us-east-1,598.43,normal
2026-04-14,prod-core,AmazonEKS,us-east-1,23.14,normal
2026-04-14,prod-core,AmazonElastiCache,us-east-1,88.14,normal
2026-04-14,prod-core,AmazonRDS,us-east-1,313.63,normal
2026-04-14,prod-core,AmazonS3,us-east-1,538.8,normal
2026-04-14,prod-core,AmazonVPC,us-east-1,17.96,normal
2026-04-14,prod-payments,AWSDataTransfer,us-east-1,251.39,normal
2026-04-14,prod-payments,AmazonDynamoDB,us-east-1,424.93,normal
2026-04-14,prod-payments,AmazonEC2,us-east-1,546.93,normal
2026-04-14,prod-payments,AmazonKinesis,us-east-1,32.18,normal
2026-04-14,prod-payments,AmazonRDS,us-east-1,274.63,normal
2026-04-14,prod-payments,awskms,us-east-1,3.91,normal
2026-04-14,staging,AmazonCloudWatch,us-east-1,139.43,normal
2026-04-14,staging,AmazonEC2,us-east-1,127.11,normal
2026-04-14,staging,AmazonEKS,us-east-1,14.59,normal
2026-04-14,staging,AmazonRDS,us-east-1,89.68,anomaly
2026-04-14,dev,AWSLambda,us-east-1,152.34,normal
2026-04-14,dev,AmazonEC2,us-east-1,165.08,normal
2026-04-14,dev,AmazonRDS,us-east-1,64.75,normal
2026-04-14,data-analytics,AmazonAthena,us-east-1,88.28,normal
2026-04-14,data-analytics,AmazonDynamoDB,us-east-1,442.5,normal
2026-04-14,data-analytics,AmazonES,us-west-2,114.9,normal
2026-04-14,data-analytics,AmazonMSK,us-east-1,137.58,normal
2026-04-14,data-analytics,AmazonS3,us-east-1,617.88,normal
2026-04-14,ml-research,AmazonEC2,us-east-1,574.78,normal
2026-04-14,ml-research,AmazonS3,us-east-1,222.73,normal
2026-04-14,ml-research,AmazonSageMaker,us-east-1,43.76,normal
2026-04-15,prod-core,AWSDataTransfer,us-east-1,521.45,normal
2026-04-15,prod-core,AWSELB,us-east-1,30.9,normal
2026-04-15,prod-core,AmazonCloudWatch,us-east-1,346.44,normal
2026-04-15,prod-core,AmazonEC2,us-east-1,557.68,normal
2026-04-15,prod-core,AmazonEKS,us-east-1,21.66,normal
2026-04-15,prod-core,AmazonElastiCache,us-east-1,82.97,normal
2026-04-15,prod-core,AmazonRDS,us-east-1,291.49,normal
2026-04-15,prod-core,AmazonS3,us-east-1,480.14,normal
2026-04-15,prod-core,AmazonVPC,us-east-1,16.56,normal
2026-04-15,prod-payments,AWSDataTransfer,us-east-1,237.06,normal
2026-04-15,prod-payments,AmazonDynamoDB,us-east-1,404.72,normal
2026-04-15,prod-payments,AmazonEC2,us-east-1,516.11,normal
2026-04-15,prod-payments,AmazonKinesis,us-east-1,29.62,normal
2026-04-15,prod-payments,AmazonRDS,us-east-1,252.05,normal
2026-04-15,prod-payments,awskms,us-east-1,3.62,normal
2026-04-15,staging,AmazonCloudWatch,us-east-1,122.12,normal
2026-04-15,staging,AmazonEC2,us-east-1,117.28,normal
2026-04-15,staging,AmazonEKS,us-east-1,13.31,normal
2026-04-15,staging,AmazonRDS,us-east-1,85.23,anomaly
2026-04-15,dev,AWSLambda,us-east-1,151.75,normal
2026-04-15,dev,AmazonEC2,us-east-1,153.4,normal
2026-04-15,dev,AmazonRDS,us-east-1,60.54,normal
2026-04-15,data-analytics,AmazonAthena,us-east-1,76.96,normal
2026-04-15,data-analytics,AmazonDynamoDB,us-east-1,414.57,normal
2026-04-15,data-analytics,AmazonES,us-west-2,107.21,normal
2026-04-15,data-analytics,AmazonMSK,us-east-1,126.99,normal
2026-04-15,data-analytics,AmazonS3,us-east-1,599.42,normal
2026-04-15,ml-research,AmazonEC2,us-east-1,569.97,normal
2026-04-15,ml-research,AmazonS3,us-east-1,208.39,normal
2026-04-15,ml-research,AmazonSageMaker,us-east-1,40.97,normal
2026-04-16,prod-core,AWSDataTransfer,us-east-1,552.24,normal
2026-04-16,prod-core,AWSELB,us-east-1,33.43,normal
2026-04-16,prod-core,AmazonCloudWatch,us-east-1,371.94,normal
2026-04-16,prod-core,AmazonEC2,us-east-1,606.67,normal
2026-04-16,prod-core,AmazonEKS,us-east-1,23.28,normal
2026-04-16,prod-core,AmazonElastiCache,us-east-1,89.8,normal
2026-04-16,prod-core,AmazonRDS,us-east-1,312.52,normal
2026-04-16,prod-core,AmazonS3,us-east-1,535.22,normal
2026-04-16,prod-core,AmazonVPC,us-east-1,17.88,normal
2026-04-16,prod-payments,AWSDataTransfer,us-east-1,248.41,normal
2026-04-16,prod-payments,AmazonDynamoDB,us-east-1,426.76,normal
2026-04-16,prod-payments,AmazonEC2,us-east-1,542.45,normal
2026-04-16,prod-payments,AmazonKinesis,us-east-1,32.35,normal
2026-04-16,prod-payments,AmazonRDS,us-east-1,268.98,normal
2026-04-16,prod-payments,awskms,us-east-1,3.92,normal
2026-04-16,staging,AmazonCloudWatch,us-east-1,137.69,normal
2026-04-16,staging,AmazonEC2,us-east-1,126.31,normal
2026-04-16,staging,AmazonEKS,us-east-1,14.74,normal
2026-04-16,staging,AmazonRDS,us-east-1,89.07,anomaly
2026-04-16,dev,AWSLambda,us-east-1,162.91,normal
2026-04-16,dev,AmazonEC2,us-east-1,165.45,normal
2026-04-16,dev,AmazonRDS,us-east-1,66.02,normal
2026-04-16,data-analytics,AmazonAthena,us-east-1,85.55,normal
2026-04-16,data-analytics,AmazonDynamoDB,us-east-1,446.28,normal
2026-04-16,data-analytics,AmazonES,us-west-2,116.36,normal
2026-04-16,data-analytics,AmazonMSK,us-east-1,137.11,normal
2026-04-16,data-analytics,AmazonS3,us-east-1,638.87,normal
2026-04-16,ml-research,AmazonEC2,us-east-1,583.74,normal
2026-04-16,ml-research,AmazonS3,us-east-1,225.87,normal
2026-04-16,ml-research,AmazonSageMaker,us-east-1,44.49,normal
2026-04-17,prod-core,AWSDataTransfer,us-east-1,546.19,normal
2026-04-17,prod-core,AWSELB,us-east-1,32.68,normal
2026-04-17,prod-core,AmazonCloudWatch,us-east-1,373.77,normal
2026-04-17,prod-core,AmazonEC2,us-east-1,593.52,normal
2026-04-17,prod-core,AmazonEKS,us-east-1,22.93,normal
2026-04-17,prod-core,AmazonElastiCache,us-east-1,88.28,normal
2026-04-17,prod-core,AmazonRDS,us-east-1,307.69,normal
2026-04-17,prod-core,AmazonS3,us-east-1,532.03,normal
2026-04-17,prod-core,AmazonVPC,us-east-1,17.75,normal
2026-04-17,prod-payments,AWSDataTransfer,us-east-1,242.94,normal
2026-04-17,prod-payments,AmazonDynamoDB,us-east-1,427.02,normal
2026-04-17,prod-payments,AmazonEC2,us-east-1,540.16,normal
2026-04-17,prod-payments,AmazonKinesis,us-east-1,31.71,normal
2026-04-17,prod-payments,AmazonRDS,us-east-1,263.47,normal
2026-04-17,prod-payments,awskms,us-east-1,3.84,normal
2026-04-17,staging,AmazonCloudWatch,us-east-1,138.26,normal
2026-04-17,staging,AmazonEC2,us-east-1,125.59,normal
2026-04-17,staging,AmazonEKS,us-east-1,14.36,normal
2026-04-17,staging,AmazonRDS,us-east-1,85.45,anomaly
2026-04-17,dev,AWSLambda,us-east-1,151.55,normal
2026-04-17,dev,AmazonEC2,us-east-1,161.9,normal
2026-04-17,dev,AmazonRDS,us-east-1,63.73,normal
2026-04-17,data-analytics,AmazonAthena,us-east-1,82.32,normal
2026-04-17,data-analytics,AmazonDynamoDB,us-east-1,437.86,normal
2026-04-17,data-analytics,AmazonES,us-west-2,113.98,normal
2026-04-17,data-analytics,AmazonMSK,us-east-1,135.89,normal
2026-04-17,data-analytics,AmazonS3,us-east-1,606.81,normal
2026-04-17,ml-research,AmazonEC2,us-east-1,578.79,normal
2026-04-17,ml-research,AmazonS3,us-east-1,214.6,normal
2026-04-17,ml-research,AmazonSageMaker,us-east-1,43.2,normal
2026-04-18,prod-core,AWSDataTransfer,us-east-1,462.12,normal
2026-04-18,prod-core,AWSELB,us-east-1,26.93,normal
2026-04-18,prod-core,AmazonCloudWatch,us-east-1,307.15,normal
2026-04-18,prod-core,AmazonEC2,us-east-1,490.28,normal
2026-04-18,prod-core,AmazonEKS,us-east-1,18.6,normal
2026-04-18,prod-core,AmazonElastiCache,us-east-1,72.3,normal
2026-04-18,prod-core,AmazonRDS,us-east-1,256.01,normal
2026-04-18,prod-core,AmazonS3,us-east-1,421.33,normal
2026-04-18,prod-core,AmazonVPC,us-east-1,14.5,normal
2026-04-18,prod-payments,AWSDataTransfer,us-east-1,195.66,normal
2026-04-18,prod-payments,AmazonDynamoDB,us-east-1,355.32,normal
2026-04-18,prod-payments,AmazonEC2,us-east-1,469.47,normal
2026-04-18,prod-payments,AmazonKinesis,us-east-1,26.02,normal
2026-04-18,prod-payments,AmazonRDS,us-east-1,222.69,normal
2026-04-18,prod-payments,awskms,us-east-1,3.19,normal
2026-04-18,staging,AmazonCloudWatch,us-east-1,108.06,normal
2026-04-18,staging,AmazonEC2,us-east-1,52.12,normal
2026-04-18,staging,AmazonEKS,us-east-1,11.81,normal
2026-04-18,staging,AmazonRDS,us-east-1,77.26,anomaly
2026-04-18,dev,AWSLambda,us-east-1,124.83,normal
2026-04-18,dev,AmazonEC2,us-east-1,72.52,normal
2026-04-18,dev,AmazonRDS,us-east-1,53.53,normal
2026-04-18,data-analytics,AmazonAthena,us-east-1,72.75,normal
2026-04-18,data-analytics,AmazonDynamoDB,us-east-1,383.2,normal
2026-04-18,data-analytics,AmazonES,us-west-2,94.53,normal
2026-04-18,data-analytics,AmazonMSK,us-east-1,110.77,normal
2026-04-18,data-analytics,AmazonS3,us-east-1,491.12,normal
2026-04-18,ml-research,AmazonEC2,us-east-1,461.68,normal
2026-04-18,ml-research,AmazonS3,us-east-1,180.75,normal
2026-04-18,ml-research,AmazonSageMaker,us-east-1,35.96,normal
2026-04-19,prod-core,AWSDataTransfer,us-east-1,414.89,normal
2026-04-19,prod-core,AWSELB,us-east-1,24.84,normal
2026-04-19,prod-core,AmazonCloudWatch,us-east-1,275.92,normal
2026-04-19,prod-core,AmazonEC2,us-east-1,443.18,normal
2026-04-19,prod-core,AmazonEKS,us-east-1,17.54,normal
2026-04-19,prod-core,AmazonElastiCache,us-east-1,65.93,normal
2026-04-19,prod-core,AmazonRDS,us-east-1,230.39,normal
2026-04-19,prod-core,AmazonS3,us-east-1,392.97,normal
2026-04-19,prod-core,AmazonVPC,us-east-1,13.23,normal
2026-04-19,prod-payments,AWSDataTransfer,us-east-1,185.68,normal
2026-04-19,prod-payments,AmazonDynamoDB,us-east-1,310.35,normal
2026-04-19,prod-payments,AmazonEC2,us-east-1,442.13,normal
2026-04-19,prod-payments,AmazonKinesis,us-east-1,23.62,normal
2026-04-19,prod-payments,AmazonRDS,us-east-1,198.01,normal
2026-04-19,prod-payments,awskms,us-east-1,2.85,normal
2026-04-19,staging,AmazonCloudWatch,us-east-1,98.23,normal
2026-04-19,staging,AmazonEC2,us-east-1,45.89,normal
2026-04-19,staging,AmazonEKS,us-east-1,10.4,normal
2026-04-19,staging,AmazonRDS,us-east-1,74.46,anomaly
2026-04-19,dev,AWSLambda,us-east-1,111.39,normal
2026-04-19,dev,AmazonEC2,us-east-1,65.84,normal
2026-04-19,dev,AmazonRDS,us-east-1,47.5,normal
2026-04-19,data-analytics,AmazonAthena,us-east-1,63.47,normal
2026-04-19,data-analytics,AmazonDynamoDB,us-east-1,356.4,normal
2026-04-19,data-analytics,AmazonES,us-west-2,84.57,normal
2026-04-19,data-analytics,AmazonMSK,us-east-1,101.18,normal
2026-04-19,data-analytics,AmazonS3,us-east-1,441.45,normal
2026-04-19,ml-research,AmazonEC2,us-east-1,445.81,normal
2026-04-19,ml-research,AmazonS3,us-east-1,164.8,normal
2026-04-19,ml-research,AmazonSageMaker,us-east-1,32.48,normal
2026-04-20,prod-core,AWSDataTransfer,us-east-1,532.18,normal
2026-04-20,prod-core,AWSELB,us-east-1,30.45,normal
2026-04-20,prod-core,AmazonCloudWatch,us-east-1,340.86,normal
2026-04-20,prod-core,AmazonEC2,us-east-1,557.7,normal
2026-04-20,prod-core,AmazonEKS,us-east-1,22.0,normal
2026-04-20,prod-core,AmazonElastiCache,us-east-1,83.52,normal
2026-04-20,prod-core,AmazonRDS,us-east-1,296.21,normal
2026-04-20,prod-core,AmazonS3,us-east-1,496.67,normal
2026-04-20,prod-core,AmazonVPC,us-east-1,16.59,normal
2026-04-20,prod-payments,AWSDataTransfer,us-east-1,225.73,normal
2026-04-20,prod-payments,AmazonDynamoDB,us-east-1,405.52,normal
2026-04-20,prod-payments,AmazonEC2,us-east-1,513.18,normal
2026-04-20,prod-payments,AmazonKinesis,us-east-1,29.83,normal
2026-04-20,prod-payments,AmazonRDS,us-east-1,254.59,normal
2026-04-20,prod-payments,awskms,us-east-1,3.65,normal
2026-04-20,staging,AmazonCloudWatch,us-east-1,123.96,normal
2026-04-20,staging,AmazonEC2,us-east-1,116.13,normal
2026-04-20,staging,AmazonEKS,us-east-1,13.57,normal
2026-04-20,staging,AmazonRDS,us-east-1,84.99,anomaly
2026-04-20,dev,AWSLambda,us-east-1,145.51,normal
2026-04-20,dev,AmazonEC2,us-east-1,154.7,normal
2026-04-20,dev,AmazonRDS,us-east-1,60.53,normal
2026-04-20,data-analytics,AmazonAthena,us-east-1,82.64,normal
2026-04-20,data-analytics,AmazonDynamoDB,us-east-1,422.37,normal
2026-04-20,data-analytics,AmazonES,us-west-2,107.47,normal
2026-04-20,data-analytics,AmazonMSK,us-east-1,127.56,normal
2026-04-20,data-analytics,AmazonS3,us-east-1,562.1,normal
2026-04-20,ml-research,AmazonEC2,us-east-1,557.71,normal
2026-04-20,ml-research,AmazonS3,us-east-1,197.0,normal
2026-04-20,ml-research,AmazonSageMaker,us-east-1,40.83,normal
2026-04-21,prod-core,AWSDataTransfer,us-east-1,529.28,normal
2026-04-21,prod-core,AWSELB,us-east-1,30.44,normal
2026-04-21,prod-core,AmazonCloudWatch,us-east-1,334.6,normal
2026-04-21,prod-core,AmazonEC2,us-east-1,545.12,normal
2026-04-21,prod-core,AmazonEKS,us-east-1,21.86,normal
2026-04-21,prod-core,AmazonElastiCache,us-east-1,81.04,normal
2026-04-21,prod-core,AmazonRDS,us-east-1,290.74,normal
2026-04-21,prod-core,AmazonS3,us-east-1,488.16,normal
2026-04-21,prod-core,AmazonVPC,us-east-1,16.23,normal
2026-04-21,prod-payments,AWSDataTransfer,us-east-1,227.57,normal
2026-04-21,prod-payments,AmazonDynamoDB,us-east-1,373.6,normal
2026-04-21,prod-payments,AmazonEC2,us-east-1,510.09,normal
2026-04-21,prod-payments,AmazonKinesis,us-east-1,29.29,normal
2026-04-21,prod-payments,AmazonRDS,us-east-1,252.47,normal
2026-04-21,prod-payments,awskms,us-east-1,3.59,normal
2026-04-21,staging,AmazonCloudWatch,us-east-1,121.75,normal
2026-04-21,staging,AmazonEC2,us-east-1,117.81,normal
2026-04-21,staging,AmazonEKS,us-east-1,13.7,normal
2026-04-21,staging,AmazonRDS,us-east-1,82.76,anomaly
2026-04-21,dev,AWSLambda,us-east-1,140.85,normal
2026-04-21,dev,AmazonEC2,us-east-1,152.29,normal
2026-04-21,dev,AmazonRDS,us-east-1,58.74,normal
2026-04-21,data-analytics,AmazonAthena,us-east-1,79.38,normal
2026-04-21,data-analytics,AmazonDynamoDB,us-east-1,486.12,normal
2026-04-21,data-analytics,AmazonES,us-west-2,105.29,normal
2026-04-21,data-analytics,AmazonMSK,us-east-1,126.12,normal
2026-04-21,data-analytics,AmazonS3,us-east-1,551.38,normal
2026-04-21,ml-research,AmazonEC2,us-east-1,566.22,normal
2026-04-21,ml-research,AmazonS3,us-east-1,201.41,normal
2026-04-21,ml-research,AmazonSageMaker,us-east-1,40.15,normal
2026-04-22,prod-core,AWSDataTransfer,us-east-1,604.01,normal
2026-04-22,prod-core,AWSELB,us-east-1,35.36,normal
2026-04-22,prod-core,AmazonCloudWatch,us-east-1,404.13,normal
2026-04-22,prod-core,AmazonEC2,us-east-1,642.9,normal
2026-04-22,prod-core,AmazonEKS,us-east-1,25.44,normal
2026-04-22,prod-core,AmazonElastiCache,us-east-1,94.38,normal
2026-04-22,prod-core,AmazonRDS,us-east-1,339.59,normal
2026-04-22,prod-core,AmazonS3,us-east-1,554.04,normal
2026-04-22,prod-core,AmazonVPC,us-east-1,19.2,normal
2026-04-22,prod-payments,AWSDataTransfer,us-east-1,269.56,normal
2026-04-22,prod-payments,AmazonDynamoDB,us-east-1,459.11,normal
2026-04-22,prod-payments,AmazonEC2,us-east-1,580.95,normal
2026-04-22,prod-payments,AmazonKinesis,us-east-1,34.63,normal
2026-04-22,prod-payments,AmazonRDS,us-east-1,293.07,normal
2026-04-22,prod-payments,awskms,us-east-1,4.23,normal
2026-04-22,staging,AmazonCloudWatch,us-east-1,151.08,normal
2026-04-22,staging,AmazonEC2,us-east-1,135.59,normal
2026-04-22,staging,AmazonEKS,us-east-1,15.26,normal
2026-04-22,staging,AmazonRDS,us-east-1,94.33,anomaly
2026-04-22,dev,AWSLambda,us-east-1,166.22,normal
2026-04-22,dev,AmazonEC2,us-east-1,178.16,normal
2026-04-22,dev,AmazonRDS,us-east-1,70.02,normal
2026-04-22,data-analytics,AmazonAthena,us-east-1,95.2,normal
2026-04-22,data-analytics,AmazonDynamoDB,us-east-1,556.74,normal
2026-04-22,data-analytics,AmazonES,us-west-2,125.07,normal
2026-04-22,data-analytics,AmazonMSK,us-east-1,147.64,normal
2026-04-22,data-analytics,AmazonS3,us-east-1,701.0,normal
2026-04-22,ml-research,AmazonEC2,us-east-1,601.25,normal
2026-04-22,ml-research,AmazonS3,us-east-1,237.26,normal
2026-04-22,ml-research,AmazonSageMaker,us-east-1,47.03,normal
2026-04-23,prod-core,AWSDataTransfer,us-east-1,559.68,normal
2026-04-23,prod-core,AWSELB,us-east-1,33.43,normal
2026-04-23,prod-core,AmazonCloudWatch,us-east-1,358.3,normal
2026-04-23,prod-core,AmazonEC2,us-east-1,598.59,normal
2026-04-23,prod-core,AmazonEKS,us-east-1,23.85,normal
2026-04-23,prod-core,AmazonElastiCache,us-east-1,89.38,normal
2026-04-23,prod-core,AmazonRDS,us-east-1,314.76,normal
2026-04-23,prod-core,AmazonS3,us-east-1,525.44,normal
2026-04-23,prod-core,AmazonVPC,us-east-1,17.85,normal
2026-04-23,prod-payments,AWSDataTransfer,us-east-1,250.28,normal
2026-04-23,prod-payments,AmazonDynamoDB,us-east-1,431.06,normal
2026-04-23,prod-payments,AmazonEC2,us-east-1,545.71,normal
2026-04-23,prod-payments,AmazonKinesis,us-east-1,32.28,normal
2026-04-23,prod-payments,AmazonRDS,us-east-1,269.66,normal
2026-04-23,prod-payments,awskms,us-east-1,3.92,normal
2026-04-23,staging,AmazonCloudWatch,us-east-1,135.31,normal
2026-04-23,staging,AmazonEC2,us-east-1,125.33,normal
2026-04-23,staging,AmazonEKS,us-east-1,14.52,normal
2026-04-23,staging,AmazonRDS,us-east-1,89.77,anomaly
2026-04-23,dev,AWSLambda,us-east-1,156.62,normal
2026-04-23,dev,AmazonEC2,us-east-1,165.75,normal
2026-04-23,dev,AmazonRDS,us-east-1,65.74,normal
2026-04-23,data-analytics,AmazonAthena,us-east-1,83.5,normal
2026-04-23,data-analytics,AmazonDynamoDB,us-east-1,537.94,normal
2026-04-23,data-analytics,AmazonES,us-west-2,115.14,normal
2026-04-23,data-analytics,AmazonMSK,us-east-1,138.16,normal
2026-04-23,data-analytics,AmazonS3,us-east-1,620.8,normal
2026-04-23,ml-research,AmazonEC2,us-east-1,592.8,normal
2026-04-23,ml-research,AmazonS3,us-east-1,226.16,normal
2026-04-23,ml-research,AmazonSageMaker,us-east-1,44.02,normal
2026-04-24,prod-core,AWSDataTransfer,us-east-1,594.38,normal
2026-04-24,prod-core,AWSELB,us-east-1,34.55,normal
2026-04-24,prod-core,AmazonCloudWatch,us-east-1,370.97,normal
2026-04-24,prod-core,AmazonEC2,us-east-1,623.56,normal
2026-04-24,prod-core,AmazonEKS,us-east-1,24.3,normal
2026-04-24,prod-core,AmazonElastiCache,us-east-1,91.11,normal
2026-04-24,prod-core,AmazonRDS,us-east-1,319.56,normal
2026-04-24,prod-core,AmazonS3,us-east-1,549.98,normal
2026-04-24,prod-core,AmazonVPC,us-east-1,18.26,normal
2026-04-24,prod-payments,AWSDataTransfer,us-east-1,260.1,normal
2026-04-24,prod-payments,AmazonDynamoDB,us-east-1,436.02,normal
2026-04-24,prod-payments,AmazonEC2,us-east-1,562.96,normal
2026-04-24,prod-payments,AmazonKinesis,us-east-1,33.15,normal
2026-04-24,prod-payments,AmazonRDS,us-east-1,283.14,normal
2026-04-24,prod-payments,awskms,us-east-1,4.04,normal
2026-04-24,staging,AmazonCloudWatch,us-east-1,138.04,normal
2026-04-24,staging,AmazonEC2,us-east-1,131.31,normal
2026-04-24,staging,AmazonEKS,us-east-1,15.16,normal
2026-04-24,staging,AmazonRDS,us-east-1,90.62,anomaly
2026-04-24,dev,AWSLambda,us-east-1,167.97,normal
2026-04-24,dev,AmazonEC2,us-east-1,169.05,normal
2026-04-24,dev,AmazonRDS,us-east-1,66.57,normal
2026-04-24,data-analytics,AmazonAthena,us-east-1,88.43,normal
2026-04-24,data-analytics,AmazonDynamoDB,us-east-1,528.04,normal
2026-04-24,data-analytics,AmazonES,us-west-2,118.34,normal
2026-04-24,data-analytics,AmazonMSK,us-east-1,143.64,normal
2026-04-24,data-analytics,AmazonS3,us-east-1,635.92,normal
2026-04-24,ml-research,AmazonEC2,us-east-1,584.51,normal
2026-04-24,ml-research,AmazonS3,us-east-1,222.43,normal
2026-04-24,ml-research,AmazonSageMaker,us-east-1,45.71,normal
2026-04-25,prod-core,AWSDataTransfer,us-east-1,454.34,normal
2026-04-25,prod-core,AWSELB,us-east-1,25.98,normal
2026-04-25,prod-core,AmazonCloudWatch,us-east-1,285.13,normal
2026-04-25,prod-core,AmazonEC2,us-east-1,472.82,normal
2026-04-25,prod-core,AmazonEKS,us-east-1,18.55,normal
2026-04-25,prod-core,AmazonElastiCache,us-east-1,70.1,normal
2026-04-25,prod-core,AmazonRDS,us-east-1,249.99,normal
2026-04-25,prod-core,AmazonS3,us-east-1,412.41,normal
2026-04-25,prod-core,AmazonVPC,us-east-1,13.91,normal
2026-04-25,prod-payments,AWSDataTransfer,us-east-1,200.58,normal
2026-04-25,prod-payments,AmazonDynamoDB,us-east-1,344.87,normal
2026-04-25,prod-payments,AmazonEC2,us-east-1,448.64,normal
2026-04-25,prod-payments,AmazonKinesis,us-east-1,25.35,normal
2026-04-25,prod-payments,AmazonRDS,us-east-1,220.86,normal
2026-04-25,prod-payments,awskms,us-east-1,3.06,normal
2026-04-25,staging,AmazonCloudWatch,us-east-1,105.18,normal
2026-04-25,staging,AmazonEC2,us-east-1,49.19,normal
2026-04-25,staging,AmazonEKS,us-east-1,11.33,normal
2026-04-25,staging,AmazonRDS,us-east-1,75.97,anomaly
2026-04-25,dev,AWSLambda,us-east-1,128.65,normal
2026-04-25,dev,AmazonEC2,us-east-1,70.87,normal
2026-04-25,dev,AmazonRDS,us-east-1,51.34,normal
2026-04-25,data-analytics,AmazonAthena,us-east-1,68.08,normal
2026-04-25,data-analytics,AmazonDynamoDB,us-east-1,462.66,normal
2026-04-25,data-analytics,AmazonES,us-west-2,91.01,normal
2026-04-25,data-analytics,AmazonMSK,us-east-1,109.89,normal
2026-04-25,data-analytics,AmazonS3,us-east-1,496.66,normal
2026-04-25,ml-research,AmazonEC2,us-east-1,454.76,normal
2026-04-25,ml-research,AmazonS3,us-east-1,177.88,normal
2026-04-25,ml-research,AmazonSageMaker,us-east-1,34.73,normal
2026-04-26,prod-core,AWSDataTransfer,us-east-1,497.1,normal
2026-04-26,prod-core,AWSELB,us-east-1,28.5,normal
2026-04-26,prod-core,AmazonCloudWatch,us-east-1,311.35,normal
2026-04-26,prod-core,AmazonEC2,us-east-1,516.89,normal
2026-04-26,prod-core,AmazonEKS,us-east-1,20.42,normal
2026-04-26,prod-core,AmazonElastiCache,us-east-1,76.66,normal
2026-04-26,prod-core,AmazonRDS,us-east-1,270.21,normal
2026-04-26,prod-core,AmazonS3,us-east-1,442.24,normal
2026-04-26,prod-core,AmazonVPC,us-east-1,15.54,normal
2026-04-26,prod-payments,AWSDataTransfer,us-east-1,221.27,normal
2026-04-26,prod-payments,AmazonDynamoDB,us-east-1,373.79,normal
2026-04-26,prod-payments,AmazonEC2,us-east-1,483.07,normal
2026-04-26,prod-payments,AmazonKinesis,us-east-1,27.77,normal
2026-04-26,prod-payments,AmazonRDS,us-east-1,238.42,normal
2026-04-26,prod-payments,awskms,us-east-1,3.34,normal
2026-04-26,staging,AmazonCloudWatch,us-east-1,121.02,normal
2026-04-26,staging,AmazonEC2,us-east-1,54.36,normal
2026-04-26,staging,AmazonEKS,us-east-1,12.57,normal
2026-04-26,staging,AmazonRDS,us-east-1,80.02,anomaly
2026-04-26,dev,AWSLambda,us-east-1,139.36,normal
2026-04-26,dev,AmazonEC2,us-east-1,75.84,normal
2026-04-26,dev,AmazonRDS,us-east-1,56.73,normal
2026-04-26,data-analytics,AmazonAthena,us-east-1,75.7,normal
2026-04-26,data-analytics,AmazonDynamoDB,us-east-1,480.31,normal
2026-04-26,data-analytics,AmazonES,us-west-2,99.28,normal
2026-04-26,data-analytics,AmazonMSK,us-east-1,117.85,normal
2026-04-26,data-analytics,AmazonS3,us-east-1,546.17,normal
2026-04-26,ml-research,AmazonEC2,us-east-1,92.09,normal
2026-04-26,ml-research,AmazonS3,us-east-1,182.41,normal
2026-04-26,ml-research,AmazonSageMaker,us-east-1,37.81,normal
2026-04-27,prod-core,AWSDataTransfer,us-east-1,569.12,normal
2026-04-27,prod-core,AWSELB,us-east-1,33.14,normal
2026-04-27,prod-core,AmazonCloudWatch,us-east-1,364.84,normal
2026-04-27,prod-core,AmazonEC2,us-east-1,595.21,normal
2026-04-27,prod-core,AmazonEKS,us-east-1,23.05,normal
2026-04-27,prod-core,AmazonElastiCache,us-east-1,89.74,normal
2026-04-27,prod-core,AmazonRDS,us-east-1,316.1,normal
2026-04-27,prod-core,AmazonS3,us-east-1,500.37,normal
2026-04-27,prod-core,AmazonVPC,us-east-1,17.76,normal
2026-04-27,prod-payments,AWSDataTransfer,us-east-1,245.49,normal
2026-04-27,prod-payments,AmazonDynamoDB,us-east-1,435.07,normal
2026-04-27,prod-payments,AmazonEC2,us-east-1,545.91,normal
2026-04-27,prod-payments,AmazonKinesis,us-east-1,32.11,normal
2026-04-27,prod-payments,AmazonRDS,us-east-1,270.01,normal
2026-04-27,prod-payments,awskms,us-east-1,3.92,normal
2026-04-27,staging,AmazonCloudWatch,us-east-1,139.66,normal
2026-04-27,staging,AmazonEC2,us-east-1,126.24,normal
2026-04-27,staging,AmazonEKS,us-east-1,14.61,normal
2026-04-27,staging,AmazonRDS,us-east-1,89.5,anomaly
2026-04-27,dev,AWSLambda,us-east-1,154.47,normal
2026-04-27,dev,AmazonEC2,us-east-1,164.4,normal
2026-04-27,dev,AmazonRDS,us-east-1,65.03,normal
2026-04-27,data-analytics,AmazonAthena,us-east-1,84.59,normal
2026-04-27,data-analytics,AmazonDynamoDB,us-east-1,523.88,normal
2026-04-27,data-analytics,AmazonES,us-west-2,113.96,normal
2026-04-27,data-analytics,AmazonMSK,us-east-1,136.43,normal
2026-04-27,data-analytics,AmazonS3,us-east-1,606.85,normal
2026-04-27,ml-research,AmazonEC2,us-east-1,216.16,normal
2026-04-27,ml-research,AmazonS3,us-east-1,225.2,normal
2026-04-27,ml-research,AmazonSageMaker,us-east-1,43.85,normal
2026-04-28,prod-core,AWSDataTransfer,us-east-1,586.59,normal
2026-04-28,prod-core,AWSELB,us-east-1,35.44,normal
2026-04-28,prod-core,AmazonCloudWatch,us-east-1,411.12,normal
2026-04-28,prod-core,AmazonEC2,us-east-1,651.06,normal
2026-04-28,prod-core,AmazonEKS,us-east-1,25.79,normal
2026-04-28,prod-core,AmazonElastiCache,us-east-1,96.77,normal
2026-04-28,prod-core,AmazonRDS,us-east-1,342.44,normal
2026-04-28,prod-core,AmazonS3,us-east-1,556.23,normal
2026-04-28,prod-core,AmazonVPC,us-east-1,19.1,normal
2026-04-28,prod-payments,AWSDataTransfer,us-east-1,274.38,normal
2026-04-28,prod-payments,AmazonDynamoDB,us-east-1,458.17,normal
2026-04-28,prod-payments,AmazonEC2,us-east-1,571.58,normal
2026-04-28,prod-payments,AmazonKinesis,us-east-1,34.82,normal
2026-04-28,prod-payments,AmazonRDS,us-east-1,289.52,normal
2026-04-28,prod-payments,awskms,us-east-1,4.28,normal
2026-04-28,staging,AmazonCloudWatch,us-east-1,147.66,normal
2026-04-28,staging,AmazonEC2,us-east-1,135.85,normal
2026-04-28,staging,AmazonEKS,us-east-1,15.9,normal
2026-04-28,staging,AmazonRDS,us-east-1,91.62,anomaly
2026-04-28,dev,AWSLambda,us-east-1,166.98,normal
2026-04-28,dev,AmazonCloudWatch,us-east-1,263.78,anomaly
2026-04-28,dev,AmazonEC2,us-east-1,178.88,normal
2026-04-28,dev,AmazonRDS,us-east-1,70.7,normal
2026-04-28,data-analytics,AmazonAthena,us-east-1,89.73,normal
2026-04-28,data-analytics,AmazonDynamoDB,us-east-1,551.42,normal
2026-04-28,data-analytics,AmazonES,us-west-2,123.16,normal
2026-04-28,data-analytics,AmazonMSK,us-east-1,148.97,normal
2026-04-28,data-analytics,AmazonS3,us-east-1,681.79,normal
2026-04-28,ml-research,AmazonEC2,us-east-1,231.48,normal
2026-04-28,ml-research,AmazonS3,us-east-1,239.05,normal
2026-04-28,ml-research,AmazonSageMaker,us-east-1,46.99,normal
2026-04-29,prod-core,AWSDataTransfer,us-east-1,629.44,normal
2026-04-29,prod-core,AWSELB,us-east-1,35.81,normal
2026-04-29,prod-core,AmazonCloudWatch,us-east-1,403.68,normal
2026-04-29,prod-core,AmazonEC2,us-east-1,648.54,normal
2026-04-29,prod-core,AmazonEKS,us-east-1,25.44,normal
2026-04-29,prod-core,AmazonElastiCache,us-east-1,96.18,normal
2026-04-29,prod-core,AmazonRDS,us-east-1,330.75,normal
2026-04-29,prod-core,AmazonS3,us-east-1,544.23,normal
2026-04-29,prod-core,AmazonVPC,us-east-1,18.97,normal
2026-04-29,prod-payments,AWSDataTransfer,us-east-1,272.15,normal
2026-04-29,prod-payments,AmazonDynamoDB,us-east-1,437.25,normal
2026-04-29,prod-payments,AmazonEC2,us-east-1,561.92,normal
2026-04-29,prod-payments,AmazonKinesis,us-east-1,34.47,normal
2026-04-29,prod-payments,AmazonRDS,us-east-1,302.85,normal
2026-04-29,prod-payments,awskms,us-east-1,4.21,normal
2026-04-29,staging,AmazonCloudWatch,us-east-1,146.53,normal
2026-04-29,staging,AmazonEC2,us-east-1,134.21,normal
2026-04-29,staging,AmazonEKS,us-east-1,15.48,normal
2026-04-29,staging,AmazonRDS,us-east-1,92.78,anomaly
2026-04-29,dev,AWSLambda,us-east-1,172.75,normal
2026-04-29,dev,AmazonCloudWatch,us-east-1,272.74,anomaly
2026-04-29,dev,AmazonEC2,us-east-1,176.31,normal
2026-04-29,dev,AmazonRDS,us-east-1,70.12,normal
2026-04-29,data-analytics,AmazonAthena,us-east-1,91.62,normal
2026-04-29,data-analytics,AmazonDynamoDB,us-east-1,565.48,normal
2026-04-29,data-analytics,AmazonES,us-west-2,125.0,normal
2026-04-29,data-analytics,AmazonMSK,us-east-1,148.17,normal
2026-04-29,data-analytics,AmazonS3,us-east-1,659.68,normal
2026-04-29,ml-research,AmazonEC2,us-east-1,228.48,normal
2026-04-29,ml-research,AmazonS3,us-east-1,234.11,normal
2026-04-29,ml-research,AmazonSageMaker,us-east-1,47.38,normal
2026-04-30,prod-core,AWSDataTransfer,us-east-1,613.13,normal
2026-04-30,prod-core,AWSELB,us-east-1,36.55,normal
2026-04-30,prod-core,AmazonCloudWatch,us-east-1,421.23,normal
2026-04-30,prod-core,AmazonEC2,us-east-1,661.66,normal
2026-04-30,prod-core,AmazonEKS,us-east-1,26.34,normal
2026-04-30,prod-core,AmazonElastiCache,us-east-1,100.71,normal
2026-04-30,prod-core,AmazonRDS,us-east-1,344.43,normal
2026-04-30,prod-core,AmazonS3,us-east-1,574.54,normal
2026-04-30,prod-core,AmazonVPC,us-east-1,19.73,normal
2026-04-30,prod-payments,AWSDataTransfer,us-east-1,274.53,normal
2026-04-30,prod-payments,AmazonDynamoDB,us-east-1,449.58,normal
2026-04-30,prod-payments,AmazonEC2,us-east-1,571.67,normal
2026-04-30,prod-payments,AmazonKinesis,us-east-1,35.13,normal
2026-04-30,prod-payments,AmazonRDS,us-east-1,296.81,normal
2026-04-30,prod-payments,awskms,us-east-1,4.32,normal
2026-04-30,staging,AmazonCloudWatch,us-east-1,152.1,normal
2026-04-30,staging,AmazonEC2,us-east-1,139.5,normal
2026-04-30,staging,AmazonEKS,us-east-1,16.3,normal
2026-04-30,staging,AmazonRDS,us-east-1,94.19,anomaly
2026-04-30,dev,AWSLambda,us-east-1,176.82,normal
2026-04-30,dev,AmazonCloudWatch,us-east-1,246.92,anomaly
2026-04-30,dev,AmazonEC2,us-east-1,180.18,normal
2026-04-30,dev,AmazonRDS,us-east-1,71.1,normal
2026-04-30,data-analytics,AmazonAthena,us-east-1,97.53,normal
2026-04-30,data-analytics,AmazonDynamoDB,us-east-1,557.47,normal
2026-04-30,data-analytics,AmazonES,us-west-2,126.92,normal
2026-04-30,data-analytics,AmazonMSK,us-east-1,154.15,normal
2026-04-30,data-analytics,AmazonS3,us-east-1,675.64,normal
2026-04-30,ml-research,AmazonEC2,us-east-1,235.65,normal
2026-04-30,ml-research,AmazonS3,us-east-1,243.18,normal
2026-04-30,ml-research,AmazonSageMaker,us-east-1,47.78,normal
2026-05-01,prod-core,AWSDataTransfer,us-east-1,554.55,normal
2026-05-01,prod-core,AWSELB,us-east-1,32.53,normal
2026-05-01,prod-core,AmazonCloudWatch,us-east-1,362.64,normal
2026-05-01,prod-core,AmazonEC2,us-east-1,592.47,normal
2026-05-01,prod-core,AmazonEKS,us-east-1,23.33,normal
2026-05-01,prod-core,AmazonElastiCache,us-east-1,89.25,normal
2026-05-01,prod-core,AmazonRDS,us-east-1,314.49,normal
2026-05-01,prod-core,AmazonS3,us-east-1,530.93,normal
2026-05-01,prod-core,AmazonVPC,us-east-1,17.71,normal
2026-05-01,prod-payments,AWSDataTransfer,us-east-1,256.25,normal
2026-05-01,prod-payments,AmazonDynamoDB,us-east-1,426.37,normal
2026-05-01,prod-payments,AmazonEC2,us-east-1,531.44,normal
2026-05-01,prod-payments,AmazonKinesis,us-east-1,31.84,normal
2026-05-01,prod-payments,AmazonRDS,us-east-1,267.23,normal
2026-05-01,prod-payments,awskms,us-east-1,3.9,normal
2026-05-01,staging,AmazonCloudWatch,us-east-1,139.79,normal
2026-05-01,staging,AmazonEC2,us-east-1,124.95,normal
2026-05-01,staging,AmazonEKS,us-east-1,14.72,normal
2026-05-01,staging,AmazonRDS,us-east-1,87.68,anomaly
2026-05-01,dev,AWSLambda,us-east-1,156.55,normal
2026-05-01,dev,AmazonCloudWatch,us-east-1,274.46,anomaly
2026-05-01,dev,AmazonEC2,us-east-1,164.02,normal
2026-05-01,dev,AmazonRDS,us-east-1,64.71,normal
2026-05-01,data-analytics,AmazonAthena,us-east-1,83.02,normal
2026-05-01,data-analytics,AmazonDynamoDB,us-east-1,605.42,normal
2026-05-01,data-analytics,AmazonES,us-west-2,114.33,normal
2026-05-01,data-analytics,AmazonMSK,us-east-1,136.55,normal
2026-05-01,data-analytics,AmazonS3,us-east-1,609.59,normal
2026-05-01,ml-research,AmazonEC2,us-east-1,216.82,normal
2026-05-01,ml-research,AmazonS3,us-east-1,218.09,normal
2026-05-01,ml-research,AmazonSageMaker,us-east-1,43.41,normal
2026-05-02,prod-core,AWSDataTransfer,us-east-1,468.26,normal
2026-05-02,prod-core,AWSELB,us-east-1,27.49,normal
2026-05-02,prod-core,AmazonCloudWatch,us-east-1,312.07,normal
2026-05-02,prod-core,AmazonEC2,us-east-1,505.05,normal
2026-05-02,prod-core,AmazonEKS,us-east-1,19.77,normal
2026-05-02,prod-core,AmazonElastiCache,us-east-1,74.85,normal
2026-05-02,prod-core,AmazonRDS,us-east-1,263.21,normal
2026-05-02,prod-core,AmazonS3,us-east-1,448.13,normal
2026-05-02,prod-core,AmazonVPC,us-east-1,14.78,normal
2026-05-02,prod-payments,AWSDataTransfer,us-east-1,215.43,normal
2026-05-02,prod-payments,AmazonDynamoDB,us-east-1,361.53,normal
2026-05-02,prod-payments,AmazonEC2,us-east-1,469.37,normal
2026-05-02,prod-payments,AmazonKinesis,us-east-1,26.9,normal
2026-05-02,prod-payments,AmazonRDS,us-east-1,226.11,normal
2026-05-02,prod-payments,awskms,us-east-1,3.28,normal
2026-05-02,staging,AmazonCloudWatch,us-east-1,117.28,normal
2026-05-02,staging,AmazonEC2,us-east-1,53.26,normal
2026-05-02,staging,AmazonEKS,us-east-1,12.28,normal
2026-05-02,staging,AmazonRDS,us-east-1,79.76,anomaly
2026-05-02,dev,AWSLambda,us-east-1,131.02,normal
2026-05-02,dev,AmazonCloudWatch,us-east-1,251.1,anomaly
2026-05-02,dev,AmazonEC2,us-east-1,74.76,normal
2026-05-02,dev,AmazonRDS,us-east-1,54.54,normal
2026-05-02,data-analytics,AmazonAthena,us-east-1,70.29,normal
2026-05-02,data-analytics,AmazonDynamoDB,us-east-1,541.23,normal
2026-05-02,data-analytics,AmazonES,us-west-2,96.36,normal
2026-05-02,data-analytics,AmazonMSK,us-east-1,116.15,normal
2026-05-02,data-analytics,AmazonS3,us-east-1,520.7,normal
2026-05-02,ml-research,AmazonEC2,us-east-1,91.05,normal
2026-05-02,ml-research,AmazonS3,us-east-1,187.16,normal
2026-05-02,ml-research,AmazonSageMaker,us-east-1,36.97,normal
2026-05-03,prod-core,AWSDataTransfer,us-east-1,484.53,normal
2026-05-03,prod-core,AWSELB,us-east-1,27.87,normal
2026-05-03,prod-core,AmazonCloudWatch,us-east-1,312.88,normal
2026-05-03,prod-core,AmazonEC2,us-east-1,503.44,normal
2026-05-03,prod-core,AmazonEKS,us-east-1,19.66,normal
2026-05-03,prod-core,AmazonElastiCache,us-east-1,76.86,normal
2026-05-03,prod-core,AmazonRDS,us-east-1,264.56,normal
2026-05-03,prod-core,AmazonS3,us-east-1,425.27,normal
2026-05-03,prod-core,AmazonVPC,us-east-1,15.13,normal
2026-05-03,prod-payments,AWSDataTransfer,us-east-1,203.06,normal
2026-05-03,prod-payments,AmazonDynamoDB,us-east-1,354.79,normal
2026-05-03,prod-payments,AmazonEC2,us-east-1,479.82,normal
2026-05-03,prod-payments,AmazonKinesis,us-east-1,26.96,normal
2026-05-03,prod-payments,AmazonRDS,us-east-1,236.79,normal
2026-05-03,prod-payments,awskms,us-east-1,3.3,normal
2026-05-03,staging,AmazonCloudWatch,us-east-1,115.77,normal
2026-05-03,staging,AmazonEC2,us-east-1,53.2,normal
2026-05-03,staging,AmazonEKS,us-east-1,12.74,normal
2026-05-03,staging,AmazonRDS,us-east-1,78.5,anomaly
2026-05-03,dev,AWSLambda,us-east-1,131.73,normal
2026-05-03,dev,AmazonCloudWatch,us-east-1,260.74,anomaly
2026-05-03,dev,AmazonEC2,us-east-1,75.04,normal
2026-05-03,dev,AmazonRDS,us-east-1,54.56,normal
2026-05-03,data-analytics,AmazonAthena,us-east-1,73.82,normal
2026-05-03,data-analytics,AmazonDynamoDB,us-east-1,559.62,normal
2026-05-03,data-analytics,AmazonES,us-west-2,96.35,normal
2026-05-03,data-analytics,AmazonMSK,us-east-1,115.82,normal
2026-05-03,data-analytics,AmazonS3,us-east-1,522.26,normal
2026-05-03,ml-research,AmazonEC2,us-east-1,91.74,normal
2026-05-03,ml-research,AmazonS3,us-east-1,176.64,normal
2026-05-03,ml-research,AmazonSageMaker,us-east-1,36.64,normal
2026-05-04,prod-core,AWSDataTransfer,us-east-1,582.41,normal
2026-05-04,prod-core,AWSELB,us-east-1,34.36,normal
2026-05-04,prod-core,AmazonCloudWatch,us-east-1,380.08,normal
2026-05-04,prod-core,AmazonEC2,us-east-1,609.3,normal
2026-05-04,prod-core,AmazonEKS,us-east-1,23.44,normal
2026-05-04,prod-core,AmazonElastiCache,us-east-1,91.85,normal
2026-05-04,prod-core,AmazonRDS,us-east-1,313.89,normal
2026-05-04,prod-core,AmazonS3,us-east-1,547.88,normal
2026-05-04,prod-core,AmazonVPC,us-east-1,18.05,normal
2026-05-04,prod-payments,AWSDataTransfer,us-east-1,262.79,normal
2026-05-04,prod-payments,AmazonDynamoDB,us-east-1,416.34,normal
2026-05-04,prod-payments,AmazonEC2,us-east-1,540.62,normal
2026-05-04,prod-payments,AmazonKinesis,us-east-1,32.5,normal
2026-05-04,prod-payments,AmazonRDS,us-east-1,275.06,normal
2026-05-04,prod-payments,awskms,us-east-1,4.0,normal
2026-05-04,staging,AmazonCloudWatch,us-east-1,142.2,normal
2026-05-04,staging,AmazonEC2,us-east-1,127.07,normal
2026-05-04,staging,AmazonEKS,us-east-1,14.8,normal
2026-05-04,staging,AmazonRDS,us-east-1,89.04,anomaly
2026-05-04,dev,AWSLambda,us-east-1,157.01,normal
2026-05-04,dev,AmazonCloudWatch,us-east-1,269.24,anomaly
2026-05-04,dev,AmazonEC2,us-east-1,166.79,normal
2026-05-04,dev,AmazonRDS,us-east-1,65.66,normal
2026-05-04,data-analytics,AmazonAthena,us-east-1,90.95,normal
2026-05-04,data-analytics,AmazonDynamoDB,us-east-1,588.85,normal
2026-05-04,data-analytics,AmazonES,us-west-2,116.37,normal
2026-05-04,data-analytics,AmazonMSK,us-east-1,142.56,normal
2026-05-04,data-analytics,AmazonS3,us-east-1,630.82,normal
2026-05-04,ml-research,AmazonEC2,us-east-1,218.34,normal
2026-05-04,ml-research,AmazonS3,us-east-1,221.24,normal
2026-05-04,ml-research,AmazonSageMaker,us-east-1,44.03,normal
2026-05-05,prod-core,AWSDataTransfer,us-east-1,552.85,normal
2026-05-05,prod-core,AWSELB,us-east-1,31.82,normal
2026-05-05,prod-core,AmazonCloudWatch,us-east-1,358.44,normal
2026-05-05,prod-core,AmazonEC2,us-east-1,589.09,normal
2026-05-05,prod-core,AmazonEKS,us-east-1,23.76,normal
2026-05-05,prod-core,AmazonElastiCache,us-east-1,87.3,normal
2026-05-05,prod-core,AmazonRDS,us-east-1,302.36,normal
2026-05-05,prod-core,AmazonS3,us-east-1,499.53,normal
2026-05-05,prod-core,AmazonVPC,us-east-1,17.55,normal
2026-05-05,prod-payments,AWSDataTransfer,us-east-1,238.49,normal
2026-05-05,prod-payments,AmazonDynamoDB,us-east-1,407.81,normal
2026-05-05,prod-payments,AmazonEC2,us-east-1,523.3,normal
2026-05-05,prod-payments,AmazonKinesis,us-east-1,31.3,normal
2026-05-05,prod-payments,AmazonRDS,us-east-1,266.92,normal
2026-05-05,prod-payments,awskms,us-east-1,3.84,normal
2026-05-05,staging,AmazonCloudWatch,us-east-1,135.55,normal
2026-05-05,staging,AmazonEC2,us-east-1,123.99,normal
2026-05-05,staging,AmazonEKS,us-east-1,14.63,normal
2026-05-05,staging,AmazonRDS,us-east-1,87.56,anomaly
2026-05-05,dev,AWSLambda,us-east-1,152.14,normal
2026-05-05,dev,AmazonEC2,us-east-1,161.38,normal
2026-05-05,dev,AmazonRDS,us-east-1,63.31,normal
2026-05-05,data-analytics,AmazonAthena,us-east-1,82.94,normal
2026-05-05,data-analytics,AmazonDynamoDB,us-east-1,585.46,normal
2026-05-05,data-analytics,AmazonES,us-west-2,111.38,normal
2026-05-05,data-analytics,AmazonMSK,us-east-1,136.05,normal
2026-05-05,data-analytics,AmazonS3,us-east-1,595.03,normal
2026-05-05,ml-research,AmazonEC2,us-east-1,212.1,normal
2026-05-05,ml-research,AmazonS3,us-east-1,212.72,normal
2026-05-05,ml-research,AmazonSageMaker,us-east-1,42.46,normal
2026-05-06,prod-core,AWSDataTransfer,us-east-1,564.4,normal
2026-05-06,prod-core,AWSELB,us-east-1,34.4,normal
2026-05-06,prod-core,AmazonCloudWatch,us-east-1,369.61,normal
2026-05-06,prod-core,AmazonEC2,us-east-1,617.59,normal
2026-05-06,prod-core,AmazonEKS,us-east-1,24.27,normal
2026-05-06,prod-core,AmazonElastiCache,us-east-1,92.87,normal
2026-05-06,prod-core,AmazonRDS,us-east-1,316.23,normal
2026-05-06,prod-core,AmazonS3,us-east-1,541.27,normal
2026-05-06,prod-core,AmazonVPC,us-east-1,18.56,normal
2026-05-06,prod-payments,AWSDataTransfer,us-east-1,247.49,normal
2026-05-06,prod-payments,AmazonDynamoDB,us-east-1,419.14,normal
2026-05-06,prod-payments,AmazonEC2,us-east-1,549.01,normal
2026-05-06,prod-payments,AmazonKinesis,us-east-1,32.7,normal
2026-05-06,prod-payments,AmazonRDS,us-east-1,279.84,normal
2026-05-06,prod-payments,awskms,us-east-1,4.0,normal
2026-05-06,staging,AmazonCloudWatch,us-east-1,134.28,normal
2026-05-06,staging,AmazonEC2,us-east-1,619.56,normal
2026-05-06,staging,AmazonEKS,us-east-1,14.59,normal
2026-05-06,staging,AmazonRDS,us-east-1,92.92,anomaly
2026-05-06,dev,AWSLambda,us-east-1,167.88,normal
2026-05-06,dev,AmazonEC2,us-east-1,168.9,normal
2026-05-06,dev,AmazonRDS,us-east-1,66.87,normal
2026-05-06,data-analytics,AmazonAthena,us-east-1,88.5,normal
2026-05-06,data-analytics,AmazonDynamoDB,us-east-1,606.02,normal
2026-05-06,data-analytics,AmazonES,us-west-2,117.99,normal
2026-05-06,data-analytics,AmazonMSK,us-east-1,140.3,normal
2026-05-06,data-analytics,AmazonS3,us-east-1,648.0,normal
2026-05-06,ml-research,AmazonEC2,us-east-1,220.56,normal
2026-05-06,ml-research,AmazonS3,us-east-1,219.05,normal
2026-05-06,ml-research,AmazonSageMaker,us-east-1,45.28,normal
2026-05-07,prod-core,AWSDataTransfer,us-east-1,531.24,normal
2026-05-07,prod-core,AWSELB,us-east-1,31.45,normal
2026-05-07,prod-core,AmazonCloudWatch,us-east-1,356.79,normal
2026-05-07,prod-core,AmazonEC2,us-east-1,576.31,normal
2026-05-07,prod-core,AmazonEKS,us-east-1,22.19,normal
2026-05-07,prod-core,AmazonElastiCache,us-east-1,85.13,normal
2026-05-07,prod-core,AmazonRDS,us-east-1,298.6,normal
2026-05-07,prod-core,AmazonS3,us-east-1,516.5,normal
2026-05-07,prod-core,AmazonVPC,us-east-1,16.84,normal
2026-05-07,prod-payments,AWSDataTransfer,us-east-1,243.0,normal
2026-05-07,prod-payments,AmazonDynamoDB,us-east-1,416.09,normal
2026-05-07,prod-payments,AmazonEC2,us-east-1,525.48,normal
2026-05-07,prod-payments,AmazonKinesis,us-east-1,30.85,normal
2026-05-07,prod-payments,AmazonRDS,us-east-1,265.5,normal
2026-05-07,prod-payments,awskms,us-east-1,3.74,normal
2026-05-07,staging,AmazonCloudWatch,us-east-1,125.19,normal
2026-05-07,staging,AmazonEC2,us-east-1,605.37,normal
2026-05-07,staging,AmazonEKS,us-east-1,13.83,normal
2026-05-07,staging,AmazonRDS,us-east-1,83.82,anomaly
2026-05-07,dev,AWSLambda,us-east-1,155.7,normal
2026-05-07,dev,AmazonEC2,us-east-1,157.86,normal
2026-05-07,dev,AmazonRDS,us-east-1,62.62,normal
2026-05-07,data-analytics,AmazonAthena,us-east-1,84.27,normal
2026-05-07,data-analytics,AmazonDynamoDB,us-east-1,577.02,normal
2026-05-07,data-analytics,AmazonES,us-west-2,109.92,normal
2026-05-07,data-analytics,AmazonMSK,us-east-1,131.03,normal
2026-05-07,data-analytics,AmazonS3,us-east-1,607.98,normal
2026-05-07,ml-research,AmazonEC2,us-east-1,207.15,normal
2026-05-07,ml-research,AmazonS3,us-east-1,216.05,normal
2026-05-07,ml-research,AmazonSageMaker,us-east-1,41.52,normal
2026-05-08,prod-core,AWSDataTransfer,us-east-1,535.94,normal
2026-05-08,prod-core,AWSELB,us-east-1,31.09,normal
2026-05-08,prod-core,AmazonCloudWatch,us-east-1,352.96,normal
2026-05-08,prod-core,AmazonEC2,us-east-1,574.2,normal
2026-05-08,prod-core,AmazonEKS,us-east-1,21.99,normal
2026-05-08,prod-core,AmazonElastiCache,us-east-1,85.62,normal
2026-05-08,prod-core,AmazonRDS,us-east-1,300.35,normal
2026-05-08,prod-core,AmazonS3,us-east-1,496.55,normal
2026-05-08,prod-core,AmazonVPC,us-east-1,16.94,normal
2026-05-08,prod-payments,AWSDataTransfer,us-east-1,237.23,normal
2026-05-08,prod-payments,AmazonDynamoDB,us-east-1,413.48,normal
2026-05-08,prod-payments,AmazonEC2,us-east-1,517.44,normal
2026-05-08,prod-payments,AmazonKinesis,us-east-1,30.43,normal
2026-05-08,prod-payments,AmazonRDS,us-east-1,259.58,normal
2026-05-08,prod-payments,awskms,us-east-1,3.72,normal
2026-05-08,staging,AmazonCloudWatch,us-east-1,133.16,normal
2026-05-08,staging,AmazonEC2,us-east-1,119.6,normal
2026-05-08,staging,AmazonEKS,us-east-1,13.81,normal
2026-05-08,staging,AmazonRDS,us-east-1,86.21,anomaly
2026-05-08,dev,AWSLambda,us-east-1,152.38,normal
2026-05-08,dev,AmazonEC2,us-east-1,157.05,normal
2026-05-08,dev,AmazonRDS,us-east-1,61.28,normal
2026-05-08,data-analytics,AmazonAthena,us-east-1,79.48,normal
2026-05-08,data-analytics,AmazonDynamoDB,us-east-1,585.37,normal
2026-05-08,data-analytics,AmazonES,us-west-2,108.57,normal
2026-05-08,data-analytics,AmazonMSK,us-east-1,129.35,normal
2026-05-08,data-analytics,AmazonS3,us-east-1,571.79,normal
2026-05-08,ml-research,AmazonEC2,us-east-1,205.27,normal
2026-05-08,ml-research,AmazonS3,us-east-1,205.98,normal
2026-05-08,ml-research,AmazonSageMaker,us-east-1,42.39,normal
2026-05-09,prod-core,AWSDataTransfer,us-east-1,407.89,normal
2026-05-09,prod-core,AWSELB,us-east-1,23.58,normal
2026-05-09,prod-core,AmazonCloudWatch,us-east-1,263.88,normal
2026-05-09,prod-core,AmazonEC2,us-east-1,427.41,normal
2026-05-09,prod-core,AmazonEKS,us-east-1,16.53,normal
2026-05-09,prod-core,AmazonElastiCache,us-east-1,62.99,normal
2026-05-09,prod-core,AmazonRDS,us-east-1,220.94,normal
2026-05-09,prod-core,AmazonS3,us-east-1,373.01,normal
2026-05-09,prod-core,AmazonVPC,us-east-1,12.56,normal
2026-05-09,prod-payments,AWSDataTransfer,us-east-1,183.08,normal
2026-05-09,prod-payments,AmazonDynamoDB,us-east-1,302.95,normal
2026-05-09,prod-payments,AmazonEC2,us-east-1,415.66,normal
2026-05-09,prod-payments,AmazonKinesis,us-east-1,22.73,normal
2026-05-09,prod-payments,AmazonRDS,us-east-1,193.49,normal
2026-05-09,prod-payments,awskms,us-east-1,2.76,normal
2026-05-09,staging,AmazonCloudWatch,us-east-1,92.41,normal
2026-05-09,staging,AmazonEC2,us-east-1,44.3,normal
2026-05-09,staging,AmazonEKS,us-east-1,10.3,normal
2026-05-09,staging,AmazonRDS,us-east-1,71.37,anomaly
2026-05-09,dev,AWSLambda,us-east-1,108.3,normal
2026-05-09,dev,AmazonEC2,us-east-1,64.14,normal
2026-05-09,dev,AmazonRDS,us-east-1,45.99,normal
2026-05-09,data-analytics,AmazonAthena,us-east-1,60.76,normal
2026-05-09,data-analytics,AmazonDynamoDB,us-east-1,500.97,normal
2026-05-09,data-analytics,AmazonES,us-west-2,80.88,normal
2026-05-09,data-analytics,AmazonMSK,us-east-1,97.46,normal
2026-05-09,data-analytics,AmazonS3,us-east-1,457.86,normal
2026-05-09,ml-research,AmazonEC2,us-east-1,75.76,normal
2026-05-09,ml-research,AmazonS3,us-east-1,155.98,normal
2026-05-09,ml-research,AmazonSageMaker,us-east-1,30.96,normal
2026-05-10,prod-core,AWSDataTransfer,us-east-1,494.94,normal
2026-05-10,prod-core,AWSELB,us-east-1,29.16,normal
2026-05-10,prod-core,AmazonCloudWatch,us-east-1,315.02,normal
2026-05-10,prod-core,AmazonEC2,us-east-1,530.82,normal
2026-05-10,prod-core,AmazonEKS,us-east-1,20.37,normal
2026-05-10,prod-core,AmazonElastiCache,us-east-1,77.91,normal
2026-05-10,prod-core,AmazonRDS,us-east-1,274.75,normal
2026-05-10,prod-core,AmazonS3,us-east-1,452.78,normal
2026-05-10,prod-core,AmazonVPC,us-east-1,15.48,normal
2026-05-10,prod-payments,AWSDataTransfer,us-east-1,220.72,normal
2026-05-10,prod-payments,AmazonDynamoDB,us-east-1,368.06,normal
2026-05-10,prod-payments,AmazonEC2,us-east-1,496.11,normal
2026-05-10,prod-payments,AmazonKinesis,us-east-1,28.31,normal
2026-05-10,prod-payments,AmazonRDS,us-east-1,240.23,normal
2026-05-10,prod-payments,awskms,us-east-1,3.44,normal
2026-05-10,staging,AmazonCloudWatch,us-east-1,121.04,normal
2026-05-10,staging,AmazonEC2,us-east-1,55.7,normal
2026-05-10,staging,AmazonEKS,us-east-1,13.21,normal
2026-05-10,staging,AmazonRDS,us-east-1,82.81,anomaly
2026-05-10,dev,AWSLambda,us-east-1,135.9,normal
2026-05-10,dev,AmazonEC2,us-east-1,78.26,normal
2026-05-10,dev,AmazonRDS,us-east-1,57.18,normal
2026-05-10,data-analytics,AmazonAthena,us-east-1,78.34,normal
2026-05-10,data-analytics,AmazonDynamoDB,us-east-1,568.95,normal
2026-05-10,data-analytics,AmazonES,us-west-2,102.31,normal
2026-05-10,data-analytics,AmazonMSK,us-east-1,121.9,normal
2026-05-10,data-analytics,AmazonS3,us-east-1,540.26,normal
2026-05-10,ml-research,AmazonEC2,us-east-1,95.45,normal
2026-05-10,ml-research,AmazonS3,us-east-1,196.0,normal
2026-05-10,ml-research,AmazonSageMaker,us-east-1,38.43,normal
2026-05-11,prod-core,AWSDataTransfer,us-east-1,580.95,normal
2026-05-11,prod-core,AWSELB,us-east-1,34.86,normal
2026-05-11,prod-core,AmazonCloudWatch,us-east-1,385.43,normal
2026-05-11,prod-core,AmazonEC2,us-east-1,632.42,normal
2026-05-11,prod-core,AmazonEKS,us-east-1,24.61,normal
2026-05-11,prod-core,AmazonElastiCache,us-east-1,95.39,normal
2026-05-11,prod-core,AmazonRDS,us-east-1,331.32,normal
2026-05-11,prod-core,AmazonS3,us-east-1,548.43,normal
2026-05-11,prod-core,AmazonVPC,us-east-1,19.01,normal
2026-05-11,prod-payments,AWSDataTransfer,us-east-1,251.84,normal
2026-05-11,prod-payments,AmazonDynamoDB,us-east-1,442.96,normal
2026-05-11,prod-payments,AmazonEC2,us-east-1,559.47,normal
2026-05-11,prod-payments,AmazonKinesis,us-east-1,33.84,normal
2026-05-11,prod-payments,AmazonRDS,us-east-1,285.59,normal
2026-05-11,prod-payments,awskms,us-east-1,4.12,normal
2026-05-11,staging,AmazonCloudWatch,us-east-1,141.91,normal
2026-05-11,staging,AmazonEC2,us-east-1,135.54,normal
2026-05-11,staging,AmazonEKS,us-east-1,15.39,normal
2026-05-11,staging,AmazonRDS,us-east-1,91.42,anomaly
2026-05-11,dev,AWSLambda,us-east-1,165.86,normal
2026-05-11,dev,AmazonEC2,us-east-1,172.49,normal
2026-05-11,dev,AmazonRDS,us-east-1,67.99,normal
2026-05-11,data-analytics,AmazonAthena,us-east-1,87.61,normal
2026-05-11,data-analytics,AmazonDynamoDB,us-east-1,609.12,normal
2026-05-11,data-analytics,AmazonES,us-west-2,119.72,normal
2026-05-11,data-analytics,AmazonMSK,us-east-1,145.88,normal
2026-05-11,data-analytics,AmazonS3,us-east-1,660.66,normal
2026-05-11,ml-research,AmazonEC2,us-east-1,225.58,normal
2026-05-11,ml-research,AmazonS3,us-east-1,222.88,normal
2026-05-11,ml-research,AmazonSageMaker,us-east-1,45.92,normal
2026-05-12,prod-core,AWSDataTransfer,us-east-1,1074.72,normal
2026-05-12,prod-core,AWSELB,us-east-1,32.5,normal
2026-05-12,prod-core,AmazonCloudWatch,us-east-1,372.96,normal
2026-05-12,prod-core,AmazonEC2,us-east-1,576.9,normal
2026-05-12,prod-core,AmazonEKS,us-east-1,22.55,normal
2026-05-12,prod-core,AmazonElastiCache,us-east-1,85.45,normal
2026-05-12,prod-core,AmazonRDS,us-east-1,305.08,normal
2026-05-12,prod-core,AmazonS3,us-east-1,512.18,normal
2026-05-12,prod-core,AmazonVPC,us-east-1,17.49,normal
2026-05-12,prod-payments,AWSDataTransfer,us-east-1,237.02,normal
2026-05-12,prod-payments,AmazonDynamoDB,us-east-1,419.6,normal
2026-05-12,prod-payments,AmazonEC2,us-east-1,521.28,normal
2026-05-12,prod-payments,AmazonKinesis,us-east-1,31.09,normal
2026-05-12,prod-payments,AmazonRDS,us-east-1,266.71,normal
2026-05-12,prod-payments,awskms,us-east-1,3.81,normal
2026-05-12,staging,AmazonCloudWatch,us-east-1,126.2,normal
2026-05-12,staging,AmazonEC2,us-east-1,121.28,normal
2026-05-12,staging,AmazonEKS,us-east-1,14.18,normal
2026-05-12,staging,AmazonRDS,us-east-1,86.87,anomaly
2026-05-12,dev,AWSLambda,us-east-1,147.64,normal
2026-05-12,dev,AmazonEC2,us-east-1,160.62,normal
2026-05-12,dev,AmazonRDS,us-east-1,64.49,normal
2026-05-12,data-analytics,AmazonAthena,us-east-1,80.14,normal
2026-05-12,data-analytics,AmazonDynamoDB,us-east-1,582.29,normal
2026-05-12,data-analytics,AmazonES,us-west-2,111.97,normal
2026-05-12,data-analytics,AmazonMSK,us-east-1,132.61,normal
2026-05-12,data-analytics,AmazonS3,us-east-1,594.84,normal
2026-05-12,ml-research,AmazonEC2,us-east-1,207.89,normal
2026-05-12,ml-research,AmazonS3,us-east-1,207.22,normal
2026-05-12,ml-research,AmazonSageMaker,us-east-1,42.55,normal
2026-05-13,prod-core,AWSDataTransfer,us-east-1,1101.87,normal
2026-05-13,prod-core,AWSELB,us-east-1,33.09,normal
2026-05-13,prod-core,AmazonCloudWatch,us-east-1,351.56,normal
2026-05-13,prod-core,AmazonEC2,us-east-1,591.53,normal
2026-05-13,prod-core,AmazonEKS,us-east-1,22.88,normal
2026-05-13,prod-core,AmazonElastiCache,us-east-1,88.0,normal
2026-05-13,prod-core,AmazonRDS,us-east-1,305.18,normal
2026-05-13,prod-core,AmazonS3,us-east-1,515.62,normal
2026-05-13,prod-core,AmazonVPC,us-east-1,17.19,normal
2026-05-13,prod-payments,AWSDataTransfer,us-east-1,241.61,normal
2026-05-13,prod-payments,AmazonDynamoDB,us-east-1,421.89,normal
2026-05-13,prod-payments,AmazonEC2,us-east-1,526.47,normal
2026-05-13,prod-payments,AmazonKinesis,us-east-1,31.81,normal
2026-05-13,prod-payments,AmazonRDS,us-east-1,265.41,normal
2026-05-13,prod-payments,awskms,us-east-1,3.87,normal
2026-05-13,staging,AmazonCloudWatch,us-east-1,134.45,normal
2026-05-13,staging,AmazonEC2,us-east-1,123.46,normal
2026-05-13,staging,AmazonEKS,us-east-1,14.23,normal
2026-05-13,staging,AmazonRDS,us-east-1,88.5,anomaly
2026-05-13,dev,AWSLambda,us-east-1,156.06,normal
2026-05-13,dev,AmazonEC2,us-east-1,163.7,normal
2026-05-13,dev,AmazonRDS,us-east-1,63.83,normal
2026-05-13,data-analytics,AmazonAthena,us-east-1,86.48,normal
2026-05-13,data-analytics,AmazonDynamoDB,us-east-1,594.42,normal
2026-05-13,data-analytics,AmazonES,us-west-2,112.38,normal
2026-05-13,data-analytics,AmazonMSK,us-east-1,135.13,normal
2026-05-13,data-analytics,AmazonS3,us-east-1,635.61,normal
2026-05-13,ml-research,AmazonEC2,us-east-1,213.39,normal
2026-05-13,ml-research,AmazonS3,us-east-1,222.35,normal
2026-05-13,ml-research,AmazonSageMaker,us-east-1,43.65,normal
2026-05-14,prod-core,AWSDataTransfer,us-east-1,1074.56,normal
2026-05-14,prod-core,AWSELB,us-east-1,32.1,normal
2026-05-14,prod-core,AmazonCloudWatch,us-east-1,367.52,normal
2026-05-14,prod-core,AmazonEC2,us-east-1,583.93,normal
2026-05-14,prod-core,AmazonEKS,us-east-1,23.37,normal
2026-05-14,prod-core,AmazonElastiCache,us-east-1,87.83,normal
2026-05-14,prod-core,AmazonRDS,us-east-1,309.73,normal
2026-05-14,prod-core,AmazonS3,us-east-1,517.71,normal
2026-05-14,prod-core,AmazonVPC,us-east-1,17.44,normal
2026-05-14,prod-payments,AWSDataTransfer,us-east-1,252.61,normal
2026-05-14,prod-payments,AmazonDynamoDB,us-east-1,415.27,normal
2026-05-14,prod-payments,AmazonEC2,us-east-1,529.74,normal
2026-05-14,prod-payments,AmazonKinesis,us-east-1,31.38,normal
2026-05-14,prod-payments,AmazonRDS,us-east-1,273.73,normal
2026-05-14,prod-payments,awskms,us-east-1,3.87,normal
2026-05-14,staging,AmazonCloudWatch,us-east-1,136.4,normal
2026-05-14,staging,AmazonEC2,us-east-1,123.12,normal
2026-05-14,staging,AmazonEKS,us-east-1,14.0,normal
2026-05-14,staging,AmazonRDS,us-east-1,88.44,anomaly
2026-05-14,dev,AWSLambda,us-east-1,160.48,normal
2026-05-14,dev,AmazonEC2,us-east-1,160.84,normal
2026-05-14,dev,AmazonRDS,us-east-1,63.14,normal
2026-05-14,data-analytics,AmazonAthena,us-east-1,84.88,normal
2026-05-14,data-analytics,AmazonDynamoDB,us-east-1,586.37,normal
2026-05-14,data-analytics,AmazonES,us-west-2,112.86,normal
2026-05-14,data-analytics,AmazonMSK,us-east-1,132.8,normal
2026-05-14,data-analytics,AmazonS3,us-east-1,608.46,normal
2026-05-14,ml-research,AmazonEC2,us-east-1,211.28,normal
2026-05-14,ml-research,AmazonS3,us-east-1,207.84,normal
2026-05-14,ml-research,AmazonSageMaker,us-east-1,43.09,normal
2026-05-15,prod-core,AWSDataTransfer,us-east-1,1065.7,normal
2026-05-15,prod-core,AWSELB,us-east-1,34.79,normal
2026-05-15,prod-core,AmazonCloudWatch,us-east-1,398.57,normal
2026-05-15,prod-core,AmazonEC2,us-east-1,624.06,normal
2026-05-15,prod-core,AmazonEKS,us-east-1,23.83,normal
2026-05-15,prod-core,AmazonElastiCache,us-east-1,92.98,normal
2026-05-15,prod-core,AmazonRDS,us-east-1,324.85,normal
2026-05-15,prod-core,AmazonS3,us-east-1,527.68,normal
2026-05-15,prod-core,AmazonVPC,us-east-1,18.54,normal
2026-05-15,prod-payments,AWSDataTransfer,us-east-1,264.58,normal
2026-05-15,prod-payments,AmazonDynamoDB,us-east-1,458.14,normal
2026-05-15,prod-payments,AmazonEC2,us-east-1,552.45,normal
2026-05-15,prod-payments,AmazonKinesis,us-east-1,33.45,normal
2026-05-15,prod-payments,AmazonRDS,us-east-1,283.39,normal
2026-05-15,prod-payments,awskms,us-east-1,4.1,normal
2026-05-15,staging,AmazonCloudWatch,us-east-1,146.09,normal
2026-05-15,staging,AmazonEC2,us-east-1,131.89,normal
2026-05-15,staging,AmazonEKS,us-east-1,15.26,normal
2026-05-15,staging,AmazonRDS,us-east-1,91.29,anomaly
2026-05-15,dev,AWSLambda,us-east-1,165.38,normal
2026-05-15,dev,AmazonEC2,us-east-1,171.61,normal
2026-05-15,dev,AmazonRDS,us-east-1,68.47,normal
2026-05-15,data-analytics,AmazonAthena,us-east-1,92.42,normal
2026-05-15,data-analytics,AmazonDynamoDB,us-east-1,590.0,normal
2026-05-15,data-analytics,AmazonES,us-west-2,119.09,normal
2026-05-15,data-analytics,AmazonMSK,us-east-1,145.26,normal
2026-05-15,data-analytics,AmazonS3,us-east-1,632.1,normal
2026-05-15,ml-research,AmazonEC2,us-east-1,226.22,normal
2026-05-15,ml-research,AmazonS3,us-east-1,219.91,normal
2026-05-15,ml-research,AmazonSageMaker,us-east-1,45.89,normal
2026-05-16,prod-core,AWSDataTransfer,us-east-1,1042.97,normal
2026-05-16,prod-core,AWSELB,us-east-1,29.53,normal
2026-05-16,prod-core,AmazonCloudWatch,us-east-1,338.73,normal
2026-05-16,prod-core,AmazonEC2,us-east-1,536.05,normal
2026-05-16,prod-core,AmazonEKS,us-east-1,21.15,normal
2026-05-16,prod-core,AmazonElastiCache,us-east-1,80.24,normal
2026-05-16,prod-core,AmazonRDS,us-east-1,276.75,normal
2026-05-16,prod-core,AmazonS3,us-east-1,471.47,normal
2026-05-16,prod-core,AmazonVPC,us-east-1,16.11,normal
2026-05-16,prod-payments,AWSDataTransfer,us-east-1,215.11,normal
2026-05-16,prod-payments,AmazonDynamoDB,us-east-1,384.21,normal
2026-05-16,prod-payments,AmazonEC2,us-east-1,503.26,normal
2026-05-16,prod-payments,AmazonKinesis,us-east-1,28.62,normal
2026-05-16,prod-payments,AmazonRDS,us-east-1,241.18,normal
2026-05-16,prod-payments,awskms,us-east-1,3.5,normal
2026-05-16,staging,AmazonCloudWatch,us-east-1,120.16,normal
2026-05-16,staging,AmazonEC2,us-east-1,55.52,normal
2026-05-16,staging,AmazonEKS,us-east-1,12.78,normal
2026-05-16,staging,AmazonRDS,us-east-1,84.18,anomaly
2026-05-16,dev,AWSLambda,us-east-1,138.31,normal
2026-05-16,dev,AmazonEC2,us-east-1,78.3,normal
2026-05-16,dev,AmazonRDS,us-east-1,57.35,normal
2026-05-16,data-analytics,AmazonAthena,us-east-1,78.58,normal
2026-05-16,data-analytics,AmazonDynamoDB,us-east-1,606.14,normal
2026-05-16,data-analytics,AmazonES,us-west-2,101.55,normal
2026-05-16,data-analytics,AmazonMSK,us-east-1,122.92,normal
2026-05-16,data-analytics,AmazonS3,us-east-1,540.12,normal
2026-05-16,ml-research,AmazonEC2,us-east-1,97.12,normal
2026-05-16,ml-research,AmazonS3,us-east-1,199.1,normal
2026-05-16,ml-research,AmazonSageMaker,us-east-1,38.96,normal
2026-05-17,prod-core,AWSDataTransfer,us-east-1,498.97,normal
2026-05-17,prod-core,AWSELB,us-east-1,29.13,normal
2026-05-17,prod-core,AmazonCloudWatch,us-east-1,336.88,normal
2026-05-17,prod-core,AmazonEC2,us-east-1,525.97,normal
2026-05-17,prod-core,AmazonEKS,us-east-1,20.39,normal
2026-05-17,prod-core,AmazonElastiCache,us-east-1,78.29,normal
2026-05-17,prod-core,AmazonRDS,us-east-1,274.6,normal
2026-05-17,prod-core,AmazonS3,us-east-1,440.63,normal
2026-05-17,prod-core,AmazonVPC,us-east-1,15.6,normal
2026-05-17,prod-payments,AWSDataTransfer,us-east-1,219.75,normal
2026-05-17,prod-payments,AmazonDynamoDB,us-east-1,364.36,normal
2026-05-17,prod-payments,AmazonEC2,us-east-1,496.08,normal
2026-05-17,prod-payments,AmazonKinesis,us-east-1,28.12,normal
2026-05-17,prod-payments,AmazonRDS,us-east-1,242.26,normal
2026-05-17,prod-payments,awskms,us-east-1,3.44,normal
2026-05-17,staging,AmazonCloudWatch,us-east-1,121.92,normal
2026-05-17,staging,AmazonEC2,us-east-1,55.67,normal
2026-05-17,staging,AmazonEKS,us-east-1,13.01,normal
2026-05-17,staging,AmazonRDS,us-east-1,82.42,anomaly
2026-05-17,dev,AWSLambda,us-east-1,139.96,normal
2026-05-17,dev,AmazonEC2,us-east-1,77.33,normal
2026-05-17,dev,AmazonRDS,us-east-1,56.91,normal
2026-05-17,data-analytics,AmazonAthena,us-east-1,72.65,normal
2026-05-17,data-analytics,AmazonDynamoDB,us-east-1,606.72,normal
2026-05-17,data-analytics,AmazonES,us-west-2,99.92,normal
2026-05-17,data-analytics,AmazonMSK,us-east-1,121.93,normal
2026-05-17,data-analytics,AmazonS3,us-east-1,550.09,normal
2026-05-17,ml-research,AmazonEC2,us-east-1,95.23,normal
2026-05-17,ml-research,AmazonS3,us-east-1,185.98,normal
2026-05-17,ml-research,AmazonSageMaker,us-east-1,38.65,normal
2026-05-18,prod-core,AWSDataTransfer,us-east-1,608.38,normal
2026-05-18,prod-core,AWSELB,us-east-1,34.65,normal
2026-05-18,prod-core,AmazonCloudWatch,us-east-1,379.17,normal
2026-05-18,prod-core,AmazonEC2,us-east-1,619.97,normal
2026-05-18,prod-core,AmazonEKS,us-east-1,24.37,normal
2026-05-18,prod-core,AmazonElastiCache,us-east-1,91.95,normal
2026-05-18,prod-core,AmazonRDS,us-east-1,331.21,normal
2026-05-18,prod-core,AmazonS3,us-east-1,541.28,normal
2026-05-18,prod-core,AmazonVPC,us-east-1,18.44,normal
2026-05-18,prod-payments,AWSDataTransfer,us-east-1,259.36,normal
2026-05-18,prod-payments,AmazonDynamoDB,us-east-1,432.45,normal
2026-05-18,prod-payments,AmazonEC2,us-east-1,556.44,normal
2026-05-18,prod-payments,AmazonKinesis,us-east-1,33.49,normal
2026-05-18,prod-payments,AmazonRDS,us-east-1,285.81,normal
2026-05-18,prod-payments,awskms,us-east-1,4.09,normal
2026-05-18,staging,AmazonCloudWatch,us-east-1,136.34,normal
2026-05-18,staging,AmazonEC2,us-east-1,132.04,normal
2026-05-18,staging,AmazonEKS,us-east-1,15.21,normal
2026-05-18,staging,AmazonRDS,us-east-1,90.34,anomaly
2026-05-18,dev,AWSLambda,us-east-1,163.34,normal
2026-05-18,dev,AmazonEC2,us-east-1,171.3,normal
2026-05-18,dev,AmazonRDS,us-east-1,68.35,normal
2026-05-18,data-analytics,AmazonAthena,us-east-1,92.9,normal
2026-05-18,data-analytics,AmazonDynamoDB,us-east-1,640.91,normal
2026-05-18,data-analytics,AmazonES,us-west-2,119.38,normal
2026-05-18,data-analytics,AmazonMSK,us-east-1,145.57,normal
2026-05-18,data-analytics,AmazonS3,us-east-1,646.09,normal
2026-05-18,ml-research,AmazonEC2,us-east-1,225.75,normal
2026-05-18,ml-research,AmazonS3,us-east-1,234.82,normal
2026-05-18,ml-research,AmazonSageMaker,us-east-1,44.87,normal
2026-05-19,prod-core,AWSDataTransfer,us-east-1,595.9,normal
2026-05-19,prod-core,AWSELB,us-east-1,35.07,normal
2026-05-19,prod-core,AmazonCloudWatch,us-east-1,395.95,normal
2026-05-19,prod-core,AmazonEC2,us-east-1,628.33,normal
2026-05-19,prod-core,AmazonEKS,us-east-1,24.96,normal
2026-05-19,prod-core,AmazonElastiCache,us-east-1,95.15,normal
2026-05-19,prod-core,AmazonRDS,us-east-1,324.65,normal
2026-05-19,prod-core,AmazonS3,us-east-1,542.97,normal
2026-05-19,prod-core,AmazonVPC,us-east-1,18.98,normal
2026-05-19,prod-payments,AWSDataTransfer,us-east-1,269.32,normal
2026-05-19,prod-payments,AmazonDynamoDB,us-east-1,438.68,normal
2026-05-19,prod-payments,AmazonEC2,us-east-1,559.29,normal
2026-05-19,prod-payments,AmazonKinesis,us-east-1,33.74,normal
2026-05-19,prod-payments,AmazonRDS,us-east-1,294.04,normal
2026-05-19,prod-payments,awskms,us-east-1,4.1,normal
2026-05-19,staging,AmazonCloudWatch,us-east-1,143.81,normal
2026-05-19,staging,AmazonEC2,us-east-1,132.83,normal
2026-05-19,staging,AmazonEKS,us-east-1,14.94,normal
2026-05-19,staging,AmazonRDS,us-east-1,90.52,anomaly
2026-05-19,dev,AWSLambda,us-east-1,167.04,normal
2026-05-19,dev,AmazonEC2,us-east-1,173.79,normal
2026-05-19,dev,AmazonRDS,us-east-1,67.68,normal
2026-05-19,data-analytics,AmazonAthena,us-east-1,91.58,normal
2026-05-19,data-analytics,AmazonDynamoDB,us-east-1,651.75,normal
2026-05-19,data-analytics,AmazonES,us-west-2,120.76,normal
2026-05-19,data-analytics,AmazonMSK,us-east-1,142.93,normal
2026-05-19,data-analytics,AmazonS3,us-east-1,675.68,normal
2026-05-19,ml-research,AmazonEC2,us-east-1,226.54,normal
2026-05-19,ml-research,AmazonS3,us-east-1,229.02,normal
2026-05-19,ml-research,AmazonSageMaker,us-east-1,45.82,normal
2026-05-20,prod-core,AWSDataTransfer,us-east-1,558.69,normal
2026-05-20,prod-core,AWSELB,us-east-1,34.16,normal
2026-05-20,prod-core,AmazonCloudWatch,us-east-1,378.88,normal
2026-05-20,prod-core,AmazonEC2,us-east-1,617.64,normal
2026-05-20,prod-core,AmazonEKS,us-east-1,24.08,normal
2026-05-20,prod-core,AmazonElastiCache,us-east-1,91.11,normal
2026-05-20,prod-core,AmazonRDS,us-east-1,322.78,normal
2026-05-20,prod-core,AmazonS3,us-east-1,531.88,normal
2026-05-20,prod-core,AmazonVPC,us-east-1,18.25,normal
2026-05-20,prod-payments,AWSDataTransfer,us-east-1,249.86,normal
2026-05-20,prod-payments,AmazonDynamoDB,us-east-1,422.09,normal
2026-05-20,prod-payments,AmazonEC2,us-east-1,543.06,normal
2026-05-20,prod-payments,AmazonKinesis,us-east-1,33.13,normal
2026-05-20,prod-payments,AmazonRDS,us-east-1,276.67,normal
2026-05-20,prod-payments,awskms,us-east-1,4.03,normal
2026-05-20,staging,AmazonCloudWatch,us-east-1,139.7,normal
2026-05-20,staging,AmazonEC2,us-east-1,129.6,normal
2026-05-20,staging,AmazonEKS,us-east-1,15.09,normal
2026-05-20,staging,AmazonRDS,us-east-1,88.88,anomaly
2026-05-20,dev,AWSLambda,us-east-1,156.09,normal
2026-05-20,dev,AmazonEC2,us-east-1,170.25,normal
2026-05-20,dev,AmazonRDS,us-east-1,65.92,normal
2026-05-20,data-analytics,AmazonAthena,us-east-1,90.94,normal
2026-05-20,data-analytics,AmazonDynamoDB,us-east-1,653.97,normal
2026-05-20,data-analytics,AmazonES,us-west-2,118.96,normal
2026-05-20,data-analytics,AmazonMSK,us-east-1,140.81,normal
2026-05-20,data-analytics,AmazonS3,us-east-1,627.26,normal
2026-05-20,ml-research,AmazonEC2,us-east-1,222.34,normal
2026-05-20,ml-research,AmazonS3,us-east-1,230.65,normal
2026-05-20,ml-research,AmazonSageMaker,us-east-1,44.99,normal
2026-05-21,prod-core,AWSDataTransfer,us-east-1,538.97,normal
2026-05-21,prod-core,AWSELB,us-east-1,31.96,normal
2026-05-21,prod-core,AmazonCloudWatch,us-east-1,351.62,normal
2026-05-21,prod-core,AmazonEC2,us-east-1,576.52,normal
2026-05-21,prod-core,AmazonEKS,us-east-1,22.16,normal
2026-05-21,prod-core,AmazonElastiCache,us-east-1,84.33,normal
2026-05-21,prod-core,AmazonRDS,us-east-1,292.48,normal
2026-05-21,prod-core,AmazonS3,us-east-1,514.0,normal
2026-05-21,prod-core,AmazonVPC,us-east-1,17.15,normal
2026-05-21,prod-payments,AWSDataTransfer,us-east-1,232.74,normal
2026-05-21,prod-payments,AmazonDynamoDB,us-east-1,415.95,normal
2026-05-21,prod-payments,AmazonEC2,us-east-1,517.99,normal
2026-05-21,prod-payments,AmazonKinesis,us-east-1,30.53,normal
2026-05-21,prod-payments,AmazonRDS,us-east-1,265.17,normal
2026-05-21,prod-payments,awskms,us-east-1,3.73,normal
2026-05-21,staging,AmazonCloudWatch,us-east-1,128.23,normal
2026-05-21,staging,AmazonEC2,us-east-1,120.94,normal
2026-05-21,staging,AmazonEKS,us-east-1,14.18,normal
2026-05-21,staging,AmazonRDS,us-east-1,86.17,anomaly
2026-05-21,dev,AWSLambda,us-east-1,152.17,normal
2026-05-21,dev,AmazonEC2,us-east-1,157.1,normal
2026-05-21,dev,AmazonRDS,us-east-1,61.02,normal
2026-05-21,data-analytics,AmazonAthena,us-east-1,78.95,normal
2026-05-21,data-analytics,AmazonDynamoDB,us-east-1,609.41,normal
2026-05-21,data-analytics,AmazonES,us-west-2,109.07,normal
2026-05-21,data-analytics,AmazonMSK,us-east-1,129.91,normal
2026-05-21,data-analytics,AmazonS3,us-east-1,609.02,normal
2026-05-21,ml-research,AmazonEC2,us-east-1,207.2,normal
2026-05-21,ml-research,AmazonS3,us-east-1,201.37,normal
2026-05-21,ml-research,AmazonSageMaker,us-east-1,41.74,normal
2026-05-22,prod-core,AWSDataTransfer,us-east-1,535.39,normal
2026-05-22,prod-core,AWSELB,us-east-1,31.14,normal
2026-05-22,prod-core,AmazonCloudWatch,us-east-1,339.63,normal
2026-05-22,prod-core,AmazonEC2,us-east-1,567.02,normal
2026-05-22,prod-core,AmazonEKS,us-east-1,22.36,normal
2026-05-22,prod-core,AmazonElastiCache,us-east-1,83.2,normal
2026-05-22,prod-core,AmazonRDS,us-east-1,297.88,normal
2026-05-22,prod-core,AmazonS3,us-east-1,511.2,normal
2026-05-22,prod-core,AmazonVPC,us-east-1,16.73,normal
2026-05-22,prod-payments,AWSDataTransfer,us-east-1,230.59,normal
2026-05-22,prod-payments,AmazonDynamoDB,us-east-1,396.91,normal
2026-05-22,prod-payments,AmazonEC2,us-east-1,526.81,normal
2026-05-22,prod-payments,AmazonKinesis,us-east-1,30.22,normal
2026-05-22,prod-payments,AmazonRDS,us-east-1,262.85,normal
2026-05-22,prod-payments,awskms,us-east-1,3.69,normal
2026-05-22,staging,AmazonCloudWatch,us-east-1,127.28,normal
2026-05-22,staging,AmazonEC2,us-east-1,119.61,normal
2026-05-22,staging,AmazonEKS,us-east-1,13.53,normal
2026-05-22,staging,AmazonRDS,us-east-1,88.42,anomaly
2026-05-22,dev,AWSLambda,us-east-1,150.58,normal
2026-05-22,dev,AmazonEC2,us-east-1,155.48,normal
2026-05-22,dev,AmazonRDS,us-east-1,61.48,normal
2026-05-22,data-analytics,AmazonAthena,us-east-1,79.28,normal
2026-05-22,data-analytics,AmazonDynamoDB,us-east-1,615.73,normal
2026-05-22,data-analytics,AmazonES,us-west-2,108.67,normal
2026-05-22,data-analytics,AmazonMSK,us-east-1,130.63,normal
2026-05-22,data-analytics,AmazonS3,us-east-1,577.68,normal
2026-05-22,ml-research,AmazonEC2,us-east-1,205.19,normal
2026-05-22,ml-research,AmazonS3,us-east-1,212.37,normal
2026-05-22,ml-research,AmazonSageMaker,us-east-1,41.49,normal
2026-05-23,prod-core,AWSDataTransfer,us-east-1,440.62,normal
2026-05-23,prod-core,AWSELB,us-east-1,25.31,normal
2026-05-23,prod-core,AmazonCloudWatch,us-east-1,288.65,normal
2026-05-23,prod-core,AmazonEC2,us-east-1,455.09,normal
2026-05-23,prod-core,AmazonEKS,us-east-1,18.2,normal
2026-05-23,prod-core,AmazonElastiCache,us-east-1,68.36,normal
2026-05-23,prod-core,AmazonRDS,us-east-1,241.01,normal
2026-05-23,prod-core,AmazonS3,us-east-1,388.17,normal
2026-05-23,prod-core,AmazonVPC,us-east-1,13.5,normal
2026-05-23,prod-payments,AWSDataTransfer,us-east-1,195.44,normal
2026-05-23,prod-payments,AmazonDynamoDB,us-east-1,309.78,normal
2026-05-23,prod-payments,AmazonEC2,us-east-1,1331.16,normal
2026-05-23,prod-payments,AmazonKinesis,us-east-1,24.27,normal
2026-05-23,prod-payments,AmazonRDS,us-east-1,215.24,normal
2026-05-23,prod-payments,awskms,us-east-1,2.99,normal
2026-05-23,staging,AmazonCloudWatch,us-east-1,101.23,normal
2026-05-23,staging,AmazonEC2,us-east-1,48.28,normal
2026-05-23,staging,AmazonEKS,us-east-1,11.44,normal
2026-05-23,staging,AmazonRDS,us-east-1,74.81,anomaly
2026-05-23,dev,AWSLambda,us-east-1,120.11,normal
2026-05-23,dev,AmazonEC2,us-east-1,67.4,normal
2026-05-23,dev,AmazonRDS,us-east-1,49.7,normal
2026-05-23,data-analytics,AmazonAthena,us-east-1,66.78,normal
2026-05-23,data-analytics,AmazonDynamoDB,us-east-1,553.79,normal
2026-05-23,data-analytics,AmazonES,us-west-2,87.84,normal
2026-05-23,data-analytics,AmazonMSK,us-east-1,103.54,normal
2026-05-23,data-analytics,AmazonS3,us-east-1,460.7,normal
2026-05-23,ml-research,AmazonEC2,us-east-1,81.27,normal
2026-05-23,ml-research,AmazonS3,us-east-1,171.96,normal
2026-05-23,ml-research,AmazonSageMaker,us-east-1,33.09,normal
2026-05-24,prod-core,AWSDataTransfer,us-east-1,456.81,normal
2026-05-24,prod-core,AWSELB,us-east-1,27.41,normal
2026-05-24,prod-core,AmazonCloudWatch,us-east-1,313.06,normal
2026-05-24,prod-core,AmazonEC2,us-east-1,492.78,normal
2026-05-24,prod-core,AmazonEKS,us-east-1,18.86,normal
2026-05-24,prod-core,AmazonElastiCache,us-east-1,72.49,normal
2026-05-24,prod-core,AmazonRDS,us-east-1,256.04,normal
2026-05-24,prod-core,AmazonS3,us-east-1,439.14,normal
2026-05-24,prod-core,AmazonVPC,us-east-1,14.58,normal
2026-05-24,prod-payments,AWSDataTransfer,us-east-1,209.69,normal
2026-05-24,prod-payments,AmazonDynamoDB,us-east-1,339.7,normal
2026-05-24,prod-payments,AmazonEC2,us-east-1,1407.27,normal
2026-05-24,prod-payments,AmazonKinesis,us-east-1,26.52,normal
2026-05-24,prod-payments,AmazonRDS,us-east-1,227.7,normal
2026-05-24,prod-payments,awskms,us-east-1,3.25,normal
2026-05-24,staging,AmazonCloudWatch,us-east-1,114.79,normal
2026-05-24,staging,AmazonEC2,us-east-1,51.92,normal
2026-05-24,staging,AmazonEKS,us-east-1,11.85,normal
2026-05-24,staging,AmazonRDS,us-east-1,79.07,anomaly
2026-05-24,dev,AWSLambda,us-east-1,129.88,normal
2026-05-24,dev,AmazonEC2,us-east-1,73.32,normal
2026-05-24,dev,AmazonRDS,us-east-1,54.04,normal
2026-05-24,data-analytics,AmazonAthena,us-east-1,72.85,normal
2026-05-24,data-analytics,AmazonDynamoDB,us-east-1,573.71,normal
2026-05-24,data-analytics,AmazonES,us-west-2,94.26,normal
2026-05-24,data-analytics,AmazonMSK,us-east-1,112.41,normal
2026-05-24,data-analytics,AmazonS3,us-east-1,505.08,normal
2026-05-24,ml-research,AmazonEC2,us-east-1,88.86,normal
2026-05-24,ml-research,AmazonS3,us-east-1,176.52,normal
2026-05-24,ml-research,AmazonSageMaker,us-east-1,35.94,normal
2026-05-25,prod-core,AWSDataTransfer,us-east-1,633.66,normal
2026-05-25,prod-core,AWSELB,us-east-1,35.99,normal
2026-05-25,prod-core,AmazonCloudWatch,us-east-1,391.42,normal
2026-05-25,prod-core,AmazonEC2,us-east-1,659.27,normal
2026-05-25,prod-core,AmazonEKS,us-east-1,25.01,normal
2026-05-25,prod-core,AmazonElastiCache,us-east-1,97.41,normal
2026-05-25,prod-core,AmazonRDS,us-east-1,345.07,normal
2026-05-25,prod-core,AmazonS3,us-east-1,548.38,normal
2026-05-25,prod-core,AmazonVPC,us-east-1,19.37,normal
2026-05-25,prod-payments,AWSDataTransfer,us-east-1,264.62,normal
2026-05-25,prod-payments,AmazonDynamoDB,us-east-1,454.44,normal
2026-05-25,prod-payments,AmazonEC2,us-east-1,1477.52,normal
2026-05-25,prod-payments,AmazonKinesis,us-east-1,35.29,normal
2026-05-25,prod-payments,AmazonRDS,us-east-1,299.18,normal
2026-05-25,prod-payments,awskms,us-east-1,4.25,normal
2026-05-25,staging,AmazonCloudWatch,us-east-1,144.34,normal
2026-05-25,staging,AmazonEC2,us-east-1,138.32,normal
2026-05-25,staging,AmazonEKS,us-east-1,16.15,normal
2026-05-25,staging,AmazonRDS,us-east-1,94.25,anomaly
2026-05-25,dev,AWSLambda,us-east-1,177.46,normal
2026-05-25,dev,AmazonEC2,us-east-1,178.42,normal
2026-05-25,dev,AmazonRDS,us-east-1,72.42,normal
2026-05-25,data-analytics,AmazonAthena,us-east-1,97.07,normal
2026-05-25,data-analytics,AmazonDynamoDB,us-east-1,674.06,normal
2026-05-25,data-analytics,AmazonES,us-west-2,125.34,normal
2026-05-25,data-analytics,AmazonMSK,us-east-1,151.12,normal
2026-05-25,data-analytics,AmazonS3,us-east-1,665.74,normal
2026-05-25,ml-research,AmazonEC2,us-east-1,237.42,normal
2026-05-25,ml-research,AmazonS3,us-east-1,230.58,normal
2026-05-25,ml-research,AmazonSageMaker,us-east-1,47.79,normal
2026-05-26,prod-core,AWSDataTransfer,us-east-1,587.71,normal
2026-05-26,prod-core,AWSELB,us-east-1,34.78,normal
2026-05-26,prod-core,AmazonCloudWatch,us-east-1,386.38,normal
2026-05-26,prod-core,AmazonEC2,us-east-1,630.85,normal
2026-05-26,prod-core,AmazonEKS,us-east-1,24.52,normal
2026-05-26,prod-core,AmazonElastiCache,us-east-1,91.67,normal
2026-05-26,prod-core,AmazonRDS,us-east-1,330.27,normal
2026-05-26,prod-core,AmazonS3,us-east-1,528.46,normal
2026-05-26,prod-core,AmazonVPC,us-east-1,18.61,normal
2026-05-26,prod-payments,AWSDataTransfer,us-east-1,254.75,normal
2026-05-26,prod-payments,AmazonDynamoDB,us-east-1,447.22,normal
2026-05-26,prod-payments,AmazonEC2,us-east-1,1479.99,normal
2026-05-26,prod-payments,AmazonKinesis,us-east-1,33.41,normal
2026-05-26,prod-payments,AmazonRDS,us-east-1,286.17,normal
2026-05-26,prod-payments,awskms,us-east-1,4.07,normal
2026-05-26,staging,AmazonCloudWatch,us-east-1,143.19,normal
2026-05-26,staging,AmazonEC2,us-east-1,131.3,normal
2026-05-26,staging,AmazonEKS,us-east-1,15.16,normal
2026-05-26,staging,AmazonRDS,us-east-1,91.03,anomaly
2026-05-26,dev,AWSLambda,us-east-1,170.81,normal
2026-05-26,dev,AmazonEC2,us-east-1,172.27,normal
2026-05-26,dev,AmazonRDS,us-east-1,68.59,normal
2026-05-26,data-analytics,AmazonAthena,us-east-1,93.08,normal
2026-05-26,data-analytics,AmazonDynamoDB,us-east-1,654.91,normal
2026-05-26,data-analytics,AmazonES,us-west-2,118.49,normal
2026-05-26,data-analytics,AmazonMSK,us-east-1,142.76,normal
2026-05-26,data-analytics,AmazonS3,us-east-1,631.91,normal
2026-05-26,ml-research,AmazonEC2,us-east-1,223.38,normal
2026-05-26,ml-research,AmazonS3,us-east-1,228.88,normal
2026-05-26,ml-research,AmazonSageMaker,us-east-1,45.46,normal
2026-05-27,prod-core,AWSDataTransfer,us-east-1,566.57,normal
2026-05-27,prod-core,AWSELB,us-east-1,33.4,normal
2026-05-27,prod-core,AmazonCloudWatch,us-east-1,388.03,normal
2026-05-27,prod-core,AmazonEC2,us-east-1,608.58,normal
2026-05-27,prod-core,AmazonEKS,us-east-1,24.12,normal
2026-05-27,prod-core,AmazonElastiCache,us-east-1,90.54,normal
2026-05-27,prod-core,AmazonRDS,us-east-1,314.89,normal
2026-05-27,prod-core,AmazonS3,us-east-1,550.43,normal
2026-05-27,prod-core,AmazonVPC,us-east-1,18.38,normal
2026-05-27,prod-payments,AWSDataTransfer,us-east-1,243.31,normal
2026-05-27,prod-payments,AmazonDynamoDB,us-east-1,418.23,normal
2026-05-27,prod-payments,AmazonEC2,us-east-1,537.62,normal
2026-05-27,prod-payments,AmazonKinesis,us-east-1,32.7,normal
2026-05-27,prod-payments,AmazonRDS,us-east-1,275.61,normal
2026-05-27,prod-payments,awskms,us-east-1,3.98,normal
2026-05-27,staging,AmazonCloudWatch,us-east-1,135.28,normal
2026-05-27,staging,AmazonEC2,us-east-1,128.32,normal
2026-05-27,staging,AmazonEKS,us-east-1,14.86,normal
2026-05-27,staging,AmazonRDS,us-east-1,89.93,anomaly
2026-05-27,dev,AWSLambda,us-east-1,160.98,normal
2026-05-27,dev,AmazonEC2,us-east-1,167.79,normal
2026-05-27,dev,AmazonRDS,us-east-1,66.3,normal
2026-05-27,data-analytics,AmazonAthena,us-east-1,86.19,normal
2026-05-27,data-analytics,AmazonDynamoDB,us-east-1,639.67,normal
2026-05-27,data-analytics,AmazonES,us-west-2,116.5,normal
2026-05-27,data-analytics,AmazonMSK,us-east-1,137.66,normal
2026-05-27,data-analytics,AmazonS3,us-east-1,637.75,normal
2026-05-27,ml-research,AmazonEC2,us-east-1,218.68,normal
2026-05-27,ml-research,AmazonS3,us-east-1,214.8,normal
2026-05-27,ml-research,AmazonSageMaker,us-east-1,44.76,normal
2026-05-28,prod-core,AWSDataTransfer,us-east-1,612.02,normal
2026-05-28,prod-core,AWSELB,us-east-1,36.55,normal
2026-05-28,prod-core,AmazonCloudWatch,us-east-1,396.44,normal
2026-05-28,prod-core,AmazonEC2,us-east-1,668.2,normal
2026-05-28,prod-core,AmazonEKS,us-east-1,25.75,normal
2026-05-28,prod-core,AmazonElastiCache,us-east-1,99.17,normal
2026-05-28,prod-core,AmazonRDS,us-east-1,344.14,normal
2026-05-28,prod-core,AmazonS3,us-east-1,594.44,normal
2026-05-28,prod-core,AmazonVPC,us-east-1,19.85,normal
2026-05-28,prod-payments,AWSDataTransfer,us-east-1,279.13,normal
2026-05-28,prod-payments,AmazonDynamoDB,us-east-1,453.3,normal
2026-05-28,prod-payments,AmazonEC2,us-east-1,582.41,normal
2026-05-28,prod-payments,AmazonKinesis,us-east-1,35.96,normal
2026-05-28,prod-payments,AmazonRDS,us-east-1,303.56,normal
2026-05-28,prod-payments,awskms,us-east-1,4.37,normal
2026-05-28,staging,AmazonCloudWatch,us-east-1,144.8,normal
2026-05-28,staging,AmazonEC2,us-east-1,140.35,normal
2026-05-28,staging,AmazonEKS,us-east-1,15.93,normal
2026-05-28,staging,AmazonRDS,us-east-1,95.7,anomaly
2026-05-28,dev,AWSLambda,us-east-1,180.7,normal
2026-05-28,dev,AmazonEC2,us-east-1,181.5,normal
2026-05-28,dev,AmazonRDS,us-east-1,72.06,normal
2026-05-28,data-analytics,AmazonAthena,us-east-1,97.75,normal
2026-05-28,data-analytics,AmazonDynamoDB,us-east-1,669.84,normal
2026-05-28,data-analytics,AmazonES,us-west-2,127.18,normal
2026-05-28,data-analytics,AmazonMSK,us-east-1,153.35,normal
2026-05-28,data-analytics,AmazonS3,us-east-1,691.07,normal
2026-05-28,ml-research,AmazonEC2,us-east-1,238.81,normal
2026-05-28,ml-research,AmazonS3,us-east-1,245.14,normal
2026-05-28,ml-research,AmazonSageMaker,us-east-1,49.18,normal
2026-05-29,prod-core,AWSDataTransfer,us-east-1,634.02,normal
2026-05-29,prod-core,AWSELB,us-east-1,36.48,normal
2026-05-29,prod-core,AmazonCloudWatch,us-east-1,402.73,normal
2026-05-29,prod-core,AmazonEC2,us-east-1,659.32,normal
2026-05-29,prod-core,AmazonEKS,us-east-1,26.12,normal
2026-05-29,prod-core,AmazonElastiCache,us-east-1,98.87,normal
2026-05-29,prod-core,AmazonRDS,us-east-1,348.44,normal
2026-05-29,prod-core,AmazonS3,us-east-1,556.94,normal
2026-05-29,prod-core,AmazonVPC,us-east-1,19.52,normal
2026-05-29,prod-payments,AWSDataTransfer,us-east-1,281.06,normal
2026-05-29,prod-payments,AmazonDynamoDB,us-east-1,471.28,normal
2026-05-29,prod-payments,AmazonEC2,us-east-1,578.09,normal
2026-05-29,prod-payments,AmazonKinesis,us-east-1,35.52,normal
2026-05-29,prod-payments,AmazonRDS,us-east-1,306.04,normal
2026-05-29,prod-payments,awskms,us-east-1,4.33,normal
2026-05-29,staging,AmazonCloudWatch,us-east-1,144.21,normal
2026-05-29,staging,AmazonEC2,us-east-1,140.81,normal
2026-05-29,staging,AmazonEKS,us-east-1,16.42,normal
2026-05-29,staging,AmazonRDS,us-east-1,92.42,anomaly
2026-05-29,dev,AWSLambda,us-east-1,172.84,normal
2026-05-29,dev,AmazonEC2,us-east-1,179.6,normal
2026-05-29,dev,AmazonRDS,us-east-1,71.8,normal
2026-05-29,data-analytics,AmazonAthena,us-east-1,93.95,normal
2026-05-29,data-analytics,AmazonDynamoDB,us-east-1,676.14,normal
2026-05-29,data-analytics,AmazonES,us-west-2,127.85,normal
2026-05-29,data-analytics,AmazonMSK,us-east-1,154.63,normal
2026-05-29,data-analytics,AmazonS3,us-east-1,689.78,normal
2026-05-29,ml-research,AmazonEC2,us-east-1,236.81,normal
2026-05-29,ml-research,AmazonS3,us-east-1,241.56,normal
2026-05-29,ml-research,AmazonSageMaker,us-east-1,48.43,normal
2026-05-30,prod-core,AWSDataTransfer,us-east-1,517.73,normal
2026-05-30,prod-core,AWSELB,us-east-1,28.98,normal
2026-05-30,prod-core,AmazonCloudWatch,us-east-1,334.35,normal
2026-05-30,prod-core,AmazonEC2,us-east-1,529.25,normal
2026-05-30,prod-core,AmazonEKS,us-east-1,20.86,normal
2026-05-30,prod-core,AmazonElastiCache,us-east-1,78.88,normal
2026-05-30,prod-core,AmazonRDS,us-east-1,278.85,normal
2026-05-30,prod-core,AmazonS3,us-east-1,454.77,normal
2026-05-30,prod-core,AmazonVPC,us-east-1,15.85,normal
2026-05-30,prod-payments,AWSDataTransfer,us-east-1,224.82,normal
2026-05-30,prod-payments,AmazonDynamoDB,us-east-1,362.76,normal
2026-05-30,prod-payments,AmazonEC2,us-east-1,497.68,normal
2026-05-30,prod-payments,AmazonKinesis,us-east-1,28.4,normal
2026-05-30,prod-payments,AmazonRDS,us-east-1,239.42,normal
2026-05-30,prod-payments,awskms,us-east-1,3.45,normal
2026-05-30,staging,AmazonCloudWatch,us-east-1,122.65,normal
2026-05-30,staging,AmazonEC2,us-east-1,55.59,normal
2026-05-30,staging,AmazonEKS,us-east-1,12.91,normal
2026-05-30,staging,AmazonRDS,us-east-1,80.08,anomaly
2026-05-30,dev,AWSLambda,us-east-1,142.09,normal
2026-05-30,dev,AmazonEC2,us-east-1,78.37,normal
2026-05-30,dev,AmazonRDS,us-east-1,56.67,normal
2026-05-30,data-analytics,AmazonAthena,us-east-1,73.78,normal
2026-05-30,data-analytics,AmazonDynamoDB,us-east-1,589.73,normal
2026-05-30,data-analytics,AmazonES,us-west-2,101.55,normal
2026-05-30,data-analytics,AmazonMSK,us-east-1,121.52,normal
2026-05-30,data-analytics,AmazonS3,us-east-1,554.51,normal
2026-05-30,ml-research,AmazonEC2,us-east-1,96.09,normal
2026-05-30,ml-research,AmazonS3,us-east-1,195.68,normal
2026-05-30,ml-research,AmazonSageMaker,us-east-1,38.15,normal
2026-05-31,prod-core,AWSDataTransfer,us-east-1,507.19,normal
2026-05-31,prod-core,AWSELB,us-east-1,30.34,normal
2026-05-31,prod-core,AmazonCloudWatch,us-east-1,328.27,normal
2026-05-31,prod-core,AmazonEC2,us-east-1,547.34,normal
2026-05-31,prod-core,AmazonEKS,us-east-1,21.1,normal
2026-05-31,prod-core,AmazonElastiCache,us-east-1,81.78,normal
2026-05-31,prod-core,AmazonRDS,us-east-1,290.55,normal
2026-05-31,prod-core,AmazonS3,us-east-1,481.02,normal
2026-05-31,prod-core,AmazonVPC,us-east-1,16.27,normal
2026-05-31,prod-payments,AWSDataTransfer,us-east-1,236.29,normal
2026-05-31,prod-payments,AmazonDynamoDB,us-east-1,389.38,normal
2026-05-31,prod-payments,AmazonEC2,us-east-1,503.29,normal
2026-05-31,prod-payments,AmazonKinesis,us-east-1,29.39,normal
2026-05-31,prod-payments,AmazonRDS,us-east-1,246.28,normal
2026-05-31,prod-payments,awskms,us-east-1,3.59,normal
2026-05-31,staging,AmazonCloudWatch,us-east-1,120.12,normal
2026-05-31,staging,AmazonEC2,us-east-1,57.52,normal
2026-05-31,staging,AmazonEKS,us-east-1,13.23,normal
2026-05-31,staging,AmazonRDS,us-east-1,82.53,anomaly
2026-05-31,dev,AWSLambda,us-east-1,147.35,normal
2026-05-31,dev,AmazonEC2,us-east-1,80.82,normal
2026-05-31,dev,AmazonRDS,us-east-1,59.51,normal
2026-05-31,data-analytics,AmazonAthena,us-east-1,81.01,normal
2026-05-31,data-analytics,AmazonDynamoDB,us-east-1,592.83,normal
2026-05-31,data-analytics,AmazonES,us-west-2,104.73,normal
2026-05-31,data-analytics,AmazonMSK,us-east-1,125.05,normal
2026-05-31,data-analytics,AmazonS3,us-east-1,566.74,normal
2026-05-31,ml-research,AmazonEC2,us-east-1,100.03,normal
2026-05-31,ml-research,AmazonS3,us-east-1,196.69,normal
2026-05-31,ml-research,AmazonSageMaker,us-east-1,40.27,normal
2026-06-01,data-analytics,AWSDataTransfer,us-east-1,0.0,normal
2026-06-02,data-analytics,AWSDataTransfer,us-east-1,0.0,normal
2026-06-03,data-analytics,AWSDataTransfer,us-east-1,0.0,normal
2026-06-04,data-analytics,AWSDataTransfer,us-east-1,0.0,normal
2026-06-05,data-analytics,AWSDataTransfer,us-east-1,0.0,normal
2026-06-06,data-analytics,AWSDataTransfer,us-east-1,0.0,normal
2026-06-07,data-analytics,AWSDataTransfer,us-east-1,0.0,normal
2026-06-08,data-analytics,AWSDataTransfer,us-east-1,0.0,normal
2026-06-09,data-analytics,AWSDataTransfer,us-east-1,0.0,normal
2026-06-10,data-analytics,AWSDataTransfer,us-east-1,0.0,normal
2026-06-11,data-analytics,AWSDataTransfer,us-east-1,0.0,normal
2026-06-12,data-analytics,AWSDataTransfer,us-east-1,0.0,normal
2026-06-13,data-analytics,AWSDataTransfer,us-east-1,0.0,normal
2026-06-14,data-analytics,AWSDataTransfer,us-east-1,0.0,normal
2026-06-15,data-analytics,AWSDataTransfer,us-east-1,0.0,normal
2026-06-16,data-analytics,AWSDataTransfer,us-east-1,0.0,normal
2026-06-17,data-analytics,AWSDataTransfer,us-east-1,0.0,normal
2026-06-18,data-analytics,AWSDataTransfer,us-east-1,0.0,normal
2026-06-19,data-analytics,AWSDataTransfer,us-east-1,0.0,normal
2026-06-20,data-analytics,AWSDataTransfer,us-east-1,0.0,normal
2026-06-21,data-analytics,AWSDataTransfer,us-east-1,0.0,normal
2026-06-22,data-analytics,AWSDataTransfer,us-east-1,0.0,normal
2026-06-23,data-analytics,AWSDataTransfer,us-east-1,0.0,normal
2026-06-24,data-analytics,AWSDataTransfer,us-east-1,0.0,normal
2026-06-25,data-analytics,AWSDataTransfer,us-east-1,0.0,normal
2026-06-26,data-analytics,AWSDataTransfer,us-east-1,0.0,normal
2026-06-27,data-analytics,AWSDataTransfer,us-east-1,0.0,normal
2026-06-28,data-analytics,AWSDataTransfer,us-east-1,0.0,normal
2026-06-29,data-analytics,AWSDataTransfer,us-east-1,0.0,normal
2026-06-30,data-analytics,AWSDataTransfer,us-east-1,0.0,normal
2026-07-01,data-analytics,AWSDataTransfer,us-east-1,0.0,normal
2026-07-02,data-analytics,AWSDataTransfer,us-east-1,0.0,normal
2026-07-03,data-analytics,AWSDataTransfer,us-east-1,0.0,normal
2026-07-04,data-analytics,AWSDataTransfer,us-east-1,0.0,normal
2026-07-05,data-analytics,AWSDataTransfer,us-east-1,0.0,normal
2026-07-06,data-analytics,AWSDataTransfer,us-east-1,0.0,normal
2026-07-07,data-analytics,AWSDataTransfer,us-east-1,0.0,normal
2026-07-08,data-analytics,AWSDataTransfer,us-east-1,0.0,normal
2026-07-09,data-analytics,AWSDataTransfer,us-east-1,0.0,normal
2026-07-10,data-analytics,AWSDataTransfer,us-east-1,0.0,normal
2026-07-11,data-analytics,AWSDataTransfer,us-east-1,0.0,normal
2026-07-12,data-analytics,AWSDataTransfer,us-east-1,0.0,normal
2026-07-13,data-analytics,AWSDataTransfer,us-east-1,0.0,normal
2026-07-14,data-analytics,AWSDataTransfer,us-east-1,0.0,normal
2026-07-15,data-analytics,AWSDataTransfer,us-east-1,0.0,normal
2026-07-16,data-analytics,AWSDataTransfer,us-east-1,0.0,normal
2026-07-17,data-analytics,AWSDataTransfer,us-east-1,0.0,normal
2026-07-18,data-analytics,AWSDataTransfer,us-east-1,0.0,normal
2026-07-19,data-analytics,AWSDataTransfer,us-east-1,0.0,normal
2026-07-20,data-analytics,AWSDataTransfer,us-east-1,0.0,normal
2026-07-21,data-analytics,AWSDataTransfer,us-east-1,0.0,normal
2026-06-01,data-analytics,AmazonAthena,us-east-1,67.46455724592138,normal
2026-06-02,data-analytics,AmazonAthena,us-east-1,77.25116826020216,normal
2026-06-03,data-analytics,AmazonAthena,us-east-1,63.506852711274284,normal
2026-06-04,data-analytics,AmazonAthena,us-east-1,82.03374806736086,normal
2026-06-05,data-analytics,AmazonAthena,us-east-1,81.1660294421793,normal
2026-06-06,data-analytics,AmazonAthena,us-east-1,82.43151524893607,normal
2026-06-07,data-analytics,AmazonAthena,us-east-1,86.07636051508473,normal
2026-06-08,data-analytics,AmazonAthena,us-east-1,65.70613030811953,normal
2026-06-09,data-analytics,AmazonAthena,us-east-1,79.03768986024566,normal
2026-06-10,data-analytics,AmazonAthena,us-east-1,83.57318695866361,normal
2026-06-11,data-analytics,AmazonAthena,us-east-1,82.3824681026831,normal
2026-06-12,data-analytics,AmazonAthena,us-east-1,67.624068221116,normal
2026-06-13,data-analytics,AmazonAthena,us-east-1,76.80142983638456,normal
2026-06-14,data-analytics,AmazonAthena,us-east-1,83.23299075836397,normal
2026-06-15,data-analytics,AmazonAthena,us-east-1,68.1647914729971,normal
2026-06-16,data-analytics,AmazonAthena,us-east-1,82.33097432922443,normal
2026-06-17,data-analytics,AmazonAthena,us-east-1,65.19598101235412,normal
2026-06-18,data-analytics,AmazonAthena,us-east-1,67.81700192554703,normal
2026-06-19,data-analytics,AmazonAthena,us-east-1,81.27307263176814,normal
2026-06-20,data-analytics,AmazonAthena,us-east-1,82.37841156360022,normal
2026-06-21,data-analytics,AmazonAthena,us-east-1,84.35425956377416,normal
2026-06-22,data-analytics,AmazonAthena,us-east-1,81.53692221341895,normal
2026-06-23,data-analytics,AmazonAthena,us-east-1,78.95392345702118,normal
2026-06-24,data-analytics,AmazonAthena,us-east-1,82.44495627465116,normal
2026-06-25,data-analytics,AmazonAthena,us-east-1,73.24873092451399,normal
2026-06-26,data-analytics,AmazonAthena,us-east-1,82.38609627104944,normal
2026-06-27,data-analytics,AmazonAthena,us-east-1,85.8930796507951,normal
2026-06-28,data-analytics,AmazonAthena,us-east-1,87.32994159748509,normal
2026-06-29,data-analytics,AmazonAthena,us-east-1,83.09625213200275,normal
2026-06-30,data-analytics,AmazonAthena,us-east-1,76.01577605318548,normal
2026-07-01,data-analytics,AmazonAthena,us-east-1,79.02411448948713,normal
2026-07-02,data-analytics,AmazonAthena,us-east-1,76.7986087551102,normal
2026-07-03,data-analytics,AmazonAthena,us-east-1,85.99949543173089,normal
2026-07-04,data-analytics,AmazonAthena,us-east-1,62.61780633717104,normal
2026-07-05,data-analytics,AmazonAthena,us-east-1,82.53597081560692,normal
2026-07-06,data-analytics,AmazonAthena,us-east-1,82.72464789451226,normal
2026-07-07,data-analytics,AmazonAthena,us-east-1,76.40160983706174,normal
2026-07-08,data-analytics,AmazonAthena,us-east-1,63.50788635415303,normal
2026-07-09,data-analytics,AmazonAthena,us-east-1,80.24652327885691,normal
2026-07-10,data-analytics,AmazonAthena,us-east-1,67.50136267798169,normal
2026-07-11,data-analytics,AmazonAthena,us-east-1,68.75914883144203,normal
2026-07-12,data-analytics,AmazonAthena,us-east-1,87.24908256928391,normal
2026-07-13,data-analytics,AmazonAthena,us-east-1,62.67341592340626,normal
2026-07-14,data-analytics,AmazonAthena,us-east-1,82.50257108214619,normal
2026-07-15,data-analytics,AmazonAthena,us-east-1,62.6328286035657,normal
2026-07-16,data-analytics,AmazonAthena,us-east-1,82.37196953651868,normal
2026-07-17,data-analytics,AmazonAthena,us-east-1,80.75492397026491,normal
2026-07-18,data-analytics,AmazonAthena,us-east-1,85.83599149548535,normal
2026-07-19,data-analytics,AmazonAthena,us-east-1,85.7903108446264,normal
2026-07-20,data-analytics,AmazonAthena,us-east-1,76.94661342093622,normal
2026-07-21,data-analytics,AmazonAthena,us-east-1,77.38061289620171,normal
2026-06-01,data-analytics,AmazonDynamoDB,us-east-1,244.6234643136534,normal
2026-06-02,data-analytics,AmazonDynamoDB,us-east-1,288.3983956060194,normal
2026-06-03,data-analytics,AmazonDynamoDB,us-east-1,243.5505926024539,normal
2026-06-04,data-analytics,AmazonDynamoDB,us-east-1,285.02570922143366,normal
2026-06-05,data-analytics,AmazonDynamoDB,us-east-1,295.9492206763173,normal
2026-06-06,data-analytics,AmazonDynamoDB,us-east-1,308.57049985944855,normal
2026-06-07,data-analytics,AmazonDynamoDB,us-east-1,295.44731852864794,normal
2026-06-08,data-analytics,AmazonDynamoDB,us-east-1,238.86868087571932,normal
2026-06-09,data-analytics,AmazonDynamoDB,us-east-1,288.3944346633191,normal
2026-06-10,data-analytics,AmazonDynamoDB,us-east-1,303.2049065612944,normal
2026-06-11,data-analytics,AmazonDynamoDB,us-east-1,308.1925483206757,normal
2026-06-12,data-analytics,AmazonDynamoDB,us-east-1,242.84935975913814,normal
2026-06-13,data-analytics,AmazonDynamoDB,us-east-1,286.6483511890118,normal
2026-06-14,data-analytics,AmazonDynamoDB,us-east-1,293.5405484055918,normal
2026-06-15,data-analytics,AmazonDynamoDB,us-east-1,245.2449997636575,normal
2026-06-16,data-analytics,AmazonDynamoDB,us-east-1,307.7957433604941,normal
2026-06-17,data-analytics,AmazonDynamoDB,us-east-1,244.00848882865023,normal
2026-06-18,data-analytics,AmazonDynamoDB,us-east-1,244.82057862100655,normal
2026-06-19,data-analytics,AmazonDynamoDB,us-east-1,295.1580120792286,normal
2026-06-20,data-analytics,AmazonDynamoDB,us-east-1,308.16128910774296,normal
2026-06-21,data-analytics,AmazonDynamoDB,us-east-1,302.3841365847703,normal
2026-06-22,data-analytics,AmazonDynamoDB,us-east-1,293.20777070336715,normal
2026-06-23,data-analytics,AmazonDynamoDB,us-east-1,308.05894032332253,normal
2026-06-24,data-analytics,AmazonDynamoDB,us-east-1,308.674074822312,normal
2026-06-25,data-analytics,AmazonDynamoDB,us-east-1,267.7158049010644,normal
2026-06-26,data-analytics,AmazonDynamoDB,us-east-1,298.02825759196156,normal
2026-06-27,data-analytics,AmazonDynamoDB,us-east-1,318.64110219953324,normal
2026-06-28,data-analytics,AmazonDynamoDB,us-east-1,323.09200658908463,normal
2026-06-29,data-analytics,AmazonDynamoDB,us-east-1,289.57410993706117,normal
2026-06-30,data-analytics,AmazonDynamoDB,us-east-1,281.5560177391723,normal
2026-07-01,data-analytics,AmazonDynamoDB,us-east-1,288.3617303610372,normal
2026-07-02,data-analytics,AmazonDynamoDB,us-east-1,286.65625972584274,normal
2026-07-03,data-analytics,AmazonDynamoDB,us-east-1,296.5752300778619,normal
2026-07-04,data-analytics,AmazonDynamoDB,us-east-1,234.8382135500721,normal
2026-07-05,data-analytics,AmazonDynamoDB,us-east-1,306.6372162752073,normal
2026-07-06,data-analytics,AmazonDynamoDB,us-east-1,304.0965719240359,normal
2026-07-07,data-analytics,AmazonDynamoDB,us-east-1,287.76919489497857,normal
2026-07-08,data-analytics,AmazonDynamoDB,us-east-1,232.18234586730824,normal
2026-07-09,data-analytics,AmazonDynamoDB,us-east-1,305.22181715561504,normal
2026-07-10,data-analytics,AmazonDynamoDB,us-east-1,244.0839004928189,normal
2026-07-11,data-analytics,AmazonDynamoDB,us-east-1,245.97031721803097,normal
2026-07-12,data-analytics,AmazonDynamoDB,us-east-1,322.84153311500836,normal
2026-07-13,data-analytics,AmazonDynamoDB,us-east-1,239.0521844181189,normal
2026-07-14,data-analytics,AmazonDynamoDB,us-east-1,286.07018736303,normal
2026-07-15,data-analytics,AmazonDynamoDB,us-east-1,235.97656751464518,normal
2026-07-16,data-analytics,AmazonDynamoDB,us-east-1,284.44135347303995,normal
2026-07-17,data-analytics,AmazonDynamoDB,us-east-1,300.58848889884507,normal
2026-07-18,data-analytics,AmazonDynamoDB,us-east-1,298.97447262059546,normal
2026-07-19,data-analytics,AmazonDynamoDB,us-east-1,299.64478651906904,normal
2026-07-20,data-analytics,AmazonDynamoDB,us-east-1,292.9372451460474,normal
2026-07-21,data-analytics,AmazonDynamoDB,us-east-1,286.46925296628405,normal
2026-06-01,data-analytics,AmazonES,us-west-2,89.37700721549881,normal
2026-06-02,data-analytics,AmazonES,us-west-2,104.69261595581578,normal
2026-06-03,data-analytics,AmazonES,us-west-2,86.58754076638007,normal
2026-06-04,data-analytics,AmazonES,us-west-2,106.87342609055668,normal
2026-06-05,data-analytics,AmazonES,us-west-2,108.12751249558387,normal
2026-06-06,data-analytics,AmazonES,us-west-2,111.36941214292828,normal
2026-06-07,data-analytics,AmazonES,us-west-2,112.22817055443622,normal
2026-06-08,data-analytics,AmazonES,us-west-2,88.1946695301041,normal
2026-06-09,data-analytics,AmazonES,us-west-2,104.46915994918024,normal
2026-06-10,data-analytics,AmazonES,us-west-2,110.44054736665323,normal
2026-06-11,data-analytics,AmazonES,us-west-2,111.17899381041676,normal
2026-06-12,data-analytics,AmazonES,us-west-2,91.17408453200808,normal
2026-06-13,data-analytics,AmazonES,us-west-2,103.21535438786555,normal
2026-06-14,data-analytics,AmazonES,us-west-2,110.030500507095,normal
2026-06-15,data-analytics,AmazonES,us-west-2,90.66770785736576,normal
2026-06-16,data-analytics,AmazonES,us-west-2,110.97907680757716,normal
2026-06-17,data-analytics,AmazonES,us-west-2,87.77807095449056,normal
2026-06-18,data-analytics,AmazonES,us-west-2,89.81297083397153,normal
2026-06-19,data-analytics,AmazonES,us-west-2,108.05690954074868,normal
2026-06-20,data-analytics,AmazonES,us-west-2,111.16324489397735,normal
2026-06-21,data-analytics,AmazonES,us-west-2,110.59826395037749,normal
2026-06-22,data-analytics,AmazonES,us-west-2,107.88288109327686,normal
2026-06-23,data-analytics,AmazonES,us-west-2,109.50781146728313,normal
2026-06-24,data-analytics,AmazonES,us-west-2,111.42159494864573,normal
2026-06-25,data-analytics,AmazonES,us-west-2,98.04971602644434,normal
2026-06-26,data-analytics,AmazonES,us-west-2,106.3009718498322,normal
2026-06-27,data-analytics,AmazonES,us-west-2,113.38860170418009,normal
2026-06-28,data-analytics,AmazonES,us-west-2,114.41292711539464,normal
2026-06-29,data-analytics,AmazonES,us-west-2,108.85745781510978,normal
2026-06-30,data-analytics,AmazonES,us-west-2,101.61746230603899,normal
2026-07-01,data-analytics,AmazonES,us-west-2,104.46422345072259,normal
2026-07-02,data-analytics,AmazonES,us-west-2,103.21254915536238,normal
2026-07-03,data-analytics,AmazonES,us-west-2,111.95078786233323,normal
2026-07-04,data-analytics,AmazonES,us-west-2,86.05246596253656,normal
2026-07-05,data-analytics,AmazonES,us-west-2,110.9286847789891,normal
2026-07-06,data-analytics,AmazonES,us-west-2,110.26920774793037,normal
2026-07-07,data-analytics,AmazonES,us-west-2,102.8177805683142,normal
2026-07-08,data-analytics,AmazonES,us-west-2,87.02544066293973,normal
2026-07-09,data-analytics,AmazonES,us-west-2,110.13863279881424,normal
2026-07-10,data-analytics,AmazonES,us-west-2,89.40888677251087,normal
2026-07-11,data-analytics,AmazonES,us-west-2,92.12841661964569,normal
2026-07-12,data-analytics,AmazonES,us-west-2,114.35528347224341,normal
2026-07-13,data-analytics,AmazonES,us-west-2,86.04628711962152,normal
2026-07-14,data-analytics,AmazonES,us-west-2,107.24596375432911,normal
2026-07-15,data-analytics,AmazonES,us-west-2,86.05079682182604,normal
2026-07-16,data-analytics,AmazonES,us-west-2,106.9399335055003,normal
2026-07-17,data-analytics,AmazonES,us-west-2,108.25128655729196,normal
2026-07-18,data-analytics,AmazonES,us-west-2,111.3607519184906,normal
2026-07-19,data-analytics,AmazonES,us-west-2,111.19590435234747,normal
2026-07-20,data-analytics,AmazonES,us-west-2,105.65049004705546,normal
2026-07-21,data-analytics,AmazonES,us-west-2,104.28549169743007,normal
2026-06-01,data-analytics,AmazonMSK,us-east-1,105.37052148714007,normal
2026-06-02,data-analytics,AmazonMSK,us-east-1,126.67010617981066,normal
2026-06-03,data-analytics,AmazonMSK,us-east-1,103.12146449255145,normal
2026-06-04,data-analytics,AmazonMSK,us-east-1,126.73516209276731,normal
2026-06-05,data-analytics,AmazonMSK,us-east-1,129.06409257073025,normal
2026-06-06,data-analytics,AmazonMSK,us-east-1,134.2220685499366,normal
2026-06-07,data-analytics,AmazonMSK,us-east-1,132.57908453082533,normal
2026-06-08,data-analytics,AmazonMSK,us-east-1,105.04398379258595,normal
2026-06-09,data-analytics,AmazonMSK,us-east-1,127.02726678527137,normal
2026-06-10,data-analytics,AmazonMSK,us-east-1,131.2169463634735,normal
2026-06-11,data-analytics,AmazonMSK,us-east-1,133.8123806224118,normal
2026-06-12,data-analytics,AmazonMSK,us-east-1,108.88786596605418,normal
2026-06-13,data-analytics,AmazonMSK,us-east-1,124.65463332721208,normal
2026-06-14,data-analytics,AmazonMSK,us-east-1,132.1916129831179,normal
2026-06-15,data-analytics,AmazonMSK,us-east-1,107.25208259148043,normal
2026-06-16,data-analytics,AmazonMSK,us-east-1,133.38225616175694,normal
2026-06-17,data-analytics,AmazonMSK,us-east-1,104.0813506556149,normal
2026-06-18,data-analytics,AmazonMSK,us-east-1,105.9198717826039,normal
2026-06-19,data-analytics,AmazonMSK,us-east-1,128.90557754955185,normal
2026-06-20,data-analytics,AmazonMSK,us-east-1,133.77849659007248,normal
2026-06-21,data-analytics,AmazonMSK,us-east-1,131.43474545528318,normal
2026-06-22,data-analytics,AmazonMSK,us-east-1,128.51485561587322,normal
2026-06-23,data-analytics,AmazonMSK,us-east-1,129.9288825024386,normal
2026-06-24,data-analytics,AmazonMSK,us-east-1,134.3343406470863,normal
2026-06-25,data-analytics,AmazonMSK,us-east-1,117.79379842094357,normal
2026-06-26,data-analytics,AmazonMSK,us-east-1,129.54132061905125,normal
2026-06-27,data-analytics,AmazonMSK,us-east-1,136.143433839845,normal
2026-06-28,data-analytics,AmazonMSK,us-east-1,137.38104344627132,normal
2026-06-29,data-analytics,AmazonMSK,us-east-1,130.0007658678533,normal
2026-06-30,data-analytics,AmazonMSK,us-east-1,122.72690243900269,normal
2026-07-01,data-analytics,AmazonMSK,us-east-1,127.01855078018208,normal
2026-07-02,data-analytics,AmazonMSK,us-east-1,124.64903871097698,normal
2026-07-03,data-analytics,AmazonMSK,us-east-1,132.42201240397182,normal
2026-07-04,data-analytics,AmazonMSK,us-east-1,103.69597594672892,normal
2026-07-05,data-analytics,AmazonMSK,us-east-1,133.02156807841703,normal
2026-07-06,data-analytics,AmazonMSK,us-east-1,130.98033450904668,normal
2026-07-07,data-analytics,AmazonMSK,us-east-1,123.86173186788088,normal
2026-07-08,data-analytics,AmazonMSK,us-east-1,105.174212925198,normal
2026-07-09,data-analytics,AmazonMSK,us-east-1,130.4808752116544,normal
2026-07-10,data-analytics,AmazonMSK,us-east-1,105.4614796925539,normal
2026-07-11,data-analytics,AmazonMSK,us-east-1,109.52877348993053,normal
2026-07-12,data-analytics,AmazonMSK,us-east-1,137.3113972911215,normal
2026-07-13,data-analytics,AmazonMSK,us-east-1,103.19240024915442,normal
2026-07-14,data-analytics,AmazonMSK,us-east-1,127.08487346133245,normal
2026-07-15,data-analytics,AmazonMSK,us-east-1,103.55994097882173,normal
2026-07-16,data-analytics,AmazonMSK,us-east-1,126.67774970892708,normal
2026-07-17,data-analytics,AmazonMSK,us-east-1,130.00230409535993,normal
2026-07-18,data-analytics,AmazonMSK,us-east-1,132.08789566468747,normal
2026-07-19,data-analytics,AmazonMSK,us-east-1,131.99454824771485,normal
2026-07-20,data-analytics,AmazonMSK,us-east-1,127.44131762762926,normal
2026-07-21,data-analytics,AmazonMSK,us-east-1,126.34231895639243,normal
2026-06-01,data-analytics,AmazonS3,us-east-1,481.26346431365334,normal
2026-06-02,data-analytics,AmazonS3,us-east-1,573.5902905676624,normal
2026-06-03,data-analytics,AmazonS3,us-east-1,480.1905926024539,normal
2026-06-04,data-analytics,AmazonS3,us-east-1,581.5602483986704,normal
2026-06-05,data-analytics,AmazonS3,us-east-1,573.2487204393241,normal
2026-06-06,data-analytics,AmazonS3,us-east-1,624.1891449351684,normal
2026-06-07,data-analytics,AmazonS3,us-east-1,610.126311999554,normal
2026-06-08,data-analytics,AmazonS3,us-east-1,481.8892194488969,normal
2026-06-09,data-analytics,AmazonS3,us-east-1,569.321853079184,normal
2026-06-10,data-analytics,AmazonS3,us-east-1,600.1167268014689,normal
2026-06-11,data-analytics,AmazonS3,us-east-1,623.9121728151516,normal
2026-06-12,data-analytics,AmazonS3,us-east-1,503.81857952923514,normal
2026-06-13,data-analytics,AmazonS3,us-east-1,566.8636352975735,normal
2026-06-14,data-analytics,AmazonS3,us-east-1,577.1873292006226,normal
2026-06-15,data-analytics,AmazonS3,us-east-1,492.02145378045725,normal
2026-06-16,data-analytics,AmazonS3,us-east-1,623.6213844473849,normal
2026-06-17,data-analytics,AmazonS3,us-east-1,480.6484888286502,normal
2026-06-18,data-analytics,AmazonS3,us-east-1,483.8454520463346,normal
2026-06-19,data-analytics,AmazonS3,us-east-1,573.8258426572351,normal
2026-06-20,data-analytics,AmazonS3,us-east-1,623.8892653003307,normal
2026-06-21,data-analytics,AmazonS3,us-east-1,601.5061348009444,normal
2026-06-22,data-analytics,AmazonS3,us-east-1,575.2483848697949,normal
2026-06-23,data-analytics,AmazonS3,us-east-1,591.8997676879704,normal
2026-06-24,data-analytics,AmazonS3,us-east-1,624.2650471980302,normal
2026-06-25,data-analytics,AmazonS3,us-east-1,525.9975258484982,normal
2026-06-26,data-analytics,AmazonS3,us-east-1,565.7543822080842,normal
2026-06-27,data-analytics,AmazonS3,us-east-1,633.7207049362642,normal
2026-06-28,data-analytics,AmazonS3,us-east-1,637.8404575490393,normal
2026-06-29,data-analytics,AmazonS3,us-east-1,579.2367658846056,normal
2026-06-30,data-analytics,AmazonS3,us-east-1,537.0912982284859,normal
2026-07-01,data-analytics,AmazonS3,us-east-1,569.3376395898767,normal
2026-07-02,data-analytics,AmazonS3,us-east-1,566.8464869271305,normal
2026-07-03,data-analytics,AmazonS3,us-east-1,608.8546961640698,normal
2026-07-04,data-analytics,AmazonS3,us-east-1,481.7190017738489,normal
2026-07-05,data-analytics,AmazonS3,us-east-1,622.634926798602,normal
2026-07-06,data-analytics,AmazonS3,us-east-1,598.6073063508151,normal
2026-07-07,data-analytics,AmazonS3,us-east-1,564.433268784836,normal
2026-07-08,data-analytics,AmazonS3,us-east-1,486.743566421802,normal
2026-07-09,data-analytics,AmazonS3,us-east-1,595.8018499500386,normal
2026-07-10,data-analytics,AmazonS3,us-east-1,481.3882243689353,normal
2026-07-11,data-analytics,AmazonS3,us-east-1,505.9938886306798,normal
2026-07-12,data-analytics,AmazonS3,us-east-1,637.6086195541188,normal
2026-07-13,data-analytics,AmazonS3,us-east-1,480.85705318720295,normal
2026-07-14,data-analytics,AmazonS3,us-east-1,580.4546704726775,normal
2026-07-15,data-analytics,AmazonS3,us-east-1,481.4861566447317,normal
2026-07-16,data-analytics,AmazonS3,us-east-1,581.840489044544,normal
2026-07-17,data-analytics,AmazonS3,us-east-1,569.0025427026899,normal
2026-07-18,data-analytics,AmazonS3,us-east-1,606.149772349225,normal
2026-07-19,data-analytics,AmazonS3,us-east-1,605.3940554947977,normal
2026-07-20,data-analytics,AmazonS3,us-east-1,576.626014610668,normal
2026-07-21,data-analytics,AmazonS3,us-east-1,572.300019841086,normal
2026-06-01,dev,AWSLambda,us-east-1,119.60149288590979,normal
2026-06-02,dev,AWSLambda,us-east-1,141.4755672905823,normal
2026-06-03,dev,AWSLambda,us-east-1,118.49683238326732,normal
2026-06-04,dev,AWSLambda,us-east-1,148.43813067365642,normal
2026-06-05,dev,AWSLambda,us-east-1,150.20627031825,normal
2026-06-06,dev,AWSLambda,us-east-1,150.8639044481845,normal
2026-06-07,dev,AWSLambda,us-east-1,149.92546818408627,normal
2026-06-08,dev,AWSLambda,us-east-1,120.2797045380334,normal
2026-06-09,dev,AWSLambda,us-east-1,141.8165687759645,normal
2026-06-10,dev,AWSLambda,us-east-1,152.7473429335969,normal
2026-06-11,dev,AWSLambda,us-east-1,150.50903391941304,normal
2026-06-12,dev,AWSLambda,us-east-1,129.0031643130639,normal
2026-06-13,dev,AWSLambda,us-east-1,142.74556450777723,normal
2026-06-14,dev,AWSLambda,us-east-1,154.86335861584735,normal
2026-06-15,dev,AWSLambda,us-east-1,124.01364398362486,normal
2026-06-16,dev,AWSLambda,us-east-1,150.136461323212,normal
2026-06-17,dev,AWSLambda,us-east-1,118.96829590505466,normal
2026-06-18,dev,AWSLambda,us-east-1,120.69195906857213,normal
2026-06-19,dev,AWSLambda,us-east-1,150.13703387221807,normal
2026-06-20,dev,AWSLambda,us-east-1,150.47968366604871,normal
2026-06-21,dev,AWSLambda,us-east-1,152.31496345576787,normal
2026-06-22,dev,AWSLambda,us-east-1,149.96637371727795,normal
2026-06-23,dev,AWSLambda,us-east-1,155.304435229149,normal
2026-06-24,dev,AWSLambda,us-east-1,150.96115422247613,normal
2026-06-25,dev,AWSLambda,us-east-1,137.7562482199623,normal
2026-06-26,dev,AWSLambda,us-east-1,147.37648683884987,normal
2026-06-27,dev,AWSLambda,us-east-1,156.11020306417663,normal
2026-06-28,dev,AWSLambda,us-east-1,158.61067961593596,normal
2026-06-29,dev,AWSLambda,us-east-1,152.63363600976345,normal
2026-06-30,dev,AWSLambda,us-east-1,142.16321507811844,normal
2026-07-01,dev,AWSLambda,us-east-1,141.7988539455618,normal
2026-07-02,dev,AWSLambda,us-east-1,142.75741938863803,normal
2026-07-03,dev,AWSLambda,us-east-1,150.2613351787411,normal
2026-07-04,dev,AWSLambda,us-east-1,120.12496245540957,normal
2026-07-05,dev,AWSLambda,us-east-1,149.82220366191993,normal
2026-07-06,dev,AWSLambda,us-east-1,153.21706991553785,normal
2026-07-07,dev,AWSLambda,us-east-1,144.42570697684164,normal
2026-07-08,dev,AWSLambda,us-east-1,122.70553590461898,normal
2026-07-09,dev,AWSLambda,us-east-1,154.17465108471632,normal
2026-07-10,dev,AWSLambda,us-east-1,119.73348073557534,normal
2026-07-11,dev,AWSLambda,us-east-1,129.69026044945065,normal
2026-07-12,dev,AWSLambda,us-east-1,158.4699659555312,normal
2026-07-13,dev,AWSLambda,us-east-1,119.21049370398593,normal
2026-07-14,dev,AWSLambda,us-east-1,149.34178381069694,normal
2026-07-15,dev,AWSLambda,us-east-1,119.87792963025295,normal
2026-07-16,dev,AWSLambda,us-east-1,148.73201386618513,normal
2026-07-17,dev,AWSLambda,us-east-1,150.17784796411027,normal
2026-07-18,dev,AWSLambda,us-east-1,150.9757762914662,normal
2026-07-19,dev,AWSLambda,us-east-1,151.17538087456722,normal
2026-07-20,dev,AWSLambda,us-east-1,143.51411984373343,normal
2026-07-21,dev,AWSLambda,us-east-1,140.60912335606915,normal
2026-06-01,dev,AmazonCloudWatch,us-east-1,0.0,normal
2026-06-02,dev,AmazonCloudWatch,us-east-1,0.0,normal
2026-06-03,dev,AmazonCloudWatch,us-east-1,0.0,normal
2026-06-04,dev,AmazonCloudWatch,us-east-1,0.0,normal
2026-06-05,dev,AmazonCloudWatch,us-east-1,0.0,normal
2026-06-06,dev,AmazonCloudWatch,us-east-1,0.0,normal
2026-06-07,dev,AmazonCloudWatch,us-east-1,0.0,normal
2026-06-08,dev,AmazonCloudWatch,us-east-1,0.0,normal
2026-06-09,dev,AmazonCloudWatch,us-east-1,0.0,normal
2026-06-10,dev,AmazonCloudWatch,us-east-1,0.0,normal
2026-06-11,dev,AmazonCloudWatch,us-east-1,0.0,normal
2026-06-12,dev,AmazonCloudWatch,us-east-1,0.0,normal
2026-06-13,dev,AmazonCloudWatch,us-east-1,0.0,normal
2026-06-14,dev,AmazonCloudWatch,us-east-1,0.0,normal
2026-06-15,dev,AmazonCloudWatch,us-east-1,0.0,normal
2026-06-16,dev,AmazonCloudWatch,us-east-1,0.0,normal
2026-06-17,dev,AmazonCloudWatch,us-east-1,0.0,normal
2026-06-18,dev,AmazonCloudWatch,us-east-1,0.0,normal
2026-06-19,dev,AmazonCloudWatch,us-east-1,0.0,normal
2026-06-20,dev,AmazonCloudWatch,us-east-1,0.0,normal
2026-06-21,dev,AmazonCloudWatch,us-east-1,0.0,normal
2026-06-22,dev,AmazonCloudWatch,us-east-1,0.0,normal
2026-06-23,dev,AmazonCloudWatch,us-east-1,0.0,normal
2026-06-24,dev,AmazonCloudWatch,us-east-1,0.0,normal
2026-06-25,dev,AmazonCloudWatch,us-east-1,0.0,normal
2026-06-26,dev,AmazonCloudWatch,us-east-1,0.0,normal
2026-06-27,dev,AmazonCloudWatch,us-east-1,0.0,normal
2026-06-28,dev,AmazonCloudWatch,us-east-1,0.0,normal
2026-06-29,dev,AmazonCloudWatch,us-east-1,0.0,normal
2026-06-30,dev,AmazonCloudWatch,us-east-1,0.0,normal
2026-07-01,dev,AmazonCloudWatch,us-east-1,0.0,normal
2026-07-02,dev,AmazonCloudWatch,us-east-1,0.0,normal
2026-07-03,dev,AmazonCloudWatch,us-east-1,0.0,normal
2026-07-04,dev,AmazonCloudWatch,us-east-1,0.0,normal
2026-07-05,dev,AmazonCloudWatch,us-east-1,0.0,normal
2026-07-06,dev,AmazonCloudWatch,us-east-1,0.0,normal
2026-07-07,dev,AmazonCloudWatch,us-east-1,0.0,normal
2026-07-08,dev,AmazonCloudWatch,us-east-1,0.0,normal
2026-07-09,dev,AmazonCloudWatch,us-east-1,0.0,normal
2026-07-10,dev,AmazonCloudWatch,us-east-1,0.0,normal
2026-07-11,dev,AmazonCloudWatch,us-east-1,0.0,normal
2026-07-12,dev,AmazonCloudWatch,us-east-1,0.0,normal
2026-07-13,dev,AmazonCloudWatch,us-east-1,0.0,normal
2026-07-14,dev,AmazonCloudWatch,us-east-1,0.0,normal
2026-07-15,dev,AmazonCloudWatch,us-east-1,0.0,normal
2026-07-16,dev,AmazonCloudWatch,us-east-1,0.0,normal
2026-07-17,dev,AmazonCloudWatch,us-east-1,0.0,normal
2026-07-18,dev,AmazonCloudWatch,us-east-1,0.0,normal
2026-07-19,dev,AmazonCloudWatch,us-east-1,0.0,normal
2026-07-20,dev,AmazonCloudWatch,us-east-1,0.0,normal
2026-07-21,dev,AmazonCloudWatch,us-east-1,0.0,normal
2026-06-01,dev,AmazonEC2,us-east-1,70.03594291343498,normal
2026-06-02,dev,AmazonEC2,us-east-1,153.12846838907745,normal
2026-06-03,dev,AmazonEC2,us-east-1,67.87430509531447,normal
2026-06-04,dev,AmazonEC2,us-east-1,154.03077948647177,normal
2026-06-05,dev,AmazonEC2,us-east-1,155.78434289604604,normal
2026-06-06,dev,AmazonEC2,us-east-1,160.79001888548078,normal
2026-06-07,dev,AmazonEC2,us-east-1,160.9190897555748,normal
2026-06-08,dev,AmazonEC2,us-east-1,69.48650956245937,normal
2026-06-09,dev,AmazonEC2,us-east-1,152.95789682338616,normal
2026-06-10,dev,AmazonEC2,us-east-1,159.68153612150758,normal
2026-06-11,dev,AmazonEC2,us-east-1,160.25627052919847,normal
2026-06-12,dev,AmazonEC2,us-east-1,70.71493950738393,normal
2026-06-13,dev,AmazonEC2,us-east-1,151.2126345557043,normal
2026-06-14,dev,AmazonEC2,us-east-1,158.33559247146587,normal
2026-06-15,dev,AmazonEC2,us-east-1,70.6016664828447,normal
2026-06-16,dev,AmazonEC2,us-east-1,159.69589711214812,normal
2026-06-17,dev,AmazonEC2,us-east-1,68.79688119550266,normal
2026-06-18,dev,AmazonEC2,us-east-1,70.27156114967177,normal
2026-06-19,dev,AmazonEC2,us-east-1,155.66955615657204,normal
2026-06-20,dev,AmazonEC2,us-east-1,160.21212583917895,normal
2026-06-21,dev,AmazonEC2,us-east-1,160.08494724722402,normal
2026-06-22,dev,AmazonEC2,us-east-1,155.38661958390819,normal
2026-06-23,dev,AmazonEC2,us-east-1,157.29576266461535,normal
2026-06-24,dev,AmazonEC2,us-east-1,160.93628887120394,normal
2026-06-25,dev,AmazonEC2,us-east-1,75.97273196097858,normal
2026-06-26,dev,AmazonEC2,us-east-1,154.7133522300488,normal
2026-06-27,dev,AmazonEC2,us-east-1,162.56455178813377,normal
2026-06-28,dev,AmazonEC2,us-east-1,163.886352524249,normal
2026-06-29,dev,AmazonEC2,us-east-1,156.63831658075452,normal
2026-06-30,dev,AmazonEC2,us-east-1,79.94178271205055,normal
2026-07-01,dev,AmazonEC2,us-east-1,152.95288319214012,normal
2026-07-02,dev,AmazonEC2,us-east-1,151.20787992434302,normal
2026-07-03,dev,AmazonEC2,us-east-1,160.89068309433532,normal
2026-07-04,dev,AmazonEC2,us-east-1,68.04836620175445,normal
2026-07-05,dev,AmazonEC2,us-east-1,159.35804919548625,normal
2026-07-06,dev,AmazonEC2,us-east-1,159.24327968178105,normal
2026-07-07,dev,AmazonEC2,us-east-1,150.53878062426136,normal
2026-07-08,dev,AmazonEC2,us-east-1,68.84512818611367,normal
2026-07-09,dev,AmazonEC2,us-east-1,157.9474207346134,normal
2026-07-10,dev,AmazonEC2,us-east-1,70.09883688241236,normal
2026-07-11,dev,AmazonEC2,us-east-1,71.16580228069076,normal
2026-07-12,dev,AmazonEC2,us-east-1,163.8119685354155,normal
2026-07-13,dev,AmazonEC2,us-east-1,67.75178174183327,normal
2026-07-14,dev,AmazonEC2,us-east-1,154.3511152651028,normal
2026-07-15,dev,AmazonEC2,us-east-1,67.9682474476496,normal
2026-07-16,dev,AmazonEC2,us-east-1,154.01770537926063,normal
2026-07-17,dev,AmazonEC2,us-east-1,156.25941988905328,normal
2026-07-18,dev,AmazonEC2,us-east-1,160.8302577265924,normal
2026-07-19,dev,AmazonEC2,us-east-1,160.81337574692714,normal
2026-07-20,dev,AmazonEC2,us-east-1,154.03230855722154,normal
2026-07-21,dev,AmazonEC2,us-east-1,152.74431011449812,normal
2026-06-01,dev,AmazonRDS,us-east-1,51.50904291633236,normal
2026-06-02,dev,AmazonRDS,us-east-1,60.58318053390661,normal
2026-06-03,dev,AmazonRDS,us-east-1,49.23614432816154,normal
2026-06-04,dev,AmazonRDS,us-east-1,59.862706350084096,normal
2026-06-05,dev,AmazonRDS,us-east-1,60.75335104402795,normal
2026-06-06,dev,AmazonRDS,us-east-1,63.352923614768194,normal
2026-06-07,dev,AmazonRDS,us-east-1,63.37454002623432,normal
2026-06-08,dev,AmazonRDS,us-east-1,50.66359902764023,normal
2026-06-09,dev,AmazonRDS,us-east-1,60.39600060991288,normal
2026-06-10,dev,AmazonRDS,us-east-1,62.43077679795013,normal
2026-06-11,dev,AmazonRDS,us-east-1,63.22020780726016,normal
2026-06-12,dev,AmazonRDS,us-east-1,51.719063470163746,normal
2026-06-13,dev,AmazonRDS,us-east-1,59.26848488715852,normal
2026-06-14,dev,AmazonRDS,us-east-1,62.403816747384965,normal
2026-06-15,dev,AmazonRDS,us-east-1,51.92749988182874,normal
2026-06-16,dev,AmazonRDS,us-east-1,63.080871714371966,normal
2026-06-17,dev,AmazonRDS,us-east-1,50.20620596291823,normal
2026-06-18,dev,AmazonRDS,us-east-1,51.71528931050327,normal
2026-06-19,dev,AmazonRDS,us-east-1,60.68365909506159,normal
2026-06-20,dev,AmazonRDS,us-east-1,63.209231289741794,normal
2026-06-21,dev,AmazonRDS,us-east-1,62.536994089029726,normal
2026-06-22,dev,AmazonRDS,us-east-1,60.51187617594426,normal
2026-06-23,dev,AmazonRDS,us-east-1,61.80260772286414,normal
2026-06-24,dev,AmazonRDS,us-east-1,63.38929344905612,normal
2026-06-25,dev,AmazonRDS,us-east-1,55.70782199829543,normal
2026-06-26,dev,AmazonRDS,us-east-1,60.868504996339226,normal
2026-06-27,dev,AmazonRDS,us-east-1,63.67372649429592,normal
2026-06-28,dev,AmazonRDS,us-east-1,63.954363593258805,normal
2026-06-29,dev,AmazonRDS,us-east-1,61.33407582501719,normal
2026-06-30,dev,AmazonRDS,us-east-1,57.82929600886425,normal
2026-07-01,dev,AmazonRDS,us-east-1,60.39453508693327,normal
2026-07-02,dev,AmazonRDS,us-east-1,59.264601938213474,normal
2026-07-03,dev,AmazonRDS,us-east-1,63.24086162040156,normal
2026-07-04,dev,AmazonRDS,us-east-1,48.989455400584816,normal
2026-07-05,dev,AmazonRDS,us-east-1,63.004957092657314,normal
2026-07-06,dev,AmazonRDS,us-east-1,62.31538480983065,normal
2026-07-07,dev,AmazonRDS,us-east-1,58.71817084314679,normal
2026-07-08,dev,AmazonRDS,us-east-1,49.602540932892566,normal
2026-07-09,dev,AmazonRDS,us-east-1,62.15241300635063,normal
2026-07-10,dev,AmazonRDS,us-east-1,51.54729868257238,normal
2026-07-11,dev,AmazonRDS,us-east-1,52.29015860901548,normal
2026-07-12,dev,AmazonRDS,us-east-1,63.938570814313266,normal
2026-07-13,dev,AmazonRDS,us-east-1,48.89059391394442,normal
2026-07-14,dev,AmazonRDS,us-east-1,59.88317712524099,normal
2026-07-15,dev,AmazonRDS,us-east-1,48.962749149216535,normal
2026-07-16,dev,AmazonRDS,us-east-1,59.78085107015346,normal
2026-07-17,dev,AmazonRDS,us-east-1,61.152187135606106,normal
2026-07-18,dev,AmazonRDS,us-east-1,62.956506948670174,normal
2026-07-19,dev,AmazonRDS,us-east-1,62.877062338480705,normal
2026-07-20,dev,AmazonRDS,us-east-1,61.01545191867118,normal
2026-07-21,dev,AmazonRDS,us-east-1,60.39945266345562,normal
2026-06-01,ml-research,AmazonEC2,us-east-1,84.33411434697335,normal
2026-06-02,ml-research,AmazonEC2,us-east-1,199.41045269101224,normal
2026-06-03,ml-research,AmazonEC2,us-east-1,81.98174378019516,normal
2026-06-04,ml-research,AmazonEC2,us-east-1,202.42858818332397,normal
2026-06-05,ml-research,AmazonEC2,us-east-1,202.2163360493273,normal
2026-06-06,ml-research,AmazonEC2,us-east-1,209.03039297634461,normal
2026-06-07,ml-research,AmazonEC2,us-east-1,211.76001268867728,normal
2026-06-08,ml-research,AmazonEC2,us-east-1,83.10525218812852,normal
2026-06-09,ml-research,AmazonEC2,us-east-1,198.6827763490179,normal
2026-06-10,ml-research,AmazonEC2,us-east-1,211.07554356410304,normal
2026-06-11,ml-research,AmazonEC2,us-east-1,208.61781992256965,normal
2026-06-12,ml-research,AmazonEC2,us-east-1,86.67033571974613,normal
2026-06-13,ml-research,AmazonEC2,us-east-1,194.98398525809316,normal
2026-06-14,ml-research,AmazonEC2,us-east-1,209.6586556967386,normal
2026-06-15,ml-research,AmazonEC2,us-east-1,85.8752077391945,normal
2026-06-16,ml-research,AmazonEC2,us-east-1,208.1846664164172,normal
2026-06-17,ml-research,AmazonEC2,us-east-1,82.98572365392936,normal
2026-06-18,ml-research,AmazonEC2,us-east-1,84.80826014447481,normal
2026-06-19,ml-research,AmazonEC2,us-east-1,202.2313676461632,normal
2026-06-20,ml-research,AmazonEC2,us-east-1,208.5836972702843,normal
2026-06-21,ml-research,AmazonEC2,us-east-1,211.8888032271165,normal
2026-06-22,ml-research,AmazonEC2,us-east-1,202.26841886401203,normal
2026-06-23,ml-research,AmazonEC2,us-east-1,206.26592579728305,normal
2026-06-24,ml-research,AmazonEC2,us-east-1,209.14345572206577,normal
2026-06-25,ml-research,AmazonEC2,us-east-1,92.89277004883446,normal
2026-06-26,ml-research,AmazonEC2,us-east-1,201.69734387033253,normal
2026-06-27,ml-research,AmazonEC2,us-east-1,215.07430836136203,normal
2026-06-28,ml-research,AmazonEC2,us-east-1,217.95925773870053,normal
2026-06-29,ml-research,AmazonEC2,us-east-1,206.8734161021366,normal
2026-06-30,ml-research,AmazonEC2,us-east-1,97.28011752602174,normal
2026-07-01,ml-research,AmazonEC2,us-east-1,198.67215773514806,normal
2026-07-02,ml-research,AmazonEC2,us-east-1,194.97390543960722,normal
2026-07-03,ml-research,AmazonEC2,us-east-1,212.07248596231136,normal
2026-07-04,ml-research,AmazonEC2,us-east-1,81.15848708644002,normal
2026-07-05,ml-research,AmazonEC2,us-east-1,208.06753889402395,normal
2026-07-06,ml-research,AmazonEC2,us-east-1,210.19203723082458,normal
2026-07-07,ml-research,AmazonEC2,us-east-1,193.5554149234341,normal
2026-07-08,ml-research,AmazonEC2,us-east-1,82.02177701825484,normal
2026-07-09,ml-research,AmazonEC2,us-east-1,207.05747389176653,normal
2026-07-10,ml-research,AmazonEC2,us-east-1,84.33686509303395,normal
2026-07-11,ml-research,AmazonEC2,us-east-1,87.69857522866117,normal
2026-07-12,ml-research,AmazonEC2,us-east-1,217.79690797114037,normal
2026-07-13,ml-research,AmazonEC2,us-east-1,81.33767353097572,normal
2026-07-14,ml-research,AmazonEC2,us-east-1,202.40402062004605,normal
2026-07-15,ml-research,AmazonEC2,us-east-1,81.20689216704503,normal
2026-07-16,ml-research,AmazonEC2,us-east-1,202.43768321442738,normal
2026-07-17,ml-research,AmazonEC2,us-east-1,202.0590385978978,normal
2026-07-18,ml-research,AmazonEC2,us-east-1,212.73716500748347,normal
2026-07-19,ml-research,AmazonEC2,us-east-1,212.92286678380134,normal
2026-07-20,ml-research,AmazonEC2,us-east-1,201.7732087827368,normal
2026-07-21,ml-research,AmazonEC2,us-east-1,198.40621285366086,normal
2026-06-01,ml-research,AmazonS3,us-east-1,174.31997867221628,normal
2026-06-02,ml-research,AmazonS3,us-east-1,198.2122135010749,normal
2026-06-03,ml-research,AmazonS3,us-east-1,170.44969331403732,normal
2026-06-04,ml-research,AmazonS3,us-east-1,204.38839511319185,normal
2026-06-05,ml-research,AmazonS3,us-east-1,206.0680099964671,normal
2026-06-06,ml-research,AmazonS3,us-east-1,205.36397677521728,normal
2026-06-07,ml-research,AmazonS3,us-east-1,206.81184661259778,normal
2026-06-08,ml-research,AmazonS3,us-east-1,170.1600303083322,normal
2026-06-09,ml-research,AmazonS3,us-east-1,198.7265657264001,normal
2026-06-10,ml-research,AmazonS3,us-east-1,210.24292144648535,normal
2026-06-11,ml-research,AmazonS3,us-east-1,204.49266864766454,normal
2026-06-12,ml-research,AmazonS3,us-east-1,173.31411034480467,normal
2026-06-13,ml-research,AmazonS3,us-east-1,194.13956476302351,normal
2026-06-14,ml-research,AmazonS3,us-east-1,205.8971630790263,normal
2026-06-15,ml-research,AmazonS3,us-east-1,175.0494789582257,normal
2026-06-16,ml-research,AmazonS3,us-east-1,203.57789690739855,normal
2026-06-17,ml-research,AmazonS3,us-east-1,172.10151155224187,normal
2026-06-18,ml-research,AmazonS3,us-east-1,174.67516308935996,normal
2026-06-19,ml-research,AmazonS3,us-east-1,206.01152763259896,normal
2026-06-20,ml-research,AmazonS3,us-east-1,204.420605423957,normal
2026-06-21,ml-research,AmazonS3,us-east-1,210.24184854455527,normal
2026-06-22,ml-research,AmazonS3,us-east-1,205.8723048746215,normal
2026-06-23,ml-research,AmazonS3,us-east-1,210.24926658865795,normal
2026-06-24,ml-research,AmazonS3,us-east-1,205.6027526438032,normal
2026-06-25,ml-research,AmazonS3,us-east-1,186.73599715193964,normal
2026-06-26,ml-research,AmazonS3,us-east-1,202.41891045570466,normal
2026-06-27,ml-research,AmazonS3,us-east-1,209.52836443086827,normal
2026-06-28,ml-research,AmazonS3,us-east-1,212.1916105000261,normal
2026-06-29,ml-research,AmazonS3,us-east-1,205.6135829372771,normal
2026-06-30,ml-research,AmazonS3,us-east-1,193.60227605274042,normal
2026-07-01,ml-research,AmazonS3,us-east-1,198.71617851089547,normal
2026-07-02,ml-research,AmazonS3,us-east-1,194.12579218084701,normal
2026-07-03,ml-research,AmazonS3,us-east-1,207.51198726314686,normal
2026-07-04,ml-research,AmazonS3,us-east-1,165.66349410069398,normal
2026-07-05,ml-research,AmazonS3,us-east-1,203.05338672091528,normal
2026-07-06,ml-research,AmazonS3,us-east-1,210.24408702212293,normal
2026-07-07,ml-research,AmazonS3,us-east-1,192.18763454161044,normal
2026-07-08,ml-research,AmazonS3,us-east-1,165.13368581424734,normal
2026-07-09,ml-research,AmazonS3,us-east-1,209.25886333705438,normal
2026-07-10,ml-research,AmazonS3,us-east-1,174.1018874305296,normal
2026-07-11,ml-research,AmazonS3,us-east-1,175.68916865756898,normal
2026-07-12,ml-research,AmazonS3,us-east-1,212.0417370278329,normal
2026-07-13,ml-research,AmazonS3,us-east-1,167.65926036224693,normal
2026-07-14,ml-research,AmazonS3,us-east-1,205.36277100346328,normal
2026-07-15,ml-research,AmazonS3,us-east-1,166.20262655019118,normal
2026-07-16,ml-research,AmazonS3,us-east-1,204.72889034012553,normal
2026-07-17,ml-research,AmazonS3,us-east-1,205.85146434083384,normal
2026-07-18,ml-research,AmazonS3,us-east-1,209.00129485634,normal
2026-07-19,ml-research,AmazonS3,us-east-1,209.4173860022073,normal
2026-07-20,ml-research,AmazonS3,us-east-1,199.02272234750845,normal
2026-07-21,ml-research,AmazonS3,us-east-1,197.8677237439793,normal
2026-06-01,ml-research,AmazonSageMaker,us-east-1,33.71268573415352,normal
2026-06-02,ml-research,AmazonSageMaker,us-east-1,40.28692564590404,normal
2026-06-03,ml-research,AmazonSageMaker,us-east-1,32.94975473952275,normal
2026-06-04,ml-research,AmazonSageMaker,us-east-1,40.821264660408495,normal
2026-06-05,ml-research,AmazonSageMaker,us-east-1,41.633041287131576,normal
2026-06-06,ml-research,AmazonSageMaker,us-east-1,42.7814618073841,normal
2026-06-07,ml-research,AmazonSageMaker,us-east-1,43.13545250983787,normal
2026-06-08,ml-research,AmazonSageMaker,us-east-1,33.57747698542949,normal
2026-06-09,ml-research,AmazonSageMaker,us-east-1,40.24880789496239,normal
2026-06-10,ml-research,AmazonSageMaker,us-east-1,42.64459849523042,normal
2026-06-11,ml-research,AmazonSageMaker,us-east-1,42.71510390363008,normal
2026-06-12,ml-research,AmazonSageMaker,us-east-1,34.87464591132645,normal
2026-06-13,ml-research,AmazonSageMaker,us-east-1,39.87656524964649,normal
2026-06-14,ml-research,AmazonSageMaker,us-east-1,42.39416341708966,normal
2026-06-15,ml-research,AmazonSageMaker,us-east-1,34.341978918835274,normal
2026-06-16,ml-research,AmazonSageMaker,us-east-1,42.64543585718599,normal
2026-06-17,ml-research,AmazonSageMaker,us-east-1,33.27536983370682,normal
2026-06-18,ml-research,AmazonSageMaker,us-east-1,33.89692619286104,normal
2026-06-19,ml-research,AmazonSageMaker,us-east-1,41.58202495847646,normal
2026-06-20,ml-research,AmazonSageMaker,us-east-1,42.7096156448709,normal
2026-06-21,ml-research,AmazonSageMaker,us-east-1,42.734722257358555,normal
2026-06-22,ml-research,AmazonSageMaker,us-east-1,41.45627537062587,normal
2026-06-23,ml-research,AmazonSageMaker,us-east-1,42.11160655273321,normal
2026-06-24,ml-research,AmazonSageMaker,us-east-1,42.79964672452806,normal
2026-06-25,ml-research,AmazonSageMaker,us-east-1,37.59302629917997,normal
2026-06-26,ml-research,AmazonSageMaker,us-east-1,41.023526614658316,normal
2026-06-27,ml-research,AmazonSageMaker,us-east-1,42.87149059771837,normal
2026-06-28,ml-research,AmazonSageMaker,us-east-1,42.983745437303526,normal
2026-06-29,ml-research,AmazonSageMaker,us-east-1,41.78398483164611,normal
2026-06-30,ml-research,AmazonSageMaker,us-east-1,39.078447893629054,normal
2026-07-01,ml-research,AmazonSageMaker,us-east-1,40.246699598746105,normal
2026-07-02,ml-research,AmazonSageMaker,us-east-1,39.87602639142554,normal
2026-07-03,ml-research,AmazonSageMaker,us-east-1,43.08532310765058,normal
2026-07-04,ml-research,AmazonSageMaker,us-east-1,33.1054160821455,normal
2026-07-05,ml-research,AmazonSageMaker,us-east-1,42.62813501017162,normal
2026-07-06,ml-research,AmazonSageMaker,us-east-1,42.54669014167449,normal
2026-07-07,ml-research,AmazonSageMaker,us-east-1,39.80019513741629,normal
2026-07-08,ml-research,AmazonSageMaker,us-east-1,33.58915062795315,normal
2026-07-09,ml-research,AmazonSageMaker,us-east-1,42.31902280851381,normal
2026-07-10,ml-research,AmazonSageMaker,us-east-1,33.74099621291693,normal
2026-07-11,ml-research,AmazonSageMaker,us-east-1,35.10255486057414,normal
2026-07-12,ml-research,AmazonSageMaker,us-east-1,42.977428325725306,normal
2026-07-13,ml-research,AmazonSageMaker,us-east-1,32.9540344307274,normal
2026-07-14,ml-research,AmazonSageMaker,us-east-1,40.99605122893458,normal
2026-07-15,ml-research,AmazonSageMaker,us-east-1,33.06452213473782,normal
2026-07-16,ml-research,AmazonSageMaker,us-east-1,40.829222812623975,normal
2026-07-17,ml-research,AmazonSageMaker,us-east-1,41.824928658087245,normal
2026-07-18,ml-research,AmazonSageMaker,us-east-1,42.97869010575131,normal
2026-07-19,ml-research,AmazonSageMaker,us-east-1,42.948898376930266,normal
2026-07-20,ml-research,AmazonSageMaker,us-east-1,40.62586570895809,normal
2026-07-21,ml-research,AmazonSageMaker,us-east-1,40.142866292936795,normal
2026-06-01,prod-core,AWSDataTransfer,us-east-1,438.3014575327628,normal
2026-06-02,prod-core,AWSDataTransfer,us-east-1,538.1076857440974,normal
2026-06-03,prod-core,AWSDataTransfer,us-east-1,423.32893676313404,normal
2026-06-04,prod-core,AWSDataTransfer,us-east-1,535.3360173661033,normal
2026-06-05,prod-core,AWSDataTransfer,us-east-1,522.4859952085857,normal
2026-06-06,prod-core,AWSDataTransfer,us-east-1,531.2840049015077,normal
2026-06-07,prod-core,AWSDataTransfer,us-east-1,537.896318717089,normal
2026-06-08,prod-core,AWSDataTransfer,us-east-1,433.02421750460275,normal
2026-06-09,prod-core,AWSDataTransfer,us-east-1,535.1692279203724,normal
2026-06-10,prod-core,AWSDataTransfer,us-east-1,532.3280847827617,normal
2026-06-11,prod-core,AWSDataTransfer,us-east-1,534.2008675404343,normal
2026-06-12,prod-core,AWSDataTransfer,us-east-1,454.6067812150355,normal
2026-06-13,prod-core,AWSDataTransfer,us-east-1,526.4347028885162,normal
2026-06-14,prod-core,AWSDataTransfer,us-east-1,540.7986713615779,normal
2026-06-15,prod-core,AWSDataTransfer,us-east-1,448.1716628589261,normal
2026-06-16,prod-core,AWSDataTransfer,us-east-1,537.263232538477,normal
2026-06-17,prod-core,AWSDataTransfer,us-east-1,429.71913298649633,normal
2026-06-18,prod-core,AWSDataTransfer,us-east-1,441.33376667177225,normal
2026-06-19,prod-core,AWSDataTransfer,us-east-1,523.2421300797239,normal
2026-06-20,prod-core,AWSDataTransfer,us-east-1,534.4421123058924,normal
2026-06-21,prod-core,AWSDataTransfer,us-east-1,532.3838756831268,normal
2026-06-22,prod-core,AWSDataTransfer,us-east-1,525.1059186139381,normal
2026-06-23,prod-core,AWSDataTransfer,us-east-1,531.9981373897873,normal
2026-06-24,prod-core,AWSDataTransfer,us-east-1,530.4846591957449,normal
2026-06-25,prod-core,AWSDataTransfer,us-east-1,485.02448737307674,normal
2026-06-26,prod-core,AWSDataTransfer,us-east-1,532.0848947845182,normal
2026-06-27,prod-core,AWSDataTransfer,us-east-1,559.4324909000576,normal
2026-06-28,prod-core,AWSDataTransfer,us-east-1,567.3015551549769,normal
2026-06-29,prod-core,AWSDataTransfer,us-east-1,538.3971639701339,normal
2026-06-30,prod-core,AWSDataTransfer,us-east-1,499.579514413745,normal
2026-07-01,prod-core,AWSDataTransfer,us-east-1,535.1695878733849,normal
2026-07-02,prod-core,AWSDataTransfer,us-east-1,526.3992650361034,normal
2026-07-03,prod-core,AWSDataTransfer,us-east-1,536.7901299088229,normal
2026-07-04,prod-core,AWSDataTransfer,us-east-1,422.1726326427268,normal
2026-07-05,prod-core,AWSDataTransfer,us-east-1,539.6618649898285,normal
2026-07-06,prod-core,AWSDataTransfer,us-east-1,532.267474849608,normal
2026-07-07,prod-core,AWSDataTransfer,us-east-1,521.4122449194948,normal
2026-07-08,prod-core,AWSDataTransfer,us-east-1,429.16955636525483,normal
2026-07-09,prod-core,AWSDataTransfer,us-east-1,533.6449323270076,normal
2026-07-10,prod-core,AWSDataTransfer,us-east-1,438.5838712391759,normal
2026-07-11,prod-core,AWSDataTransfer,us-east-1,459.8573329571655,normal
2026-07-12,prod-core,AWSDataTransfer,us-east-1,566.858725633344,normal
2026-07-13,prod-core,AWSDataTransfer,us-east-1,421.28905810587827,normal
2026-07-14,prod-core,AWSDataTransfer,us-east-1,531.9270978568625,normal
2026-07-15,prod-core,AWSDataTransfer,us-east-1,421.9339455211228,normal
2026-07-16,prod-core,AWSDataTransfer,us-east-1,534.8704654614978,normal
2026-07-17,prod-core,AWSDataTransfer,us-east-1,519.7234455659641,normal
2026-07-18,prod-core,AWSDataTransfer,us-east-1,534.4370950002457,normal
2026-07-19,prod-core,AWSDataTransfer,us-east-1,533.7796908509279,normal
2026-07-20,prod-core,AWSDataTransfer,us-east-1,541.6542759690976,normal
2026-07-21,prod-core,AWSDataTransfer,us-east-1,536.6002820797155,normal
2026-06-01,prod-core,AWSELB,us-east-1,25.987057173486676,normal
2026-06-02,prod-core,AWSELB,us-east-1,30.626187812212414,normal
2026-06-03,prod-core,AWSELB,us-east-1,24.810871890097577,normal
2026-06-04,prod-core,AWSELB,us-east-1,30.58873533959151,normal
2026-06-05,prod-core,AWSELB,us-east-1,31.108135159124995,normal
2026-06-06,prod-core,AWSELB,us-east-1,32.59438542215229,normal
2026-06-07,prod-core,AWSELB,us-east-1,32.12727150590272,normal
2026-06-08,prod-core,AWSELB,us-east-1,25.679420097278513,normal
2026-06-09,prod-core,AWSELB,us-east-1,30.58164916560792,normal
2026-06-10,prod-core,AWSELB,us-east-1,31.912806730836902,normal
2026-06-11,prod-core,AWSELB,us-east-1,32.39531171089025,normal
2026-06-12,prod-core,AWSELB,us-east-1,26.272486064584044,normal
2026-06-13,prod-core,AWSELB,us-east-1,30.287432293369037,normal
2026-06-14,prod-core,AWSELB,us-east-1,31.566816409321632,normal
2026-06-15,prod-core,AWSELB,us-east-1,26.256562416295356,normal
2026-06-16,prod-core,AWSELB,us-east-1,32.186307571557954,normal
2026-06-17,prod-core,AWSELB,us-east-1,25.312861826964678,normal
2026-06-18,prod-core,AWSELB,us-east-1,26.10624659493982,normal
2026-06-19,prod-core,AWSELB,us-east-1,31.073516936109026,normal
2026-06-20,prod-core,AWSELB,us-east-1,32.37884693461269,normal
2026-06-21,prod-core,AWSELB,us-east-1,31.93748347522913,normal
2026-06-22,prod-core,AWSELB,us-east-1,30.988186858638976,normal
2026-06-23,prod-core,AWSELB,us-east-1,31.76686846086743,normal
2026-06-24,prod-core,AWSELB,us-east-1,32.64894017358418,normal
2026-06-25,prod-core,AWSELB,us-east-1,28.391741676725346,normal
2026-06-26,prod-core,AWSELB,us-east-1,30.73330899341061,normal
2026-06-27,prod-core,AWSELB,us-east-1,32.48445948623531,normal
2026-06-28,prod-core,AWSELB,us-east-1,32.66967997155081,normal
2026-06-29,prod-core,AWSELB,us-east-1,31.17511848182443,normal
2026-06-30,prod-core,AWSELB,us-east-1,29.554223946814528,normal
2026-07-01,prod-core,AWSELB,us-east-1,30.581546321890055,normal
2026-07-02,prod-core,AWSELB,us-east-1,30.28629118184233,normal
2026-07-03,prod-core,AWSELB,us-east-1,32.097193864590345,normal
2026-07-04,prod-core,AWSELB,us-east-1,24.891649063413777,normal
2026-07-05,prod-core,AWSELB,us-east-1,32.02889816904005,normal
2026-07-06,prod-core,AWSELB,us-east-1,31.885998491172778,normal
2026-07-07,prod-core,AWSELB,us-east-1,30.12570734982273,normal
2026-07-08,prod-core,AWSELB,us-east-1,25.305118401843533,normal
2026-07-09,prod-core,AWSELB,us-east-1,31.84675381709707,normal
2026-07-10,prod-core,AWSELB,us-east-1,26.020375082252336,normal
2026-07-11,prod-core,AWSELB,us-east-1,26.513445681385967,normal
2026-07-12,prod-core,AWSELB,us-east-1,32.65925673744675,normal
2026-07-13,prod-core,AWSELB,us-east-1,24.73717799053816,normal
2026-07-14,prod-core,AWSELB,us-east-1,30.675891905348465,normal
2026-07-15,prod-core,AWSELB,us-east-1,24.849920545650836,normal
2026-07-16,prod-core,AWSELB,us-east-1,30.580777187376032,normal
2026-07-17,prod-core,AWSELB,us-east-1,31.243936844090985,normal
2026-07-18,prod-core,AWSELB,us-east-1,32.033214063450785,normal
2026-07-19,prod-core,AWSELB,us-east-1,32.01533902615816,normal
2026-07-20,prod-core,AWSELB,us-east-1,30.6949582597886,normal
2026-07-21,prod-core,AWSELB,us-east-1,30.59695837827703,normal
2026-06-01,prod-core,AmazonCloudWatch,us-east-1,294.4178290300437,normal
2026-06-02,prod-core,AmazonCloudWatch,us-east-1,343.16968146056803,normal
2026-06-03,prod-core,AmazonCloudWatch,us-east-1,276.80683857065026,normal
2026-06-04,prod-core,AmazonCloudWatch,us-east-1,344.7761601049099,normal
2026-06-05,prod-core,AmazonCloudWatch,us-east-1,343.53404258839475,normal
2026-06-06,prod-core,AmazonCloudWatch,us-east-1,363.5351934752126,normal
2026-06-07,prod-core,AmazonCloudWatch,us-east-1,355.84190408484193,normal
2026-06-08,prod-core,AmazonCloudWatch,us-east-1,292.62846645082305,normal
2026-06-09,prod-core,AmazonCloudWatch,us-east-1,345.37743976281587,normal
2026-06-10,prod-core,AmazonCloudWatch,us-east-1,364.6107331119684,normal
2026-06-11,prod-core,AmazonCloudWatch,us-east-1,360.3586694737704,normal
2026-06-12,prod-core,AmazonCloudWatch,us-east-1,295.220906600969,normal
2026-06-13,prod-core,AmazonCloudWatch,us-east-1,339.29090932295117,normal
2026-06-14,prod-core,AmazonCloudWatch,us-east-1,352.1633196209233,normal
2026-06-15,prod-core,AmazonCloudWatch,us-east-1,296.0842705887845,normal
2026-06-16,prod-core,AmazonCloudWatch,us-east-1,357.0236903809464,normal
2026-06-17,prod-core,AmazonCloudWatch,us-east-1,284.3231203280657,normal
2026-06-18,prod-core,AmazonCloudWatch,us-east-1,295.6451126009026,normal
2026-06-19,prod-core,AmazonCloudWatch,us-east-1,343.6579393865572,normal
2026-06-20,prod-core,AmazonCloudWatch,us-east-1,360.0959489131677,normal
2026-06-21,prod-core,AmazonCloudWatch,us-east-1,365.1943917619411,normal
2026-06-22,prod-core,AmazonCloudWatch,us-east-1,343.9633312427658,normal
2026-06-23,prod-core,AmazonCloudWatch,us-east-1,361.1589757700817,normal
2026-06-24,prod-core,AmazonCloudWatch,us-east-1,364.40569755240836,normal
2026-06-25,prod-core,AmazonCloudWatch,us-east-1,310.4063070371097,normal
2026-06-26,prod-core,AmazonCloudWatch,us-east-1,345.56599490620806,normal
2026-06-27,prod-core,AmazonCloudWatch,us-east-1,355.48188786098757,normal
2026-06-28,prod-core,AmazonCloudWatch,us-east-1,355.9252944773489,normal
2026-06-29,prod-core,AmazonCloudWatch,us-east-1,349.59295923086086,normal
2026-06-30,prod-core,AmazonCloudWatch,us-east-1,319.09093237363345,normal
2026-07-01,prod-core,AmazonCloudWatch,us-east-1,345.37463727150396,normal
2026-07-02,prod-core,AmazonCloudWatch,us-east-1,339.26761162928085,normal
2026-07-03,prod-core,AmazonCloudWatch,us-east-1,357.9573648571454,normal
2026-07-04,prod-core,AmazonCloudWatch,us-east-1,282.5374143894382,normal
2026-07-05,prod-core,AmazonCloudWatch,us-east-1,354.3172465692626,normal
2026-07-06,prod-core,AmazonCloudWatch,us-east-1,363.97665996513,normal
2026-07-07,prod-core,AmazonCloudWatch,us-east-1,335.9890250588807,normal
2026-07-08,prod-core,AmazonCloudWatch,us-east-1,289.4361778257892,normal
2026-07-09,prod-core,AmazonCloudWatch,us-east-1,359.05618887941256,normal
2026-07-10,prod-core,AmazonCloudWatch,us-east-1,295.20998276562483,normal
2026-07-11,prod-core,AmazonCloudWatch,us-east-1,296.8347726769904,normal
2026-07-12,prod-core,AmazonCloudWatch,us-east-1,355.90034188661497,normal
2026-07-13,prod-core,AmazonCloudWatch,us-east-1,277.98360716106504,normal
2026-07-14,prod-core,AmazonCloudWatch,us-east-1,345.081018444016,normal
2026-07-15,prod-core,AmazonCloudWatch,us-east-1,281.3072576857867,normal
2026-07-16,prod-core,AmazonCloudWatch,us-east-1,345.06663266077487,normal
2026-07-17,prod-core,AmazonCloudWatch,us-east-1,343.14760466895797,normal
2026-07-18,prod-core,AmazonCloudWatch,us-east-1,362.45727753729454,normal
2026-07-19,prod-core,AmazonCloudWatch,us-east-1,363.7144884935428,normal
2026-07-20,prod-core,AmazonCloudWatch,us-east-1,340.8560471171122,normal
2026-07-21,prod-core,AmazonCloudWatch,us-east-1,344.15304313082277,normal
2026-06-01,prod-core,AmazonEC2,us-east-1,462.46421455268796,normal
2026-06-02,prod-core,AmazonEC2,us-east-1,557.4790663639209,normal
2026-06-03,prod-core,AmazonEC2,us-east-1,452.21232931233703,normal
2026-06-04,prod-core,AmazonEC2,us-east-1,558.2342077857589,normal
2026-06-05,prod-core,AmazonEC2,us-east-1,563.0508540903668,normal
2026-06-06,prod-core,AmazonEC2,us-east-1,579.3913392536898,normal
2026-06-07,prod-core,AmazonEC2,us-east-1,580.7672931512934,normal
2026-06-08,prod-core,AmazonEC2,us-east-1,459.86118735847225,normal
2026-06-09,prod-core,AmazonEC2,us-east-1,555.2503921389427,normal
2026-06-10,prod-core,AmazonEC2,us-east-1,578.8390659325157,normal
2026-06-11,prod-core,AmazonEC2,us-east-1,578.205552364868,normal
2026-06-12,prod-core,AmazonEC2,us-east-1,473.5916759058138,normal
2026-06-13,prod-core,AmazonEC2,us-east-1,548.8997837376271,normal
2026-06-14,prod-core,AmazonEC2,us-east-1,574.2208806487845,normal
2026-06-15,prod-core,AmazonEC2,us-east-1,468.9544766735813,normal
2026-06-16,prod-core,AmazonEC2,us-east-1,576.960614665367,normal
2026-06-17,prod-core,AmazonEC2,us-east-1,456.58778214043537,normal
2026-06-18,prod-core,AmazonEC2,us-east-1,464.47742309242335,normal
2026-06-19,prod-core,AmazonEC2,us-east-1,562.69055126924,normal
2026-06-20,prod-core,AmazonEC2,us-east-1,578.1074795670409,normal
2026-06-21,prod-core,AmazonEC2,us-east-1,580.4516375334514,normal
2026-06-22,prod-core,AmazonEC2,us-east-1,561.8024448050452,normal
2026-06-23,prod-core,AmazonEC2,us-east-1,569.3023172471193,normal
2026-06-24,prod-core,AmazonEC2,us-east-1,579.7162958165667,normal
2026-06-25,prod-core,AmazonEC2,us-east-1,512.8786389493691,normal
2026-06-26,prod-core,AmazonEC2,us-east-1,560.3710001949054,normal
2026-06-27,prod-core,AmazonEC2,us-east-1,586.7651644224993,normal
2026-06-28,prod-core,AmazonEC2,us-east-1,591.07013752059,normal
2026-06-29,prod-core,AmazonEC2,us-east-1,567.6704511580147,normal
2026-06-30,prod-core,AmazonEC2,us-east-1,534.9657427944626,normal
2026-07-01,prod-core,AmazonEC2,us-east-1,555.2355569326403,normal
2026-07-02,prod-core,AmazonEC2,us-east-1,548.8809236998941,normal
2026-07-03,prod-core,AmazonEC2,us-east-1,581.2702581532392,normal
2026-07-04,prod-core,AmazonEC2,us-east-1,453.04223945833365,normal
2026-07-05,prod-core,AmazonEC2,us-east-1,576.2401229887156,normal
2026-07-06,prod-core,AmazonEC2,us-east-1,577.0872057492471,normal
2026-07-07,prod-core,AmazonEC2,us-east-1,546.2268298095701,normal
2026-07-08,prod-core,AmazonEC2,us-east-1,458.31505771501907,normal
2026-07-09,prod-core,AmazonEC2,us-east-1,571.0365387353825,normal
2026-07-10,prod-core,AmazonEC2,us-east-1,462.7627838632495,normal
2026-07-11,prod-core,AmazonEC2,us-east-1,476.6055684318683,normal
2026-07-12,prod-core,AmazonEC2,us-east-1,590.8278762915654,normal
2026-07-13,prod-core,AmazonEC2,us-east-1,451.63346327370806,normal
2026-07-14,prod-core,AmazonEC2,us-east-1,558.5521118043505,normal
2026-07-15,prod-core,AmazonEC2,us-east-1,452.6616753763356,normal
2026-07-16,prod-core,AmazonEC2,us-east-1,557.9011022715968,normal
2026-07-17,prod-core,AmazonEC2,us-east-1,564.6404163908719,normal
2026-07-18,prod-core,AmazonEC2,us-east-1,582.3401426056286,normal
2026-07-19,prod-core,AmazonEC2,us-east-1,582.6390529514664,normal
2026-07-20,prod-core,AmazonEC2,us-east-1,562.2635246452924,normal
2026-07-21,prod-core,AmazonEC2,us-east-1,555.445532888702,normal
2026-06-01,prod-core,AmazonEKS,us-east-1,18.382400011589553,normal
2026-06-02,prod-core,AmazonEKS,us-east-1,21.355986584841972,normal
2026-06-03,prod-core,AmazonEKS,us-east-1,17.937356931388276,normal
2026-06-04,prod-core,AmazonEKS,us-east-1,21.50591170623949,normal
2026-06-05,prod-core,AmazonEKS,us-east-1,22.34428346446545,normal
2026-06-06,prod-core,AmazonEKS,us-east-1,22.67162213204002,normal
2026-06-07,prod-core,AmazonEKS,us-east-1,22.81454898294769,normal
2026-06-08,prod-core,AmazonEKS,us-east-1,18.1847588330832,normal
2026-06-09,prod-core,AmazonEKS,us-east-1,21.43280728504951,normal
2026-06-10,prod-core,AmazonEKS,us-east-1,23.070556103849572,normal
2026-06-11,prod-core,AmazonEKS,us-east-1,22.657196500789148,normal
2026-06-12,prod-core,AmazonEKS,us-east-1,18.654336004376887,normal
2026-06-13,prod-core,AmazonEKS,us-east-1,21.426717375176757,normal
2026-06-14,prod-core,AmazonEKS,us-east-1,22.729336751942007,normal
2026-06-15,prod-core,AmazonEKS,us-east-1,18.58343742614296,normal
2026-06-16,prod-core,AmazonEKS,us-east-1,22.6420512733013,normal
2026-06-17,prod-core,AmazonEKS,us-east-1,18.12729906966231,normal
2026-06-18,prod-core,AmazonEKS,us-east-1,18.45080581906455,normal
2026-06-19,prod-core,AmazonEKS,us-east-1,22.29190062700708,normal
2026-06-20,prod-core,AmazonEKS,us-east-1,22.65600340105889,normal
2026-06-21,prod-core,AmazonEKS,us-east-1,23.132784415795193,normal
2026-06-22,prod-core,AmazonEKS,us-east-1,22.16278274662477,normal
2026-06-23,prod-core,AmazonEKS,us-east-1,22.702537857839598,normal
2026-06-24,prod-core,AmazonEKS,us-east-1,22.675575374897402,normal
2026-06-25,prod-core,AmazonEKS,us-east-1,19.74641792995025,normal
2026-06-26,prod-core,AmazonEKS,us-east-1,21.793250865207433,normal
2026-06-27,prod-core,AmazonEKS,us-east-1,23.1296458109501,normal
2026-06-28,prod-core,AmazonEKS,us-east-1,23.328898151213753,normal
2026-06-29,prod-core,AmazonEKS,us-east-1,22.256142178189318,normal
2026-06-30,prod-core,AmazonEKS,us-east-1,20.327177383712403,normal
2026-07-01,prod-core,AmazonEKS,us-east-1,21.432164511812836,normal
2026-07-02,prod-core,AmazonEKS,us-east-1,21.42698680428723,normal
2026-07-03,prod-core,AmazonEKS,us-east-1,22.90143994673899,normal
2026-07-04,prod-core,AmazonEKS,us-east-1,17.83753403746345,normal
2026-07-05,prod-core,AmazonEKS,us-east-1,22.63572025152574,normal
2026-07-06,prod-core,AmazonEKS,us-east-1,23.00295271687048,normal
2026-07-07,prod-core,AmazonEKS,us-east-1,21.464902431291858,normal
2026-07-08,prod-core,AmazonEKS,us-east-1,17.98561876100593,normal
2026-07-09,prod-core,AmazonEKS,us-east-1,22.674159095184937,normal
2026-07-10,prod-core,AmazonEKS,us-east-1,18.38654851806771,normal
2026-07-11,prod-core,AmazonEKS,us-east-1,18.810099130634676,normal
2026-07-12,prod-core,AmazonEKS,us-east-1,23.31768527816242,normal
2026-07-13,prod-core,AmazonEKS,us-east-1,17.843712880378472,normal
2026-07-14,prod-core,AmazonEKS,us-east-1,21.690231172566758,normal
2026-07-15,prod-core,AmazonEKS,us-east-1,17.839203178173968,normal
2026-07-16,prod-core,AmazonEKS,us-east-1,21.516143616230817,normal
2026-07-17,prod-core,AmazonEKS,us-east-1,22.552100587746324,normal
2026-07-18,prod-core,AmazonEKS,us-east-1,23.086270483364387,normal
2026-07-19,prod-core,AmazonEKS,us-east-1,23.137909479987538,normal
2026-07-20,prod-core,AmazonEKS,us-east-1,21.3510744100151,normal
2026-07-21,prod-core,AmazonEKS,us-east-1,21.35807440155164,normal
2026-06-01,prod-core,AmazonElastiCache,us-east-1,70.14066434842205,normal
2026-06-02,prod-core,AmazonElastiCache,us-east-1,83.35131354403332,normal
2026-06-03,prod-core,AmazonElastiCache,us-east-1,67.7326633966187,normal
2026-06-04,prod-core,AmazonElastiCache,us-east-1,82.69920668139366,normal
2026-06-05,prod-core,AmazonElastiCache,us-east-1,83.50291612447367,normal
2026-06-06,prod-core,AmazonElastiCache,us-east-1,86.94481295456809,normal
2026-06-07,prod-core,AmazonElastiCache,us-east-1,87.22999701442887,normal
2026-06-08,prod-core,AmazonElastiCache,us-east-1,69.09000826590879,normal
2026-06-09,prod-core,AmazonElastiCache,us-east-1,83.00361639983767,normal
2026-06-10,prod-core,AmazonElastiCache,us-east-1,85.99356605439435,normal
2026-06-11,prod-core,AmazonElastiCache,us-east-1,86.88422530331442,normal
2026-06-12,prod-core,AmazonElastiCache,us-east-1,70.07317112205149,normal
2026-06-13,prod-core,AmazonElastiCache,us-east-1,81.86158196191482,normal
2026-06-14,prod-core,AmazonElastiCache,us-east-1,84.6113777752461,normal
2026-06-15,prod-core,AmazonElastiCache,us-east-1,70.48270825126997,normal
2026-06-16,prod-core,AmazonElastiCache,us-east-1,86.82061534786546,normal
2026-06-17,prod-core,AmazonElastiCache,us-east-1,68.76038603763715,normal
2026-06-18,prod-core,AmazonElastiCache,us-east-1,70.33533979896062,normal
2026-06-19,prod-core,AmazonElastiCache,us-east-1,83.43003565496637,normal
2026-06-20,prod-core,AmazonElastiCache,us-east-1,86.87921428444734,normal
2026-06-21,prod-core,AmazonElastiCache,us-east-1,86.31543663342342,normal
2026-06-22,prod-core,AmazonElastiCache,us-east-1,83.25039338660838,normal
2026-06-23,prod-core,AmazonElastiCache,us-east-1,84.09002340261863,normal
2026-06-24,prod-core,AmazonElastiCache,us-east-1,86.9614165745691,normal
2026-06-25,prod-core,AmazonElastiCache,us-east-1,76.60367897505303,normal
2026-06-26,prod-core,AmazonElastiCache,us-east-1,84.46724250549116,normal
2026-06-27,prod-core,AmazonElastiCache,us-east-1,87.98040957018897,normal
2026-06-28,prod-core,AmazonElastiCache,us-east-1,88.46310538040514,normal
2026-06-29,prod-core,AmazonElastiCache,us-east-1,83.73151658410497,normal
2026-06-30,prod-core,AmazonElastiCache,us-east-1,80.31112305994492,normal
2026-07-01,prod-core,AmazonElastiCache,us-east-1,82.99793428442548,normal
2026-07-02,prod-core,AmazonElastiCache,us-east-1,81.85956916797188,normal
2026-07-03,prod-core,AmazonElastiCache,us-east-1,87.15647389122086,normal
2026-07-04,prod-core,AmazonElastiCache,us-east-1,67.22260211239035,normal
2026-07-05,prod-core,AmazonElastiCache,us-east-1,86.80432150915445,normal
2026-07-06,prod-core,AmazonElastiCache,us-east-1,85.64389336312318,normal
2026-07-07,prod-core,AmazonElastiCache,us-east-1,81.57631713093731,normal
2026-07-08,prod-core,AmazonElastiCache,us-east-1,67.74239937088477,normal
2026-07-09,prod-core,AmazonElastiCache,us-east-1,84.68178812393641,normal
2026-07-10,prod-core,AmazonElastiCache,us-east-1,70.16506020832625,normal
2026-07-11,prod-core,AmazonElastiCache,us-east-1,70.7345545895941,normal
2026-07-12,prod-core,AmazonElastiCache,us-east-1,88.4359418006188,normal
2026-07-13,prod-core,AmazonElastiCache,us-east-1,67.24113864113542,normal
2026-07-14,prod-core,AmazonElastiCache,us-east-1,82.5929303270494,normal
2026-07-15,prod-core,AmazonElastiCache,us-east-1,67.2276095345219,normal
2026-07-16,prod-core,AmazonElastiCache,us-east-1,82.55937057817883,normal
2026-07-17,prod-core,AmazonElastiCache,us-east-1,84.04171929659084,normal
2026-07-18,prod-core,AmazonElastiCache,us-east-1,87.0000788217686,normal
2026-07-19,prod-core,AmazonElastiCache,us-east-1,86.9563842861644,normal
2026-07-20,prod-core,AmazonElastiCache,us-east-1,84.56462072627025,normal
2026-07-21,prod-core,AmazonElastiCache,us-east-1,82.83562281674476,normal
2026-06-01,prod-core,AmazonRDS,us-east-1,244.0184574458412,normal
2026-06-02,prod-core,AmazonRDS,us-east-1,284.10615984044273,normal
2026-06-03,prod-core,AmazonRDS,us-east-1,232.383759777722,normal
2026-06-04,prod-core,AmazonRDS,us-east-1,291.36710057978377,normal
2026-06-05,prod-core,AmazonRDS,us-east-1,295.69626401875325,normal
2026-06-06,prod-core,AmazonRDS,us-east-1,303.92953791151297,normal
2026-06-07,prod-core,AmazonRDS,us-east-1,307.11814890904554,normal
2026-06-08,prod-core,AmazonRDS,us-east-1,240.46430129697598,normal
2026-06-09,prod-core,AmazonRDS,us-east-1,285.4228844049348,normal
2026-06-10,prod-core,AmazonRDS,us-east-1,301.25398123100643,normal
2026-06-11,prod-core,AmazonRDS,us-east-1,303.23999273772125,normal
2026-06-12,prod-core,AmazonRDS,us-east-1,247.84775448272654,normal
2026-06-13,prod-core,AmazonRDS,us-east-1,281.6193853554177,normal
2026-06-14,prod-core,AmazonRDS,us-east-1,301.97420579264707,normal
2026-06-15,prod-core,AmazonRDS,us-east-1,247.29531141183966,normal
2026-06-16,prod-core,AmazonRDS,us-east-1,302.51605086380215,normal
2026-06-17,prod-core,AmazonRDS,us-east-1,237.349389964029,normal
2026-06-18,prod-core,AmazonRDS,us-east-1,245.34120573421768,normal
2026-06-19,prod-core,AmazonRDS,us-east-1,295.48035562783787,normal
2026-06-20,prod-core,AmazonRDS,us-east-1,303.18296257061496,normal
2026-06-21,prod-core,AmazonRDS,us-east-1,301.95029458363933,normal
2026-06-22,prod-core,AmazonRDS,us-east-1,294.9481654078273,normal
2026-06-23,prod-core,AmazonRDS,us-east-1,297.1359839609983,normal
2026-06-24,prod-core,AmazonRDS,us-east-1,304.1185029200959,normal
2026-06-25,prod-core,AmazonRDS,us-east-1,269.47737867939753,normal
2026-06-26,prod-core,AmazonRDS,us-east-1,291.3782859370347,normal
2026-06-27,prod-core,AmazonRDS,us-east-1,309.75840135162764,normal
2026-06-28,prod-core,AmazonRDS,us-east-1,312.87627952110535,normal
2026-06-29,prod-core,AmazonRDS,us-east-1,298.209649273697,normal
2026-06-30,prod-core,AmazonRDS,us-east-1,280.9587427935725,normal
2026-07-01,prod-core,AmazonRDS,us-east-1,285.4055552384741,normal
2026-07-02,prod-core,AmazonRDS,us-east-1,281.61195228172295,normal
2026-07-03,prod-core,AmazonRDS,us-east-1,306.3077235736844,normal
2026-07-04,prod-core,AmazonRDS,us-east-1,232.36257220038402,normal
2026-07-05,prod-core,AmazonRDS,us-east-1,302.3251636027333,normal
2026-07-06,prod-core,AmazonRDS,us-east-1,300.49752264222315,normal
2026-07-07,prod-core,AmazonRDS,us-east-1,280.56592704259526,normal
2026-07-08,prod-core,AmazonRDS,us-east-1,236.39516013994628,normal
2026-07-09,prod-core,AmazonRDS,us-east-1,299.33606898995316,normal
2026-07-10,prod-core,AmazonRDS,us-east-1,244.29482617918188,normal
2026-07-11,prod-core,AmazonRDS,us-east-1,250.63479385801756,normal
2026-07-12,prod-core,AmazonRDS,us-east-1,312.70082174702037,normal
2026-07-13,prod-core,AmazonRDS,us-east-1,231.24111221130707,normal
2026-07-14,prod-core,AmazonRDS,us-east-1,293.00043109388383,normal
2026-07-15,prod-core,AmazonRDS,us-east-1,232.05962316142507,normal
2026-07-16,prod-core,AmazonRDS,us-east-1,291.78035605554464,normal
2026-07-17,prod-core,AmazonRDS,us-east-1,296.25761873242493,normal
2026-07-18,prod-core,AmazonRDS,us-east-1,304.5838233763129,normal
2026-07-19,prod-core,AmazonRDS,us-east-1,304.10219042703926,normal
2026-07-20,prod-core,AmazonRDS,us-east-1,284.89701998756885,normal
2026-07-21,prod-core,AmazonRDS,us-east-1,283.77002135018586,normal
2026-06-01,prod-core,AmazonS3,us-east-1,419.1715434233753,normal
2026-06-02,prod-core,AmazonS3,us-east-1,489.3963944645658,normal
2026-06-03,prod-core,AmazonS3,us-east-1,397.42801007639855,normal
2026-06-04,prod-core,AmazonS3,us-east-1,498.4878225289868,normal
2026-06-05,prod-core,AmazonS3,us-east-1,496.039386785704,normal
2026-06-06,prod-core,AmazonS3,us-east-1,497.0218796951288,normal
2026-06-07,prod-core,AmazonS3,us-east-1,515.9909363681726,normal
2026-06-08,prod-core,AmazonS3,us-east-1,411.92588444160566,normal
2026-06-09,prod-core,AmazonS3,us-east-1,483.36592349002757,normal
2026-06-10,prod-core,AmazonS3,us-east-1,517.255437585651,normal
2026-06-11,prod-core,AmazonS3,us-east-1,501.949675330427,normal
2026-06-12,prod-core,AmazonS3,us-east-1,414.48456024079536,normal
2026-06-13,prod-core,AmazonS3,us-east-1,483.9204836586663,normal
2026-06-14,prod-core,AmazonS3,us-east-1,486.7885073822877,normal
2026-06-15,prod-core,AmazonS3,us-east-1,419.74145866486936,normal
2026-06-16,prod-core,AmazonS3,us-east-1,507.12328504027573,normal
2026-06-17,prod-core,AmazonS3,us-east-1,406.70804026064434,normal
2026-06-18,prod-core,AmazonS3,us-east-1,420.3368272121991,normal
2026-06-19,prod-core,AmazonS3,us-east-1,496.2234099712099,normal
2026-06-20,prod-core,AmazonS3,us-east-1,502.357238198283,normal
2026-06-21,prod-core,AmazonS3,us-east-1,517.9989586232081,normal
2026-06-22,prod-core,AmazonS3,us-east-1,496.67700669881384,normal
2026-06-23,prod-core,AmazonS3,us-east-1,512.858254060049,normal
2026-06-24,prod-core,AmazonS3,us-east-1,495.67145193504683,normal
2026-06-25,prod-core,AmazonS3,us-east-1,453.10697863067844,normal
2026-06-26,prod-core,AmazonS3,us-east-1,481.85710848140627,normal
2026-06-27,prod-core,AmazonS3,us-east-1,520.3743698959611,normal
2026-06-28,prod-core,AmazonS3,us-east-1,524.0170394404993,normal
2026-06-29,prod-core,AmazonS3,us-east-1,491.5054521521055,normal
2026-06-30,prod-core,AmazonS3,us-east-1,475.2085587590056,normal
2026-07-01,prod-core,AmazonS3,us-east-1,483.381144360272,normal
2026-07-02,prod-core,AmazonS3,us-east-1,483.9157607248474,normal
2026-07-03,prod-core,AmazonS3,us-east-1,516.6626703574822,normal
2026-07-04,prod-core,AmazonS3,us-east-1,396.4198492033081,normal
2026-07-05,prod-core,AmazonS3,us-east-1,511.49550456814984,normal
2026-07-06,prod-core,AmazonS3,us-east-1,516.4476936688145,normal
2026-07-07,prod-core,AmazonS3,us-east-1,483.2511220867663,normal
2026-07-08,prod-core,AmazonS3,us-east-1,401.42834299400903,normal
2026-07-09,prod-core,AmazonS3,us-east-1,513.0367161164695,normal
2026-07-10,prod-core,AmazonS3,us-east-1,419.6252046635145,normal
2026-07-11,prod-core,AmazonS3,us-east-1,418.7239994580399,normal
2026-07-12,prod-core,AmazonS3,us-east-1,523.8120491697862,normal
2026-07-13,prod-core,AmazonS3,us-east-1,394.8040817810292,normal
2026-07-14,prod-core,AmazonS3,us-east-1,498.33710092420023,normal
2026-07-15,prod-core,AmazonS3,us-east-1,395.9833689075078,normal
2026-07-16,prod-core,AmazonS3,us-east-1,498.6629018777273,normal
2026-07-17,prod-core,AmazonS3,us-east-1,492.9845403941494,normal
2026-07-18,prod-core,AmazonS3,us-east-1,518.0915525829324,normal
2026-07-19,prod-core,AmazonS3,us-east-1,518.4907617491344,normal
2026-07-20,prod-core,AmazonS3,us-east-1,494.66715805379744,normal
2026-07-21,prod-core,AmazonS3,us-east-1,487.15616713508956,normal
2026-06-01,prod-core,AmazonVPC,us-east-1,13.822892868525454,normal
2026-06-02,prod-core,AmazonVPC,us-east-1,16.284147566738326,normal
2026-06-03,prod-core,AmazonVPC,us-east-1,13.385796986184912,normal
2026-06-04,prod-core,AmazonVPC,us-east-1,16.47126466040849,normal
2026-06-05,prod-core,AmazonVPC,us-east-1,16.80155193423026,normal
2026-06-06,prod-core,AmazonVPC,us-east-1,17.40827098485603,normal
2026-06-07,prod-core,AmazonVPC,us-east-1,17.150911737210766,normal
2026-06-08,prod-core,AmazonVPC,us-east-1,13.717962074566016,normal
2026-06-09,prod-core,AmazonVPC,us-east-1,16.38561457009902,normal
2026-06-10,prod-core,AmazonVPC,us-east-1,17.329770568703093,normal
2026-06-11,prod-core,AmazonVPC,us-east-1,17.38807510110481,normal
2026-06-12,prod-core,AmazonVPC,us-east-1,13.974189206348152,normal
2026-06-13,prod-core,AmazonVPC,us-east-1,16.185056279266202,normal
2026-06-14,prod-core,AmazonVPC,us-east-1,17.324694015536053,normal
2026-06-15,prod-core,AmazonVPC,us-east-1,13.94249996060958,normal
2026-06-16,prod-core,AmazonVPC,us-east-1,17.36687178262182,normal
2026-06-17,prod-core,AmazonVPC,us-east-1,13.572347300561198,normal
2026-06-18,prod-core,AmazonVPC,us-east-1,13.871763103501092,normal
2026-06-19,prod-core,AmazonVPC,us-east-1,16.78150980511575,normal
2026-06-20,prod-core,AmazonVPC,us-east-1,17.38640476148245,normal
2026-06-21,prod-core,AmazonVPC,us-east-1,17.381269861347747,normal
2026-06-22,prod-core,AmazonVPC,us-east-1,16.7321081813173,normal
2026-06-23,prod-core,AmazonVPC,us-east-1,17.025203744418977,normal
2026-06-24,prod-core,AmazonVPC,us-east-1,17.413805524856368,normal
2026-06-25,prod-core,AmazonVPC,us-east-1,15.013097292568881,normal
2026-06-26,prod-core,AmazonVPC,us-east-1,16.77253987326113,normal
2026-06-27,prod-core,AmazonVPC,us-east-1,17.427409914372554,normal
2026-06-28,prod-core,AmazonVPC,us-east-1,17.45827999525847,normal
2026-06-29,prod-core,AmazonVPC,us-east-1,16.99829952473252,normal
2026-06-30,prod-core,AmazonVPC,us-east-1,15.607039911357543,normal
2026-07-01,prod-core,AmazonVPC,us-east-1,16.384329023625675,normal
2026-07-02,prod-core,AmazonVPC,us-east-1,16.18483439646934,normal
2026-07-03,prod-core,AmazonVPC,us-east-1,17.21607996005424,normal
2026-07-04,prod-core,AmazonVPC,us-east-1,13.430892606633787,normal
2026-07-05,prod-core,AmazonVPC,us-east-1,17.332839245422775,normal
2026-07-06,prod-core,AmazonVPC,us-east-1,17.27382293809971,normal
2026-07-07,prod-core,AmazonVPC,us-east-1,16.153609762465532,normal
2026-07-08,prod-core,AmazonVPC,us-east-1,13.597629981925671,normal
2026-07-09,prod-core,AmazonVPC,us-east-1,17.011238642777403,normal
2026-07-10,prod-core,AmazonVPC,us-east-1,13.836252579556932,normal
2026-07-11,prod-core,AmazonVPC,us-east-1,14.06338620300516,normal
2026-07-12,prod-core,AmazonVPC,us-east-1,17.45654278957446,normal
2026-07-13,prod-core,AmazonVPC,us-east-1,13.36601475602603,normal
2026-07-14,prod-core,AmazonVPC,us-east-1,16.551305839938586,normal
2026-07-15,prod-core,AmazonVPC,us-east-1,13.413366629173352,normal
2026-07-16,prod-core,AmazonVPC,us-east-1,16.479222812623966,normal
2026-07-17,prod-core,AmazonVPC,us-east-1,16.9072888894129,normal
2026-07-18,prod-core,AmazonVPC,us-east-1,17.35470286252329,normal
2026-07-19,prod-core,AmazonVPC,us-east-1,17.393432109990652,normal
2026-07-20,prod-core,AmazonVPC,us-east-1,16.3381814898339,normal
2026-07-21,prod-core,AmazonVPC,us-east-1,16.26118158293195,normal
2026-06-01,prod-payments,AWSDataTransfer,us-east-1,196.4352145816618,normal
2026-06-02,prod-payments,AWSDataTransfer,us-east-1,224.8595136299502,normal
2026-06-03,prod-payments,AWSDataTransfer,us-east-1,185.0707216408077,normal
2026-06-04,prod-payments,AWSDataTransfer,us-east-1,235.9730996962916,normal
2026-06-05,prod-payments,AWSDataTransfer,us-east-1,235.34863895950494,normal
2026-06-06,prod-payments,AWSDataTransfer,us-east-1,241.10393578936535,normal
2026-06-07,prod-payments,AWSDataTransfer,us-east-1,247.78262250632238,normal
2026-06-08,prod-payments,AWSDataTransfer,us-east-1,192.7128460295664,normal
2026-06-09,prod-payments,AWSDataTransfer,us-east-1,224.0312661753585,normal
2026-06-10,prod-payments,AWSDataTransfer,us-east-1,236.93792524903554,normal
2026-06-11,prod-payments,AWSDataTransfer,us-east-1,242.91868020072516,normal
2026-06-12,prod-payments,AWSDataTransfer,us-east-1,198.8173303995324,normal
2026-06-13,prod-payments,AWSDataTransfer,us-east-1,226.7028508180772,normal
2026-06-14,prod-payments,AWSDataTransfer,us-east-1,236.50360272729188,normal
2026-06-15,prod-payments,AWSDataTransfer,us-east-1,199.04395752254717,normal
2026-06-16,prod-payments,AWSDataTransfer,us-east-1,244.8239498186964,normal
2026-06-17,prod-payments,AWSDataTransfer,us-east-1,189.92102981459115,normal
2026-06-18,prod-payments,AWSDataTransfer,us-east-1,197.58795721373082,normal
2026-06-19,prod-payments,AWSDataTransfer,us-east-1,235.47481327233947,normal
2026-06-20,prod-payments,AWSDataTransfer,us-east-1,243.0687721467916,normal
2026-06-21,prod-payments,AWSDataTransfer,us-east-1,236.28130926781623,normal
2026-06-22,prod-payments,AWSDataTransfer,us-east-1,235.78581894943426,normal
2026-06-23,prod-payments,AWSDataTransfer,us-east-1,240.82115225865803,normal
2026-06-24,prod-payments,AWSDataTransfer,us-east-1,240.60661783790658,normal
2026-06-25,prod-payments,AWSDataTransfer,us-east-1,213.29777173419802,normal
2026-06-26,prod-payments,AWSDataTransfer,us-east-1,227.48744379711707,normal
2026-06-27,prod-payments,AWSDataTransfer,us-east-1,252.8213210124654,normal
2026-06-28,prod-payments,AWSDataTransfer,us-east-1,255.40598869391363,normal
2026-06-29,prod-payments,AWSDataTransfer,us-east-1,236.83800758417695,normal
2026-06-30,prod-payments,AWSDataTransfer,us-east-1,220.5944523293122,normal
2026-07-01,prod-payments,AWSDataTransfer,us-east-1,224.0240156932488,normal
2026-07-02,prod-payments,AWSDataTransfer,us-east-1,226.716956224449,normal
2026-07-03,prod-payments,AWSDataTransfer,us-east-1,245.20262927375003,normal
2026-07-04,prod-payments,AWSDataTransfer,us-east-1,184.64756456779992,normal
2026-07-05,prod-payments,AWSDataTransfer,us-east-1,246.6101229887156,normal
2026-07-06,prod-payments,AWSDataTransfer,us-east-1,237.6512575392287,normal
2026-07-07,prod-payments,AWSDataTransfer,us-east-1,228.7019508146913,normal
2026-07-08,prod-payments,AWSDataTransfer,us-east-1,188.20874811149218,normal
2026-07-09,prod-payments,AWSDataTransfer,us-east-1,243.46937945206028,normal
2026-07-10,prod-payments,AWSDataTransfer,us-east-1,196.67905707926187,normal
2026-07-11,prod-payments,AWSDataTransfer,us-east-1,201.53219934518955,normal
2026-07-12,prod-payments,AWSDataTransfer,us-east-1,255.2605371998252,normal
2026-07-13,prod-payments,AWSDataTransfer,us-east-1,183.75163234512135,normal
2026-07-14,prod-payments,AWSDataTransfer,us-east-1,236.92405187129572,normal
2026-07-15,prod-payments,AWSDataTransfer,us-east-1,184.40553916477486,normal
2026-07-16,prod-payments,AWSDataTransfer,us-east-1,236.54097070081036,normal
2026-07-17,prod-payments,AWSDataTransfer,us-east-1,233.52278131001984,normal
2026-07-18,prod-payments,AWSDataTransfer,us-east-1,239.7145841093343,normal
2026-07-19,prod-payments,AWSDataTransfer,us-east-1,238.18130313267767,normal
2026-07-20,prod-payments,AWSDataTransfer,us-east-1,226.8784174837938,normal
2026-07-21,prod-payments,AWSDataTransfer,us-east-1,224.00142096227572,normal
2026-06-01,prod-payments,AmazonDynamoDB,us-east-1,339.4726793009495,normal
2026-06-02,prod-payments,AmazonDynamoDB,us-east-1,388.4264395581392,normal
2026-06-03,prod-payments,AmazonDynamoDB,us-east-1,311.4588068418511,normal
2026-06-04,prod-payments,AmazonDynamoDB,us-east-1,392.8117454168843,normal
2026-06-05,prod-payments,AmazonDynamoDB,us-east-1,399.2812295783404,normal
2026-06-06,prod-payments,AmazonDynamoDB,us-east-1,406.72298348610093,normal
2026-06-07,prod-payments,AmazonDynamoDB,us-east-1,407.12003358767515,normal
2026-06-08,prod-payments,AmazonDynamoDB,us-east-1,335.8508136147383,normal
2026-06-09,prod-payments,AmazonDynamoDB,us-east-1,394.3556516052595,normal
2026-06-10,prod-payments,AmazonDynamoDB,us-east-1,409.4638752525543,normal
2026-06-11,prod-payments,AmazonDynamoDB,us-east-1,403.37046678339806,normal
2026-06-12,prod-payments,AmazonDynamoDB,us-east-1,330.6113048713666,normal
2026-06-13,prod-payments,AmazonDynamoDB,us-east-1,391.1172678829164,normal
2026-06-14,prod-payments,AmazonDynamoDB,us-east-1,416.54333190512926,normal
2026-06-15,prod-payments,AmazonDynamoDB,us-east-1,337.4329182751088,normal
2026-06-16,prod-payments,AmazonDynamoDB,us-east-1,399.8507159152223,normal
2026-06-17,prod-payments,AmazonDynamoDB,us-east-1,323.4149860814222,normal
2026-06-18,prod-payments,AmazonDynamoDB,us-east-1,340.32133994037207,normal
2026-06-19,prod-payments,AmazonDynamoDB,us-east-1,398.98651917977026,normal
2026-06-20,prod-payments,AmazonDynamoDB,us-east-1,403.0931904060862,normal
2026-06-21,prod-payments,AmazonDynamoDB,us-east-1,410.0904499797309,normal
2026-06-22,prod-payments,AmazonDynamoDB,us-east-1,398.2600907570976,normal
2026-06-23,prod-payments,AmazonDynamoDB,us-east-1,405.7583122237642,normal
2026-06-24,prod-payments,AmazonDynamoDB,us-east-1,407.6417171261567,normal
2026-06-25,prod-payments,AmazonDynamoDB,us-east-1,366.0842241288126,normal
2026-06-26,prod-payments,AmazonDynamoDB,us-east-1,396.88542707768454,normal
2026-06-27,prod-payments,AmazonDynamoDB,us-east-1,416.2828450891074,normal
2026-06-28,prod-payments,AmazonDynamoDB,us-east-1,423.9526570037632,normal
2026-06-29,prod-payments,AmazonDynamoDB,us-east-1,408.04286252422867,normal
2026-06-30,prod-payments,AmazonDynamoDB,us-east-1,388.1162017737392,normal
2026-07-01,prod-payments,AmazonDynamoDB,us-east-1,394.3496866696231,normal
2026-07-02,prod-payments,AmazonDynamoDB,us-east-1,391.10691863531997,normal
2026-07-03,prod-payments,AmazonDynamoDB,us-east-1,407.9471687237654,normal
2026-07-04,prod-payments,AmazonDynamoDB,us-east-1,319.32974482045114,normal
2026-07-05,prod-payments,AmazonDynamoDB,us-east-1,397.63283007212283,normal
2026-07-06,prod-payments,AmazonDynamoDB,us-east-1,408.78317908021313,normal
2026-07-07,prod-payments,AmazonDynamoDB,us-east-1,389.65051249214224,normal
2026-07-08,prod-payments,AmazonDynamoDB,us-east-1,328.0143447029357,normal
2026-07-09,prod-payments,AmazonDynamoDB,us-east-1,405.54002657857654,normal
2026-07-10,prod-payments,AmazonDynamoDB,us-east-1,340.65201646436964,normal
2026-07-11,prod-payments,AmazonDynamoDB,us-east-1,332.49673004395595,normal
2026-07-12,prod-payments,AmazonDynamoDB,us-east-1,423.5210403551815,normal
2026-07-13,prod-payments,AmazonDynamoDB,us-east-1,312.7029357940872,normal
2026-07-14,prod-payments,AmazonDynamoDB,us-east-1,395.601474510006,normal
2026-07-15,prod-payments,AmazonDynamoDB,us-east-1,317.5395914084209,normal
2026-07-16,prod-payments,AmazonDynamoDB,us-east-1,393.6138134723157,normal
2026-07-17,prod-payments,AmazonDynamoDB,us-east-1,400.5520187277089,normal
2026-07-18,prod-payments,AmazonDynamoDB,us-east-1,409.7066132551033,normal
2026-07-19,prod-payments,AmazonDynamoDB,us-east-1,410.1981767806506,normal
2026-07-20,prod-payments,AmazonDynamoDB,us-east-1,381.9964027097662,normal
2026-07-21,prod-payments,AmazonDynamoDB,us-east-1,391.1593916310976,normal
2026-06-01,prod-payments,AmazonEC2,us-east-1,446.2110359615985,normal
2026-06-02,prod-payments,AmazonEC2,us-east-1,505.861654347967,normal
2026-06-03,prod-payments,AmazonEC2,us-east-1,436.71413451801766,normal
2026-06-04,prod-payments,AmazonEC2,us-east-1,516.4424695748178,normal
2026-06-05,prod-payments,AmazonEC2,us-east-1,519.4727878120674,normal
2026-06-06,prod-payments,AmazonEC2,us-east-1,533.5529646006202,normal
2026-06-07,prod-payments,AmazonEC2,us-east-1,521.5154159365916,normal
2026-06-08,prod-payments,AmazonEC2,us-east-1,443.80972933575976,normal
2026-06-09,prod-payments,AmazonEC2,us-east-1,502.3914452520318,normal
2026-06-10,prod-payments,AmazonEC2,us-east-1,517.6166546397062,normal
2026-06-11,prod-payments,AmazonEC2,us-east-1,530.7341962541996,normal
2026-06-12,prod-payments,AmazonEC2,us-east-1,453.09770555005025,normal
2026-06-13,prod-payments,AmazonEC2,us-east-1,502.21261341609,normal
2026-06-14,prod-payments,AmazonEC2,us-east-1,512.4982420830645,normal
2026-06-15,prod-payments,AmazonEC2,us-east-1,450.57322755986576,normal
2026-06-16,prod-payments,AmazonEC2,us-east-1,527.7748188030741,normal
2026-06-17,prod-payments,AmazonEC2,us-east-1,440.7673640758297,normal
2026-06-18,prod-payments,AmazonEC2,us-east-1,447.68775326364874,normal
2026-06-19,prod-payments,AmazonEC2,us-east-1,519.3047072292661,normal
2026-06-20,prod-payments,AmazonEC2,us-east-1,530.5010645669072,normal
2026-06-21,prod-payments,AmazonEC2,us-east-1,517.3387730398111,normal
2026-06-22,prod-payments,AmazonEC2,us-east-1,518.8904072478656,normal
2026-06-23,prod-payments,AmazonEC2,us-east-1,519.260046462406,normal
2026-06-24,prod-payments,AmazonEC2,us-east-1,534.3254282549528,normal
2026-06-25,prod-payments,AmazonEC2,us-east-1,482.3450257853821,normal
2026-06-26,prod-payments,AmazonEC2,us-east-1,509.15485924916095,normal
2026-06-27,prod-payments,AmazonEC2,us-east-1,535.8914502351232,normal
2026-06-28,prod-payments,AmazonEC2,us-east-1,540.067330267691,normal
2026-06-29,prod-payments,AmazonEC2,us-east-1,514.1551203862448,normal
2026-06-30,prod-payments,AmazonEC2,us-east-1,498.8047605327448,normal
2026-07-01,prod-payments,AmazonEC2,us-east-1,502.3754530539034,normal
2026-07-02,prod-payments,AmazonEC2,us-east-1,502.21920650491097,normal
2026-07-03,prod-payments,AmazonEC2,us-east-1,520.5646282751061,normal
2026-07-04,prod-payments,AmazonEC2,us-east-1,437.49901703901713,normal
2026-07-05,prod-payments,AmazonEC2,us-east-1,525.237587534679,normal
2026-07-06,prod-payments,AmazonEC2,us-east-1,517.918538729837,normal
2026-07-07,prod-payments,AmazonEC2,us-east-1,503.14702420102424,normal
2026-07-08,prod-payments,AmazonEC2,us-east-1,441.7424972135862,normal
2026-07-09,prod-payments,AmazonEC2,us-east-1,520.1815532512218,normal
2026-07-10,prod-payments,AmazonEC2,us-east-1,446.4886613605541,normal
2026-07-11,prod-payments,AmazonEC2,us-east-1,455.50437886425215,normal
2026-07-12,prod-payments,AmazonEC2,us-east-1,539.8323337169813,normal
2026-07-13,prod-payments,AmazonEC2,us-east-1,436.1860129195744,normal
2026-07-14,prod-payments,AmazonEC2,us-east-1,517.3741330667577,normal
2026-07-15,prod-payments,AmazonEC2,us-east-1,437.1443246380321,normal
2026-07-16,prod-payments,AmazonEC2,us-east-1,516.6198226813342,normal
2026-07-17,prod-payments,AmazonEC2,us-east-1,518.9064327864597,normal
2026-07-18,prod-payments,AmazonEC2,us-east-1,518.5421556724166,normal
2026-07-19,prod-payments,AmazonEC2,us-east-1,517.977105882444,normal
2026-07-20,prod-payments,AmazonEC2,us-east-1,512.3260764201281,normal
2026-07-21,prod-payments,AmazonEC2,us-east-1,503.1140875580409,normal
2026-06-01,prod-payments,AmazonKinesis,us-east-1,24.96923573560221,normal
2026-06-02,prod-payments,AmazonKinesis,us-east-1,29.492241472844533,normal
2026-06-03,prod-payments,AmazonKinesis,us-east-1,24.150674355946286,normal
2026-06-04,prod-payments,AmazonKinesis,us-east-1,29.625985284373247,normal
2026-06-05,prod-payments,AmazonKinesis,us-east-1,30.12565080445723,normal
2026-06-06,prod-payments,AmazonKinesis,us-east-1,31.327790010888258,normal
2026-06-07,prod-payments,AmazonKinesis,us-east-1,31.212727747704495,normal
2026-06-08,prod-payments,AmazonKinesis,us-east-1,24.70543905999551,normal
2026-06-09,prod-payments,AmazonKinesis,us-east-1,29.446210622617826,normal
2026-06-10,prod-payments,AmazonKinesis,us-east-1,31.021677048745065,normal
2026-06-11,prod-payments,AmazonKinesis,us-east-1,31.151797309627607,normal
2026-06-12,prod-payments,AmazonKinesis,us-east-1,25.354466491513545,normal
2026-06-13,prod-payments,AmazonKinesis,us-east-1,29.235546080393675,normal
2026-06-14,prod-payments,AmazonKinesis,us-east-1,31.040449227964896,normal
2026-06-15,prod-payments,AmazonKinesis,us-east-1,25.25895823157475,normal
2026-06-16,prod-payments,AmazonKinesis,us-east-1,30.967025534275866,normal
2026-06-17,prod-payments,AmazonKinesis,us-east-1,24.500032217414606,normal
2026-06-18,prod-payments,AmazonKinesis,us-east-1,25.076221350711155,normal
2026-06-19,prod-payments,AmazonKinesis,us-east-1,30.093765599047785,normal
2026-06-20,prod-payments,AmazonKinesis,us-east-1,31.137241492918463,normal
2026-06-21,prod-payments,AmazonKinesis,us-east-1,31.112873712803303,normal
2026-06-22,prod-payments,AmazonKinesis,us-east-1,30.015172106641163,normal
2026-06-23,prod-payments,AmazonKinesis,us-east-1,30.482339964075276,normal
2026-06-24,prod-payments,AmazonKinesis,us-east-1,31.37601957374833,normal
2026-06-25,prod-payments,AmazonKinesis,us-east-1,27.223325819704243,normal
2026-06-26,prod-payments,AmazonKinesis,us-east-1,29.65043524249542,normal
2026-06-27,prod-payments,AmazonKinesis,us-east-1,31.523726494295918,normal
2026-06-28,prod-payments,AmazonKinesis,us-east-1,31.804363593258806,normal
2026-06-29,prod-payments,AmazonKinesis,us-east-1,30.48926824419069,normal
2026-06-30,prod-payments,AmazonKinesis,us-east-1,28.24013747235486,normal
2026-07-01,prod-payments,AmazonKinesis,us-east-1,29.445979224252625,normal
2026-07-02,prod-payments,AmazonKinesis,us-east-1,29.234801188147078,normal
2026-07-03,prod-payments,AmazonKinesis,us-east-1,31.224424608214864,normal
2026-07-04,prod-payments,AmazonKinesis,us-east-1,24.127125587902064,normal
2026-07-05,prod-payments,AmazonKinesis,us-east-1,30.84415217310869,normal
2026-07-06,prod-payments,AmazonKinesis,us-east-1,30.922603119551567,normal
2026-07-07,prod-payments,AmazonKinesis,us-east-1,29.129975631134283,normal
2026-07-08,prod-payments,AmazonKinesis,us-east-1,24.426053231299502,normal
2026-07-09,prod-payments,AmazonKinesis,us-east-1,30.604068237404185,normal
2026-07-10,prod-payments,AmazonKinesis,us-east-1,24.98724879247387,normal
2026-07-11,prod-payments,AmazonKinesis,us-east-1,25.571247691096666,normal
2026-07-12,prod-payments,AmazonKinesis,us-east-1,31.788570814313267,normal
2026-07-13,prod-payments,AmazonKinesis,us-east-1,24.05915831583679,normal
2026-07-14,prod-payments,AmazonKinesis,us-east-1,29.727532018084112,normal
2026-07-15,prod-payments,AmazonKinesis,us-east-1,24.108765040086368,normal
2026-07-16,prod-payments,AmazonKinesis,us-east-1,29.627690602705137,normal
2026-07-17,prod-payments,AmazonKinesis,us-east-1,30.23198362799251,normal
2026-07-18,prod-payments,AmazonKinesis,us-east-1,31.24930564199136,normal
2026-07-19,prod-payments,AmazonKinesis,us-east-1,31.256257045382938,normal
2026-07-20,prod-payments,AmazonKinesis,us-east-1,29.580660619728196,normal
2026-07-21,prod-payments,AmazonKinesis,us-east-1,29.454660772070472,normal
2026-06-01,prod-payments,AmazonRDS,us-east-1,211.55345730097176,normal
2026-06-02,prod-payments,AmazonRDS,us-east-1,249.68653432341404,normal
2026-06-03,prod-payments,AmazonRDS,us-east-1,205.4817981353686,normal
2026-06-04,prod-payments,AmazonRDS,us-east-1,256.3700276642691,normal
2026-06-05,prod-payments,AmazonRDS,us-east-1,261.3101125636644,normal
2026-06-06,prod-payments,AmazonRDS,us-east-1,269.5698995466768,normal
2026-06-07,prod-payments,AmazonRDS,us-east-1,259.71547266244295,normal
2026-06-08,prod-payments,AmazonRDS,us-east-1,212.2678617503752,normal
2026-06-09,prod-payments,AmazonRDS,us-east-1,252.09850507416266,normal
2026-06-10,prod-payments,AmazonRDS,us-east-1,261.7772992476152,normal
2026-06-11,prod-payments,AmazonRDS,us-east-1,266.2981663789788,normal
2026-06-12,prod-payments,AmazonRDS,us-east-1,215.32102758620115,normal
2026-06-13,prod-payments,AmazonRDS,us-east-1,250.02933079126677,normal
2026-06-14,prod-payments,AmazonRDS,us-east-1,263.29668375971005,normal
2026-06-15,prod-payments,AmazonRDS,us-east-1,213.47937434021046,normal
2026-06-16,prod-payments,AmazonRDS,us-east-1,262.863228784735,normal
2026-06-17,prod-payments,AmazonRDS,us-east-1,208.07315159325012,normal
2026-06-18,prod-payments,AmazonRDS,us-east-1,212.2945319836433,normal
2026-06-19,prod-payments,AmazonRDS,us-east-1,261.03863281474975,normal
2026-06-20,prod-payments,AmazonRDS,us-east-1,266.0275713601564,normal
2026-06-21,prod-payments,AmazonRDS,us-east-1,261.8223611286793,normal
2026-06-22,prod-payments,AmazonRDS,us-east-1,260.3694653651162,normal
2026-06-23,prod-payments,AmazonRDS,us-east-1,261.51080327636663,normal
2026-06-24,prod-payments,AmazonRDS,us-east-1,270.46649502673125,normal
2026-06-25,prod-payments,AmazonRDS,us-east-1,230.96408576522632,normal
2026-06-26,prod-payments,AmazonRDS,us-east-1,261.57484723370953,normal
2026-06-27,prod-payments,AmazonRDS,us-east-1,266.3790912693477,normal
2026-06-28,prod-payments,AmazonRDS,us-east-1,268.8711487081382,normal
2026-06-29,prod-payments,AmazonRDS,us-east-1,260.8477857721297,normal
2026-06-30,prod-payments,AmazonRDS,us-east-1,240.68106984598828,normal
2026-07-01,prod-payments,AmazonRDS,us-east-1,252.06523513143247,normal
2026-07-02,prod-payments,AmazonRDS,us-east-1,250.03619330919824,normal
2026-07-03,prod-payments,AmazonRDS,us-east-1,260.1616243419098,normal
2026-07-04,prod-payments,AmazonRDS,us-east-1,209.59426705930252,normal
2026-07-05,prod-payments,AmazonRDS,us-east-1,260.0727974847426,normal
2026-07-06,prod-payments,AmazonRDS,us-east-1,261.72834507083724,normal
2026-07-07,prod-payments,AmazonRDS,us-east-1,251.0019266323161,normal
2026-07-08,prod-payments,AmazonRDS,us-east-1,213.27592145356184,normal
2026-07-09,prod-payments,AmazonRDS,us-east-1,260.9490339305649,normal
2026-07-10,prod-payments,AmazonRDS,us-east-1,211.96517722289843,normal
2026-07-11,prod-payments,AmazonRDS,us-east-1,215.50421890033644,normal
2026-07-12,prod-payments,AmazonRDS,us-east-1,268.7309088311018,normal
2026-07-13,prod-payments,AmazonRDS,us-east-1,206.96516939895955,normal
2026-07-14,prod-payments,AmazonRDS,us-east-1,257.920415468259,normal
2026-07-15,prod-payments,AmazonRDS,us-east-1,208.88404768697725,normal
2026-07-16,prod-payments,AmazonRDS,us-east-1,256.67584808512106,normal
2026-07-17,prod-payments,AmazonRDS,us-east-1,262.83723275344715,normal
2026-07-18,prod-payments,AmazonRDS,us-east-1,261.11065805881327,normal
2026-07-19,prod-payments,AmazonRDS,us-east-1,261.3758044453206,normal
2026-07-20,prod-payments,AmazonRDS,us-east-1,251.34684941489613,normal
2026-07-21,prod-payments,AmazonRDS,us-east-1,248.9808522755455,normal
2026-06-01,prod-payments,awskms,us-east-1,3.0450714306409914,normal
2026-06-02,prod-payments,awskms,us-east-1,3.6240134151580294,normal
2026-06-03,prod-payments,awskms,us-east-1,2.9655994520336204,normal
2026-06-04,prod-payments,awskms,us-east-1,3.6126764770845012,normal
2026-06-05,prod-payments,awskms,us-east-1,3.6808072577796045,normal
2026-06-06,prod-payments,awskms,us-east-1,3.783297705632017,normal
2026-06-07,prod-payments,awskms,us-east-1,3.81,normal
2026-06-08,prod-payments,awskms,us-east-1,3.015048784443945,normal
2026-06-09,prod-payments,awskms,us-east-1,3.6287368742059414,normal
2026-06-10,prod-payments,awskms,us-east-1,3.7749426421757737,normal
2026-06-11,prod-payments,awskms,us-east-1,3.7717572006313187,normal
2026-06-12,prod-payments,awskms,us-east-1,3.1040587192114955,normal
2026-06-13,prod-payments,awskms,us-east-1,3.576829933709158,normal
2026-06-14,prod-payments,awskms,us-east-1,3.7593367519420067,normal
2026-06-15,prod-payments,awskms,us-east-1,3.0846874852285926,normal
2026-06-16,prod-payments,awskms,us-east-1,3.7596410186410405,normal
2026-06-17,prod-payments,awskms,us-east-1,2.999517691011127,normal
2026-06-18,prod-payments,awskms,us-east-1,3.0581611638129096,normal
2026-06-19,prod-payments,awskms,us-east-1,3.676252228435398,normal
2026-06-20,prod-payments,awskms,us-east-1,3.7708027208471124,normal
2026-06-21,prod-payments,awskms,us-east-1,3.787817465336937,normal
2026-06-22,prod-payments,awskms,us-east-1,3.6650245866630233,normal
2026-06-23,prod-payments,awskms,us-east-1,3.6988009361047447,normal
2026-06-24,prod-payments,awskms,us-east-1,3.7864602999179233,normal
2026-06-25,prod-payments,awskms,us-east-1,3.3539629486086815,normal
2026-06-26,prod-payments,awskms,us-east-1,3.660275749450884,normal
2026-06-27,prod-payments,awskms,us-east-1,3.8344471793155104,normal
2026-06-28,prod-payments,awskms,us-east-1,3.868123631191057,normal
2026-06-29,prod-payments,awskms,us-east-1,3.7007677722736645,normal
2026-06-30,prod-payments,awskms,us-east-1,3.490281596454302,normal
2026-07-01,prod-payments,awskms,us-east-1,3.6286597414175406,normal
2026-07-02,prod-payments,awskms,us-east-1,3.576655597225911,normal
2026-07-03,prod-payments,awskms,us-east-1,3.81,normal
2026-07-04,prod-payments,awskms,us-east-1,2.9562329812682755,normal
2026-07-05,prod-payments,awskms,us-east-1,3.7538135010171616,normal
2026-07-06,prod-payments,awskms,us-east-1,3.760955734524927,normal
2026-07-07,prod-payments,awskms,us-east-1,3.552121956222917,normal
2026-07-08,prod-payments,awskms,us-east-1,2.987195511632105,normal
2026-07-09,prod-payments,awskms,us-east-1,3.7183181903698745,normal
2026-07-10,prod-payments,awskms,us-east-1,3.046360976941541,normal
2026-07-11,prod-payments,awskms,us-east-1,3.130019826126935,normal
2026-07-12,prod-payments,awskms,us-east-1,3.866228497717592,normal
2026-07-13,prod-payments,awskms,us-east-1,2.9531435598107634,normal
2026-07-14,prod-payments,awskms,us-east-1,3.6239331454405876,normal
2026-07-15,prod-payments,awskms,us-east-1,2.9553984109130167,normal
2026-07-16,prod-payments,awskms,us-east-1,3.611539598196576,normal
2026-07-17,prod-payments,awskms,us-east-1,3.7028280703409155,normal
2026-07-18,prod-payments,awskms,us-east-1,3.81,normal
2026-07-19,prod-payments,awskms,us-east-1,3.81,normal
2026-07-20,prod-payments,awskms,us-east-1,3.6289255899849,normal
2026-07-21,prod-payments,awskms,us-east-1,3.6219255984483594,normal
2026-06-01,staging,AmazonCloudWatch,us-east-1,103.15427853603904,normal
2026-06-02,staging,AmazonCloudWatch,us-east-1,121.61007820804102,normal
2026-06-03,staging,AmazonCloudWatch,us-east-1,104.5132493702251,normal
2026-06-04,staging,AmazonCloudWatch,us-east-1,128.2719246548819,normal
2026-06-05,staging,AmazonCloudWatch,us-east-1,126.18770968881581,normal
2026-06-06,staging,AmazonCloudWatch,us-east-1,130.26235142828688,normal
2026-06-07,staging,AmazonCloudWatch,us-east-1,130.15634857280023,normal
2026-06-08,staging,AmazonCloudWatch,us-east-1,103.63310291729199,normal
2026-06-09,staging,AmazonCloudWatch,us-east-1,122.6499381279368,normal
2026-06-10,staging,AmazonCloudWatch,us-east-1,128.50944389615043,normal
2026-06-11,staging,AmazonCloudWatch,us-east-1,131.02402475833298,normal
2026-06-12,staging,AmazonCloudWatch,us-east-1,104.8161207006014,normal
2026-06-13,staging,AmazonCloudWatch,us-east-1,120.4174718603669,normal
2026-06-14,staging,AmazonCloudWatch,us-east-1,130.7331958748844,normal
2026-06-15,staging,AmazonCloudWatch,us-east-1,103.77145803462264,normal
2026-06-16,staging,AmazonCloudWatch,us-east-1,131.82369276969132,normal
2026-06-17,staging,AmazonCloudWatch,us-east-1,103.93324748370972,normal
2026-06-18,staging,AmazonCloudWatch,us-east-1,103.23503686821661,normal
2026-06-19,staging,AmazonCloudWatch,us-east-1,126.36991086258408,normal
2026-06-20,staging,AmazonCloudWatch,us-east-1,131.08702042409058,normal
2026-06-21,staging,AmazonCloudWatch,us-east-1,128.4472155842048,normal
2026-06-22,staging,AmazonCloudWatch,us-east-1,126.81901653347907,normal
2026-06-23,staging,AmazonCloudWatch,us-east-1,128.8774621421604,normal
2026-06-24,staging,AmazonCloudWatch,us-east-1,130.05362020541708,normal
2026-06-25,staging,AmazonCloudWatch,us-east-1,117.30596424640662,normal
2026-06-26,staging,AmazonCloudWatch,us-east-1,127.61394840364554,normal
2026-06-27,staging,AmazonCloudWatch,us-east-1,137.31571281064186,normal
2026-06-28,staging,AmazonCloudWatch,us-east-1,139.25210879348577,normal
2026-06-29,staging,AmazonCloudWatch,us-east-1,130.10316208246573,normal
2026-06-30,staging,AmazonCloudWatch,us-east-1,125.1332616403305,normal
2026-07-01,staging,AmazonCloudWatch,us-east-1,122.62998644667047,normal
2026-07-02,staging,AmazonCloudWatch,us-east-1,120.41758280176532,normal
2026-07-03,staging,AmazonCloudWatch,us-east-1,129.78539099661432,normal
2026-07-04,staging,AmazonCloudWatch,us-east-1,104.61794248702483,normal
2026-07-05,staging,AmazonCloudWatch,us-east-1,132.33923913445656,normal
2026-07-06,staging,AmazonCloudWatch,us-east-1,128.5770472831295,normal
2026-07-07,staging,AmazonCloudWatch,us-east-1,120.43319511876723,normal
2026-07-08,staging,AmazonCloudWatch,us-east-1,104.57590188502155,normal
2026-07-09,staging,AmazonCloudWatch,us-east-1,129.30701526838828,normal
2026-07-10,staging,AmazonCloudWatch,us-east-1,103.12862870483072,normal
2026-07-11,staging,AmazonCloudWatch,us-east-1,104.68817870612247,normal
2026-07-12,staging,AmazonCloudWatch,us-east-1,139.14313861876155,normal
2026-07-13,staging,AmazonCloudWatch,us-east-1,104.69826744492015,normal
2026-07-14,staging,AmazonCloudWatch,us-east-1,128.4626741823765,normal
2026-07-15,staging,AmazonCloudWatch,us-east-1,104.63964131626156,normal
2026-07-16,staging,AmazonCloudWatch,us-east-1,128.58968230405705,normal
2026-07-17,staging,AmazonCloudWatch,us-east-1,125.39413566388224,normal
2026-07-18,staging,AmazonCloudWatch,us-east-1,128.99630678255974,normal
2026-07-19,staging,AmazonCloudWatch,us-east-1,128.77584798928396,normal
2026-07-20,staging,AmazonCloudWatch,us-east-1,123.10337935540954,normal
2026-07-21,staging,AmazonCloudWatch,us-east-1,120.97538192830125,normal
2026-06-01,staging,AmazonEC2,us-east-1,48.92867860557636,normal
2026-06-02,staging,AmazonEC2,us-east-1,116.3083622092668,normal
2026-06-03,staging,AmazonEC2,us-east-1,47.617390958554736,normal
2026-06-04,staging,AmazonEC2,us-east-1,116.84245574268323,normal
2026-06-05,staging,AmazonEC2,us-east-1,118.93924902405261,normal
2026-06-06,staging,AmazonEC2,us-east-1,122.13427853904834,normal
2026-06-07,staging,AmazonEC2,us-east-1,123.1727277477045,normal
2026-06-08,staging,AmazonEC2,us-east-1,48.46243095628847,normal
2026-06-09,staging,AmazonEC2,us-east-1,117.15523157984958,normal
2026-06-10,staging,AmazonEC2,us-east-1,122.6252605775321,normal
2026-06-11,staging,AmazonEC2,us-east-1,121.90058331278419,normal
2026-06-12,staging,AmazonEC2,us-east-1,49.59281228242569,normal
2026-06-13,staging,AmazonEC2,us-east-1,115.51320349082752,normal
2026-06-14,staging,AmazonEC2,us-east-1,121.39824546369782,normal
2026-06-15,staging,AmazonEC2,us-east-1,49.42624982274311,normal
2026-06-16,staging,AmazonEC2,us-east-1,121.65523062748106,normal
2026-06-17,staging,AmazonEC2,us-east-1,48.177041901683594,normal
2026-06-18,staging,AmazonEC2,us-east-1,49.10793396575492,normal
2026-06-19,staging,AmazonEC2,us-east-1,118.80806417893947,normal
2026-06-20,staging,AmazonEC2,us-east-1,121.88125509715402,normal
2026-06-21,staging,AmazonEC2,us-east-1,122.84735127706216,normal
2026-06-22,staging,AmazonEC2,us-east-1,118.48470809589507,normal
2026-06-23,staging,AmazonEC2,us-east-1,121.31181614780684,normal
2026-06-24,staging,AmazonEC2,us-east-1,122.19832107333794,normal
2026-06-25,staging,AmazonEC2,us-east-1,53.56842622166685,normal
2026-06-26,staging,AmazonEC2,us-east-1,119.53137874725442,normal
2026-06-27,staging,AmazonEC2,us-east-1,124.42972580592877,normal
2026-06-28,staging,AmazonEC2,us-east-1,125.61401436355217,normal
2026-06-29,staging,AmazonEC2,us-east-1,119.63513553784642,normal
2026-06-30,staging,AmazonEC2,us-east-1,56.60606319869401,normal
2026-07-01,staging,AmazonEC2,us-east-1,117.14679839498443,normal
2026-07-02,staging,AmazonEC2,us-east-1,115.51042995586677,normal
2026-07-03,staging,AmazonEC2,us-east-1,123.18442460821487,normal
2026-07-04,staging,AmazonEC2,us-east-1,47.509591550438614,normal
2026-07-05,staging,AmazonEC2,us-east-1,121.56804919548624,normal
2026-07-06,staging,AmazonEC2,us-east-1,122.38398642055499,normal
2026-07-07,staging,AmazonEC2,us-east-1,115.12012203081913,normal
2026-07-08,staging,AmazonEC2,us-east-1,47.976204577577455,normal
2026-07-09,staging,AmazonEC2,us-east-1,121.63196983949791,normal
2026-07-10,staging,AmazonEC2,us-east-1,48.95298863875081,normal
2026-07-11,staging,AmazonEC2,us-east-1,49.97023791352323,normal
2026-07-12,staging,AmazonEC2,us-east-1,125.54736883640199,normal
2026-07-13,staging,AmazonEC2,us-east-1,47.43544543545832,normal
2026-07-14,staging,AmazonEC2,us-east-1,117.30127458868893,normal
2026-07-15,staging,AmazonEC2,us-east-1,47.4895618619124,normal
2026-07-16,staging,AmazonEC2,us-east-1,116.86689863877362,normal
2026-07-17,staging,AmazonEC2,us-east-1,119.74414035170457,normal
2026-07-18,staging,AmazonEC2,us-east-1,123.20930564199136,normal
2026-07-19,staging,AmazonEC2,us-east-1,123.21625704538295,normal
2026-07-20,staging,AmazonEC2,us-east-1,116.44099092959229,normal
2026-07-21,staging,AmazonEC2,us-east-1,116.25199115810571,normal
2026-06-01,staging,AmazonEKS,us-east-1,11.029014286128199,normal
2026-06-02,staging,AmazonEKS,us-east-1,13.525852433261674,normal
2026-06-03,staging,AmazonEKS,us-east-1,11.013119890406724,normal
2026-06-04,staging,AmazonEKS,us-east-1,13.806470458309974,normal
2026-06-05,staging,AmazonEKS,us-east-1,13.937887983557566,normal
2026-06-06,staging,AmazonEKS,us-east-1,14.106595411264033,normal
2026-06-07,staging,AmazonEKS,us-east-1,14.10363575295136,normal
2026-06-08,staging,AmazonEKS,us-east-1,10.96009756888789,normal
2026-06-09,staging,AmazonEKS,us-east-1,13.56708770859802,normal
2026-06-10,staging,AmazonEKS,us-east-1,14.047528678912112,normal
2026-06-11,staging,AmazonEKS,us-east-1,14.083514401262637,normal
2026-06-12,staging,AmazonEKS,us-east-1,11.642322955663223,normal
2026-06-13,staging,AmazonEKS,us-east-1,13.546452691114087,normal
2026-06-14,staging,AmazonEKS,us-east-1,13.989734700776802,normal
2026-06-15,staging,AmazonEKS,us-east-1,11.342187367057331,normal
2026-06-16,staging,AmazonEKS,us-east-1,14.05928203728208,normal
2026-06-17,staging,AmazonEKS,us-east-1,11.019903538202225,normal
2026-06-18,staging,AmazonEKS,us-east-1,11.103450474316187,normal
2026-06-19,staging,AmazonEKS,us-east-1,13.932877451278939,normal
2026-06-20,staging,AmazonEKS,us-east-1,14.081605441694224,normal
2026-06-21,staging,AmazonEKS,us-east-1,14.041091267331531,normal
2026-06-22,staging,AmazonEKS,us-east-1,13.920527045329326,normal
2026-06-23,staging,AmazonEKS,us-east-1,14.085599531947627,normal
2026-06-24,staging,AmazonEKS,us-east-1,14.112920599835846,normal
2026-06-25,staging,AmazonEKS,us-east-1,12.763097292568881,normal
2026-06-26,staging,AmazonEKS,us-east-1,13.63021762124771,normal
2026-06-27,staging,AmazonEKS,us-east-1,14.286304273003571,normal
2026-06-28,staging,AmazonEKS,us-east-1,14.384527257640583,normal
2026-06-29,staging,AmazonEKS,us-east-1,13.938665402637175,normal
2026-06-30,staging,AmazonEKS,us-east-1,13.352252771634413,normal
2026-07-01,staging,AmazonEKS,us-east-1,13.567113419527487,normal
2026-07-02,staging,AmazonEKS,us-east-1,13.54635759848686,normal
2026-07-03,staging,AmazonEKS,us-east-1,14.088596932295173,normal
2026-07-04,staging,AmazonEKS,us-east-1,10.910272299707591,normal
2026-07-05,staging,AmazonEKS,us-east-1,14.04508466802288,normal
2026-07-06,staging,AmazonEKS,us-east-1,14.054522132737535,normal
2026-07-07,staging,AmazonEKS,us-east-1,13.532975612485227,normal
2026-07-08,staging,AmazonEKS,us-east-1,10.999575313976576,normal
2026-07-09,staging,AmazonEKS,us-east-1,14.097079547592468,normal
2026-07-10,staging,AmazonEKS,us-east-1,11.022721953883082,normal
2026-07-11,staging,AmazonEKS,us-east-1,11.750178435142416,normal
2026-07-12,staging,AmazonEKS,us-east-1,14.378999785009643,normal
2026-07-13,staging,AmazonEKS,us-east-1,10.959703043027787,normal
2026-07-14,staging,AmazonEKS,us-east-1,13.875326459984645,normal
2026-07-15,staging,AmazonEKS,us-east-1,10.923625425391732,normal
2026-07-16,staging,AmazonEKS,us-east-1,13.829208036068483,normal
2026-07-17,staging,AmazonEKS,us-east-1,13.920991813996256,normal
2026-07-18,staging,AmazonEKS,us-east-1,14.056607031725393,normal
2026-07-19,staging,AmazonEKS,us-east-1,14.047669513079079,normal
2026-07-20,staging,AmazonEKS,us-east-1,13.471818510166104,normal
2026-07-21,staging,AmazonEKS,us-east-1,13.548818417068047,normal
2026-06-01,staging,AmazonRDS,us-east-1,46.84192146975573,normal
2026-06-02,staging,AmazonRDS,us-east-1,55.958429285056944,normal
2026-06-03,staging,AmazonRDS,us-east-1,45.26042909546904,normal
2026-06-04,staging,AmazonRDS,us-east-1,56.18464704583099,normal
2026-06-05,staging,AmazonRDS,us-east-1,56.345775967115124,normal
2026-06-06,staging,AmazonRDS,us-east-1,58.93190822528068,normal
2026-06-07,staging,AmazonRDS,us-east-1,58.260910244425204,normal
2026-06-08,staging,AmazonRDS,us-east-1,46.39631442468359,normal
2026-06-09,staging,AmazonRDS,us-east-1,56.17365038543369,normal
2026-06-10,staging,AmazonRDS,us-east-1,58.166284281171826,normal
2026-06-11,staging,AmazonRDS,us-east-1,58.47028802525274,normal
2026-06-12,staging,AmazonRDS,us-east-1,48.157066732342166,normal
2026-06-13,staging,AmazonRDS,us-east-1,55.99875571368238,normal
2026-06-14,staging,AmazonRDS,us-east-1,58.07758221563983,normal
2026-06-15,staging,AmazonRDS,us-east-1,47.66072885974964,normal
2026-06-16,staging,AmazonRDS,us-east-1,57.98564074564162,normal
2026-06-17,staging,AmazonRDS,us-east-1,45.93540205112143,normal
2026-06-18,staging,AmazonRDS,us-east-1,47.109570848112675,normal
2026-06-19,staging,AmazonRDS,us-east-1,56.33575490255787,normal
2026-06-20,staging,AmazonRDS,us-east-1,58.4321088338845,normal
2026-06-21,staging,AmazonRDS,us-east-1,58.25211643557958,normal
2026-06-22,staging,AmazonRDS,us-east-1,56.31105409065865,normal
2026-06-23,staging,AmazonRDS,us-east-1,57.658672907364966,normal
2026-06-24,staging,AmazonRDS,us-east-1,59.058411996716934,normal
2026-06-25,staging,AmazonRDS,us-east-1,52.05612359174885,normal
2026-06-26,staging,AmazonRDS,us-east-1,56.907242505491155,normal
2026-06-27,staging,AmazonRDS,us-east-1,59.43672615011235,normal
2026-06-28,staging,AmazonRDS,us-east-1,60.16918897840549,normal
2026-06-29,staging,AmazonRDS,us-east-1,57.34577630028466,normal
2026-06-30,staging,AmazonRDS,us-east-1,54.15013082061028,normal
2026-07-01,staging,AmazonRDS,us-east-1,56.17061649575659,normal
2026-07-02,staging,AmazonRDS,us-east-1,55.999437210844164,normal
2026-07-03,staging,AmazonRDS,us-east-1,58.28931690566467,normal
2026-07-04,staging,AmazonRDS,us-east-1,45.317745894828256,normal
2026-07-05,staging,AmazonRDS,us-east-1,57.6400417606802,normal
2026-07-06,staging,AmazonRDS,us-east-1,58.07303823016618,normal
2026-07-07,staging,AmazonRDS,us-east-1,56.095341443855865,normal
2026-07-08,staging,AmazonRDS,us-east-1,46.034051794649905,normal
2026-07-09,staging,AmazonRDS,us-east-1,57.74867049944184,normal
2026-07-10,staging,AmazonRDS,us-east-1,46.88339297464619,normal
2026-07-11,staging,AmazonRDS,us-east-1,48.60263416508188,normal
2026-07-12,staging,AmazonRDS,us-east-1,60.127969825357624,normal
2026-07-13,staging,AmazonRDS,us-east-1,45.13547002883504,normal
2026-07-14,staging,AmazonRDS,us-east-1,56.22065291996929,normal
2026-07-15,staging,AmazonRDS,us-east-1,45.26850624386799,normal
2026-07-16,staging,AmazonRDS,us-east-1,56.186920803606846,normal
2026-07-17,staging,AmazonRDS,us-east-1,56.48171929659084,normal
2026-07-18,staging,AmazonRDS,us-east-1,58.349742273407585,normal
2026-07-19,staging,AmazonRDS,us-east-1,58.36662425307285,normal
2026-07-20,staging,AmazonRDS,us-east-1,56.115618879516795,normal
2026-07-21,staging,AmazonRDS,us-east-1,55.891619150347495,normal
2026-07-22,data-analytics,AWSDataTransfer,us-east-1,669.374991525844,benign
2026-07-23,data-analytics,AWSDataTransfer,us-east-1,666.718823735549,benign
2026-07-24,data-analytics,AWSDataTransfer,us-east-1,649.6333847868186,benign
2026-07-25,data-analytics,AWSDataTransfer,us-east-1,637.0164754233406,benign
2026-07-26,data-analytics,AWSDataTransfer,us-east-1,649.7850192577963,benign
2026-07-27,data-analytics,AWSDataTransfer,us-east-1,662.8414764214349,benign
2026-07-28,data-analytics,AWSDataTransfer,us-east-1,643.3393329289878,benign
2026-07-29,data-analytics,AWSDataTransfer,us-east-1,649.3056548815016,benign
2026-07-30,data-analytics,AWSDataTransfer,us-east-1,631.5626866508653,benign
2026-07-31,data-analytics,AWSDataTransfer,us-east-1,665.2332028146031,benign
2026-08-01,data-analytics,AWSDataTransfer,us-east-1,662.9996150673691,benign
2026-08-02,data-analytics,AWSDataTransfer,us-east-1,666.328034423294,benign
2026-08-03,data-analytics,AWSDataTransfer,us-east-1,668.2770274001505,benign
2026-08-04,data-analytics,AWSDataTransfer,us-east-1,633.1680817988081,benign
2026-08-05,data-analytics,AWSDataTransfer,us-east-1,634.743235060063,benign
2026-08-06,data-analytics,AWSDataTransfer,us-east-1,648.2806236078355,benign
2026-08-07,data-analytics,AWSDataTransfer,us-east-1,632.8456840592384,benign
2026-08-08,data-analytics,AWSDataTransfer,us-east-1,659.491267982641,benign
2026-08-09,data-analytics,AWSDataTransfer,us-east-1,630.9411723352858,benign
2026-08-10,data-analytics,AWSDataTransfer,us-east-1,661.9615732995013,benign
2026-08-11,data-analytics,AWSDataTransfer,us-east-1,663.3679956659603,benign
2026-08-12,data-analytics,AWSDataTransfer,us-east-1,668.703887354796,benign
2026-08-13,data-analytics,AWSDataTransfer,us-east-1,630.9414973711324,benign
2026-08-14,data-analytics,AWSDataTransfer,us-east-1,639.4826515148939,benign
2026-08-15,data-analytics,AWSDataTransfer,us-east-1,658.317704326827,benign
2026-08-16,data-analytics,AWSDataTransfer,us-east-1,655.2713504380341,benign
2026-08-17,data-analytics,AWSDataTransfer,us-east-1,652.2344536131042,benign
2026-08-18,data-analytics,AWSDataTransfer,us-east-1,664.7801582682675,benign
2026-08-19,data-analytics,AWSDataTransfer,us-east-1,667.9873622765778,benign
2026-08-20,data-analytics,AWSDataTransfer,us-east-1,648.1885916334135,benign
2026-08-21,data-analytics,AWSDataTransfer,us-east-1,630.5610028761728,benign
2026-08-22,data-analytics,AWSDataTransfer,us-east-1,648.065257070149,benign
2026-08-23,data-analytics,AWSDataTransfer,us-east-1,643.9705080670223,benign
2026-08-24,data-analytics,AWSDataTransfer,us-east-1,659.4011124733452,benign
2026-08-25,data-analytics,AWSDataTransfer,us-east-1,656.7343707509755,benign
2026-08-26,data-analytics,AWSDataTransfer,us-east-1,634.8669900630186,benign
2026-08-27,data-analytics,AWSDataTransfer,us-east-1,636.8103565074939,benign
2026-08-28,data-analytics,AWSDataTransfer,us-east-1,666.5141016427422,benign
2026-08-29,data-analytics,AWSDataTransfer,us-east-1,670.060054326742,benign
2026-08-30,data-analytics,AWSDataTransfer,us-east-1,658.1520892494657,benign
2026-08-31,data-analytics,AWSDataTransfer,us-east-1,652.4468451777085,benign
2026-09-01,data-analytics,AWSDataTransfer,us-east-1,661.8832338399428,benign
2026-09-02,data-analytics,AWSDataTransfer,us-east-1,650.4384069435409,benign
2026-09-03,data-analytics,AWSDataTransfer,us-east-1,656.6756021449378,benign
2026-09-04,data-analytics,AWSDataTransfer,us-east-1,657.3044166292536,benign
2026-09-05,data-analytics,AWSDataTransfer,us-east-1,638.3079461544096,benign
2026-09-06,data-analytics,AWSDataTransfer,us-east-1,631.5263390764725,benign
2026-09-07,data-analytics,AWSDataTransfer,us-east-1,669.2234771905654,benign
2026-09-08,data-analytics,AWSDataTransfer,us-east-1,662.147074785241,benign
2026-09-09,data-analytics,AWSDataTransfer,us-east-1,664.4167351825798,benign
2026-09-10,data-analytics,AWSDataTransfer,us-east-1,662.439398999476,benign
2026-09-11,data-analytics,AWSDataTransfer,us-east-1,631.170482085364,benign
2026-09-12,data-analytics,AWSDataTransfer,us-east-1,654.8322105691692,benign
2026-09-13,data-analytics,AWSDataTransfer,us-east-1,667.4645064965832,benign
2026-09-14,data-analytics,AWSDataTransfer,us-east-1,662.6658825675515,benign
2026-09-15,data-analytics,AWSDataTransfer,us-east-1,650.2798684726127,benign
2026-09-16,data-analytics,AWSDataTransfer,us-east-1,664.4640021909989,benign
2026-09-17,data-analytics,AWSDataTransfer,us-east-1,651.3554793279782,benign
2026-09-18,data-analytics,AWSDataTransfer,us-east-1,634.8608204229556,benign
2026-09-19,data-analytics,AWSDataTransfer,us-east-1,641.4927118719967,benign
2026-09-20,data-analytics,AWSDataTransfer,us-east-1,661.6768153075553,benign
2026-09-21,data-analytics,AWSDataTransfer,us-east-1,632.5364299570721,benign
2026-09-22,data-analytics,AWSDataTransfer,us-east-1,643.564796549057,benign
2026-09-23,data-analytics,AWSDataTransfer,us-east-1,637.9808689219363,benign
2026-09-24,data-analytics,AWSDataTransfer,us-east-1,657.4666755221647,benign
2026-09-25,data-analytics,AWSDataTransfer,us-east-1,667.280461860868,benign
2026-09-26,data-analytics,AWSDataTransfer,us-east-1,642.2748245286742,benign
2026-07-22,data-analytics,AmazonAthena,us-east-1,82.65010270382531,normal
2026-07-23,data-analytics,AmazonAthena,us-east-1,81.2041108726208,normal
2026-07-24,data-analytics,AmazonAthena,us-east-1,83.62597882044098,normal
2026-07-25,data-analytics,AmazonAthena,us-east-1,92.80987145473044,normal
2026-07-26,data-analytics,AmazonAthena,us-east-1,89.11506213051733,normal
2026-07-27,data-analytics,AmazonAthena,us-east-1,79.09332082259576,normal
2026-07-28,data-analytics,AmazonAthena,us-east-1,90.98023816448048,normal
2026-07-29,data-analytics,AmazonAthena,us-east-1,83.81533879273351,normal
2026-07-30,data-analytics,AmazonAthena,us-east-1,94.06709768940894,normal
2026-07-31,data-analytics,AmazonAthena,us-east-1,80.3953533371205,normal
2026-08-01,data-analytics,AmazonAthena,us-east-1,79.17940995862627,normal
2026-08-02,data-analytics,AmazonAthena,us-east-1,80.99136898360783,normal
2026-08-03,data-analytics,AmazonAthena,us-east-1,83.76406478942488,normal
2026-08-04,data-analytics,AmazonAthena,us-east-1,93.1395119677491,normal
2026-08-05,data-analytics,AmazonAthena,us-east-1,92.22939978979825,normal
2026-08-06,data-analytics,AmazonAthena,us-east-1,89.55038624788313,normal
2026-08-07,data-analytics,AmazonAthena,us-east-1,93.3257910531839,normal
2026-08-08,data-analytics,AmazonAthena,us-east-1,86.30638333701914,normal
2026-08-09,data-analytics,AmazonAthena,us-east-1,94.4262041721197,normal
2026-08-10,data-analytics,AmazonAthena,us-east-1,78.61431014743584,normal
2026-08-11,data-analytics,AmazonAthena,us-east-1,79.37995276254229,normal
2026-08-12,data-analytics,AmazonAthena,us-east-1,83.64054513354198,normal
2026-08-13,data-analytics,AmazonAthena,us-east-1,94.4260163687551,normal
2026-08-14,data-analytics,AmazonAthena,us-east-1,92.09623875421579,normal
2026-08-15,data-analytics,AmazonAthena,us-east-1,78.60824171193798,normal
2026-08-16,data-analytics,AmazonAthena,us-east-1,80.36840298686654,normal
2026-08-17,data-analytics,AmazonAthena,us-east-1,82.12310003859798,normal
2026-08-18,data-analytics,AmazonAthena,us-east-1,80.14872030604218,normal
2026-08-19,data-analytics,AmazonAthena,us-east-1,81.89469087837107,normal
2026-08-20,data-analytics,AmazonAthena,us-east-1,89.5770173658578,normal
2026-08-21,data-analytics,AmazonAthena,us-east-1,94.64586333985565,normal
2026-08-22,data-analytics,AmazonAthena,us-east-1,89.61270645462591,normal
2026-08-23,data-analytics,AmazonAthena,us-east-1,90.79759621129799,normal
2026-08-24,data-analytics,AmazonAthena,us-east-1,86.33247146583744,normal
2026-08-25,data-analytics,AmazonAthena,us-east-1,79.5230804165812,normal
2026-08-26,data-analytics,AmazonAthena,us-east-1,92.15789504289981,normal
2026-08-27,data-analytics,AmazonAthena,us-east-1,91.0350319470707,normal
2026-08-28,data-analytics,AmazonAthena,us-east-1,81.09266216258547,normal
2026-08-29,data-analytics,AmazonAthena,us-east-1,83.02304420909468,normal
2026-08-30,data-analytics,AmazonAthena,us-east-1,86.6938989483743,normal
2026-08-31,data-analytics,AmazonAthena,us-east-1,88.34481461006129,normal
2026-09-01,data-analytics,AmazonAthena,us-east-1,78.57166290993959,normal
2026-09-02,data-analytics,AmazonAthena,us-east-1,83.16084283248667,normal
2026-09-03,data-analytics,AmazonAthena,us-east-1,87.12114722285403,normal
2026-09-04,data-analytics,AmazonAthena,us-east-1,79.19371202521694,normal
2026-09-05,data-analytics,AmazonAthena,us-east-1,90.16973546528885,normal
2026-09-06,data-analytics,AmazonAthena,us-east-1,94.39854180184321,normal
2026-09-07,data-analytics,AmazonAthena,us-east-1,82.5676197778883,normal
2026-09-08,data-analytics,AmazonAthena,us-east-1,85.53787755712938,normal
2026-09-09,data-analytics,AmazonAthena,us-east-1,79.95087632378493,normal
2026-09-10,data-analytics,AmazonAthena,us-east-1,78.87443379678788,normal
2026-09-11,data-analytics,AmazonAthena,us-east-1,94.2937106546935,normal
2026-09-12,data-analytics,AmazonAthena,us-east-1,80.62213483144868,normal
2026-09-13,data-analytics,AmazonAthena,us-east-1,81.61005329277408,normal
2026-09-14,data-analytics,AmazonAthena,us-east-1,78.99772924165244,normal
2026-09-15,data-analytics,AmazonAthena,us-east-1,83.2524452159592,normal
2026-09-16,data-analytics,AmazonAthena,us-east-1,79.97660802202672,normal
2026-09-17,data-analytics,AmazonAthena,us-east-1,82.6309650322313,normal
2026-09-18,data-analytics,AmazonAthena,us-east-1,92.16145981636859,normal
2026-09-19,data-analytics,AmazonAthena,us-east-1,88.32960083534988,normal
2026-09-20,data-analytics,AmazonAthena,us-east-1,78.45929067474718,normal
2026-09-21,data-analytics,AmazonAthena,us-east-1,93.5044758398558,normal
2026-09-22,data-analytics,AmazonAthena,us-east-1,90.91499618414954,normal
2026-09-23,data-analytics,AmazonAthena,us-east-1,90.35871832792607,normal
2026-09-24,data-analytics,AmazonAthena,us-east-1,86.89223581931346,normal
2026-09-25,data-analytics,AmazonAthena,us-east-1,81.50986118864807,normal
2026-09-26,data-analytics,AmazonAthena,us-east-1,91.2882729423044,normal
2026-07-22,data-analytics,AmazonDynamoDB,us-east-1,296.98256205159026,normal
2026-07-23,data-analytics,AmazonDynamoDB,us-east-1,289.67486139926643,normal
2026-07-24,data-analytics,AmazonDynamoDB,us-east-1,303.9556311282072,normal
2026-07-25,data-analytics,AmazonDynamoDB,us-east-1,353.16391325500604,normal
2026-07-26,data-analytics,AmazonDynamoDB,us-east-1,332.6375505361756,normal
2026-07-27,data-analytics,AmazonDynamoDB,us-east-1,279.00742781311834,normal
2026-07-28,data-analytics,AmazonDynamoDB,us-east-1,342.99946002814943,normal
2026-07-29,data-analytics,AmazonDynamoDB,us-east-1,304.97664859563264,normal
2026-07-30,data-analytics,AmazonDynamoDB,us-east-1,360.2535097961063,normal
2026-07-31,data-analytics,AmazonDynamoDB,us-east-1,285.58759213383473,normal
2026-08-01,data-analytics,AmazonDynamoDB,us-east-1,279.4425019414446,normal
2026-08-02,data-analytics,AmazonDynamoDB,us-east-1,288.5997142182331,normal
2026-08-03,data-analytics,AmazonDynamoDB,us-east-1,302.9103027426368,normal
2026-08-04,data-analytics,AmazonDynamoDB,us-east-1,355.2520239335818,normal
2026-08-05,data-analytics,AmazonDynamoDB,us-east-1,350.3447543572592,normal
2026-08-06,data-analytics,AmazonDynamoDB,us-east-1,335.0559759403628,normal
2026-08-07,data-analytics,AmazonDynamoDB,us-east-1,356.25642944622706,normal
2026-08-08,data-analytics,AmazonDynamoDB,us-east-1,317.0340498904937,normal
2026-08-09,data-analytics,AmazonDynamoDB,us-east-1,362.189790136003,normal
2026-08-10,data-analytics,AmazonDynamoDB,us-east-1,276.5866211752134,normal
2026-08-11,data-analytics,AmazonDynamoDB,us-east-1,280.45599783220297,normal
2026-08-12,data-analytics,AmazonDynamoDB,us-east-1,302.22409432507595,normal
2026-08-13,data-analytics,AmazonDynamoDB,us-east-1,362.1887775116696,normal
2026-08-14,data-analytics,AmazonDynamoDB,us-east-1,349.1993558520602,normal
2026-08-15,data-analytics,AmazonDynamoDB,us-east-1,276.9002974549647,normal
2026-08-16,data-analytics,AmazonDynamoDB,us-east-1,286.3909801236946,normal
2026-08-17,data-analytics,AmazonDynamoDB,us-east-1,295.85220003288435,normal
2026-08-18,data-analytics,AmazonDynamoDB,us-east-1,284.34116713806264,normal
2026-08-19,data-analytics,AmazonDynamoDB,us-east-1,293.16488938531614,normal
2026-08-20,data-analytics,AmazonDynamoDB,us-east-1,335.2039240316416,normal
2026-08-21,data-analytics,AmazonDynamoDB,us-east-1,363.37417902465404,normal
2026-08-22,data-analytics,AmazonDynamoDB,us-east-1,335.40219331075104,normal
2026-08-23,data-analytics,AmazonDynamoDB,us-east-1,341.9848000958678,normal
2026-08-24,data-analytics,AmazonDynamoDB,us-east-1,317.17898142762897,normal
2026-08-25,data-analytics,AmazonDynamoDB,us-east-1,281.83305217608705,normal
2026-08-26,data-analytics,AmazonDynamoDB,us-east-1,349.9592051057291,normal
2026-08-27,data-analytics,AmazonDynamoDB,us-east-1,343.90479550432815,normal
2026-08-28,data-analytics,AmazonDynamoDB,us-east-1,289.11162598295886,normal
2026-08-29,data-analytics,AmazonDynamoDB,us-east-1,298.8673201965,normal
2026-08-30,data-analytics,AmazonDynamoDB,us-east-1,319.1868770866791,normal
2026-08-31,data-analytics,AmazonDynamoDB,us-east-1,328.35847180684834,normal
2026-09-01,data-analytics,AmazonDynamoDB,us-east-1,276.37109212550115,normal
2026-09-02,data-analytics,AmazonDynamoDB,us-east-1,301.447646137082,normal
2026-09-03,data-analytics,AmazonDynamoDB,us-east-1,321.560437474625,normal
2026-09-04,data-analytics,AmazonDynamoDB,us-east-1,280.0571178182112,normal
2026-09-05,data-analytics,AmazonDynamoDB,us-east-1,339.2391694392999,normal
2026-09-06,data-analytics,AmazonDynamoDB,us-east-1,361.9897066651793,normal
2026-09-07,data-analytics,AmazonDynamoDB,us-east-1,296.5657128559946,normal
2026-09-08,data-analytics,AmazonDynamoDB,us-east-1,312.7646473299449,normal
2026-09-09,data-analytics,AmazonDynamoDB,us-east-1,283.3413104535367,normal
2026-09-10,data-analytics,AmazonDynamoDB,us-east-1,277.9012245644119,normal
2026-09-11,data-analytics,AmazonDynamoDB,us-east-1,361.47539313871255,normal
2026-09-12,data-analytics,AmazonDynamoDB,us-east-1,287.7590868160647,normal
2026-09-13,data-analytics,AmazonDynamoDB,us-east-1,291.7263983613314,normal
2026-09-14,data-analytics,AmazonDynamoDB,us-east-1,278.52433057609295,normal
2026-09-15,data-analytics,AmazonDynamoDB,us-east-1,301.94156062413515,normal
2026-09-16,data-analytics,AmazonDynamoDB,us-east-1,283.4713523693824,normal
2026-09-17,data-analytics,AmazonDynamoDB,us-east-1,298.5905772269435,normal
2026-09-18,data-analytics,AmazonDynamoDB,us-east-1,349.97842614772105,normal
2026-09-19,data-analytics,AmazonDynamoDB,us-east-1,329.31727529854834,normal
2026-09-20,data-analytics,AmazonDynamoDB,us-east-1,275.80318943151804,normal
2026-09-21,data-analytics,AmazonDynamoDB,us-east-1,357.21988696127863,normal
2026-09-22,data-analytics,AmazonDynamoDB,us-east-1,342.6370108635899,normal
2026-09-23,data-analytics,AmazonDynamoDB,us-east-1,340.2581535543724,normal
2026-09-24,data-analytics,AmazonDynamoDB,us-east-1,320.2887294953367,normal
2026-09-25,data-analytics,AmazonDynamoDB,us-east-1,291.2200511684365,normal
2026-09-26,data-analytics,AmazonDynamoDB,us-east-1,344.7107346907397,normal
2026-07-22,data-analytics,AmazonES,us-west-2,111.9075891530803,normal
2026-07-23,data-analytics,AmazonES,us-west-2,108.50769438150267,normal
2026-07-24,data-analytics,AmazonES,us-west-2,111.02777676044278,normal
2026-07-25,data-analytics,AmazonES,us-west-2,128.27478938251846,normal
2026-07-26,data-analytics,AmazonES,us-west-2,122.47003261926163,normal
2026-07-27,data-analytics,AmazonES,us-west-2,103.5446898194366,normal
2026-07-28,data-analytics,AmazonES,us-west-2,125.4003308424637,normal
2026-07-29,data-analytics,AmazonES,us-west-2,111.37342507435294,normal
2026-07-30,data-analytics,AmazonES,us-west-2,130.08647796694098,normal
2026-07-31,data-analytics,AmazonES,us-west-2,106.6060996026919,normal
2026-08-01,data-analytics,AmazonES,us-west-2,103.74710728623238,normal
2026-08-02,data-analytics,AmazonES,us-west-2,108.00748406181624,normal
2026-08-03,data-analytics,AmazonES,us-west-2,114.0633097601623,normal
2026-08-04,data-analytics,AmazonES,us-west-2,128.3933089364579,normal
2026-08-05,data-analytics,AmazonES,us-west-2,126.73203524714927,normal
2026-08-06,data-analytics,AmazonES,us-west-2,123.15395170486318,normal
2026-08-07,data-analytics,AmazonES,us-west-2,128.73333355210264,normal
2026-08-08,data-analytics,AmazonES,us-west-2,118.05743759966698,normal
2026-08-09,data-analytics,AmazonES,us-west-2,130.74197315296382,normal
2026-08-10,data-analytics,AmazonES,us-west-2,102.41841382336169,normal
2026-08-11,data-analytics,AmazonES,us-west-2,104.21863445242917,normal
2026-08-12,data-analytics,AmazonES,us-west-2,113.86925331638787,normal
2026-08-13,data-analytics,AmazonES,us-west-2,130.74163034600448,normal
2026-08-14,data-analytics,AmazonES,us-west-2,127.15363159566138,normal
2026-08-15,data-analytics,AmazonES,us-west-2,101.86864798469988,normal
2026-08-16,data-analytics,AmazonES,us-west-2,105.081559190396,normal
2026-08-17,data-analytics,AmazonES,us-west-2,108.28449627372586,normal
2026-08-18,data-analytics,AmazonES,us-west-2,106.02620258338234,normal
2026-08-19,data-analytics,AmazonES,us-west-2,110.13142371401942,normal
2026-08-20,data-analytics,AmazonES,us-west-2,123.19579071429824,normal
2026-08-21,data-analytics,AmazonES,us-west-2,131.14292811743513,normal
2026-08-22,data-analytics,AmazonES,us-west-2,123.25186031389667,normal
2026-08-23,data-analytics,AmazonES,us-west-2,125.11338988828705,normal
2026-08-24,data-analytics,AmazonES,us-west-2,118.09842354208256,normal
2026-08-25,data-analytics,AmazonES,us-west-2,103.53854924171509,normal
2026-08-26,data-analytics,AmazonES,us-west-2,126.60151402398476,normal
2026-08-27,data-analytics,AmazonES,us-west-2,124.55189534731073,normal
2026-08-28,data-analytics,AmazonES,us-west-2,108.24565010270993,normal
2026-08-29,data-analytics,AmazonES,us-west-2,112.78446953822976,normal
2026-08-30,data-analytics,AmazonES,us-west-2,118.66624678804385,normal
2026-08-31,data-analytics,AmazonES,us-west-2,121.25992971234066,normal
2026-09-01,data-analytics,AmazonES,us-west-2,102.31813931512677,normal
2026-09-02,data-analytics,AmazonES,us-west-2,110.17874056747712,normal
2026-09-03,data-analytics,AmazonES,us-west-2,119.33747826259477,normal
2026-09-04,data-analytics,AmazonES,us-west-2,102.9373364946279,normal
2026-09-05,data-analytics,AmazonES,us-west-2,122.97242600994608,normal
2026-09-06,data-analytics,AmazonES,us-west-2,130.77068135766183,normal
2026-09-07,data-analytics,AmazonES,us-west-2,111.71365080392373,normal
2026-09-08,data-analytics,AmazonES,us-west-2,116.85007106678991,normal
2026-09-09,data-analytics,AmazonES,us-west-2,105.56102103370218,normal
2026-09-10,data-analytics,AmazonES,us-west-2,103.0300307193292,normal
2026-09-11,data-analytics,AmazonES,us-west-2,130.50012604901707,normal
2026-09-12,data-analytics,AmazonES,us-west-2,105.54470873147028,normal
2026-09-13,data-analytics,AmazonES,us-west-2,109.46216831562653,normal
2026-09-14,data-analytics,AmazonES,us-west-2,103.31992968646593,normal
2026-09-15,data-analytics,AmazonES,us-west-2,110.34594702095356,normal
2026-09-16,data-analytics,AmazonES,us-west-2,105.6215228044786,normal
2026-09-17,data-analytics,AmazonES,us-west-2,109.21152787717455,normal
2026-09-18,data-analytics,AmazonES,us-west-2,126.60802098490177,normal
2026-09-19,data-analytics,AmazonES,us-west-2,119.61353540331095,normal
2026-09-20,data-analytics,AmazonES,us-west-2,102.0539235936708,normal
2026-09-21,data-analytics,AmazonES,us-west-2,129.05949591095174,normal
2026-09-22,data-analytics,AmazonES,us-west-2,125.29783196002003,normal
2026-09-23,data-analytics,AmazonES,us-west-2,123.31738596657065,normal
2026-09-24,data-analytics,AmazonES,us-west-2,118.97784535564583,normal
2026-09-25,data-analytics,AmazonES,us-west-2,109.22659118191088,normal
2026-09-26,data-analytics,AmazonES,us-west-2,125.88427109566541,normal
2026-07-22,data-analytics,AmazonMSK,us-east-1,134.7382595790122,normal
2026-07-23,data-analytics,AmazonMSK,us-east-1,130.4780255817,normal
2026-07-24,data-analytics,AmazonMSK,us-east-1,133.07248624391138,normal
2026-07-25,data-analytics,AmazonMSK,us-east-1,153.91246838162107,normal
2026-07-26,data-analytics,AmazonMSK,us-east-1,147.15039100489827,normal
2026-07-27,data-analytics,AmazonMSK,us-east-1,124.2591387676477,normal
2026-07-28,data-analytics,AmazonMSK,us-east-1,150.56395407572165,normal
2026-07-29,data-analytics,AmazonMSK,us-east-1,133.4879278653663,normal
2026-07-30,data-analytics,AmazonMSK,us-east-1,155.97952039802567,normal
2026-07-31,data-analytics,AmazonMSK,us-east-1,128.0952345631292,normal
2026-08-01,data-analytics,AmazonMSK,us-east-1,124.51277772756556,normal
2026-08-02,data-analytics,AmazonMSK,us-east-1,129.8512376506295,normal
2026-08-03,data-analytics,AmazonMSK,us-east-1,137.3572312263998,normal
2026-08-04,data-analytics,AmazonMSK,us-east-1,153.9444666769075,normal
2026-08-05,data-analytics,AmazonMSK,us-east-1,151.94774860425366,normal
2026-08-06,data-analytics,AmazonMSK,us-east-1,147.94710204118644,normal
2026-08-07,data-analytics,AmazonMSK,us-east-1,154.3531490629432,normal
2026-08-08,data-analytics,AmazonMSK,us-east-1,142.01007071731752,normal
2026-08-09,data-analytics,AmazonMSK,us-east-1,156.76737317201028,normal
2026-08-10,data-analytics,AmazonMSK,us-east-1,122.84786000427333,normal
2026-08-11,data-analytics,AmazonMSK,us-east-1,125.10362426813533,normal
2026-08-12,data-analytics,AmazonMSK,us-east-1,137.13117098963662,normal
2026-08-13,data-analytics,AmazonMSK,us-east-1,156.7669611454697,normal
2026-08-14,data-analytics,AmazonMSK,us-east-1,152.60640922781954,normal
2026-08-15,data-analytics,AmazonMSK,us-east-1,122.06394618577048,normal
2026-08-16,data-analytics,AmazonMSK,us-east-1,125.92560842212076,normal
2026-08-17,data-analytics,AmazonMSK,us-east-1,129.7752825613166,normal
2026-08-18,data-analytics,AmazonMSK,us-east-1,127.36859531027483,normal
2026-08-19,data-analytics,AmazonMSK,us-east-1,132.5126376416524,normal
2026-08-20,data-analytics,AmazonMSK,us-east-1,147.99584114098064,normal
2026-08-21,data-analytics,AmazonMSK,us-east-1,157.24928896290763,normal
2026-08-22,data-analytics,AmazonMSK,us-east-1,148.0611577401819,normal
2026-08-23,data-analytics,AmazonMSK,us-east-1,150.22969081305143,normal
2026-08-24,data-analytics,AmazonMSK,us-east-1,142.05781606226054,normal
2026-08-25,data-analytics,AmazonMSK,us-east-1,124.07103390460219,normal
2026-08-26,data-analytics,AmazonMSK,us-east-1,151.79087253570776,normal
2026-08-27,data-analytics,AmazonMSK,us-east-1,149.3273948558397,normal
2026-08-28,data-analytics,AmazonMSK,us-east-1,130.14967131772494,normal
2026-08-29,data-analytics,AmazonMSK,us-east-1,135.83703347625743,normal
2026-08-30,data-analytics,AmazonMSK,us-east-1,142.7192847304736,normal
2026-08-31,data-analytics,AmazonMSK,us-east-1,145.74071789986954,normal
2026-09-01,data-analytics,AmazonMSK,us-east-1,122.72221115401555,normal
2026-09-02,data-analytics,AmazonMSK,us-east-1,132.0520126628621,normal
2026-09-03,data-analytics,AmazonMSK,us-east-1,143.50121571461676,normal
2026-09-04,data-analytics,AmazonMSK,us-east-1,123.34842427962315,normal
2026-09-05,data-analytics,AmazonMSK,us-east-1,147.42899906987438,normal
2026-09-06,data-analytics,AmazonMSK,us-east-1,156.81998291637163,normal
2026-09-07,data-analytics,AmazonMSK,us-east-1,134.49524536711175,normal
2026-09-08,data-analytics,AmazonMSK,us-east-1,140.60358526920038,normal
2026-09-09,data-analytics,AmazonMSK,us-east-1,126.78570013674266,normal
2026-09-10,data-analytics,AmazonMSK,us-east-1,123.61424580989117,normal
2026-09-11,data-analytics,AmazonMSK,us-east-1,156.47669230083457,normal
2026-09-12,data-analytics,AmazonMSK,us-east-1,126.48227711852876,normal
2026-09-13,data-analytics,AmazonMSK,us-east-1,131.6740279808613,normal
2026-09-14,data-analytics,AmazonMSK,us-east-1,123.97750335712652,normal
2026-09-15,data-analytics,AmazonMSK,us-east-1,132.2529814434245,normal
2026-09-16,data-analytics,AmazonMSK,us-east-1,126.86151180683142,normal
2026-09-17,data-analytics,AmazonMSK,us-east-1,130.88950038613365,normal
2026-09-18,data-analytics,AmazonMSK,us-east-1,151.79869338217313,normal
2026-09-19,data-analytics,AmazonMSK,us-east-1,143.3918812719475,normal
2026-09-20,data-analytics,AmazonMSK,us-east-1,122.39113596645944,normal
2026-09-21,data-analytics,AmazonMSK,us-east-1,154.7451701252911,normal
2026-09-22,data-analytics,AmazonMSK,us-east-1,150.44455107532394,normal
2026-09-23,data-analytics,AmazonMSK,us-east-1,147.8436133409406,normal
2026-09-24,data-analytics,AmazonMSK,us-east-1,143.08227214071925,normal
2026-09-25,data-analytics,AmazonMSK,us-east-1,131.37883834074808,normal
2026-09-26,data-analytics,AmazonMSK,us-east-1,151.1277057661585,normal
2026-07-22,data-analytics,AmazonS3,us-east-1,612.1327662871955,normal
2026-07-23,data-analytics,AmazonS3,us-east-1,589.333776805229,normal
2026-07-24,data-analytics,AmazonS3,us-east-1,588.3978710914429,normal
2026-07-25,data-analytics,AmazonS3,us-east-1,679.6310809853826,normal
2026-07-26,data-analytics,AmazonS3,us-east-1,656.9019203332258,normal
2026-07-27,data-analytics,AmazonS3,us-east-1,556.052897127594,normal
2026-07-28,data-analytics,AmazonS3,us-east-1,668.3758238558466,normal
2026-07-29,data-analytics,AmazonS3,us-east-1,590.1561978902364,normal
2026-07-30,data-analytics,AmazonS3,us-east-1,685.3502464769474,normal
2026-07-31,data-analytics,AmazonS3,us-east-1,576.5820764515879,normal
2026-08-01,data-analytics,AmazonS3,us-east-1,557.4102666953296,normal
2026-08-02,data-analytics,AmazonS3,us-east-1,585.9794701035513,normal
2026-08-03,data-analytics,AmazonS3,us-east-1,623.9844765512368,normal
2026-08-04,data-analytics,AmazonS3,us-east-1,676.7370278921189,normal
2026-08-05,data-analytics,AmazonS3,us-east-1,668.2860621836583,normal
2026-08-06,data-analytics,AmazonS3,us-east-1,659.5798803931737,normal
2026-08-07,data-analytics,AmazonS3,us-east-1,678.4667467128883,normal
2026-08-08,data-analytics,AmazonS3,us-east-1,639.6239214120442,normal
2026-08-09,data-analytics,AmazonS3,us-east-1,688.6847767080533,normal
2026-08-10,data-analytics,AmazonS3,us-east-1,548.5003237941586,normal
2026-08-11,data-analytics,AmazonS3,us-east-1,560.5722301162134,normal
2026-08-12,data-analytics,AmazonS3,us-east-1,623.2246272989727,normal
2026-08-13,data-analytics,AmazonS3,us-east-1,688.6830328353387,normal
2026-08-14,data-analytics,AmazonS3,us-east-1,675.2410649186984,normal
2026-08-15,data-analytics,AmazonS3,us-east-1,541.8050166440877,normal
2026-08-16,data-analytics,AmazonS3,us-east-1,558.1492244639121,normal
2026-08-17,data-analytics,AmazonS3,us-east-1,574.4426935242944,normal
2026-08-18,data-analytics,AmazonS3,us-east-1,572.6934072626508,normal
2026-08-19,data-analytics,AmazonS3,us-east-1,600.2221690822736,normal
2026-08-20,data-analytics,AmazonS3,us-east-1,659.7437056154458,normal
2026-08-21,data-analytics,AmazonS3,us-east-1,690.7244506505173,normal
2026-08-22,data-analytics,AmazonS3,us-east-1,659.9632522715679,normal
2026-08-23,data-analytics,AmazonS3,us-east-1,667.2522751334528,normal
2026-08-24,data-analytics,AmazonS3,us-east-1,639.7844063570018,normal
2026-08-25,data-analytics,AmazonS3,us-east-1,550.2998711345743,normal
2026-08-26,data-analytics,AmazonS3,us-east-1,667.6220955005715,normal
2026-08-27,data-analytics,AmazonS3,us-east-1,657.1956033075836,normal
2026-08-28,data-analytics,AmazonS3,us-east-1,587.5765621978978,normal
2026-08-29,data-analytics,AmazonS3,us-east-1,618.0129443577329,normal
2026-08-30,data-analytics,AmazonS3,us-east-1,642.0077804458485,normal
2026-08-31,data-analytics,AmazonS3,us-east-1,652.1636299105937,normal
2026-09-01,data-analytics,AmazonS3,us-east-1,547.8279037305529,normal
2026-09-02,data-analytics,AmazonS3,us-east-1,584.0787900163788,normal
2026-09-03,data-analytics,AmazonS3,us-east-1,644.6360607755987,normal
2026-09-04,data-analytics,AmazonS3,us-east-1,547.2414778416319,normal
2026-09-05,data-analytics,AmazonS3,us-east-1,649.1607796096362,normal
2026-09-06,data-analytics,AmazonS3,us-east-1,689.4040192818761,normal
2026-09-07,data-analytics,AmazonS3,us-east-1,610.8322559244825,normal
2026-09-08,data-analytics,AmazonS3,us-east-1,634.8963455615784,normal
2026-09-09,data-analytics,AmazonS3,us-east-1,569.5739962305729,normal
2026-09-10,data-analytics,AmazonS3,us-east-1,552.6016998998921,normal
2026-09-11,data-analytics,AmazonS3,us-east-1,687.4544908163919,normal
2026-09-12,data-analytics,AmazonS3,us-east-1,560.5052847053386,normal
2026-09-13,data-analytics,AmazonS3,us-east-1,595.7342811287212,normal
2026-09-14,data-analytics,AmazonS3,us-east-1,554.5457022725055,normal
2026-09-15,data-analytics,AmazonS3,us-east-1,584.9293759334716,normal
2026-09-16,data-analytics,AmazonS3,us-east-1,569.9797085623496,normal
2026-09-17,data-analytics,AmazonS3,us-east-1,579.158540372302,normal
2026-09-18,data-analytics,AmazonS3,us-east-1,667.6551966710348,normal
2026-09-19,data-analytics,AmazonS3,us-east-1,632.073968738059,normal
2026-09-20,data-analytics,AmazonS3,us-east-1,546.0561278788991,normal
2026-09-21,data-analytics,AmazonS3,us-east-1,680.1259476788481,normal
2026-09-22,data-analytics,AmazonS3,us-east-1,667.9744782593394,normal
2026-09-23,data-analytics,AmazonS3,us-east-1,650.9156047073836,normal
2026-09-24,data-analytics,AmazonS3,us-east-1,643.2278787532983,normal
2026-09-25,data-analytics,AmazonS3,us-east-1,594.1545497091859,normal
2026-09-26,data-analytics,AmazonS3,us-east-1,670.2707449024429,normal
2026-07-22,dev,AWSLambda,us-east-1,155.91389501532075,normal
2026-07-23,dev,AWSLambda,us-east-1,150.5290007048495,normal
2026-07-24,dev,AWSLambda,us-east-1,154.1872179750239,normal
2026-07-25,dev,AWSLambda,us-east-1,181.0475069582205,normal
2026-07-26,dev,AWSLambda,us-east-1,172.15627169536103,normal
2026-07-27,dev,AWSLambda,us-east-1,142.66838829633326,normal
2026-07-28,dev,AWSLambda,us-east-1,176.64465457778363,normal
2026-07-29,dev,AWSLambda,us-east-1,154.7242171955147,normal
2026-07-30,dev,AWSLambda,us-east-1,183.7968161694395,normal
2026-07-31,dev,AWSLambda,us-east-1,147.51717604755623,normal
2026-08-01,dev,AWSLambda,us-east-1,142.98898547316378,normal
2026-08-02,dev,AWSLambda,us-east-1,149.73674686010224,normal
2026-08-03,dev,AWSLambda,us-east-1,159.2795649222122,normal
2026-08-04,dev,AWSLambda,us-east-1,181.16630876368103,normal
2026-08-05,dev,AWSLambda,us-east-1,178.58535395997112,normal
2026-08-06,dev,AWSLambda,us-east-1,173.20384108351078,normal
2026-08-07,dev,AWSLambda,us-east-1,181.69457100654668,normal
2026-08-08,dev,AWSLambda,us-east-1,165.39743199904865,normal
2026-08-09,dev,AWSLambda,us-east-1,184.81519349044464,normal
2026-08-10,dev,AWSLambda,us-east-1,140.8845456745012,normal
2026-08-11,dev,AWSLambda,us-east-1,143.73580975011265,normal
2026-08-12,dev,AWSLambda,us-east-1,158.98232568097578,normal
2026-08-13,dev,AWSLambda,us-east-1,184.81466090555259,normal
2026-08-14,dev,AWSLambda,us-east-1,179.33021232275325,normal
2026-08-15,dev,AWSLambda,us-east-1,139.95759550902972,normal
2026-08-16,dev,AWSLambda,us-east-1,144.94917435819923,normal
2026-08-17,dev,AWSLambda,us-east-1,149.92525741086052,normal
2026-08-18,dev,AWSLambda,us-east-1,146.59871110386317,normal
2026-08-19,dev,AWSLambda,us-east-1,153.1007305470521,normal
2026-08-20,dev,AWSLambda,us-east-1,173.26792653811708,normal
2026-08-21,dev,AWSLambda,us-east-1,185.43811712324722,normal
2026-08-22,dev,AWSLambda,us-east-1,173.3538092066691,normal
2026-08-23,dev,AWSLambda,us-east-1,176.20514270257758,normal
2026-08-24,dev,AWSLambda,us-east-1,165.46021079777344,normal
2026-08-25,dev,AWSLambda,us-east-1,142.55195410192854,normal
2026-08-26,dev,AWSLambda,us-east-1,178.38257618766275,normal
2026-08-27,dev,AWSLambda,us-east-1,175.19828861158197,normal
2026-08-28,dev,AWSLambda,us-east-1,150.11396411084698,normal
2026-08-29,dev,AWSLambda,us-east-1,157.3027345277755,normal
2026-08-30,dev,AWSLambda,us-east-1,166.3299544017638,normal
2026-08-31,dev,AWSLambda,us-east-1,170.3027384507281,normal
2026-09-01,dev,AWSLambda,us-east-1,140.72572675063523,normal
2026-09-02,dev,AWSLambda,us-east-1,152.86815534563243,normal
2026-09-03,dev,AWSLambda,us-east-1,167.35808998081947,normal
2026-09-04,dev,AWSLambda,us-east-1,141.6179099780539,normal
2026-09-05,dev,AWSLambda,us-east-1,172.74442504905224,normal
2026-09-06,dev,AWSLambda,us-east-1,184.87050310547542,normal
2026-09-07,dev,AWSLambda,us-east-1,155.6067274165804,normal
2026-09-08,dev,AWSLambda,us-east-1,163.5480901006484,normal
2026-09-09,dev,AWSLambda,us-east-1,145.86193727746425,normal
2026-09-10,dev,AWSLambda,us-east-1,141.85324987405951,normal
2026-09-11,dev,AWSLambda,us-east-1,184.43945982975293,normal
2026-09-12,dev,AWSLambda,us-east-1,145.6687234852122,normal
2026-09-13,dev,AWSLambda,us-east-1,152.04073609746334,normal
2026-09-14,dev,AWSLambda,us-east-1,142.31240387841174,normal
2026-09-15,dev,AWSLambda,us-east-1,153.12792729175345,normal
2026-09-16,dev,AWSLambda,us-east-1,145.95776249062996,normal
2026-09-17,dev,AWSLambda,us-east-1,151.36549370997838,normal
2026-09-18,dev,AWSLambda,us-east-1,178.3926854021434,normal
2026-09-19,dev,AWSLambda,us-east-1,167.52605260258392,normal
2026-09-20,dev,AWSLambda,us-east-1,140.30725093570723,normal
2026-09-21,dev,AWSLambda,us-east-1,182.20129684725464,normal
2026-09-22,dev,AWSLambda,us-east-1,176.4876554622039,normal
2026-09-23,dev,AWSLambda,us-east-1,173.2803548376642,normal
2026-09-24,dev,AWSLambda,us-east-1,166.80723472290595,normal
2026-09-25,dev,AWSLambda,us-east-1,151.6676192652521,normal
2026-09-26,dev,AWSLambda,us-east-1,177.38591331090063,normal
2026-07-22,dev,AmazonCloudWatch,us-east-1,0.0,normal
2026-07-23,dev,AmazonCloudWatch,us-east-1,0.0,normal
2026-07-24,dev,AmazonCloudWatch,us-east-1,0.0,normal
2026-07-25,dev,AmazonCloudWatch,us-east-1,0.0,normal
2026-07-26,dev,AmazonCloudWatch,us-east-1,0.0,normal
2026-07-27,dev,AmazonCloudWatch,us-east-1,0.0,normal
2026-07-28,dev,AmazonCloudWatch,us-east-1,0.0,normal
2026-07-29,dev,AmazonCloudWatch,us-east-1,0.0,normal
2026-07-30,dev,AmazonCloudWatch,us-east-1,0.0,normal
2026-07-31,dev,AmazonCloudWatch,us-east-1,0.0,normal
2026-08-01,dev,AmazonCloudWatch,us-east-1,0.0,normal
2026-08-02,dev,AmazonCloudWatch,us-east-1,0.0,normal
2026-08-03,dev,AmazonCloudWatch,us-east-1,0.0,normal
2026-08-04,dev,AmazonCloudWatch,us-east-1,0.0,normal
2026-08-05,dev,AmazonCloudWatch,us-east-1,0.0,normal
2026-08-06,dev,AmazonCloudWatch,us-east-1,0.0,normal
2026-08-07,dev,AmazonCloudWatch,us-east-1,0.0,normal
2026-08-08,dev,AmazonCloudWatch,us-east-1,0.0,normal
2026-08-09,dev,AmazonCloudWatch,us-east-1,0.0,normal
2026-08-10,dev,AmazonCloudWatch,us-east-1,0.0,normal
2026-08-11,dev,AmazonCloudWatch,us-east-1,0.0,normal
2026-08-12,dev,AmazonCloudWatch,us-east-1,0.0,normal
2026-08-13,dev,AmazonCloudWatch,us-east-1,0.0,normal
2026-08-14,dev,AmazonCloudWatch,us-east-1,0.0,normal
2026-08-15,dev,AmazonCloudWatch,us-east-1,0.0,normal
2026-08-16,dev,AmazonCloudWatch,us-east-1,0.0,normal
2026-08-17,dev,AmazonCloudWatch,us-east-1,0.0,normal
2026-08-18,dev,AmazonCloudWatch,us-east-1,0.0,normal
2026-08-19,dev,AmazonCloudWatch,us-east-1,0.0,normal
2026-08-20,dev,AmazonCloudWatch,us-east-1,0.0,normal
2026-08-21,dev,AmazonCloudWatch,us-east-1,0.0,normal
2026-08-22,dev,AmazonCloudWatch,us-east-1,0.0,normal
2026-08-23,dev,AmazonCloudWatch,us-east-1,0.0,normal
2026-08-24,dev,AmazonCloudWatch,us-east-1,0.0,normal
2026-08-25,dev,AmazonCloudWatch,us-east-1,0.0,normal
2026-08-26,dev,AmazonCloudWatch,us-east-1,0.0,normal
2026-08-27,dev,AmazonCloudWatch,us-east-1,0.0,normal
2026-08-28,dev,AmazonCloudWatch,us-east-1,0.0,normal
2026-08-29,dev,AmazonCloudWatch,us-east-1,0.0,normal
2026-08-30,dev,AmazonCloudWatch,us-east-1,0.0,normal
2026-08-31,dev,AmazonCloudWatch,us-east-1,0.0,normal
2026-09-01,dev,AmazonCloudWatch,us-east-1,0.0,normal
2026-09-02,dev,AmazonCloudWatch,us-east-1,0.0,normal
2026-09-03,dev,AmazonCloudWatch,us-east-1,0.0,normal
2026-09-04,dev,AmazonCloudWatch,us-east-1,0.0,normal
2026-09-05,dev,AmazonCloudWatch,us-east-1,0.0,normal
2026-09-06,dev,AmazonCloudWatch,us-east-1,0.0,normal
2026-09-07,dev,AmazonCloudWatch,us-east-1,0.0,normal
2026-09-08,dev,AmazonCloudWatch,us-east-1,0.0,normal
2026-09-09,dev,AmazonCloudWatch,us-east-1,0.0,normal
2026-09-10,dev,AmazonCloudWatch,us-east-1,0.0,normal
2026-09-11,dev,AmazonCloudWatch,us-east-1,0.0,normal
2026-09-12,dev,AmazonCloudWatch,us-east-1,0.0,normal
2026-09-13,dev,AmazonCloudWatch,us-east-1,0.0,normal
2026-09-14,dev,AmazonCloudWatch,us-east-1,0.0,normal
2026-09-15,dev,AmazonCloudWatch,us-east-1,0.0,normal
2026-09-16,dev,AmazonCloudWatch,us-east-1,0.0,normal
2026-09-17,dev,AmazonCloudWatch,us-east-1,0.0,normal
2026-09-18,dev,AmazonCloudWatch,us-east-1,0.0,normal
2026-09-19,dev,AmazonCloudWatch,us-east-1,0.0,normal
2026-09-20,dev,AmazonCloudWatch,us-east-1,0.0,normal
2026-09-21,dev,AmazonCloudWatch,us-east-1,0.0,normal
2026-09-22,dev,AmazonCloudWatch,us-east-1,0.0,normal
2026-09-23,dev,AmazonCloudWatch,us-east-1,0.0,normal
2026-09-24,dev,AmazonCloudWatch,us-east-1,0.0,normal
2026-09-25,dev,AmazonCloudWatch,us-east-1,0.0,normal
2026-09-26,dev,AmazonCloudWatch,us-east-1,0.0,normal
2026-07-22,dev,AmazonEC2,us-east-1,85.7611433323465,normal
2026-07-23,dev,AmazonEC2,us-east-1,83.2889637499646,normal
2026-07-24,dev,AmazonEC2,us-east-1,115.62462186594462,normal
2026-07-25,dev,AmazonEC2,us-east-1,169.93381144164871,normal
2026-07-26,dev,AmazonEC2,us-east-1,138.01245185550937,normal
2026-07-27,dev,AmazonEC2,us-east-1,79.6801936644379,normal
2026-07-28,dev,AmazonEC2,us-east-1,154.1266676775307,normal
2026-07-29,dev,AmazonEC2,us-east-1,116.83289776391408,normal
2026-07-30,dev,AmazonEC2,us-east-1,182.24774249947623,normal
2026-07-31,dev,AmazonEC2,us-east-1,81.90624925378664,normal
2026-08-01,dev,AmazonEC2,us-east-1,79.82737831636105,normal
2026-08-02,dev,AmazonEC2,us-east-1,82.92524374616822,normal
2026-08-03,dev,AmazonEC2,us-east-1,91.78243149962394,normal
2026-08-04,dev,AmazonEC2,us-east-1,176.32896538299724,normal
2026-08-05,dev,AmazonEC2,us-east-1,170.5216841727548,normal
2026-08-06,dev,AmazonEC2,us-east-1,141.7734409804114,normal
2026-08-07,dev,AmazonEC2,us-east-1,177.51758263141417,normal
2026-08-08,dev,AmazonEC2,us-east-1,113.74683004339761,normal
2026-08-09,dev,AmazonEC2,us-east-1,184.53914391135265,normal
2026-08-10,dev,AmazonEC2,us-east-1,78.86123992948708,normal
2026-08-11,dev,AmazonEC2,us-east-1,80.17024181983037,normal
2026-08-12,dev,AmazonEC2,us-east-1,90.71528161300996,normal
2026-08-13,dev,AmazonEC2,us-east-1,184.53794556792099,normal
2026-08-14,dev,AmazonEC2,us-east-1,163.76837121276557,normal
2026-08-15,dev,AmazonEC2,us-east-1,83.60723858715566,normal
2026-08-16,dev,AmazonEC2,us-east-1,94.8385480306835,normal
2026-08-17,dev,AmazonEC2,us-east-1,106.03499113413805,normal
2026-08-18,dev,AmazonEC2,us-east-1,81.48458632968503,normal
2026-08-19,dev,AmazonEC2,us-east-1,84.46963279205377,normal
2026-08-20,dev,AmazonEC2,us-east-1,142.00352091646639,normal
2026-08-21,dev,AmazonEC2,us-east-1,185.94075416155565,normal
2026-08-22,dev,AmazonEC2,us-east-1,142.31185732462762,normal
2026-08-23,dev,AmazonEC2,us-east-1,152.54872983244454,normal
2026-08-24,dev,AmazonEC2,us-east-1,113.97221881663714,normal
2026-08-25,dev,AmazonEC2,us-east-1,89.44467901327859,normal
2026-08-26,dev,AmazonEC2,us-east-1,170.06542374336308,normal
2026-08-27,dev,AmazonEC2,us-east-1,162.9006127276872,normal
2026-08-28,dev,AmazonEC2,us-east-1,83.09842240700098,normal
2026-08-29,dev,AmazonEC2,us-east-1,86.39875300264573,normal
2026-08-30,dev,AmazonEC2,us-east-1,117.09477687633603,normal
2026-08-31,dev,AmazonEC2,us-east-1,131.35788705572887,normal
2026-09-01,dev,AmazonEC2,us-east-1,78.78832691054187,normal
2026-09-02,dev,AmazonEC2,us-east-1,112.65666302691841,normal
2026-09-03,dev,AmazonEC2,us-east-1,120.78599463765576,normal
2026-09-04,dev,AmazonEC2,us-east-1,87.34303163754082,normal
2026-09-05,dev,AmazonEC2,us-east-1,157.3792933544483,normal
2026-09-06,dev,AmazonEC2,us-east-1,183.65915230881882,normal
2026-09-07,dev,AmazonEC2,us-east-1,85.62012413638966,normal
2026-09-08,dev,AmazonEC2,us-east-1,107.10731303689765,normal
2026-09-09,dev,AmazonEC2,us-east-1,81.14633694066454,normal
2026-09-10,dev,AmazonEC2,us-east-1,79.30596745902444,normal
2026-09-11,dev,AmazonEC2,us-east-1,183.69372382702798,normal
2026-09-12,dev,AmazonEC2,us-east-1,96.45757061842602,normal
2026-09-13,dev,AmazonEC2,us-east-1,83.98299433925892,normal
2026-09-14,dev,AmazonEC2,us-east-1,79.51676289701867,normal
2026-09-15,dev,AmazonEC2,us-east-1,113.24116328220691,normal
2026-09-16,dev,AmazonEC2,us-east-1,81.19032984411021,normal
2026-09-17,dev,AmazonEC2,us-east-1,109.27559696968154,normal
2026-09-18,dev,AmazonEC2,us-east-1,170.08816999650145,normal
2026-09-19,dev,AmazonEC2,us-east-1,145.63768663864604,normal
2026-09-20,dev,AmazonEC2,us-east-1,78.59620663747098,normal
2026-09-21,dev,AmazonEC2,us-east-1,178.65774186599583,normal
2026-09-22,dev,AmazonEC2,us-east-1,153.56300862735785,normal
2026-09-23,dev,AmazonEC2,us-east-1,158.58516297562173,normal
2026-09-24,dev,AmazonEC2,us-east-1,118.80831119458847,normal
2026-09-25,dev,AmazonEC2,us-east-1,83.81169816123703,normal
2026-09-26,dev,AmazonEC2,us-east-1,156.7879386783145,normal
2026-07-22,dev,AmazonRDS,us-east-1,62.77879457654015,normal
2026-07-23,dev,AmazonRDS,us-east-1,61.07884719075133,normal
2026-07-24,dev,AmazonRDS,us-east-1,62.91533846032776,normal
2026-07-25,dev,AmazonRDS,us-east-1,72.32818237137053,normal
2026-07-26,dev,AmazonRDS,us-east-1,68.90231930645888,normal
2026-07-27,dev,AmazonRDS,us-east-1,58.5973449097183,normal
2026-07-28,dev,AmazonRDS,us-east-1,70.63172862737792,normal
2026-07-29,dev,AmazonRDS,us-east-1,63.106246937066615,normal
2026-07-30,dev,AmazonRDS,us-east-1,73.44184031070084,normal
2026-07-31,dev,AmazonRDS,us-east-1,60.12804980134595,normal
2026-08-01,dev,AmazonRDS,us-east-1,58.698553643116185,normal
2026-08-02,dev,AmazonRDS,us-east-1,60.828742030908124,normal
2026-08-03,dev,AmazonRDS,us-east-1,63.94082263837489,normal
2026-08-04,dev,AmazonRDS,us-east-1,72.50666919178445,normal
2026-08-05,dev,AmazonRDS,us-east-1,71.58911450770549,normal
2026-08-06,dev,AmazonRDS,us-east-1,69.30595605306321,normal
2026-08-07,dev,AmazonRDS,us-east-1,72.69447158749733,normal
2026-08-08,dev,AmazonRDS,us-east-1,66.2980850698531,normal
2026-08-09,dev,AmazonRDS,us-east-1,73.80388341184499,normal
2026-08-10,dev,AmazonRDS,us-east-1,58.03420691168084,normal
2026-08-11,dev,AmazonRDS,us-east-1,58.93431722621459,normal
2026-08-12,dev,AmazonRDS,us-east-1,63.82629401463598,normal
2026-08-13,dev,AmazonRDS,us-east-1,73.80369407270521,normal
2026-08-14,dev,AmazonRDS,us-east-1,71.66649520538206,normal
2026-08-15,dev,AmazonRDS,us-east-1,57.856568454909436,normal
2026-08-16,dev,AmazonRDS,us-east-1,59.63112357203952,normal
2026-08-17,dev,AmazonRDS,us-east-1,61.400169781904275,normal
2026-08-18,dev,AmazonRDS,us-east-1,59.83810129169117,normal
2026-08-19,dev,AmazonRDS,us-east-1,61.89071185700971,normal
2026-08-20,dev,AmazonRDS,us-east-1,69.33064868411425,normal
2026-08-21,dev,AmazonRDS,us-east-1,74.02533885782178,normal
2026-08-22,dev,AmazonRDS,us-east-1,69.36373995359594,normal
2026-08-23,dev,AmazonRDS,us-east-1,70.4623812357789,normal
2026-08-24,dev,AmazonRDS,us-east-1,66.32227423608845,normal
2026-08-25,dev,AmazonRDS,us-east-1,58.77888831718408,normal
2026-08-26,dev,AmazonRDS,us-east-1,71.51702502572728,normal
2026-08-27,dev,AmazonRDS,us-east-1,70.38497963822667,normal
2026-08-28,dev,AmazonRDS,us-east-1,60.94782505135497,normal
2026-08-29,dev,AmazonRDS,us-east-1,63.21723476911488,normal
2026-08-30,dev,AmazonRDS,us-east-1,66.657393305685,normal
2026-08-31,dev,AmazonRDS,us-east-1,68.18813832995285,normal
2026-09-01,dev,AmazonRDS,us-east-1,57.98406965756338,normal
2026-09-02,dev,AmazonRDS,us-east-1,62.44639879022896,normal
2026-09-03,dev,AmazonRDS,us-east-1,67.05354205238633,normal
2026-09-04,dev,AmazonRDS,us-east-1,58.44682649271287,normal
2026-09-05,dev,AmazonRDS,us-east-1,69.51260713381342,normal
2026-09-06,dev,AmazonRDS,us-east-1,73.80121293585117,normal
2026-09-07,dev,AmazonRDS,us-east-1,62.681825401961866,normal
2026-09-08,dev,AmazonRDS,us-east-1,65.58551905210436,normal
2026-09-09,dev,AmazonRDS,us-east-1,59.60551051685108,normal
2026-09-10,dev,AmazonRDS,us-east-1,58.340015359664605,normal
2026-09-11,dev,AmazonRDS,us-east-1,73.67030641939311,normal
2026-09-12,dev,AmazonRDS,us-east-1,59.88693032656566,normal
2026-09-13,dev,AmazonRDS,us-east-1,61.55608415781327,normal
2026-09-14,dev,AmazonRDS,us-east-1,58.484964843232966,normal
2026-09-15,dev,AmazonRDS,us-east-1,62.538750258613064,normal
2026-09-16,dev,AmazonRDS,us-east-1,59.6357614022393,normal
2026-09-17,dev,AmazonRDS,us-east-1,61.91218787712105,normal
2026-09-18,dev,AmazonRDS,us-east-1,71.52061895038095,normal
2026-09-19,dev,AmazonRDS,us-east-1,67.65742467395671,normal
2026-09-20,dev,AmazonRDS,us-east-1,57.8519617968354,normal
2026-09-21,dev,AmazonRDS,us-east-1,72.87461758153688,normal
2026-09-22,dev,AmazonRDS,us-east-1,70.57123563001734,normal
2026-09-23,dev,AmazonRDS,us-east-1,69.70313541705632,normal
2026-09-24,dev,AmazonRDS,us-east-1,66.84129317735302,normal
2026-09-25,dev,AmazonRDS,us-east-1,61.438295590955434,normal
2026-09-26,dev,AmazonRDS,us-east-1,70.91734146296857,normal
2026-07-22,ml-research,AmazonEC2,us-east-1,104.42654231544778,normal
2026-07-23,ml-research,AmazonEC2,us-east-1,101.63562259823047,normal
2026-07-24,ml-research,AmazonEC2,us-east-1,148.78284513585828,normal
2026-07-25,ml-research,AmazonEC2,us-east-1,224.6670235223765,normal
2026-07-26,ml-research,AmazonEC2,us-east-1,178.96536988821873,normal
2026-07-27,ml-research,AmazonEC2,us-east-1,97.56157083501007,normal
2026-07-28,ml-research,AmazonEC2,us-east-1,202.0360134833574,normal
2026-07-29,ml-research,AmazonEC2,us-east-1,150.4807802612454,normal
2026-07-30,ml-research,AmazonEC2,us-east-1,242.4052842465635,normal
2026-07-31,ml-research,AmazonEC2,us-east-1,100.07463359153901,normal
2026-08-01,ml-research,AmazonEC2,us-east-1,97.72773212444532,normal
2026-08-02,ml-research,AmazonEC2,us-east-1,101.22500787696349,normal
2026-08-03,ml-research,AmazonEC2,us-east-1,112.77807695342348,normal
2026-08-04,ml-research,AmazonEC2,us-east-1,234.087896154741,normal
2026-08-05,ml-research,AmazonEC2,us-east-1,225.92718818527632,normal
2026-08-06,ml-research,AmazonEC2,us-east-1,184.34995953404135,normal
2026-08-07,ml-research,AmazonEC2,us-east-1,235.75820587466487,normal
2026-08-08,ml-research,AmazonEC2,us-east-1,144.22439839914318,normal
2026-08-09,ml-research,AmazonEC2,us-east-1,245.62528635876734,normal
2026-08-10,ml-research,AmazonEC2,us-east-1,96.63702872542723,normal
2026-08-11,ml-research,AmazonEC2,us-east-1,98.1148012997456,normal
2026-08-12,ml-research,AmazonEC2,us-east-1,111.25024370552701,normal
2026-08-13,ml-research,AmazonEC2,us-east-1,245.6236023812848,normal
2026-08-14,ml-research,AmazonEC2,us-east-1,215.83999304824633,normal
2026-08-15,ml-research,AmazonEC2,us-east-1,103.79027366820088,normal
2026-08-16,ml-research,AmazonEC2,us-east-1,119.57312164216609,normal
2026-08-17,ml-research,AmazonEC2,us-east-1,135.30697353534907,normal
2026-08-18,ml-research,AmazonEC2,us-east-1,99.59860532187712,normal
2026-08-19,ml-research,AmazonEC2,us-east-1,102.96851626524308,normal
2026-08-20,ml-research,AmazonEC2,us-east-1,184.67936384770724,normal
2026-08-21,ml-research,AmazonEC2,us-east-1,247.59490544983896,normal
2026-08-22,ml-research,AmazonEC2,us-east-1,185.1208075678771,normal
2026-08-23,ml-research,AmazonEC2,us-east-1,199.77688762570847,normal
2026-08-24,ml-research,AmazonEC2,us-east-1,144.54708639806205,normal
2026-08-25,ml-research,AmazonEC2,us-east-1,111.99336301106183,normal
2026-08-26,ml-research,AmazonEC2,us-east-1,225.28602617030086,normal
2026-08-27,ml-research,AmazonEC2,us-east-1,215.21764335250145,normal
2026-08-28,ml-research,AmazonEC2,us-east-1,101.42051460413003,normal
2026-08-29,ml-research,AmazonEC2,us-east-1,105.14635952185478,normal
2026-08-30,ml-research,AmazonEC2,us-east-1,149.01763742555872,normal
2026-08-31,ml-research,AmazonEC2,us-east-1,169.43806216985695,normal
2026-09-01,ml-research,AmazonEC2,us-east-1,96.554714971335,normal
2026-09-02,ml-research,AmazonEC2,us-east-1,144.61210766442917,normal
2026-09-03,ml-research,AmazonEC2,us-east-1,154.302335753049,normal
2026-09-04,ml-research,AmazonEC2,us-east-1,109.04001360929047,normal
2026-09-05,ml-research,AmazonEC2,us-east-1,207.4587845371783,normal
2026-09-06,ml-research,AmazonEC2,us-east-1,244.31752658536408,normal
2026-09-07,ml-research,AmazonEC2,us-east-1,104.26734139925752,normal
2026-09-08,ml-research,AmazonEC2,us-east-1,134.7186345324651,normal
2026-09-09,ml-research,AmazonEC2,us-east-1,99.21674516257411,normal
2026-09-10,ml-research,AmazonEC2,us-east-1,97.13909533896155,normal
2026-09-11,ml-research,AmazonEC2,us-east-1,244.4372559931075,normal
2026-09-12,ml-research,AmazonEC2,us-east-1,121.84826039577608,normal
2026-09-13,ml-research,AmazonEC2,us-east-1,102.41913511884891,normal
2026-09-14,ml-research,AmazonEC2,us-east-1,97.37706880512485,normal
2026-09-15,ml-research,AmazonEC2,us-east-1,145.43347926997055,normal
2026-09-16,ml-research,AmazonEC2,us-east-1,99.26641010703007,normal
2026-09-17,ml-research,AmazonEC2,us-east-1,139.8608494216021,normal
2026-09-18,ml-research,AmazonEC2,us-east-1,225.3179904445527,normal
2026-09-19,ml-research,AmazonEC2,us-east-1,190.9588390323925,normal
2026-09-20,ml-research,AmazonEC2,us-east-1,96.33782447437763,normal
2026-09-21,ml-research,AmazonEC2,us-east-1,237.3604197532865,normal
2026-09-22,ml-research,AmazonEC2,us-east-1,201.22902559146496,normal
2026-09-23,ml-research,AmazonEC2,us-east-1,209.1533382313044,normal
2026-09-24,ml-research,AmazonEC2,us-east-1,151.47089608741783,normal
2026-09-25,ml-research,AmazonEC2,us-east-1,102.22575358454117,normal
2026-09-26,ml-research,AmazonEC2,us-east-1,205.84614209571325,normal
2026-07-22,ml-research,AmazonS3,us-east-1,212.25990686332995,normal
2026-07-23,ml-research,AmazonS3,us-east-1,206.0017164110739,normal
2026-07-24,ml-research,AmazonS3,us-east-1,211.3237441976297,normal
2026-07-25,ml-research,AmazonS3,us-east-1,244.00600182552273,normal
2026-07-26,ml-research,AmazonS3,us-east-1,232.7006537113143,normal
2026-07-27,ml-research,AmazonS3,us-east-1,196.8663078612343,normal
2026-07-28,ml-research,AmazonS3,us-east-1,238.4077044703471,normal
2026-07-29,ml-research,AmazonS3,us-east-1,211.98141615747284,normal
2026-07-30,ml-research,AmazonS3,us-east-1,247.58711615725792,normal
2026-07-31,ml-research,AmazonS3,us-east-1,202.50144858269888,normal
2026-08-01,ml-research,AmazonS3,us-east-1,197.23889793921586,normal
2026-08-02,ml-research,AmazonS3,us-east-1,205.0809786656145,normal
2026-08-03,ml-research,AmazonS3,us-east-1,216.32771470663712,normal
2026-08-04,ml-research,AmazonS3,us-east-1,244.36548957957723,normal
2026-08-05,ml-research,AmazonS3,us-east-1,241.20455090545587,normal
2026-08-06,ml-research,AmazonS3,us-east-1,234.03265497510858,normal
2026-08-07,ml-research,AmazonS3,us-east-1,245.01246121625675,normal
2026-08-08,ml-research,AmazonS3,us-east-1,224.10668073051522,normal
2026-08-09,ml-research,AmazonS3,us-east-1,248.83433995760737,normal
2026-08-10,ml-research,AmazonS3,us-east-1,194.7931702617519,normal
2026-08-11,ml-research,AmazonS3,us-east-1,198.10683856906743,normal
2026-08-12,ml-research,AmazonS3,us-east-1,215.9497702482987,normal
2026-08-13,ml-research,AmazonS3,us-east-1,248.83368769194968,normal
2026-08-14,ml-research,AmazonS3,us-east-1,241.8224341777608,normal
2026-08-15,ml-research,AmazonS3,us-east-1,193.89648669344817,normal
2026-08-16,ml-research,AmazonS3,us-east-1,200.00975710275029,normal
2026-08-17,ml-research,AmazonS3,us-east-1,206.10404954994368,normal
2026-08-18,ml-research,AmazonS3,us-east-1,201.4340314320643,normal
2026-08-19,ml-research,AmazonS3,us-east-1,208.99051697359522,normal
2026-08-20,ml-research,AmazonS3,us-east-1,234.114140657577,normal
2026-08-21,ml-research,AmazonS3,us-east-1,249.5972449876062,normal
2026-08-22,ml-research,AmazonS3,us-east-1,234.22334184686662,normal
2026-08-23,ml-research,AmazonS3,us-east-1,237.84885807807038,normal
2026-08-24,ml-research,AmazonS3,us-east-1,224.18650497909184,normal
2026-08-25,ml-research,AmazonS3,us-east-1,197.07384121319615,normal
2026-08-26,ml-research,AmazonS3,us-east-1,240.9562055637163,normal
2026-08-27,ml-research,AmazonS3,us-east-1,237.05635511523508,normal
2026-08-28,ml-research,AmazonS3,us-east-1,205.5193711875339,normal
2026-08-29,ml-research,AmazonS3,us-east-1,213.8739816576409,normal
2026-08-30,ml-research,AmazonS3,us-east-1,225.29239790876053,normal
2026-08-31,ml-research,AmazonS3,us-east-1,230.34385648884438,normal
2026-09-01,ml-research,AmazonS3,us-east-1,194.6085948521579,normal
2026-09-02,ml-research,AmazonS3,us-east-1,209.70826605255007,normal
2026-09-03,ml-research,AmazonS3,us-east-1,226.59968877287486,normal
2026-09-04,ml-research,AmazonS3,us-east-1,195.9299016950584,normal
2026-09-05,ml-research,AmazonS3,us-east-1,234.0510672176446,normal
2026-09-06,ml-research,AmazonS3,us-east-1,248.86700268830884,normal
2026-09-07,ml-research,AmazonS3,us-east-1,211.9029243075273,normal
2026-09-08,ml-research,AmazonS3,us-east-1,221.7552128719444,normal
2026-09-09,ml-research,AmazonS3,us-east-1,200.57777118627342,normal
2026-09-10,ml-research,AmazonS3,us-east-1,195.91897422803356,normal
2026-09-11,ml-research,AmazonS3,us-east-1,248.37417263598576,normal
2026-09-12,ml-research,AmazonS3,us-east-1,200.89100099754313,normal
2026-09-13,ml-research,AmazonS3,us-east-1,207.7586177456083,normal
2026-09-14,ml-research,AmazonS3,us-east-1,196.45259161037745,normal
2026-09-15,ml-research,AmazonS3,us-east-1,210.02641311570875,normal
2026-09-16,ml-research,AmazonS3,us-east-1,200.68913686952425,normal
2026-09-17,ml-research,AmazonS3,us-east-1,207.86793112245758,normal
2026-09-18,ml-research,AmazonS3,us-east-1,240.9685864883923,normal
2026-09-19,ml-research,AmazonS3,us-east-1,227.66003888258783,normal
2026-09-20,ml-research,AmazonS3,us-east-1,194.12225265145958,normal
2026-09-21,ml-research,AmazonS3,us-east-1,245.63305685968612,normal
2026-09-22,ml-research,AmazonS3,us-east-1,238.2080775790572,normal
2026-09-23,ml-research,AmazonS3,us-east-1,234.70742942631333,normal
2026-09-24,ml-research,AmazonS3,us-east-1,225.89926748526497,normal
2026-09-25,ml-research,AmazonS3,us-east-1,207.32499062828867,normal
2026-09-26,ml-research,AmazonS3,us-east-1,239.35022682779623,normal
2026-07-22,ml-research,AmazonSageMaker,us-east-1,42.99519525447263,normal
2026-07-23,ml-research,AmazonSageMaker,us-east-1,41.50774129190742,normal
2026-07-24,ml-research,AmazonSageMaker,us-east-1,42.06313453877013,normal
2026-07-25,ml-research,AmazonSageMaker,us-east-1,48.85949565694803,normal
2026-07-26,ml-research,AmazonSageMaker,us-east-1,46.816784782729684,normal
2026-07-27,ml-research,AmazonSageMaker,us-east-1,39.336426796003515,normal
2026-07-28,ml-research,AmazonSageMaker,us-east-1,47.84796529370758,normal
2026-07-29,ml-research,AmazonSageMaker,us-east-1,42.19719078083704,normal
2026-07-30,ml-research,AmazonSageMaker,us-east-1,49.45486121469838,normal
2026-07-31,ml-research,AmazonSageMaker,us-east-1,40.67579357617771,normal
2026-08-01,ml-research,AmazonSageMaker,us-east-1,39.424984437726664,normal
2026-08-02,ml-research,AmazonSageMaker,us-east-1,41.28889927704461,normal
2026-08-03,ml-research,AmazonSageMaker,us-east-1,43.85843443297493,normal
2026-08-04,ml-research,AmazonSageMaker,us-east-1,48.79818253791584,normal
2026-08-05,ml-research,AmazonSageMaker,us-east-1,48.153874150254374,normal
2026-08-06,ml-research,AmazonSageMaker,us-east-1,47.05745790827507,normal
2026-08-07,ml-research,AmazonSageMaker,us-east-1,48.93005768484749,normal
2026-08-08,ml-research,AmazonSageMaker,us-east-1,45.263979695856335,normal
2026-08-09,ml-research,AmazonSageMaker,us-east-1,49.70908846764549,normal
2026-08-10,ml-research,AmazonSageMaker,us-east-1,38.843681047720736,normal
2026-08-11,ml-research,AmazonSageMaker,us-east-1,39.63127757293776,normal
2026-08-12,ml-research,AmazonSageMaker,us-east-1,43.790145403119396,normal
2026-08-13,ml-research,AmazonSageMaker,us-east-1,49.70895551339438,normal
2026-08-14,ml-research,AmazonSageMaker,us-east-1,48.46495695423715,normal
2026-08-15,ml-research,AmazonSageMaker,us-east-1,38.510858034386,normal
2026-08-16,ml-research,AmazonSageMaker,us-east-1,39.756953516403186,normal
2026-08-17,ml-research,AmazonSageMaker,us-east-1,40.99918063480184,normal
2026-08-18,ml-research,AmazonSageMaker,us-east-1,40.42208863022977,normal
2026-08-19,ml-research,AmazonSageMaker,us-east-1,42.2181228748835,normal
2026-08-20,ml-research,AmazonSageMaker,us-east-1,47.07218117800457,normal
2026-08-21,ml-research,AmazonSageMaker,us-east-1,49.86459484106604,normal
2026-08-22,ml-research,AmazonSageMaker,us-east-1,47.09191223401328,normal
2026-08-23,ml-research,AmazonSageMaker,us-east-1,47.74698993310929,normal
2026-08-24,ml-research,AmazonSageMaker,us-east-1,45.27840276880787,normal
2026-08-25,ml-research,AmazonSageMaker,us-east-1,39.15851253790677,normal
2026-08-26,ml-research,AmazonSageMaker,us-east-1,48.10325279906225,normal
2026-08-27,ml-research,AmazonSageMaker,us-east-1,47.30832869150099,normal
2026-08-28,ml-research,AmazonSageMaker,us-east-1,41.393096919935594,normal
2026-08-29,ml-research,AmazonSageMaker,us-east-1,43.378830422975525,normal
2026-08-30,ml-research,AmazonSageMaker,us-east-1,45.47822142899723,normal
2026-08-31,ml-research,AmazonSageMaker,us-east-1,46.39094603225226,normal
2026-09-01,ml-research,AmazonSageMaker,us-east-1,38.79981095036796,normal
2026-09-02,ml-research,AmazonSageMaker,us-east-1,41.73384434169032,normal
2026-09-03,ml-research,AmazonSageMaker,us-east-1,45.71442974712381,normal
2026-09-04,ml-research,AmazonSageMaker,us-east-1,38.92533818607648,normal
2026-09-05,ml-research,AmazonSageMaker,us-east-1,46.69574730369749,normal
2026-09-06,ml-research,AmazonSageMaker,us-east-1,49.7378073393206,normal
2026-09-07,ml-research,AmazonSageMaker,us-east-1,42.91034722671663,normal
2026-09-08,ml-research,AmazonSageMaker,us-east-1,44.839103883404285,normal
2026-09-09,ml-research,AmazonSageMaker,us-east-1,40.2185717022447,normal
2026-09-10,ml-research,AmazonSageMaker,us-east-1,39.111263439706526,normal
2026-09-11,ml-research,AmazonSageMaker,us-east-1,49.615290486850775,normal
2026-09-12,ml-research,AmazonSageMaker,us-east-1,39.936581434413434,normal
2026-09-13,ml-research,AmazonSageMaker,us-east-1,41.92532363808661,normal
2026-09-14,ml-research,AmazonSageMaker,us-east-1,39.23809423782885,normal
2026-09-15,ml-research,AmazonSageMaker,us-east-1,41.798693692606626,normal
2026-09-16,ml-research,AmazonSageMaker,us-east-1,40.24504122695939,normal
2026-09-17,ml-research,AmazonSageMaker,us-east-1,41.358720571883374,normal
2026-09-18,ml-research,AmazonSageMaker,us-east-1,48.105776458784305,normal
2026-09-19,ml-research,AmazonSageMaker,us-east-1,45.39303517082012,normal
2026-09-20,ml-research,AmazonSageMaker,us-east-1,38.68421657223097,normal
2026-09-21,ml-research,AmazonSageMaker,us-east-1,49.056556494103525,normal
2026-09-22,ml-research,AmazonSageMaker,us-east-1,47.81189563733744,normal
2026-09-23,ml-research,AmazonSageMaker,us-east-1,46.829536573274765,normal
2026-09-24,ml-research,AmazonSageMaker,us-east-1,45.58787387584227,normal
2026-09-25,ml-research,AmazonSageMaker,us-east-1,41.822258642086005,normal
2026-09-26,ml-research,AmazonSageMaker,us-east-1,48.01826528352704,normal
2026-07-22,prod-core,AWSDataTransfer,us-east-1,536.6679909082028,normal
2026-07-23,prod-core,AWSDataTransfer,us-east-1,518.5283084378954,normal
2026-07-24,prod-core,AWSDataTransfer,us-east-1,536.4267500720965,normal
2026-07-25,prod-core,AWSDataTransfer,us-east-1,634.5432359002879,normal
2026-07-26,prod-core,AWSDataTransfer,us-east-1,599.5289943321816,normal
2026-07-27,prod-core,AWSDataTransfer,us-east-1,492.0488633658965,normal
2026-07-28,prod-core,AWSDataTransfer,us-east-1,617.2045273542102,normal
2026-07-29,prod-core,AWSDataTransfer,us-east-1,538.4106054827502,normal
2026-07-30,prod-core,AWSDataTransfer,us-east-1,645.814546820817,normal
2026-07-31,prod-core,AWSDataTransfer,us-east-1,508.382604587533,normal
2026-08-01,prod-core,AWSDataTransfer,us-east-1,493.12883460642274,normal
2026-08-02,prod-core,AWSDataTransfer,us-east-1,515.8595033785928,normal
2026-08-03,prod-core,AWSDataTransfer,us-east-1,548.8197162366989,normal
2026-08-04,prod-core,AWSDataTransfer,us-east-1,636.096569306979,normal
2026-08-05,prod-core,AWSDataTransfer,us-east-1,626.5616557417181,normal
2026-08-06,prod-core,AWSDataTransfer,us-east-1,603.6543882208405,normal
2026-08-07,prod-core,AWSDataTransfer,us-east-1,638.0481473889641,normal
2026-08-08,prod-core,AWSDataTransfer,us-east-1,572.912260115807,normal
2026-08-09,prod-core,AWSDataTransfer,us-east-1,649.576774550899,normal
2026-08-10,prod-core,AWSDataTransfer,us-east-1,486.03976887464313,normal
2026-08-11,prod-core,AWSDataTransfer,us-east-1,495.6446045480215,normal
2026-08-12,prod-core,AWSDataTransfer,us-east-1,547.649169480429,normal
2026-08-13,prod-core,AWSDataTransfer,us-east-1,649.5748070034997,normal
2026-08-14,prod-core,AWSDataTransfer,us-east-1,627.7804220243535,normal
2026-08-15,prod-core,AWSDataTransfer,us-east-1,483.8577472811446,normal
2026-08-16,prod-core,AWSDataTransfer,us-east-1,502.2983154044616,normal
2026-08-17,prod-core,AWSDataTransfer,us-east-1,520.6816368529751,normal
2026-08-18,prod-core,AWSDataTransfer,us-east-1,505.2886418320704,normal
2026-08-19,prod-core,AWSDataTransfer,us-east-1,527.1914984741891,normal
2026-08-20,prod-core,AWSDataTransfer,us-east-1,603.9067607565172,normal
2026-08-21,prod-core,AWSDataTransfer,us-east-1,651.8780635885812,normal
2026-08-22,prod-core,AWSDataTransfer,us-east-1,604.2449720864722,normal
2026-08-23,prod-core,AWSDataTransfer,us-east-1,615.4737020509141,normal
2026-08-24,prod-core,AWSDataTransfer,us-east-1,573.1594869587507,normal
2026-08-25,prod-core,AWSDataTransfer,us-east-1,493.4421789438086,normal
2026-08-26,prod-core,AWSDataTransfer,us-east-1,625.812526570941,normal
2026-08-27,prod-core,AWSDataTransfer,us-east-1,614.0486991837969,normal
2026-08-28,prod-core,AWSDataTransfer,us-east-1,517.130206340678,normal
2026-08-29,prod-core,AWSDataTransfer,us-east-1,541.3464685728723,normal
2026-08-30,prod-core,AWSDataTransfer,us-east-1,576.5845917672629,normal
2026-08-31,prod-core,AWSDataTransfer,us-east-1,592.229664276976,normal
2026-09-01,prod-core,AWSDataTransfer,us-east-1,485.5047676874142,normal
2026-09-02,prod-core,AWSDataTransfer,us-east-1,531.5536898618462,normal
2026-09-03,prod-core,AWSDataTransfer,us-east-1,580.6334540980345,normal
2026-09-04,prod-core,AWSDataTransfer,us-east-1,489.99150635764664,normal
2026-09-05,prod-core,AWSDataTransfer,us-east-1,604.9833033326057,normal
2026-09-06,prod-core,AWSDataTransfer,us-east-1,649.5984342677274,normal
2026-09-07,prod-core,AWSDataTransfer,us-east-1,535.633258862398,normal
2026-09-08,prod-core,AWSDataTransfer,us-east-1,565.6294358446853,normal
2026-09-09,prod-core,AWSDataTransfer,us-east-1,502.80672807615485,normal
2026-09-10,prod-core,AWSDataTransfer,us-east-1,489.30296877690887,normal
2026-09-11,prod-core,AWSDataTransfer,us-east-1,648.1886882608544,normal
2026-09-12,prod-core,AWSDataTransfer,us-east-1,504.9565714584483,normal
2026-09-13,prod-core,AWSDataTransfer,us-east-1,523.6207760742269,normal
2026-09-14,prod-core,AWSDataTransfer,us-east-1,490.849685827181,normal
2026-09-15,prod-core,AWSDataTransfer,us-east-1,532.5133746457034,normal
2026-09-16,prod-core,AWSDataTransfer,us-east-1,503.12952715804136,normal
2026-09-17,prod-core,AWSDataTransfer,us-east-1,526.0023532816009,normal
2026-09-18,prod-core,AWSDataTransfer,us-east-1,625.8498734032635,normal
2026-09-19,prod-core,AWSDataTransfer,us-east-1,585.7048835180112,normal
2026-09-20,prod-core,AWSDataTransfer,us-east-1,484.0950801491582,normal
2026-09-21,prod-core,AWSDataTransfer,us-east-1,639.9201627708258,normal
2026-09-22,prod-core,AWSDataTransfer,us-east-1,616.5862549998782,normal
2026-09-23,prod-core,AWSDataTransfer,us-east-1,606.9632079028517,normal
2026-09-24,prod-core,AWSDataTransfer,us-east-1,578.4641515771334,normal
2026-09-25,prod-core,AWSDataTransfer,us-east-1,522.3638858790977,normal
2026-09-26,prod-core,AWSDataTransfer,us-east-1,620.1236506906768,normal
2026-07-22,prod-core,AWSELB,us-east-1,32.693586903844846,normal
2026-07-23,prod-core,AWSELB,us-east-1,31.646668086987106,normal
2026-07-24,prod-core,AWSELB,us-east-1,32.0409380330938,normal
2026-07-25,prod-core,AWSELB,us-east-1,36.82904866085676,normal
2026-07-26,prod-core,AWSELB,us-east-1,35.388265128884576,normal
2026-07-27,prod-core,AWSELB,us-east-1,30.118425828546027,normal
2026-07-28,prod-core,AWSELB,us-east-1,36.1155868059066,normal
2026-07-29,prod-core,AWSELB,us-east-1,32.13539680431917,normal
2026-07-30,prod-core,AWSELB,us-east-1,37.24929989880563,normal
2026-07-31,prod-core,AWSELB,us-east-1,31.061116036194765,normal
2026-08-01,prod-core,AWSELB,us-east-1,30.18075559728497,normal
2026-08-02,prod-core,AWSELB,us-east-1,31.492639909278783,normal
2026-08-03,prod-core,AWSELB,us-east-1,33.30165438062495,normal
2026-08-04,prod-core,AWSELB,us-east-1,36.78659066615522,normal
2026-08-05,prod-core,AWSELB,us-east-1,36.332597792340955,normal
2026-08-06,prod-core,AWSELB,us-east-1,35.558018900820976,normal
2026-08-07,prod-core,AWSELB,us-east-1,36.87951259311861,normal
2026-08-08,prod-core,AWSELB,us-east-1,34.29302643124663,normal
2026-08-09,prod-core,AWSELB,us-east-1,37.42843362324196,normal
2026-08-10,prod-core,AWSELB,us-east-1,29.77161523219369,normal
2026-08-11,prod-core,AWSELB,us-east-1,30.325951462485815,normal
2026-08-12,prod-core,AWSELB,us-east-1,33.25348813699644,normal
2026-08-13,prod-core,AWSELB,us-east-1,37.42833994095611,normal
2026-08-14,prod-core,AWSELB,us-east-1,36.550769011609276,normal
2026-08-15,prod-core,AWSELB,us-east-1,29.53793132125878,normal
2026-08-16,prod-core,AWSELB,us-east-1,30.41595569555142,normal
2026-08-17,prod-core,AWSELB,us-east-1,31.291254341683807,normal
2026-08-18,prod-core,AWSELB,us-east-1,30.882550185736633,normal
2026-08-19,prod-core,AWSELB,us-east-1,32.14665791193891,normal
2026-08-20,prod-core,AWSELB,us-east-1,35.56840365219758,normal
2026-08-21,prod-core,AWSELB,us-east-1,37.53800659593267,normal
2026-08-22,prod-core,AWSELB,us-east-1,35.58232054123194,normal
2026-08-23,prod-core,AWSELB,us-east-1,36.04436594028085,normal
2026-08-24,prod-core,AWSELB,us-east-1,34.303199445083926,normal
2026-08-25,prod-core,AWSELB,us-east-1,29.9942819367759,normal
2026-08-26,prod-core,AWSELB,us-east-1,36.29692895247456,normal
2026-08-27,prod-core,AWSELB,us-east-1,35.736809160513076,normal
2026-08-28,prod-core,AWSELB,us-east-1,31.565977623090557,normal
2026-08-29,prod-core,AWSELB,us-east-1,32.96360190049148,normal
2026-08-30,prod-core,AWSELB,us-east-1,34.44413737154977,normal
2026-08-31,prod-core,AWSELB,us-east-1,35.08790864343811,normal
2026-09-01,prod-core,AWSELB,us-east-1,29.740738020816476,normal
2026-09-02,prod-core,AWSELB,us-east-1,31.80891342228015,normal
2026-09-03,prod-core,AWSELB,us-east-1,34.610741984648456,normal
2026-09-04,prod-core,AWSELB,us-east-1,29.82998251725191,normal
2026-09-05,prod-core,AWSELB,us-east-1,35.30517177999806,normal
2026-09-06,prod-core,AWSELB,us-east-1,37.448547496386006,normal
2026-09-07,prod-core,AWSELB,us-east-1,32.63386808291554,normal
2026-09-08,prod-core,AWSELB,us-east-1,33.99334913406258,normal
2026-09-09,prod-core,AWSELB,us-east-1,30.73930830610951,normal
2026-09-10,prod-core,AWSELB,us-east-1,29.959948483695886,normal
2026-09-11,prod-core,AWSELB,us-east-1,37.36234164667538,normal
2026-09-12,prod-core,AWSELB,us-east-1,30.5425252021362,normal
2026-09-13,prod-core,AWSELB,us-east-1,31.940576219141096,normal
2026-09-14,prod-core,AWSELB,us-east-1,30.04921615345445,normal
2026-09-15,prod-core,AWSELB,us-east-1,31.854607601886187,normal
2026-09-16,prod-core,AWSELB,us-east-1,30.757938424549813,normal
2026-09-17,prod-core,AWSELB,us-east-1,31.544593538274263,normal
2026-09-18,prod-core,AWSELB,us-east-1,36.29870717475396,normal
2026-09-19,prod-core,AWSELB,us-east-1,34.38725415501682,normal
2026-09-20,prod-core,AWSELB,us-east-1,29.6593789114657,normal
2026-09-21,prod-core,AWSELB,us-east-1,36.96864624254489,normal
2026-09-22,prod-core,AWSELB,us-east-1,36.09014582570823,normal
2026-09-23,prod-core,AWSELB,us-east-1,35.39944243694443,normal
2026-09-24,prod-core,AWSELB,us-east-1,34.521478439073704,normal
2026-09-25,prod-core,AWSELB,us-east-1,31.86803569930792,normal
2026-09-26,prod-core,AWSELB,us-east-1,36.23570435358491,normal
2026-07-22,prod-core,AmazonCloudWatch,us-east-1,370.3076314448142,normal
2026-07-23,prod-core,AmazonCloudWatch,us-east-1,357.22892038372254,normal
2026-07-24,prod-core,AmazonCloudWatch,us-east-1,363.90783849827335,normal
2026-07-25,prod-core,AmazonCloudWatch,us-east-1,426.1247083461834,normal
2026-07-26,prod-core,AmazonCloudWatch,us-east-1,406.5332540525438,normal
2026-07-27,prod-core,AmazonCloudWatch,us-east-1,338.1372404868114,normal
2026-07-28,prod-core,AmazonCloudWatch,us-east-1,416.42321258965,normal
2026-07-29,prod-core,AmazonCloudWatch,us-east-1,365.14288140167196,normal
2026-07-30,prod-core,AmazonCloudWatch,us-east-1,432.0068649532361,normal
2026-07-31,prod-core,AmazonCloudWatch,us-east-1,349.9138679076113,normal
2026-08-01,prod-core,AmazonCloudWatch,us-east-1,338.9158997512308,normal
2026-08-02,prod-core,AmazonCloudWatch,us-east-1,355.3047119359654,normal
2026-08-03,prod-core,AmazonCloudWatch,us-east-1,378.15998478898683,normal
2026-08-04,prod-core,AmazonCloudWatch,us-east-1,425.9569688270366,normal
2026-08-05,prod-core,AmazonCloudWatch,us-east-1,420.021038582294,normal
2026-08-06,prod-core,AmazonCloudWatch,us-east-1,408.8415281202746,normal
2026-08-07,prod-core,AmazonCloudWatch,us-east-1,427.171917581689,normal
2026-08-08,prod-core,AmazonCloudWatch,us-east-1,391.64044162844027,normal
2026-08-09,prod-core,AmazonCloudWatch,us-east-1,434.34902791231815,normal
2026-08-10,prod-core,AmazonCloudWatch,us-east-1,333.8046833586177,normal
2026-08-11,prod-core,AmazonCloudWatch,us-east-1,340.7297698791235,normal
2026-08-12,prod-core,AmazonCloudWatch,us-east-1,377.505030911736,normal
2026-08-13,prod-core,AmazonCloudWatch,us-east-1,434.3478030219156,normal
2026-08-14,prod-core,AmazonCloudWatch,us-east-1,422.34072351563816,normal
2026-08-15,prod-core,AmazonCloudWatch,us-east-1,331.1811722870908,normal
2026-08-16,prod-core,AmazonCloudWatch,us-east-1,342.66128957438775,normal
2026-08-17,prod-core,AmazonCloudWatch,us-east-1,354.1057681255754,normal
2026-08-18,prod-core,AmazonCloudWatch,us-east-1,347.68312076092275,normal
2026-08-19,prod-core,AmazonCloudWatch,us-east-1,363.47508039989026,normal
2026-08-20,prod-core,AmazonCloudWatch,us-east-1,408.98273766177107,normal
2026-08-21,prod-core,AmazonCloudWatch,us-east-1,435.7816881149698,normal
2026-08-22,prod-core,AmazonCloudWatch,us-east-1,409.1719764262183,normal
2026-08-23,prod-core,AmazonCloudWatch,us-east-1,415.45476708573,normal
2026-08-24,prod-core,AmazonCloudWatch,us-east-1,391.77877200993004,normal
2026-08-25,prod-core,AmazonCloudWatch,us-east-1,337.14792986655704,normal
2026-08-26,prod-core,AmazonCloudWatch,us-east-1,419.55467058938046,normal
2026-08-27,prod-core,AmazonCloudWatch,us-east-1,412.23113710338293,normal
2026-08-28,prod-core,AmazonCloudWatch,us-east-1,356.22088877162884,normal
2026-08-29,prod-core,AmazonCloudWatch,us-east-1,373.68081384104084,normal
2026-08-30,prod-core,AmazonCloudWatch,us-east-1,393.6952146144734,normal
2026-08-31,prod-core,AmazonCloudWatch,us-east-1,402.44907330932847,normal
2026-09-01,prod-core,AmazonCloudWatch,us-east-1,333.41894750262566,normal
2026-09-02,prod-core,AmazonCloudWatch,us-east-1,360.8741302964638,normal
2026-09-03,prod-core,AmazonCloudWatch,us-east-1,395.960667120142,normal
2026-09-04,prod-core,AmazonCloudWatch,us-east-1,334.9997245756848,normal
2026-09-05,prod-core,AmazonCloudWatch,us-east-1,406.58750362465855,normal
2026-09-06,prod-core,AmazonCloudWatch,us-east-1,434.5485158453021,normal
2026-09-07,prod-core,AmazonCloudWatch,us-east-1,369.5615896397889,normal
2026-09-08,prod-core,AmazonCloudWatch,us-east-1,387.5654963362865,normal
2026-09-09,prod-core,AmazonCloudWatch,us-east-1,345.8936609429077,normal
2026-09-10,prod-core,AmazonCloudWatch,us-east-1,336.1574504881513,normal
2026-09-11,prod-core,AmazonCloudWatch,us-east-1,433.48487918826385,normal
2026-09-12,prod-core,AmazonCloudWatch,us-east-1,344.3161784625911,normal
2026-09-13,prod-core,AmazonCloudWatch,us-east-1,360.9005895495176,normal
2026-09-14,prod-core,AmazonCloudWatch,us-east-1,337.2726334813975,normal
2026-09-15,prod-core,AmazonCloudWatch,us-east-1,361.4715790195096,normal
2026-09-16,prod-core,AmazonCloudWatch,us-east-1,346.1263990809478,normal
2026-09-17,prod-core,AmazonCloudWatch,us-east-1,357.41816328848995,normal
2026-09-18,prod-core,AmazonCloudWatch,us-east-1,419.57792074157226,normal
2026-09-19,prod-core,AmazonCloudWatch,us-east-1,394.58578442027846,normal
2026-09-20,prod-core,AmazonCloudWatch,us-east-1,332.4025627875431,normal
2026-09-21,prod-core,AmazonCloudWatch,us-east-1,428.3373348293399,normal
2026-09-22,prod-core,AmazonCloudWatch,us-east-1,416.0772717944636,normal
2026-09-23,prod-core,AmazonCloudWatch,us-east-1,407.82008694487297,normal
2026-09-24,prod-core,AmazonCloudWatch,us-east-1,394.74688126376,normal
2026-09-25,prod-core,AmazonCloudWatch,us-east-1,359.9943717188294,normal
2026-09-26,prod-core,AmazonCloudWatch,us-east-1,418.0565443101912,normal
2026-07-22,prod-core,AmazonEC2,us-east-1,583.5279333471789,normal
2026-07-23,prod-core,AmazonEC2,us-east-1,565.6940340956565,normal
2026-07-24,prod-core,AmazonEC2,us-east-1,577.9576253296314,normal
2026-07-25,prod-core,AmazonEC2,us-east-1,667.1174457281237,normal
2026-07-26,prod-core,AmazonEC2,us-east-1,637.5365589461436,normal
2026-07-27,prod-core,AmazonEC2,us-east-1,539.6609568120143,normal
2026-07-28,prod-core,AmazonEC2,us-east-1,652.4692811106024,normal
2026-07-29,prod-core,AmazonEC2,us-east-1,579.740728199566,normal
2026-07-30,prod-core,AmazonEC2,us-east-1,676.2761284176178,normal
2026-07-31,prod-core,AmazonEC2,us-east-1,555.7193578244861,normal
2026-08-01,prod-core,AmazonEC2,us-east-1,540.7227228230573,normal
2026-08-02,prod-core,AmazonEC2,us-east-1,563.0702174644965,normal
2026-08-03,prod-core,AmazonEC2,us-east-1,594.6961218279865,normal
2026-08-04,prod-core,AmazonEC2,us-east-1,667.5415434766843,normal
2026-08-05,prod-core,AmazonEC2,us-east-1,658.9714976701739,normal
2026-08-06,prod-core,AmazonEC2,us-east-1,641.0217924993001,normal
2026-08-07,prod-core,AmazonEC2,us-east-1,669.295635261903,normal
2026-08-08,prod-core,AmazonEC2,us-east-1,615.0500915517504,normal
2026-08-09,prod-core,AmazonEC2,us-east-1,679.6576445436576,normal
2026-08-10,prod-core,AmazonEC2,us-east-1,533.753158485042,normal
2026-08-11,prod-core,AmazonEC2,us-east-1,543.1960840713549,normal
2026-08-12,prod-core,AmazonEC2,us-east-1,593.7072153282447,normal
2026-08-13,prod-core,AmazonEC2,us-east-1,679.6558760985404,normal
2026-08-14,prod-core,AmazonEC2,us-east-1,661.4040553294626,normal
2026-08-15,prod-core,AmazonEC2,us-east-1,530.708244531631,normal
2026-08-16,prod-core,AmazonEC2,us-east-1,547.2827538266797,normal
2026-08-17,prod-core,AmazonEC2,us-east-1,563.8058094171952,normal
2026-08-18,prod-core,AmazonEC2,us-east-1,552.6775504411869,normal
2026-08-19,prod-core,AmazonEC2,us-east-1,574.2111874999099,normal
2026-08-20,prod-core,AmazonEC2,us-east-1,641.2350029836743,normal
2026-08-21,prod-core,AmazonEC2,us-east-1,681.726058937975,normal
2026-08-22,prod-core,AmazonEC2,us-east-1,641.5207321787598,normal
2026-08-23,prod-core,AmazonEC2,us-east-1,651.0070376050106,normal
2026-08-24,prod-core,AmazonEC2,us-east-1,615.2589548291786,normal
2026-08-25,prod-core,AmazonEC2,us-east-1,539.3227975442204,normal
2026-08-26,prod-core,AmazonEC2,us-east-1,658.2981752258107,normal
2026-08-27,prod-core,AmazonEC2,us-east-1,647.7247663660789,normal
2026-08-28,prod-core,AmazonEC2,us-east-1,564.3195000052209,normal
2026-08-29,prod-core,AmazonEC2,us-east-1,588.127545245501,normal
2026-08-30,prod-core,AmazonEC2,us-east-1,618.1525670572186,normal
2026-08-31,prod-core,AmazonEC2,us-east-1,631.3699065704994,normal
2026-09-01,prod-core,AmazonEC2,us-east-1,533.2271758892549,normal
2026-09-02,prod-core,AmazonEC2,us-east-1,573.5776853402556,normal
2026-09-03,prod-core,AmazonEC2,us-east-1,621.5731448803713,normal
2026-09-04,prod-core,AmazonEC2,us-east-1,536.2213093215668,normal
2026-09-05,prod-core,AmazonEC2,us-east-1,639.5767263060291,normal
2026-09-06,prod-core,AmazonEC2,us-east-1,679.8364451535786,normal
2026-09-07,prod-core,AmazonEC2,us-east-1,582.510643927289,normal
2026-09-08,prod-core,AmazonEC2,us-east-1,608.8973836657872,normal
2026-09-09,prod-core,AmazonEC2,us-east-1,550.237474660014,normal
2026-09-10,prod-core,AmazonEC2,us-east-1,536.9613501603839,normal
2026-09-11,prod-core,AmazonEC2,us-east-1,678.4100230515853,normal
2026-09-12,prod-core,AmazonEC2,us-east-1,549.6720126272104,normal
2026-09-13,prod-core,AmazonEC2,us-east-1,570.7006572775471,normal
2026-09-14,prod-core,AmazonEC2,us-east-1,538.48199398038,normal
2026-09-15,prod-core,AmazonEC2,us-east-1,574.4402566159335,normal
2026-09-16,prod-core,AmazonEC2,us-east-1,550.5548322716629,normal
2026-09-17,prod-core,AmazonEC2,us-east-1,568.5881058905379,normal
2026-09-18,prod-core,AmazonEC2,us-east-1,658.3317428152325,normal
2026-09-19,prod-core,AmazonEC2,us-east-1,622.2491501557683,normal
2026-09-20,prod-core,AmazonEC2,us-east-1,531.8412516552153,normal
2026-09-21,prod-core,AmazonEC2,us-east-1,670.9782155457451,normal
2026-09-22,prod-core,AmazonEC2,us-east-1,651.9469495193741,normal
2026-09-23,prod-core,AmazonEC2,us-east-1,641.3562781334674,normal
2026-09-24,prod-core,AmazonEC2,us-east-1,619.7404651080044,normal
2026-09-25,prod-core,AmazonEC2,us-east-1,569.4649546599929,normal
2026-09-26,prod-core,AmazonEC2,us-east-1,654.9354278283799,normal
2026-07-22,prod-core,AmazonEKS,us-east-1,22.43477369997069,normal
2026-07-23,prod-core,AmazonEKS,us-east-1,21.836164178450545,normal
2026-07-24,prod-core,AmazonEKS,us-east-1,22.6316975661721,normal
2026-07-25,prod-core,AmazonEKS,us-east-1,26.150091975331073,normal
2026-07-26,prod-core,AmazonEKS,us-east-1,24.80856242000586,normal
2026-07-27,prod-core,AmazonEKS,us-east-1,20.962342491074583,normal
2026-07-28,prod-core,AmazonEKS,us-east-1,25.485779714833036,normal
2026-07-29,prod-core,AmazonEKS,us-east-1,22.703592415465412,normal
2026-07-30,prod-core,AmazonEKS,us-east-1,26.595907417123723,normal
2026-07-31,prod-core,AmazonEKS,us-east-1,21.50135595138859,normal
2026-08-01,prod-core,AmazonEKS,us-east-1,20.99798154201195,normal
2026-08-02,prod-core,AmazonEKS,us-east-1,21.748093611493562,normal
2026-08-03,prod-core,AmazonEKS,us-east-1,22.865695967737455,normal
2026-08-04,prod-core,AmazonEKS,us-east-1,26.24372825878325,normal
2026-08-05,prod-core,AmazonEKS,us-east-1,25.89818333140705,normal
2026-08-06,prod-core,AmazonEKS,us-east-1,24.966622043208865,normal
2026-08-07,prod-core,AmazonEKS,us-east-1,26.31445337883735,normal
2026-08-08,prod-core,AmazonEKS,us-east-1,23.788773499316306,normal
2026-08-09,prod-core,AmazonEKS,us-east-1,26.73225041581648,normal
2026-08-10,prod-core,AmazonEKS,us-east-1,20.764042372863223,normal
2026-08-11,prod-core,AmazonEKS,us-east-1,21.08100195008471,normal
2026-08-12,prod-core,AmazonEKS,us-east-1,22.82084784311446,normal
2026-08-13,prod-core,AmazonEKS,us-east-1,26.732179111968936,normal
2026-08-14,prod-core,AmazonEKS,us-east-1,25.890982701920638,normal
2026-08-15,prod-core,AmazonEKS,us-east-1,20.726598780817575,normal
2026-08-16,prod-core,AmazonEKS,us-east-1,21.394884311602368,normal
2026-08-17,prod-core,AmazonEKS,us-east-1,22.06109522493498,normal
2026-08-18,prod-core,AmazonEKS,us-east-1,21.399255180458322,normal
2026-08-19,prod-core,AmazonEKS,us-east-1,22.122049449648237,normal
2026-08-20,prod-core,AmazonEKS,us-east-1,24.976291400601745,normal
2026-08-21,prod-core,AmazonEKS,us-east-1,26.815649048426508,normal
2026-08-22,prod-core,AmazonEKS,us-east-1,24.989249570613737,normal
2026-08-23,prod-core,AmazonEKS,us-east-1,25.419465175505945,normal
2026-08-24,prod-core,AmazonEKS,us-east-1,23.798245705533695,normal
2026-08-25,prod-core,AmazonEKS,us-east-1,21.07393824227674,normal
2026-08-26,prod-core,AmazonEKS,us-east-1,25.871034916988833,normal
2026-08-27,prod-core,AmazonEKS,us-east-1,25.444714232240635,normal
2026-08-28,prod-core,AmazonEKS,us-east-1,21.790026809242374,normal
2026-08-29,prod-core,AmazonEKS,us-east-1,22.589163462904782,normal
2026-08-30,prod-core,AmazonEKS,us-east-1,23.929474574843006,normal
2026-08-31,prod-core,AmazonEKS,us-east-1,24.528897159112375,normal
2026-09-01,prod-core,AmazonEKS,us-east-1,20.746387333684666,normal
2026-09-02,prod-core,AmazonEKS,us-east-1,22.45509803803524,normal
2026-09-03,prod-core,AmazonEKS,us-east-1,24.08460198126156,normal
2026-09-04,prod-core,AmazonEKS,us-east-1,20.9488859908826,normal
2026-09-05,prod-core,AmazonEKS,us-east-1,25.116184610068785,normal
2026-09-06,prod-core,AmazonEKS,us-east-1,26.726914224412745,normal
2026-09-07,prod-core,AmazonEKS,us-east-1,22.40062754245913,normal
2026-09-08,prod-core,AmazonEKS,us-east-1,23.50974063816049,normal
2026-09-09,prod-core,AmazonEKS,us-east-1,21.31735202651311,normal
2026-09-10,prod-core,AmazonEKS,us-east-1,20.87172796963799,normal
2026-09-11,prod-core,AmazonEKS,us-east-1,26.68194621819555,normal
2026-09-12,prod-core,AmazonEKS,us-east-1,21.491219416145817,normal
2026-09-13,prod-core,AmazonEKS,us-east-1,22.004215610449485,normal
2026-09-14,prod-core,AmazonEKS,us-east-1,20.922769632296973,normal
2026-09-15,prod-core,AmazonEKS,us-east-1,22.48987698035834,normal
2026-09-16,prod-core,AmazonEKS,us-east-1,21.328004396215363,normal
2026-09-17,prod-core,AmazonEKS,us-east-1,22.253917798452306,normal
2026-09-18,prod-core,AmazonEKS,us-east-1,25.87238836485957,normal
2026-09-19,prod-core,AmazonEKS,us-east-1,24.41753536388868,normal
2026-09-20,prod-core,AmazonEKS,us-east-1,20.69986764492222,normal
2026-09-21,prod-core,AmazonEKS,us-east-1,26.382295149477965,normal
2026-09-22,prod-core,AmazonEKS,us-east-1,25.462091335492772,normal
2026-09-23,prod-core,AmazonEKS,us-east-1,25.1879362810467,normal
2026-09-24,prod-core,AmazonEKS,us-east-1,24.001487702159736,normal
2026-09-25,prod-core,AmazonEKS,us-east-1,21.96273823401022,normal
2026-09-26,prod-core,AmazonEKS,us-east-1,25.597622498115722,normal
2026-07-22,prod-core,AmazonElastiCache,us-east-1,87.80331319596954,normal
2026-07-23,prod-core,AmazonElastiCache,us-east-1,85.05903837653304,normal
2026-07-24,prod-core,AmazonElastiCache,us-east-1,86.76389752035696,normal
2026-07-25,prod-core,AmazonElastiCache,us-east-1,100.2342148119417,normal
2026-07-26,prod-core,AmazonElastiCache,us-east-1,95.84782939238193,normal
2026-07-27,prod-core,AmazonElastiCache,us-east-1,81.05307661492634,normal
2026-07-28,prod-core,AmazonElastiCache,us-east-1,98.06211983131566,normal
2026-07-29,prod-core,AmazonElastiCache,us-east-1,87.03256304179305,normal
2026-07-30,prod-core,AmazonElastiCache,us-east-1,101.57784479414389,normal
2026-07-31,prod-core,AmazonElastiCache,us-east-1,83.52413832259964,normal
2026-08-01,prod-core,AmazonElastiCache,us-east-1,81.21646083545738,normal
2026-08-02,prod-core,AmazonElastiCache,us-east-1,84.65528629684711,normal
2026-08-03,prod-core,AmazonElastiCache,us-east-1,89.49525889212487,normal
2026-08-04,prod-core,AmazonElastiCache,us-east-1,100.26177837013002,normal
2026-08-05,prod-core,AmazonElastiCache,us-east-1,98.97050355690419,normal
2026-08-06,prod-core,AmazonElastiCache,us-east-1,96.36463532027719,normal
2026-08-07,prod-core,AmazonElastiCache,us-east-1,100.52607270337835,normal
2026-08-08,prod-core,AmazonElastiCache,us-east-1,92.51343602401752,normal
2026-08-09,prod-core,AmazonElastiCache,us-east-1,102.08734809233573,normal
2026-08-10,prod-core,AmazonElastiCache,us-east-1,80.14398646260673,normal
2026-08-11,prod-core,AmazonElastiCache,us-east-1,81.59706088805069,normal
2026-08-12,prod-core,AmazonElastiCache,us-east-1,89.34861943930026,normal
2026-08-13,prod-core,AmazonElastiCache,us-east-1,102.08708163534237,normal
2026-08-14,prod-core,AmazonElastiCache,us-east-1,99.38700787978824,normal
2026-08-15,prod-core,AmazonElastiCache,us-east-1,79.64468990554752,normal
2026-08-16,prod-core,AmazonElastiCache,us-east-1,82.142021527511,normal
2026-08-17,prod-core,AmazonElastiCache,us-east-1,84.63160046364165,normal
2026-08-18,prod-core,AmazonElastiCache,us-east-1,83.05606595716608,normal
2026-08-19,prod-core,AmazonElastiCache,us-east-1,86.3696552691666,normal
2026-08-20,prod-core,AmazonElastiCache,us-east-1,96.39625111891263,normal
2026-08-21,prod-core,AmazonElastiCache,us-east-1,102.39900236711998,normal
2026-08-22,prod-core,AmazonElastiCache,us-east-1,96.43862031441724,normal
2026-08-23,prod-core,AmazonElastiCache,us-east-1,97.8452918626328,normal
2026-08-24,prod-core,AmazonElastiCache,us-east-1,92.54440719947772,normal
2026-08-25,prod-core,AmazonElastiCache,us-east-1,80.9426707546003,normal
2026-08-26,prod-core,AmazonElastiCache,us-east-1,98.86905202056288,normal
2026-08-27,prod-core,AmazonElastiCache,us-east-1,97.27592441555768,normal
2026-08-28,prod-core,AmazonElastiCache,us-east-1,84.84752550211114,normal
2026-08-29,prod-core,AmazonElastiCache,us-east-1,88.51110003123881,normal
2026-08-30,prod-core,AmazonElastiCache,us-east-1,92.9734848867182,normal
2026-08-31,prod-core,AmazonElastiCache,us-east-1,94.93341075891159,normal
2026-09-01,prod-core,AmazonElastiCache,us-east-1,80.0630484258531,normal
2026-09-02,prod-core,AmazonElastiCache,us-east-1,86.10395866828861,normal
2026-09-03,prod-core,AmazonElastiCache,us-east-1,93.48070337548529,normal
2026-09-04,prod-core,AmazonElastiCache,us-east-1,80.47536011054437,normal
2026-09-05,prod-core,AmazonElastiCache,us-east-1,96.04823448901088,normal
2026-09-06,prod-core,AmazonElastiCache,us-east-1,102.12024460010849,normal
2026-09-07,prod-core,AmazonElastiCache,us-east-1,87.64677301932564,normal
2026-09-08,prod-core,AmazonElastiCache,us-east-1,91.60108514147942,normal
2026-09-09,prod-core,AmazonElastiCache,us-east-1,82.68058786180686,normal
2026-09-10,prod-core,AmazonElastiCache,us-east-1,80.63766199067807,normal
2026-09-11,prod-core,AmazonElastiCache,us-east-1,101.89936517537998,normal
2026-09-12,prod-core,AmazonElastiCache,us-east-1,82.50201840279722,normal
2026-09-13,prod-core,AmazonElastiCache,us-east-1,85.82945598037233,normal
2026-09-14,prod-core,AmazonElastiCache,us-east-1,80.8716581844264,normal
2026-09-15,prod-core,AmazonElastiCache,us-east-1,86.23392490044678,normal
2026-09-16,prod-core,AmazonElastiCache,us-east-1,82.72942275148083,normal
2026-09-17,prod-core,AmazonElastiCache,us-east-1,85.35216358837023,normal
2026-09-18,prod-core,AmazonElastiCache,us-east-1,98.87410975114445,normal
2026-09-19,prod-core,AmazonElastiCache,us-east-1,93.43743599828554,normal
2026-09-20,prod-core,AmazonElastiCache,us-east-1,79.84978283970837,normal
2026-09-21,prod-core,AmazonElastiCache,us-east-1,100.77959218166457,normal
2026-09-22,prod-core,AmazonElastiCache,us-east-1,97.9846661804895,normal
2026-09-23,prod-core,AmazonElastiCache,us-east-1,96.31636496409604,normal
2026-09-24,prod-core,AmazonElastiCache,us-east-1,93.20894547006883,normal
2026-09-25,prod-core,AmazonElastiCache,us-east-1,85.63930644942349,normal
2026-09-26,prod-core,AmazonElastiCache,us-east-1,98.42781103202516,normal
2026-07-22,prod-core,AmazonRDS,us-east-1,302.21817265145353,normal
2026-07-23,prod-core,AmazonRDS,us-east-1,292.1169608987023,normal
2026-07-24,prod-core,AmazonRDS,us-east-1,300.4416065001396,normal
2026-07-25,prod-core,AmazonRDS,us-east-1,352.8297548192409,normal
2026-07-26,prod-core,AmazonRDS,us-east-1,334.8231624107708,normal
2026-07-27,prod-core,AmazonRDS,us-east-1,277.37169277146637,normal
2026-07-28,prod-core,AmazonRDS,us-east-1,343.91306710315274,normal
2026-07-29,prod-core,AmazonRDS,us-east-1,301.49481073855634,normal
2026-07-30,prod-core,AmazonRDS,us-east-1,358.5142314243878,normal
2026-07-31,prod-core,AmazonRDS,us-east-1,286.46725324031485,normal
2026-08-01,prod-core,AmazonRDS,us-east-1,277.9730824708337,normal
2026-08-02,prod-core,AmazonRDS,us-east-1,290.6308177385364,normal
2026-08-03,prod-core,AmazonRDS,us-east-1,308.7451649702994,normal
2026-08-04,prod-core,AmazonRDS,us-east-1,353.35507766174476,normal
2026-08-05,prod-core,AmazonRDS,us-east-1,348.2931102794737,normal
2026-08-06,prod-core,AmazonRDS,us-east-1,336.94470732937145,normal
2026-08-07,prod-core,AmazonRDS,us-east-1,354.3911462665988,normal
2026-08-08,prod-core,AmazonRDS,us-east-1,321.135112554069,normal
2026-08-09,prod-core,AmazonRDS,us-east-1,360.5115514760069,normal
2026-08-10,prod-core,AmazonRDS,us-east-1,274.0254855819084,normal
2026-08-11,prod-core,AmazonRDS,us-east-1,279.37400693259826,normal
2026-08-12,prod-core,AmazonRDS,us-east-1,308.14319396103997,normal
2026-08-13,prod-core,AmazonRDS,us-east-1,360.5105069294895,normal
2026-08-14,prod-core,AmazonRDS,us-east-1,349.35187760286794,normal
2026-08-15,prod-core,AmazonRDS,us-east-1,272.5333747552999,normal
2026-08-16,prod-core,AmazonRDS,us-east-1,282.32324371550425,normal
2026-08-17,prod-core,AmazonRDS,us-east-1,292.08272112589367,normal
2026-08-18,prod-core,AmazonRDS,us-east-1,284.74435798020147,normal
2026-08-19,prod-core,AmazonRDS,us-east-1,296.94112015034125,normal
2026-08-20,prod-core,AmazonRDS,us-east-1,337.07449364435377,normal
2026-08-21,prod-core,AmazonRDS,us-east-1,361.73327729094956,normal
2026-08-22,prod-core,AmazonRDS,us-east-1,337.24842383086315,normal
2026-08-23,prod-core,AmazonRDS,us-east-1,343.02296455142107,normal
2026-08-24,prod-core,AmazonRDS,us-east-1,321.26225262033773,normal
2026-08-25,prod-core,AmazonRDS,us-east-1,277.62163068147555,normal
2026-08-26,prod-core,AmazonRDS,us-east-1,347.89540689164255,normal
2026-08-27,prod-core,AmazonRDS,us-east-1,341.6501367990697,normal
2026-08-28,prod-core,AmazonRDS,us-east-1,291.3384177594233,normal
2026-08-29,prod-core,AmazonRDS,us-east-1,304.8234163567223,normal
2026-08-30,prod-core,AmazonRDS,us-east-1,323.0236635057687,normal
2026-08-31,prod-core,AmazonRDS,us-east-1,331.06937380154653,normal
2026-09-01,prod-core,AmazonRDS,us-east-1,273.7275663493629,normal
2026-09-02,prod-core,AmazonRDS,us-east-1,297.8545592587255,normal
2026-09-03,prod-core,AmazonRDS,us-east-1,325.1058509370287,normal
2026-09-04,prod-core,AmazonRDS,us-east-1,275.78971139259096,normal
2026-09-05,prod-core,AmazonRDS,us-east-1,336.8374305493461,normal
2026-09-06,prod-core,AmazonRDS,us-east-1,360.5721135992775,normal
2026-09-07,prod-core,AmazonRDS,us-east-1,301.6419747208039,normal
2026-09-08,prod-core,AmazonRDS,us-east-1,317.3898122888177,normal
2026-09-09,prod-core,AmazonRDS,us-east-1,283.3622865772645,normal
2026-09-10,prod-core,AmazonRDS,us-east-1,275.84262175605585,normal
2026-09-11,prod-core,AmazonRDS,us-east-1,359.77463367639695,normal
2026-09-12,prod-core,AmazonRDS,us-east-1,283.7344788931392,normal
2026-09-13,prod-core,AmazonRDS,us-east-1,294.95273787676234,normal
2026-09-14,prod-core,AmazonRDS,us-east-1,276.70392219347883,normal
2026-09-15,prod-core,AmazonRDS,us-east-1,298.36404401072633,normal
2026-09-16,prod-core,AmazonRDS,us-east-1,283.54203955172073,normal
2026-09-17,prod-core,AmazonRDS,us-east-1,294.9074235028659,normal
2026-09-18,prod-core,AmazonRDS,us-east-1,347.9152338618351,normal
2026-09-19,prod-core,AmazonRDS,us-east-1,326.60275651530463,normal
2026-09-20,prod-core,AmazonRDS,us-east-1,272.9425717744884,normal
2026-09-21,prod-core,AmazonRDS,us-east-1,355.38497602050643,normal
2026-09-22,prod-core,AmazonRDS,us-east-1,343.5951113861846,normal
2026-09-23,prod-core,AmazonRDS,us-east-1,337.8885373355795,normal
2026-09-24,prod-core,AmazonRDS,us-east-1,323.9902549807789,normal
2026-09-25,prod-core,AmazonRDS,us-east-1,294.2528295938175,normal
2026-09-26,prod-core,AmazonRDS,us-east-1,345.4142695212478,normal
2026-07-22,prod-core,AmazonS3,us-east-1,511.58480693152586,normal
2026-07-23,prod-core,AmazonS3,us-east-1,492.3515607465799,normal
2026-07-24,prod-core,AmazonS3,us-east-1,499.6474131987179,normal
2026-07-25,prod-core,AmazonS3,us-east-1,587.6832022427016,normal
2026-07-26,prod-core,AmazonS3,us-east-1,561.166381772049,normal
2026-07-27,prod-core,AmazonS3,us-east-1,464.27578341452624,normal
2026-07-28,prod-core,AmazonS3,us-east-1,574.552333170041,normal
2026-07-29,prod-core,AmazonS3,us-east-1,501.3843927576443,normal
2026-07-30,prod-core,AmazonS3,us-east-1,595.4227231977092,normal
2026-07-31,prod-core,AmazonS3,us-east-1,481.59421589266714,normal
2026-08-01,prod-core,AmazonS3,us-east-1,465.4208614926956,normal
2026-08-02,prod-core,AmazonS3,us-east-1,489.5218648679879,normal
2026-08-03,prod-core,AmazonS3,us-east-1,522.7634701785241,normal
2026-08-04,prod-core,AmazonS3,us-east-1,586.9140747322033,normal
2026-08-05,prod-core,AmazonS3,us-east-1,578.5657092867943,normal
2026-08-06,prod-core,AmazonS3,us-east-1,564.2906056368874,normal
2026-08-07,prod-core,AmazonS3,us-east-1,588.6227936327105,normal
2026-08-08,prod-core,AmazonS3,us-east-1,541.0091220079657,normal
2026-08-09,prod-core,AmazonS3,us-east-1,598.7167700461262,normal
2026-08-10,prod-core,AmazonS3,us-east-1,457.9044263696573,normal
2026-08-11,prod-core,AmazonS3,us-east-1,468.08829642220223,normal
2026-08-12,prod-core,AmazonS3,us-east-1,521.8769972235656,normal
2026-08-13,prod-core,AmazonS3,us-east-1,598.7150473451695,normal
2026-08-14,prod-core,AmazonS3,us-east-1,582.5616198981069,normal
2026-08-15,prod-core,AmazonS3,us-east-1,453.62022654455257,normal
2026-08-16,prod-core,AmazonS3,us-east-1,469.7660049683132,normal
2026-08-17,prod-core,AmazonS3,us-east-1,485.86166063442914,normal
2026-08-18,prod-core,AmazonS3,us-east-1,478.31373138251803,normal
2026-08-19,prod-core,AmazonS3,us-east-1,501.5370173822044,normal
2026-08-20,prod-core,AmazonS3,us-east-1,564.4817312166675,normal
2026-08-21,prod-core,AmazonS3,us-east-1,600.7316810099845,normal
2026-08-22,prod-core,AmazonS3,us-east-1,564.7378638277398,normal
2026-08-23,prod-core,AmazonS3,us-east-1,573.2415527053466,normal
2026-08-24,prod-core,AmazonS3,us-east-1,541.1963506759668,normal
2026-08-25,prod-core,AmazonS3,us-east-1,462.01194793340596,normal
2026-08-26,prod-core,AmazonS3,us-east-1,577.9098035944503,normal
2026-08-27,prod-core,AmazonS3,us-east-1,567.6098958509338,normal
2026-08-28,prod-core,AmazonS3,us-east-1,490.86917306578744,normal
2026-08-29,prod-core,AmazonS3,us-east-1,516.5453299639796,normal
2026-08-30,prod-core,AmazonS3,us-east-1,543.7902349137227,normal
2026-08-31,prod-core,AmazonS3,us-east-1,555.6384875221211,normal
2026-09-01,prod-core,AmazonS3,us-east-1,457.33717225371254,normal
2026-09-02,prod-core,AmazonS3,us-east-1,495.3807685989314,normal
2026-09-03,prod-core,AmazonS3,us-east-1,546.8565002596856,normal
2026-09-04,prod-core,AmazonS3,us-east-1,458.99068553972364,normal
2026-09-05,prod-core,AmazonS3,us-east-1,559.6726201792619,normal
2026-09-06,prod-core,AmazonS3,us-east-1,599.0847341445976,normal
2026-09-07,prod-core,AmazonS3,us-east-1,510.48769532524534,normal
2026-09-08,prod-core,AmazonS3,us-east-1,535.4937278406807,normal
2026-09-09,prod-core,AmazonS3,us-east-1,475.68219368303164,normal
2026-09-10,prod-core,AmazonS3,us-east-1,461.36435060888823,normal
2026-09-11,prod-core,AmazonS3,us-east-1,597.5014206316046,normal
2026-09-12,prod-core,AmazonS3,us-east-1,472.09346109408295,normal
2026-09-13,prod-core,AmazonS3,us-east-1,497.7510314318446,normal
2026-09-14,prod-core,AmazonS3,us-east-1,463.00431260133394,normal
2026-09-15,prod-core,AmazonS3,us-east-1,496.22102784545746,normal
2026-09-16,prod-core,AmazonS3,us-east-1,476.02445293814037,normal
2026-09-17,prod-core,AmazonS3,us-east-1,490.52025401060774,normal
2026-09-18,prod-core,AmazonS3,us-east-1,577.9425028950072,normal
2026-09-19,prod-core,AmazonS3,us-east-1,542.7932543915505,normal
2026-09-20,prod-core,AmazonS3,us-east-1,455.84250069529315,normal
2026-09-21,prod-core,AmazonS3,us-east-1,590.2618508113877,normal
2026-09-22,prod-core,AmazonS3,us-east-1,574.0841060633679,normal
2026-09-23,prod-core,AmazonS3,us-east-1,561.4061405500883,normal
2026-09-24,prod-core,AmazonS3,us-east-1,545.2136542942409,normal
2026-09-25,prod-core,AmazonS3,us-east-1,496.41836871352325,normal
2026-09-26,prod-core,AmazonS3,us-east-1,576.7630299030893,normal
2026-07-22,prod-core,AmazonVPC,us-east-1,17.569681149323372,normal
2026-07-23,prod-core,AmazonVPC,us-east-1,17.01253375916393,normal
2026-07-24,prod-core,AmazonVPC,us-east-1,17.29117637902396,normal
2026-07-25,prod-core,AmazonVPC,us-east-1,19.93354134035978,normal
2026-07-26,prod-core,AmazonVPC,us-east-1,19.104290374180234,normal
2026-07-27,prod-core,AmazonVPC,us-east-1,16.19923651766682,normal
2026-07-28,prod-core,AmazonVPC,us-east-1,19.522904406066242,normal
2026-07-29,prod-core,AmazonVPC,us-east-1,17.34360431527785,normal
2026-07-30,prod-core,AmazonVPC,us-east-1,20.182000178025607,normal
2026-07-31,prod-core,AmazonVPC,us-east-1,16.70091571233137,normal
2026-08-01,prod-core,AmazonVPC,us-east-1,16.232407062911555,normal
2026-08-02,prod-core,AmazonVPC,us-east-1,16.930563318056777,normal
2026-08-03,prod-core,AmazonVPC,us-east-1,17.903329965737473,normal
2026-08-04,prod-core,AmazonVPC,us-east-1,19.925180299481937,normal
2026-08-05,prod-core,AmazonVPC,us-east-1,19.673198306287603,normal
2026-08-06,prod-core,AmazonVPC,us-east-1,19.20199310069474,normal
2026-08-07,prod-core,AmazonVPC,us-east-1,19.976755233182928,normal
2026-08-08,prod-core,AmazonVPC,us-east-1,18.473919657095283,normal
2026-08-09,prod-core,AmazonVPC,us-east-1,20.281425687841555,normal
2026-08-10,prod-core,AmazonVPC,us-east-1,16.014671472578325,normal
2026-08-11,prod-core,AmazonVPC,us-east-1,16.30967713968923,normal
2026-08-12,prod-core,AmazonVPC,us-east-1,17.875607616626837,normal
2026-08-13,prod-core,AmazonVPC,us-east-1,20.28137369088196,normal
2026-08-14,prod-core,AmazonVPC,us-east-1,19.77337594223734,normal
2026-08-15,prod-core,AmazonVPC,us-east-1,15.901919726319276,normal
2026-08-16,prod-core,AmazonVPC,us-east-1,16.389254097999263,normal
2026-08-17,prod-core,AmazonVPC,us-east-1,16.87507559479874,normal
2026-08-18,prod-core,AmazonVPC,us-east-1,16.605886856270732,normal
2026-08-19,prod-core,AmazonVPC,us-east-1,17.278617453135805,normal
2026-08-20,prod-core,AmazonVPC,us-east-1,19.20797010204261,normal
2026-08-21,prod-core,AmazonVPC,us-east-1,20.34224253685256,normal
2026-08-22,prod-core,AmazonVPC,us-east-1,19.215980044842382,normal
2026-08-23,prod-core,AmazonVPC,us-east-1,19.481912841183863,normal
2026-08-24,prod-core,AmazonVPC,us-east-1,18.47977479172608,normal
2026-08-25,prod-core,AmazonVPC,us-east-1,16.155210348983342,normal
2026-08-26,prod-core,AmazonVPC,us-east-1,19.65340084715801,normal
2026-08-27,prod-core,AmazonVPC,us-east-1,19.34251468628009,normal
2026-08-28,prod-core,AmazonVPC,us-east-1,16.969592051892253,normal
2026-08-29,prod-core,AmazonVPC,us-east-1,17.71337724902393,normal
2026-08-30,prod-core,AmazonVPC,us-east-1,18.56089239829198,normal
2026-08-31,prod-core,AmazonVPC,us-east-1,18.93141853033438,normal
2026-09-01,prod-core,AmazonVPC,us-east-1,15.998239293256292,normal
2026-09-02,prod-core,AmazonVPC,us-east-1,17.162394569274927,normal
2026-09-03,prod-core,AmazonVPC,us-east-1,18.65678260894211,normal
2026-09-04,prod-core,AmazonVPC,us-east-1,16.06401839950516,normal
2026-09-05,prod-core,AmazonVPC,us-east-1,19.10294077718862,normal
2026-09-06,prod-core,AmazonVPC,us-east-1,20.290097336808834,normal
2026-09-07,prod-core,AmazonVPC,us-east-1,17.537900093630792,normal
2026-09-08,prod-core,AmazonVPC,us-east-1,18.30143872382713,normal
2026-09-09,prod-core,AmazonVPC,us-east-1,16.529656648053326,normal
2026-09-10,prod-core,AmazonVPC,us-east-1,16.11489832671934,normal
2026-09-11,prod-core,AmazonVPC,us-east-1,20.24474231911491,normal
2026-09-12,prod-core,AmazonVPC,us-east-1,16.45950462038941,normal
2026-09-13,prod-core,AmazonVPC,us-east-1,17.16894526513697,normal
2026-09-14,prod-core,AmazonVPC,us-east-1,16.16240463612056,normal
2026-09-15,prod-core,AmazonVPC,us-east-1,17.187756444138234,normal
2026-09-16,prod-core,AmazonVPC,us-east-1,16.539571191282697,normal
2026-09-17,prod-core,AmazonVPC,us-east-1,17.015687748409835,normal
2026-09-18,prod-core,AmazonVPC,us-east-1,19.6543878229899,normal
2026-09-19,prod-core,AmazonVPC,us-east-1,18.593464249974204,normal
2026-09-20,prod-core,AmazonVPC,us-east-1,15.95494174743843,normal
2026-09-21,prod-core,AmazonVPC,us-east-1,20.02622753977316,normal
2026-09-22,prod-core,AmazonVPC,us-east-1,19.50826170857429,normal
2026-09-23,prod-core,AmazonVPC,us-east-1,19.15526430340944,normal
2026-09-24,prod-core,AmazonVPC,us-east-1,18.605406479377976,normal
2026-09-25,prod-core,AmazonVPC,us-east-1,17.130340780572283,normal
2026-09-26,prod-core,AmazonVPC,us-east-1,19.5920387279522,normal
2026-07-22,prod-payments,AWSDataTransfer,us-east-1,243.5240880047487,normal
2026-07-23,prod-payments,AWSDataTransfer,us-east-1,234.4127846382343,normal
2026-07-24,prod-payments,AWSDataTransfer,us-east-1,238.3083082931165,normal
2026-07-25,prod-payments,AWSDataTransfer,us-east-1,280.6147310647737,normal
2026-07-26,prod-payments,AWSDataTransfer,us-east-1,267.65408275938836,normal
2026-07-27,prod-payments,AWSDataTransfer,us-east-1,221.112537656356,normal
2026-07-28,prod-payments,AWSDataTransfer,us-east-1,274.1967453117998,normal
2026-07-29,prod-payments,AWSDataTransfer,us-east-1,239.14494312396977,normal
2026-07-30,prod-payments,AWSDataTransfer,us-east-1,284.4395133894213,normal
2026-07-31,prod-payments,AWSDataTransfer,us-east-1,229.31674253282372,normal
2026-08-01,prod-payments,AWSDataTransfer,us-east-1,221.65499178231175,normal
2026-08-02,prod-payments,AWSDataTransfer,us-east-1,233.07228198273316,normal
2026-08-03,prod-payments,AWSDataTransfer,us-east-1,248.88385985059958,normal
2026-08-04,prod-payments,AWSDataTransfer,us-east-1,280.34123161451765,normal
2026-08-05,prod-payments,AWSDataTransfer,us-east-1,276.32015187501986,normal
2026-08-06,prod-payments,AWSDataTransfer,us-east-1,269.1811122456073,normal
2026-08-07,prod-payments,AWSDataTransfer,us-east-1,281.16425439619337,normal
2026-08-08,prod-payments,AWSDataTransfer,us-east-1,257.80180220819193,normal
2026-08-09,prod-payments,AWSDataTransfer,us-east-1,286.0261263772859,normal
2026-08-10,prod-payments,AWSDataTransfer,us-east-1,218.09425533760646,normal
2026-08-11,prod-payments,AWSDataTransfer,us-east-1,222.91862708440624,normal
2026-08-12,prod-payments,AWSDataTransfer,us-east-1,248.45057773013684,normal
2026-08-13,prod-payments,AWSDataTransfer,us-east-1,286.02529661989695,normal
2026-08-14,prod-payments,AWSDataTransfer,us-east-1,278.11145101998744,normal
2026-08-15,prod-payments,AWSDataTransfer,us-east-1,216.13882027400632,normal
2026-08-16,prod-payments,AWSDataTransfer,us-east-1,223.9156075891697,normal
2026-08-17,prod-payments,AWSDataTransfer,us-east-1,231.66825274062796,normal
2026-08-18,prod-payments,AWSDataTransfer,us-east-1,227.76268924022278,normal
2026-08-19,prod-payments,AWSDataTransfer,us-east-1,238.76418123360696,normal
2026-08-20,prod-payments,AWSDataTransfer,us-east-1,269.2745288535462,normal
2026-08-21,prod-payments,AWSDataTransfer,us-east-1,286.9966298496894,normal
2026-08-22,prod-payments,AWSDataTransfer,us-east-1,269.3997190020153,normal
2026-08-23,prod-payments,AWSDataTransfer,us-east-1,273.5560740583486,normal
2026-08-24,prod-payments,AWSDataTransfer,us-east-1,257.89331411933273,normal
2026-08-25,prod-payments,AWSDataTransfer,us-east-1,220.1807828685865,normal
2026-08-26,prod-payments,AWSDataTransfer,us-east-1,276.00422786477463,normal
2026-08-27,prod-payments,AWSDataTransfer,us-east-1,271.0431668502587,normal
2026-08-28,prod-payments,AWSDataTransfer,us-east-1,233.7105379276891,normal
2026-08-29,prod-payments,AWSDataTransfer,us-east-1,245.87402050031696,normal
2026-08-30,prod-payments,AWSDataTransfer,us-east-1,259.16112906674107,normal
2026-08-31,prod-payments,AWSDataTransfer,us-east-1,264.9522093080833,normal
2026-09-01,prod-payments,AWSDataTransfer,us-east-1,217.82553188413544,normal
2026-09-02,prod-payments,AWSDataTransfer,us-east-1,236.253233168767,normal
2026-09-03,prod-payments,AWSDataTransfer,us-east-1,260.6598301196821,normal
2026-09-04,prod-payments,AWSDataTransfer,us-east-1,218.7255594385169,normal
2026-09-05,prod-payments,AWSDataTransfer,us-east-1,267.22009290855425,normal
2026-09-06,prod-payments,AWSDataTransfer,us-east-1,286.18746725637897,normal
2026-09-07,prod-payments,AWSDataTransfer,us-east-1,243.0043568800273,normal
2026-09-08,prod-payments,AWSDataTransfer,us-east-1,255.10603843263408,normal
2026-09-09,prod-payments,AWSDataTransfer,us-east-1,226.51605941653722,normal
2026-09-10,prod-payments,AWSDataTransfer,us-east-1,219.73331403137308,normal
2026-09-11,prod-payments,AWSDataTransfer,us-east-1,285.4407402991248,normal
2026-09-12,prod-payments,AWSDataTransfer,us-east-1,225.03665179034917,normal
2026-09-13,prod-payments,AWSDataTransfer,us-east-1,236.97065838242597,normal
2026-09-14,prod-payments,AWSDataTransfer,us-east-1,220.5102079097669,normal
2026-09-15,prod-payments,AWSDataTransfer,us-east-1,236.65795304527762,normal
2026-09-16,prod-payments,AWSDataTransfer,us-east-1,226.67819678395333,normal
2026-09-17,prod-payments,AWSDataTransfer,us-east-1,233.91211419614345,normal
2026-09-18,prod-payments,AWSDataTransfer,us-east-1,276.01997783353505,normal
2026-09-19,prod-payments,AWSDataTransfer,us-east-1,259.08996537300607,normal
2026-09-20,prod-payments,AWSDataTransfer,us-east-1,217.1174659720629,normal
2026-09-21,prod-payments,AWSDataTransfer,us-east-1,281.95372386254047,normal
2026-09-22,prod-payments,AWSDataTransfer,us-east-1,273.96788956103757,normal
2026-09-23,prod-payments,AWSDataTransfer,us-east-1,268.0550615843649,normal
2026-09-24,prod-payments,AWSDataTransfer,us-east-1,259.85685493637857,normal
2026-09-25,prod-payments,AWSDataTransfer,us-east-1,236.33934039298677,normal
2026-09-26,prod-payments,AWSDataTransfer,us-east-1,275.2772693851371,normal
2026-07-22,prod-payments,AmazonDynamoDB,us-east-1,427.4261274770337,normal
2026-07-23,prod-payments,AmazonDynamoDB,us-east-1,409.2812622403062,normal
2026-07-24,prod-payments,AmazonDynamoDB,us-east-1,406.4674325167175,normal
2026-07-25,prod-payments,AmazonDynamoDB,us-east-1,476.24347415537284,normal
2026-07-26,prod-payments,AmazonDynamoDB,us-east-1,460.03305855009467,normal
2026-07-27,prod-payments,AmazonDynamoDB,us-east-1,382.79425161257245,normal
2026-07-28,prod-payments,AmazonDynamoDB,us-east-1,468.21623555178917,normal
2026-07-29,prod-payments,AmazonDynamoDB,us-east-1,407.8019115270618,normal
2026-07-30,prod-payments,AmazonDynamoDB,us-east-1,480.04926613476573,normal
2026-07-31,prod-payments,AmazonDynamoDB,us-east-1,399.1326596174152,normal
2026-08-01,prod-payments,AmazonDynamoDB,us-east-1,383.8745314163103,normal
2026-08-02,prod-payments,AmazonDynamoDB,us-east-1,406.61169466527235,normal
2026-08-03,prod-payments,AmazonDynamoDB,us-east-1,436.5563691757869,normal
2026-08-04,prod-payments,AmazonDynamoDB,us-east-1,473.5122791418768,normal
2026-08-05,prod-payments,AmazonDynamoDB,us-east-1,467.0984336821939,normal
2026-08-06,prod-payments,AmazonDynamoDB,us-east-1,461.94297709968134,normal
2026-08-07,prod-payments,AmazonDynamoDB,us-east-1,474.8250461779579,normal
2026-08-08,prod-payments,AmazonDynamoDB,us-east-1,447.7104062697815,normal
2026-08-09,prod-payments,AmazonDynamoDB,us-east-1,482.5800019489628,normal
2026-08-10,prod-payments,AmazonDynamoDB,us-east-1,376.78344023717875,normal
2026-08-11,prod-payments,AmazonDynamoDB,us-east-1,386.3910201493209,normal
2026-08-12,prod-payments,AmazonDynamoDB,us-east-1,436.0144454169177,normal
2026-08-13,prod-payments,AmazonDynamoDB,us-east-1,482.5786784398541,normal
2026-08-14,prod-payments,AmazonDynamoDB,us-east-1,473.1125189017284,normal
2026-08-15,prod-payments,AmazonDynamoDB,us-east-1,371.1058681393293,normal
2026-08-16,prod-payments,AmazonDynamoDB,us-east-1,383.5102757222809,normal
2026-08-17,prod-payments,AmazonDynamoDB,us-east-1,395.87617521360085,normal
2026-08-18,prod-payments,AmazonDynamoDB,us-east-1,396.03781287259386,normal
2026-08-19,prod-payments,AmazonDynamoDB,us-east-1,417.9469274737531,normal
2026-08-20,prod-payments,AmazonDynamoDB,us-east-1,462.05981709128076,normal
2026-08-21,prod-payments,AmazonDynamoDB,us-east-1,484.12800887579357,normal
2026-08-22,prod-payments,AmazonDynamoDB,us-east-1,462.21639755612733,normal
2026-08-23,prod-payments,AmazonDynamoDB,us-east-1,467.41492167920427,normal
2026-08-24,prod-payments,AmazonDynamoDB,us-east-1,447.8248639787998,normal
2026-08-25,prod-payments,AmazonDynamoDB,us-east-1,377.5530229124136,normal
2026-08-26,prod-payments,AmazonDynamoDB,us-east-1,466.59451734380036,normal
2026-08-27,prod-payments,AmazonDynamoDB,us-east-1,458.6813495568973,normal
2026-08-28,prod-payments,AmazonDynamoDB,us-east-1,407.88276068534674,normal
2026-08-29,prod-payments,AmazonDynamoDB,us-east-1,432.1059418496073,normal
2026-08-30,prod-payments,AmazonDynamoDB,us-east-1,449.4105722492366,normal
2026-08-31,prod-payments,AmazonDynamoDB,us-east-1,456.6537143593937,normal
2026-09-01,prod-payments,AmazonDynamoDB,us-east-1,376.24828619246773,normal
2026-09-02,prod-payments,AmazonDynamoDB,us-east-1,403.18947358291564,normal
2026-09-03,prod-payments,AmazonDynamoDB,us-east-1,451.2850592628336,normal
2026-09-04,prod-payments,AmazonDynamoDB,us-east-1,375.2318607384594,normal
2026-09-05,prod-payments,AmazonDynamoDB,us-east-1,452.58333433919984,normal
2026-09-06,prod-payments,AmazonDynamoDB,us-east-1,483.2135243871163,normal
2026-09-07,prod-payments,AmazonDynamoDB,us-east-1,426.39109979350144,normal
2026-09-08,prod-payments,AmazonDynamoDB,us-east-1,444.3387037016863,normal
2026-09-09,prod-payments,AmazonDynamoDB,us-east-1,393.5551899984623,normal
2026-09-10,prod-payments,AmazonDynamoDB,us-east-1,380.0475724822737,normal
2026-09-11,prod-payments,AmazonDynamoDB,us-east-1,481.6462786500451,normal
2026-09-12,prod-payments,AmazonDynamoDB,us-east-1,385.29840347046047,normal
2026-09-13,prod-payments,AmazonDynamoDB,us-east-1,414.37518486739094,normal
2026-09-14,prod-payments,AmazonDynamoDB,us-east-1,381.59473145170307,normal
2026-09-15,prod-payments,AmazonDynamoDB,us-east-1,403.83502425849747,normal
2026-09-16,prod-payments,AmazonDynamoDB,us-east-1,393.8780813086579,normal
2026-09-17,prod-payments,AmazonDynamoDB,us-east-1,399.4552588281955,normal
2026-09-18,prod-payments,AmazonDynamoDB,us-east-1,466.61963941850877,normal
2026-09-19,prod-payments,AmazonDynamoDB,us-east-1,439.61532948510296,normal
2026-09-20,prod-payments,AmazonDynamoDB,us-east-1,374.83819588634367,normal
2026-09-21,prod-payments,AmazonDynamoDB,us-east-1,476.0842938130025,normal
2026-09-22,prod-payments,AmazonDynamoDB,us-east-1,467.92999625680164,normal
2026-09-23,prod-payments,AmazonDynamoDB,us-east-1,453.915155739736,normal
2026-09-24,prod-payments,AmazonDynamoDB,us-east-1,450.2807451934003,normal
2026-09-25,prod-payments,AmazonDynamoDB,us-east-1,413.11793556077737,normal
2026-09-26,prod-payments,AmazonDynamoDB,us-east-1,469.5676914271119,normal
2026-07-22,prod-payments,AmazonEC2,us-east-1,527.6441286174608,normal
2026-07-23,prod-payments,AmazonEC2,us-east-1,512.9147064515711,normal
2026-07-24,prod-payments,AmazonEC2,us-east-1,519.2685307695557,normal
2026-07-25,prod-payments,AmazonEC2,us-east-1,587.738576033823,normal
2026-07-26,prod-payments,AmazonEC2,us-east-1,566.7351538788507,normal
2026-07-27,prod-payments,AmazonEC2,us-east-1,491.413397053108,normal
2026-07-28,prod-payments,AmazonEC2,us-east-1,577.3378876594385,normal
2026-07-29,prod-payments,AmazonEC2,us-east-1,520.6228085153208,normal
2026-07-30,prod-payments,AmazonEC2,us-east-1,593.9420467927121,normal
2026-07-31,prod-payments,AmazonEC2,us-east-1,504.67639492507686,normal
2026-08-01,prod-payments,AmazonEC2,us-east-1,492.2903337004153,normal
2026-08-02,prod-payments,AmazonEC2,us-east-1,510.7476367434174,normal
2026-08-03,prod-payments,AmazonEC2,us-east-1,536.3170060819994,normal
2026-08-04,prod-payments,AmazonEC2,us-east-1,587.308075077757,normal
2026-08-05,prod-payments,AmazonEC2,us-east-1,580.7990718611507,normal
2026-08-06,prod-payments,AmazonEC2,us-east-1,569.2097866430792,normal
2026-08-07,prod-payments,AmazonEC2,us-east-1,588.6403187238224,normal
2026-08-08,prod-payments,AmazonEC2,us-east-1,550.769007531062,normal
2026-08-09,prod-payments,AmazonEC2,us-east-1,596.5103293711645,normal
2026-08-10,prod-payments,AmazonEC2,us-east-1,486.53401232621025,normal
2026-08-11,prod-payments,AmazonEC2,us-east-1,494.3331388929935,normal
2026-08-12,prod-payments,AmazonEC2,us-east-1,535.6148492859926,normal
2026-08-13,prod-payments,AmazonEC2,us-east-1,596.5089862260733,normal
2026-08-14,prod-payments,AmazonEC2,us-east-1,583.6818771470153,normal
2026-08-15,prod-payments,AmazonEC2,us-east-1,483.3823314958929,normal
2026-08-16,prod-payments,AmazonEC2,us-east-1,495.97077463270676,normal
2026-08-17,prod-payments,AmazonEC2,us-east-1,508.5201383601599,normal
2026-08-18,prod-payments,AmazonEC2,us-east-1,502.1640971676412,normal
2026-08-19,prod-payments,AmazonEC2,us-east-1,519.9492167610415,normal
2026-08-20,prod-payments,AmazonEC2,us-east-1,569.3611732409247,normal
2026-08-21,prod-payments,AmazonEC2,us-east-1,598.0813029983602,normal
2026-08-22,prod-payments,AmazonEC2,us-east-1,569.5640505566256,normal
2026-08-23,prod-payments,AmazonEC2,us-east-1,576.2996457072052,normal
2026-08-24,prod-payments,AmazonEC2,us-east-1,550.9173074661123,normal
2026-08-25,prod-payments,AmazonEC2,us-east-1,489.92513821297905,normal
2026-08-26,prod-payments,AmazonEC2,us-east-1,580.2876792670943,normal
2026-08-27,prod-payments,AmazonEC2,us-east-1,572.2571093223912,normal
2026-08-28,prod-payments,AmazonEC2,us-east-1,511.77944754863057,normal
2026-08-29,prod-payments,AmazonEC2,us-east-1,531.4430524811723,normal
2026-08-30,prod-payments,AmazonEC2,us-east-1,552.9718692385923,normal
2026-08-31,prod-payments,AmazonEC2,us-east-1,562.3566237798979,normal
2026-09-01,prod-payments,AmazonEC2,us-east-1,486.0995913621803,normal
2026-09-02,prod-payments,AmazonEC2,us-east-1,515.9419390426208,normal
2026-09-03,prod-payments,AmazonEC2,us-east-1,555.4005942650975,normal
2026-09-04,prod-payments,AmazonEC2,us-east-1,487.56953857287164,normal
2026-09-05,prod-payments,AmazonEC2,us-east-1,566.0686221010495,normal
2026-09-06,prod-payments,AmazonEC2,us-east-1,596.7694923917604,normal
2026-09-07,prod-payments,AmazonEC2,us-east-1,526.8039261962672,normal
2026-09-08,prod-payments,AmazonEC2,us-east-1,546.4003784876679,normal
2026-09-09,prod-payments,AmazonEC2,us-east-1,500.1487831978378,normal
2026-09-10,prod-payments,AmazonEC2,us-east-1,489.18373064685005,normal
2026-09-11,prod-payments,AmazonEC2,us-east-1,595.5627530701328,normal
2026-09-12,prod-payments,AmazonEC2,us-east-1,497.7854315865991,normal
2026-09-13,prod-payments,AmazonEC2,us-east-1,517.0497901722723,normal
2026-09-14,prod-payments,AmazonEC2,us-east-1,490.43966489167104,normal
2026-09-15,prod-payments,AmazonEC2,us-east-1,516.5970673038577,normal
2026-09-16,prod-payments,AmazonEC2,us-east-1,500.4108960523296,normal
2026-09-17,prod-payments,AmazonEC2,us-east-1,512.1523223450001,normal
2026-09-18,prod-payments,AmazonEC2,us-east-1,580.3131740605239,normal
2026-09-19,prod-payments,AmazonEC2,us-east-1,552.9082199930045,normal
2026-09-20,prod-payments,AmazonEC2,us-east-1,484.95492508111647,normal
2026-09-21,prod-payments,AmazonEC2,us-east-1,589.9182489387819,normal
2026-09-22,prod-payments,AmazonEC2,us-east-1,576.9670147036577,normal
2026-09-23,prod-payments,AmazonEC2,us-east-1,567.4202028079012,normal
2026-09-24,prod-payments,AmazonEC2,us-east-1,554.0993301340523,normal
2026-09-25,prod-payments,AmazonEC2,us-east-1,516.0291953338274,normal
2026-09-26,prod-payments,AmazonEC2,us-east-1,579.0889345767044,normal
2026-07-22,prod-payments,AmazonKinesis,us-east-1,31.244582389564712,normal
2026-07-23,prod-payments,AmazonKinesis,us-east-1,30.311684433948905,normal
2026-07-24,prod-payments,AmazonKinesis,us-east-1,31.022669230163878,normal
2026-07-25,prod-payments,AmazonKinesis,us-east-1,35.781781058691,normal
2026-07-26,prod-payments,AmazonKinesis,us-east-1,34.171305244064314,normal
2026-07-27,prod-payments,AmazonKinesis,us-east-1,28.949884401674677,normal
2026-07-28,prod-payments,AmazonKinesis,us-east-1,34.9842892519356,normal
2026-07-29,prod-payments,AmazonKinesis,us-east-1,31.118123468533305,normal
2026-07-30,prod-payments,AmazonKinesis,us-east-1,36.28592015535042,normal
2026-07-31,prod-payments,AmazonKinesis,us-east-1,29.789905378787413,normal
2026-08-01,prod-payments,AmazonKinesis,us-east-1,29.005425779758884,normal
2026-08-02,prod-payments,AmazonKinesis,us-east-1,30.174431602327626,normal
2026-08-03,prod-payments,AmazonKinesis,us-east-1,31.838938118787446,normal
2026-08-04,prod-payments,AmazonKinesis,us-east-1,35.818334595892225,normal
2026-08-05,prod-payments,AmazonKinesis,us-east-1,35.35955725385274,normal
2026-08-06,prod-payments,AmazonKinesis,us-east-1,34.361052238028776,normal
2026-08-07,prod-payments,AmazonKinesis,us-east-1,35.912235793748664,normal
2026-08-08,prod-payments,AmazonKinesis,us-east-1,32.947071766482345,normal
2026-08-09,prod-payments,AmazonKinesis,us-east-1,36.466941705922494,normal
2026-08-10,prod-payments,AmazonKinesis,us-east-1,28.640845256410216,normal
2026-08-11,prod-payments,AmazonKinesis,us-east-1,29.134808233898248,normal
2026-08-12,prod-payments,AmazonKinesis,us-east-1,31.78509896202046,normal
2026-08-13,prod-payments,AmazonKinesis,us-east-1,36.466847036352604,normal
2026-08-14,prod-payments,AmazonKinesis,us-east-1,35.470726250754375,normal
2026-08-15,prod-payments,AmazonKinesis,us-east-1,28.493284227454716,normal
2026-08-16,prod-payments,AmazonKinesis,us-east-1,29.38056178601976,normal
2026-08-17,prod-payments,AmazonKinesis,us-east-1,30.26508489095214,normal
2026-08-18,prod-payments,AmazonKinesis,us-east-1,29.630787294220763,normal
2026-08-19,prod-payments,AmazonKinesis,us-east-1,30.75721992152972,normal
2026-08-20,prod-payments,AmazonKinesis,us-east-1,34.37266008234529,normal
2026-08-21,prod-payments,AmazonKinesis,us-east-1,36.57766942891089,normal
2026-08-22,prod-payments,AmazonKinesis,us-east-1,34.3882160716437,normal
2026-08-23,prod-payments,AmazonKinesis,us-east-1,34.90468015102503,normal
2026-08-24,prod-payments,AmazonKinesis,us-east-1,32.9584429352827,normal
2026-08-25,prod-payments,AmazonKinesis,us-east-1,28.95444415859204,normal
2026-08-26,prod-payments,AmazonKinesis,us-east-1,35.32351251286364,normal
2026-08-27,prod-payments,AmazonKinesis,us-east-1,34.75748981911333,normal
2026-08-28,prod-payments,AmazonKinesis,us-east-1,30.239782040377722,normal
2026-08-29,prod-payments,AmazonKinesis,us-east-1,31.485189812319142,normal
2026-08-30,prod-payments,AmazonKinesis,us-east-1,33.1159802175323,normal
2026-08-31,prod-payments,AmazonKinesis,us-east-1,33.83557343922082,normal
2026-09-01,prod-payments,AmazonKinesis,us-east-1,28.613330909638442,normal
2026-09-02,prod-payments,AmazonKinesis,us-east-1,30.788199395114482,normal
2026-09-03,prod-payments,AmazonKinesis,us-east-1,33.30220715172927,normal
2026-09-04,prod-payments,AmazonKinesis,us-east-1,28.788413246356438,normal
2026-09-05,prod-payments,AmazonKinesis,us-east-1,34.32130356690671,normal
2026-09-06,prod-payments,AmazonKinesis,us-east-1,36.4742430904048,normal
2026-09-07,prod-payments,AmazonKinesis,us-east-1,31.191367598637605,normal
2026-09-08,prod-payments,AmazonKinesis,us-east-1,32.61209914318551,normal
2026-09-09,prod-payments,AmazonKinesis,us-east-1,29.503146015345106,normal
2026-09-10,prod-payments,AmazonKinesis,us-east-1,28.808666965669598,normal
2026-09-11,prod-payments,AmazonKinesis,us-east-1,36.400153209696555,normal
2026-09-12,prod-payments,AmazonKinesis,us-east-1,29.508465163282832,normal
2026-09-13,prod-payments,AmazonKinesis,us-east-1,30.57358276953167,normal
2026-09-14,prod-payments,AmazonKinesis,us-east-1,28.88821241396931,normal
2026-09-15,prod-payments,AmazonKinesis,us-east-1,30.834375129306533,normal
2026-09-16,prod-payments,AmazonKinesis,us-east-1,29.51974711098498,normal
2026-09-17,prod-payments,AmazonKinesis,us-east-1,30.521093938560526,normal
2026-09-18,prod-payments,AmazonKinesis,us-east-1,35.32530947519047,normal
2026-09-19,prod-payments,AmazonKinesis,us-east-1,33.39371233697835,normal
2026-09-20,prod-payments,AmazonKinesis,us-east-1,28.54083269338528,normal
2026-09-21,prod-payments,AmazonKinesis,us-east-1,36.00230879076844,normal
2026-09-22,prod-payments,AmazonKinesis,us-east-1,34.955851889624974,normal
2026-09-23,prod-payments,AmazonKinesis,us-east-1,34.416567708528156,normal
2026-09-24,prod-payments,AmazonKinesis,us-east-1,33.20243034412016,normal
2026-09-25,prod-payments,AmazonKinesis,us-east-1,30.508942702353593,normal
2026-09-26,prod-payments,AmazonKinesis,us-east-1,35.118553977451576,normal
2026-07-22,prod-payments,AmazonRDS,us-east-1,266.63708067101965,normal
2026-07-23,prod-payments,AmazonRDS,us-east-1,258.2850525850481,normal
2026-07-24,prod-payments,AmazonRDS,us-east-1,264.8927423512485,normal
2026-07-25,prod-payments,AmazonRDS,us-east-1,307.8319343943047,normal
2026-07-26,prod-payments,AmazonRDS,us-east-1,293.1935737094673,normal
2026-07-27,prod-payments,AmazonRDS,us-east-1,246.09315951832633,normal
2026-07-28,prod-payments,AmazonRDS,us-east-1,300.5831619480111,normal
2026-07-29,prod-payments,AmazonRDS,us-east-1,265.75492750546596,normal
2026-07-30,prod-payments,AmazonRDS,us-east-1,312.43276664073755,normal
2026-07-31,prod-payments,AmazonRDS,us-east-1,253.61368065508842,normal
2026-08-01,prod-payments,AmazonRDS,us-east-1,246.59040913378578,normal
2026-08-02,prod-payments,AmazonRDS,us-east-1,257.0562584841721,normal
2026-08-03,prod-payments,AmazonRDS,us-east-1,271.9936085071495,normal
2026-08-04,prod-payments,AmazonRDS,us-east-1,308.20932581110065,normal
2026-08-05,prod-payments,AmazonRDS,us-east-1,304.06544472048915,normal
2026-08-06,prod-payments,AmazonRDS,us-east-1,294.9182720323411,normal
2026-08-07,prod-payments,AmazonRDS,us-east-1,309.05748321236484,normal
2026-08-08,prod-payments,AmazonRDS,us-east-1,282.0659485414658,normal
2026-08-09,prod-payments,AmazonRDS,us-east-1,314.067833832753,normal
2026-08-10,prod-payments,AmazonRDS,us-east-1,243.32640072613924,normal
2026-08-11,prod-payments,AmazonRDS,us-east-1,247.74874149403905,normal
2026-08-12,prod-payments,AmazonRDS,us-east-1,271.5042394718838,normal
2026-08-13,prod-payments,AmazonRDS,us-east-1,314.06697873507363,normal
2026-08-14,prod-payments,AmazonRDS,us-east-1,305.0046131579503,normal
2026-08-15,prod-payments,AmazonRDS,us-east-1,242.04621153303538,normal
2026-08-16,prod-payments,AmazonRDS,us-east-1,250.0604972445238,normal
2026-08-17,prod-payments,AmazonRDS,us-east-1,258.0499035051818,normal
2026-08-18,prod-payments,AmazonRDS,us-east-1,252.18913180353755,normal
2026-08-19,prod-payments,AmazonRDS,us-east-1,262.273832797473,normal
2026-08-20,prod-payments,AmazonRDS,us-east-1,295.0237811063274,normal
2026-08-21,prod-payments,AmazonRDS,us-east-1,315.06797589613024,normal
2026-08-22,prod-payments,AmazonRDS,us-east-1,295.1651766989165,normal
2026-08-23,prod-payments,AmazonRDS,us-east-1,299.8595579532534,normal
2026-08-24,prod-payments,AmazonRDS,us-east-1,282.1693063620527,normal
2026-08-25,prod-payments,AmazonRDS,us-east-1,246.2116132285341,normal
2026-08-26,prod-payments,AmazonRDS,us-east-1,303.7398725814276,normal
2026-08-27,prod-payments,AmazonRDS,us-east-1,298.62730375433193,normal
2026-08-28,prod-payments,AmazonRDS,us-east-1,257.641326433715,normal
2026-08-29,prod-payments,AmazonRDS,us-east-1,268.7911854586239,normal
2026-08-30,prod-payments,AmazonRDS,us-east-1,283.6012356949457,normal
2026-08-31,prod-payments,AmazonRDS,us-east-1,290.14195181733123,normal
2026-09-01,prod-payments,AmazonRDS,us-east-1,243.08007089379083,normal
2026-09-02,prod-payments,AmazonRDS,us-east-1,262.7749064715149,normal
2026-09-03,prod-payments,AmazonRDS,us-east-1,285.2939385640283,normal
2026-09-04,prod-payments,AmazonRDS,us-east-1,244.7119481521998,normal
2026-09-05,prod-payments,AmazonRDS,us-east-1,294.6874754392095,normal
2026-09-06,prod-payments,AmazonRDS,us-east-1,314.1260425632818,normal
2026-09-07,prod-payments,AmazonRDS,us-east-1,266.16066047335835,normal
2026-09-08,prod-payments,AmazonRDS,us-east-1,279.0212272020758,normal
2026-09-09,prod-payments,AmazonRDS,us-east-1,251.04638779849245,normal
2026-09-10,prod-payments,AmazonRDS,us-east-1,244.8288711954253,normal
2026-09-11,prod-payments,AmazonRDS,us-east-1,313.4645704166682,normal
2026-09-12,prod-payments,AmazonRDS,us-east-1,251.21577745977947,normal
2026-09-13,prod-payments,AmazonRDS,us-east-1,260.62977018389046,normal
2026-09-14,prod-payments,AmazonRDS,us-east-1,245.54102391728634,normal
2026-09-15,prod-payments,AmazonRDS,us-east-1,263.19198624906653,normal
2026-09-16,prod-payments,AmazonRDS,us-east-1,251.19501371862387,normal
2026-09-17,prod-payments,AmazonRDS,us-east-1,260.3622911368242,normal
2026-09-18,prod-payments,AmazonRDS,us-east-1,303.756103544739,normal
2026-09-19,prod-payments,AmazonRDS,us-east-1,286.30905871001886,normal
2026-09-20,prod-payments,AmazonRDS,us-east-1,242.43101047439097,normal
2026-09-21,prod-payments,AmazonRDS,us-east-1,309.87106260027804,normal
2026-09-22,prod-payments,AmazonRDS,us-east-1,300.3246815891956,normal
2026-09-23,prod-payments,AmazonRDS,us-east-1,295.5479435550139,normal
2026-09-24,prod-payments,AmazonRDS,us-east-1,284.3870209409888,normal
2026-09-25,prod-payments,AmazonRDS,us-east-1,260.0510620269045,normal
2026-09-26,prod-payments,AmazonRDS,us-east-1,301.80355623242264,normal
2026-07-22,prod-payments,awskms,us-east-1,3.809004514280132,normal
2026-07-23,prod-payments,awskms,us-east-1,3.6949836530381996,normal
2026-07-24,prod-payments,awskms,us-east-1,3.7801972991508777,normal
2026-07-25,prod-payments,awskms,us-east-1,4.359559929582805,normal
2026-07-26,prod-payments,awskms,us-east-1,4.16425371747102,normal
2026-07-27,prod-payments,awskms,us-east-1,3.5285414268713495,normal
2026-07-28,prod-payments,awskms,us-east-1,4.262846211467339,normal
2026-07-29,prod-payments,awskms,us-east-1,3.791811082498259,normal
2026-07-30,prod-payments,awskms,us-east-1,4.420569659689217,normal
2026-07-31,prod-payments,awskms,us-east-1,3.6312106574073506,normal
2026-08-01,prod-payments,awskms,us-east-1,3.535329817526086,normal
2026-08-02,prod-payments,awskms,us-east-1,3.678208306951155,normal
2026-08-03,prod-payments,awskms,us-east-1,3.8814020382624936,normal
2026-08-04,prod-payments,awskms,us-east-1,4.363679180264986,normal
2026-08-05,prod-payments,awskms,us-east-1,4.307860384304216,normal
2026-08-06,prod-payments,awskms,us-east-1,4.18726478433351,normal
2026-08-07,prod-payments,awskms,us-east-1,4.375104007350649,normal
2026-08-08,prod-payments,awskms,us-east-1,4.015788027346765,normal
2026-08-09,prod-payments,awskms,us-east-1,4.442594297939586,normal
2026-08-10,prod-payments,awskms,us-east-1,3.490769975783471,normal
2026-08-11,prod-payments,awskms,us-east-1,3.5511432285875637,normal
2026-08-12,prod-payments,awskms,us-east-1,3.874872836348406,normal
2026-08-13,prod-payments,awskms,us-east-1,4.442582779625751,normal
2026-08-14,prod-payments,awskms,us-east-1,4.321837577129258,normal
2026-08-15,prod-payments,awskms,us-east-1,3.472450572285916,normal
2026-08-16,prod-payments,awskms,us-east-1,3.5804043887973056,normal
2026-08-17,prod-payments,awskms,us-east-1,3.688023074797189,normal
2026-08-18,prod-payments,awskms,us-east-1,3.611762891515871,normal
2026-08-19,prod-payments,awskms,us-east-1,3.7494379904091883,normal
2026-08-20,prod-payments,awskms,us-east-1,4.188672495075672,normal
2026-08-21,prod-payments,awskms,us-east-1,4.456066384745821,normal
2026-08-22,prod-payments,awskms,us-east-1,4.1905590067003295,normal
2026-08-23,prod-payments,awskms,us-east-1,4.2531918274602925,normal
2026-08-24,prod-payments,awskms,us-east-1,4.017167035889154,normal
2026-08-25,prod-payments,awskms,us-east-1,3.528559254521627,normal
2026-08-26,prod-payments,awskms,us-east-1,4.303474871205888,normal
2026-08-27,prod-payments,awskms,us-east-1,4.2346076836696405,normal
2026-08-28,prod-payments,awskms,us-east-1,3.686195582712833,normal
2026-08-29,prod-payments,awskms,us-east-1,3.8384120881723396,normal
2026-08-30,prod-payments,awskms,us-east-1,4.03627195481008,normal
2026-08-31,prod-payments,awskms,us-east-1,4.123538727221611,normal
2026-09-01,prod-payments,awskms,us-east-1,3.4874071111780323,normal
2026-09-02,prod-payments,awskms,us-east-1,3.7516696830672314,normal
2026-09-03,prod-payments,awskms,us-east-1,4.05885613569679,normal
2026-09-04,prod-payments,awskms,us-east-1,3.5083585062194973,normal
2026-09-05,prod-payments,awskms,us-east-1,4.181537513934188,normal
2026-09-06,prod-payments,awskms,us-east-1,4.443536438398992,normal
2026-09-07,prod-payments,awskms,us-east-1,3.80250048427793,normal
2026-09-08,prod-payments,awskms,us-east-1,3.9751651048395944,normal
2026-09-09,prod-payments,awskms,us-east-1,3.596162290764402,normal
2026-09-10,prod-payments,awskms,us-east-1,3.5112815180262844,normal
2026-09-11,prod-payments,awskms,us-east-1,4.434468235246974,normal
2026-09-12,prod-payments,awskms,us-east-1,3.5959662133774013,normal
2026-09-13,prod-payments,awskms,us-east-1,3.7269934496094264,normal
2026-09-14,prod-payments,awskms,us-east-1,3.521003739485138,normal
2026-09-15,prod-payments,awskms,us-east-1,3.7572878199040396,normal
2026-09-16,prod-payments,awskms,us-east-1,3.5981913135648314,normal
2026-09-17,prod-payments,awskms,us-east-1,3.719171336673065,normal
2026-09-18,prod-payments,awskms,us-east-1,4.3036935050927,normal
2026-09-19,prod-payments,awskms,us-east-1,4.068678789551249,normal
2026-09-20,prod-payments,awskms,us-east-1,3.478546218080423,normal
2026-09-21,prod-payments,awskms,us-east-1,4.386063062607979,normal
2026-09-22,prod-payments,awskms,us-east-1,4.2593975452626704,normal
2026-09-23,prod-payments,awskms,us-east-1,4.1931281684767745,normal
2026-09-24,prod-payments,awskms,us-east-1,4.046755966185547,normal
2026-09-25,prod-payments,awskms,us-east-1,3.7190929969543283,normal
2026-09-26,prod-payments,awskms,us-east-1,4.279128812374843,normal
2026-07-22,staging,AmazonCloudWatch,us-east-1,128.82474886352534,normal
2026-07-23,staging,AmazonCloudWatch,us-east-1,126.55728855473691,normal
2026-07-24,staging,AmazonCloudWatch,us-east-1,132.58118327604106,normal
2026-07-25,staging,AmazonCloudWatch,us-east-1,150.0307506247808,normal
2026-07-26,staging,AmazonCloudWatch,us-east-1,142.21530039912722,normal
2026-07-27,staging,AmazonCloudWatch,us-east-1,123.24735792073706,normal
2026-07-28,staging,AmazonCloudWatch,us-east-1,146.16061642937336,normal
2026-07-29,staging,AmazonCloudWatch,us-east-1,132.9479576148974,normal
2026-07-30,staging,AmazonCloudWatch,us-east-1,152.80475230028043,normal
2026-07-31,staging,AmazonCloudWatch,us-east-1,125.28907557344162,normal
2026-08-01,staging,AmazonCloudWatch,us-east-1,123.38235432580284,normal
2026-08-02,staging,AmazonCloudWatch,us-east-1,126.22368792232409,normal
2026-08-03,staging,AmazonCloudWatch,us-east-1,130.89659631801223,normal
2026-08-04,staging,AmazonCloudWatch,us-east-1,151.00809677865425,normal
2026-08-05,staging,AmazonCloudWatch,us-east-1,149.24528604145505,normal
2026-08-06,staging,AmazonCloudWatch,us-east-1,143.13612030423113,normal
2026-08-07,staging,AmazonCloudWatch,us-east-1,151.36890369880717,normal
2026-08-08,staging,AmazonCloudWatch,us-east-1,136.2742389303845,normal
2026-08-09,staging,AmazonCloudWatch,us-east-1,153.500311352073,normal
2026-08-10,staging,AmazonCloudWatch,us-east-1,122.49622110933039,normal
2026-08-11,staging,AmazonCloudWatch,us-east-1,123.69682556850269,normal
2026-08-12,staging,AmazonCloudWatch,us-east-1,130.63532120535177,normal
2026-08-13,staging,AmazonCloudWatch,us-east-1,153.4999475927523,normal
2026-08-14,staging,AmazonCloudWatch,us-east-1,148.52123812741834,normal
2026-08-15,staging,AmazonCloudWatch,us-east-1,122.86224854952474,normal
2026-08-16,staging,AmazonCloudWatch,us-east-1,126.271532888113,normal
2026-08-17,staging,AmazonCloudWatch,us-east-1,129.67023348597598,normal
2026-08-18,staging,AmazonCloudWatch,us-east-1,124.9023302290088,normal
2026-08-19,staging,AmazonCloudWatch,us-east-1,127.64018730927361,normal
2026-08-20,staging,AmazonCloudWatch,us-east-1,143.1924518111429,normal
2026-08-21,staging,AmazonCloudWatch,us-east-1,153.92577268397278,normal
2026-08-22,staging,AmazonCloudWatch,us-east-1,143.26794320254925,normal
2026-08-23,staging,AmazonCloudWatch,us-east-1,145.77428280050123,normal
2026-08-24,staging,AmazonCloudWatch,us-east-1,136.32942187877745,normal
2026-08-25,staging,AmazonCloudWatch,us-east-1,124.63421417136871,normal
2026-08-26,staging,AmazonCloudWatch,us-east-1,149.10678736113073,normal
2026-08-27,staging,AmazonCloudWatch,us-east-1,146.9318959909384,normal
2026-08-28,staging,AmazonCloudWatch,us-east-1,126.38252579258474,normal
2026-08-29,staging,AmazonCloudWatch,us-east-1,129.409558571609,normal
2026-08-30,staging,AmazonCloudWatch,us-east-1,137.09393183100664,normal
2026-08-31,staging,AmazonCloudWatch,us-east-1,140.5860333302943,normal
2026-09-01,staging,AmazonCloudWatch,us-east-1,122.42934596092677,normal
2026-09-02,staging,AmazonCloudWatch,us-east-1,131.68025399096132,normal
2026-09-03,staging,AmazonCloudWatch,us-east-1,137.9976692989486,normal
2026-09-04,staging,AmazonCloudWatch,us-east-1,123.99625530117954,normal
2026-09-05,staging,AmazonCloudWatch,us-east-1,145.25588948767398,normal
2026-09-06,staging,AmazonCloudWatch,us-east-1,153.3911876415072,normal
2026-09-07,staging,AmazonCloudWatch,us-east-1,128.69540735779972,normal
2026-09-08,staging,AmazonCloudWatch,us-east-1,134.64865608054836,normal
2026-09-09,staging,AmazonCloudWatch,us-east-1,124.59209100951935,normal
2026-09-10,staging,AmazonCloudWatch,us-east-1,122.9041210971136,normal
2026-09-11,staging,AmazonCloudWatch,us-east-1,153.243682553133,normal
2026-09-12,staging,AmazonCloudWatch,us-east-1,126.76299012913775,normal
2026-09-13,staging,AmazonCloudWatch,us-east-1,127.19384700927836,normal
2026-09-14,staging,AmazonCloudWatch,us-east-1,123.09746072839762,normal
2026-09-15,staging,AmazonCloudWatch,us-east-1,131.85768010287424,normal
2026-09-16,staging,AmazonCloudWatch,us-east-1,124.63244089475516,normal
2026-09-17,staging,AmazonCloudWatch,us-east-1,130.65392526102747,normal
2026-09-18,staging,AmazonCloudWatch,us-east-1,149.11369202749898,normal
2026-09-19,staging,AmazonCloudWatch,us-east-1,141.69170348716133,normal
2026-09-20,staging,AmazonCloudWatch,us-east-1,122.25313501864477,normal
2026-09-21,staging,AmazonCloudWatch,us-east-1,151.71500110102915,normal
2026-09-22,staging,AmazonCloudWatch,us-east-1,146.02261324567507,normal
2026-09-23,staging,AmazonCloudWatch,us-east-1,145.62193339684748,normal
2026-09-24,staging,AmazonCloudWatch,us-east-1,137.51346415506424,normal
2026-09-25,staging,AmazonCloudWatch,us-east-1,127.0367357348872,normal
2026-09-26,staging,AmazonCloudWatch,us-east-1,146.81218739355725,normal
2026-07-22,staging,AmazonEC2,us-east-1,61.37432109991208,normal
2026-07-23,staging,AmazonEC2,us-east-1,59.57849253535164,normal
2026-07-24,staging,AmazonEC2,us-east-1,86.28176671988393,normal
2026-07-25,staging,AmazonEC2,us-east-1,130.13396173472452,normal
2026-07-26,staging,AmazonEC2,us-east-1,104.02696413538851,normal
2026-07-27,staging,AmazonEC2,us-east-1,56.95702747322376,normal
2026-07-28,staging,AmazonEC2,us-east-1,117.20603292302762,normal
2026-07-29,staging,AmazonEC2,us-east-1,87.26031092249613,normal
2026-07-30,staging,AmazonEC2,us-east-1,140.23771218352857,normal
2026-07-31,staging,AmazonEC2,us-east-1,58.574067854165776,normal
2026-08-01,staging,AmazonEC2,us-east-1,57.063944626035855,normal
2026-08-02,staging,AmazonEC2,us-east-1,59.31428083448069,normal
2026-08-03,staging,AmazonEC2,us-east-1,66.21757737692414,normal
2026-08-04,staging,AmazonEC2,us-east-1,135.44428293146984,normal
2026-08-05,staging,AmazonEC2,us-east-1,130.74115066608948,normal
2026-08-06,staging,AmazonEC2,us-east-1,107.10290248287609,normal
2026-08-07,staging,AmazonEC2,us-east-1,136.40690621934468,normal
2026-08-08,staging,AmazonEC2,us-east-1,84.18123893418897,normal
2026-08-09,staging,AmazonEC2,us-east-1,142.09344527496677,normal
2026-08-10,staging,AmazonEC2,us-east-1,56.36212711858967,normal
2026-08-11,staging,AmazonEC2,us-east-1,57.313005850254136,normal
2026-08-12,staging,AmazonEC2,us-east-1,65.34480504237546,normal
2026-08-13,staging,AmazonEC2,us-east-1,142.09247477475256,normal
2026-08-14,staging,AmazonEC2,us-east-1,125.09153449036015,normal
2026-08-15,staging,AmazonEC2,us-east-1,60.351906790604744,normal
2026-08-16,staging,AmazonEC2,us-east-1,69.4477869303787,normal
2026-08-17,staging,AmazonEC2,us-east-1,78.51542993076889,normal
2026-08-18,staging,AmazonEC2,us-east-1,58.26776554137497,normal
2026-08-19,staging,AmazonEC2,us-east-1,60.43614834894472,normal
2026-08-20,staging,AmazonEC2,us-east-1,107.29107417782015,normal
2026-08-21,staging,AmazonEC2,us-east-1,143.22856481758356,normal
2026-08-22,staging,AmazonEC2,us-east-1,107.54324820712273,normal
2026-08-23,staging,AmazonEC2,us-east-1,115.91551083788895,normal
2026-08-24,staging,AmazonEC2,us-east-1,84.3655739449207,normal
2026-08-25,staging,AmazonEC2,us-east-1,65.07946404526507,normal
2026-08-26,staging,AmazonEC2,us-east-1,130.37163986246185,normal
2026-08-27,staging,AmazonEC2,us-east-1,124.56908740405059,normal
2026-08-28,staging,AmazonEC2,us-east-1,59.440080427727125,normal
2026-08-29,staging,AmazonEC2,us-east-1,61.83749038871435,normal
2026-08-30,staging,AmazonEC2,us-east-1,86.91936917248185,normal
2026-08-31,staging,AmazonEC2,us-east-1,98.58450461909861,normal
2026-09-01,staging,AmazonEC2,us-east-1,56.309162001054005,normal
2026-09-02,staging,AmazonEC2,us-east-1,83.87811129615042,normal
2026-09-03,staging,AmazonEC2,us-east-1,89.93824476183,normal
2026-09-04,staging,AmazonEC2,us-east-1,63.37740670975134,normal
2026-09-05,staging,AmazonEC2,us-east-1,120.09754653119775,normal
2026-09-06,staging,AmazonEC2,us-east-1,141.35928063451442,normal
2026-09-07,staging,AmazonEC2,us-east-1,61.2718826273774,normal
2026-09-08,staging,AmazonEC2,us-east-1,78.751086309214,normal
2026-09-09,staging,AmazonEC2,us-east-1,58.02205607953933,normal
2026-09-10,staging,AmazonEC2,us-east-1,56.685183908913984,normal
2026-09-11,staging,AmazonEC2,us-east-1,141.4087664498093,normal
2026-09-12,staging,AmazonEC2,us-east-1,70.75898180714162,normal
2026-09-13,staging,AmazonEC2,us-east-1,60.08264683134847,normal
2026-09-14,staging,AmazonEC2,us-east-1,56.83830889689092,normal
2026-09-15,staging,AmazonEC2,us-east-1,84.35147945420034,normal
2026-09-16,staging,AmazonEC2,us-east-1,58.054013188646096,normal
2026-09-17,staging,AmazonEC2,us-east-1,81.13989348139626,normal
2026-09-18,staging,AmazonEC2,us-east-1,130.39006132909634,normal
2026-09-19,staging,AmazonEC2,us-east-1,110.58839286818946,normal
2026-09-20,staging,AmazonEC2,us-east-1,56.169602934766665,normal
2026-09-21,staging,AmazonEC2,us-east-1,137.33028490374085,normal
2026-09-22,staging,AmazonEC2,us-east-1,116.74504236183309,normal
2026-09-23,staging,AmazonEC2,us-east-1,121.07414196680021,normal
2026-09-24,staging,AmazonEC2,us-east-1,88.32078931601549,normal
2026-09-25,staging,AmazonEC2,us-east-1,59.95821470203067,normal
2026-09-26,staging,AmazonEC2,us-east-1,119.38256288695851,normal
2026-07-22,staging,AmazonEKS,us-east-1,14.590612864907913,normal
2026-07-23,staging,AmazonEKS,us-east-1,14.036056857958515,normal
2026-07-24,staging,AmazonEKS,us-east-1,14.120212130913485,normal
2026-07-25,staging,AmazonEKS,us-east-1,16.48574861811983,normal
2026-07-26,staging,AmazonEKS,us-east-1,15.835795158141265,normal
2026-07-27,staging,AmazonEKS,us-east-1,13.226542394328836,normal
2026-07-28,staging,AmazonEKS,us-east-1,16.16389804799787,normal
2026-07-29,staging,AmazonEKS,us-east-1,14.166335441921657,normal
2026-07-30,staging,AmazonEKS,us-east-1,16.663405219908604,normal
2026-07-31,staging,AmazonEKS,us-east-1,13.725888197390296,normal
2026-08-01,staging,AmazonEKS,us-east-1,13.25955865796778,normal
2026-08-02,staging,AmazonEKS,us-east-1,13.954467674716978,normal
2026-08-03,staging,AmazonEKS,us-east-1,14.894501865037478,normal
2026-08-04,staging,AmazonEKS,us-east-1,16.437468744480945,normal
2026-08-05,staging,AmazonEKS,us-east-1,16.2157883833796,normal
2026-08-06,staging,AmazonEKS,us-east-1,15.912372970814795,normal
2026-08-07,staging,AmazonEKS,us-east-1,16.482841629192578,normal
2026-08-08,staging,AmazonEKS,us-east-1,15.341720812317924,normal
2026-08-09,staging,AmazonEKS,us-east-1,16.750874497531495,normal
2026-08-10,staging,AmazonEKS,us-east-1,13.04283579131052,normal
2026-08-11,staging,AmazonEKS,us-east-1,13.336469339039514,normal
2026-08-12,staging,AmazonEKS,us-east-1,14.87277353735617,normal
2026-08-13,staging,AmazonEKS,us-east-1,16.75082875337084,normal
2026-08-14,staging,AmazonEKS,us-east-1,16.360213576348187,normal
2026-08-15,staging,AmazonEKS,us-east-1,12.898017987078351,normal
2026-08-16,staging,AmazonEKS,us-east-1,13.326748858366443,normal
2026-08-17,staging,AmazonEKS,us-east-1,13.75414878276598,normal
2026-08-18,staging,AmazonEKS,us-east-1,13.63130133600901,normal
2026-08-19,staging,AmazonEKS,us-east-1,14.300902953353779,normal
2026-08-20,staging,AmazonEKS,us-east-1,15.917057647546908,normal
2026-08-21,staging,AmazonEKS,us-east-1,16.804377927990544,normal
2026-08-22,staging,AmazonEKS,us-east-1,15.923335710822407,normal
2026-08-23,staging,AmazonEKS,us-east-1,16.131769524171137,normal
2026-08-24,staging,AmazonEKS,us-east-1,15.346309971893414,normal
2026-08-25,staging,AmazonEKS,us-east-1,13.12084961081446,normal
2026-08-26,staging,AmazonEKS,us-east-1,16.19837163136053,normal
2026-08-27,staging,AmazonEKS,us-east-1,15.924870515145145,normal
2026-08-28,staging,AmazonEKS,us-east-1,13.99331487955787,normal
2026-08-29,staging,AmazonEKS,us-east-1,14.733640610656378,normal
2026-08-30,staging,AmazonEKS,us-east-1,15.409888636499119,normal
2026-08-31,staging,AmazonEKS,us-east-1,15.700301010262082,normal
2026-09-01,staging,AmazonEKS,us-east-1,13.026480040729519,normal
2026-09-02,staging,AmazonEKS,us-east-1,14.006916741324147,normal
2026-09-03,staging,AmazonEKS,us-east-1,15.485045828630302,normal
2026-09-04,staging,AmazonEKS,us-east-1,13.040623781843147,normal
2026-09-05,staging,AmazonEKS,us-east-1,15.714106126767206,normal
2026-09-06,staging,AmazonEKS,us-east-1,16.765211426147467,normal
2026-09-07,staging,AmazonEKS,us-east-1,14.558979628079022,normal
2026-09-08,staging,AmazonEKS,us-east-1,15.206533053810453,normal
2026-09-09,staging,AmazonEKS,us-east-1,13.555425686899591,normal
2026-09-10,staging,AmazonEKS,us-east-1,13.142596474036928,normal
2026-09-11,staging,AmazonEKS,us-east-1,16.718602419980837,normal
2026-09-12,staging,AmazonEKS,us-east-1,13.388551533127394,normal
2026-09-13,staging,AmazonEKS,us-east-1,14.191740868554936,normal
2026-09-14,staging,AmazonEKS,us-east-1,13.189881823859535,normal
2026-09-15,staging,AmazonEKS,us-east-1,14.029228770476042,normal
2026-09-16,staging,AmazonEKS,us-east-1,13.565294115974407,normal
2026-09-17,staging,AmazonEKS,us-east-1,13.877851879930173,normal
2026-09-18,staging,AmazonEKS,us-east-1,16.199239920225295,normal
2026-09-19,staging,AmazonEKS,us-east-1,15.265895764217815,normal
2026-09-20,staging,AmazonEKS,us-east-1,12.983383878845693,normal
2026-09-21,staging,AmazonEKS,us-east-1,16.5263647343574,normal
2026-09-22,staging,AmazonEKS,us-east-1,16.152421339152824,normal
2026-09-23,staging,AmazonEKS,us-east-1,15.76013758337919,normal
2026-09-24,staging,AmazonEKS,us-east-1,15.44477805140436,normal
2026-09-25,staging,AmazonEKS,us-east-1,14.153315939732414,normal
2026-09-26,staging,AmazonEKS,us-east-1,16.21808440839497,normal
2026-07-22,staging,AmazonRDS,us-east-1,85.45576297657922,normal
2026-07-23,staging,AmazonRDS,us-east-1,84.55396161948394,normal
2026-07-24,staging,AmazonRDS,us-east-1,87.53212182799906,normal
2026-07-25,staging,AmazonRDS,us-east-1,95.26950950829618,normal
2026-07-26,staging,AmazonRDS,us-east-1,91.63233152536195,normal
2026-07-27,staging,AmazonRDS,us-east-1,83.23755492161885,normal
2026-07-28,staging,AmazonRDS,us-east-1,93.46841469224422,normal
2026-07-29,staging,AmazonRDS,us-east-1,87.69626329930873,normal
2026-07-30,staging,AmazonRDS,us-east-1,96.58271785694093,normal
2026-07-31,staging,AmazonRDS,us-east-1,84.0495751994945,normal
2026-08-01,staging,AmazonRDS,us-east-1,83.29124492043358,normal
2026-08-02,staging,AmazonRDS,us-east-1,84.42128388225004,normal
2026-08-03,staging,AmazonRDS,us-east-1,86.36479861419988,normal
2026-08-04,staging,AmazonRDS,us-east-1,95.77866574774514,normal
2026-08-05,staging,AmazonRDS,us-east-1,94.98976009816624,normal
2026-08-06,staging,AmazonRDS,us-east-1,92.06086549185028,normal
2026-08-07,staging,AmazonRDS,us-east-1,95.94013663722251,normal
2026-08-08,staging,AmazonRDS,us-east-1,88.86746227976927,normal
2026-08-09,staging,AmazonRDS,us-east-1,96.89399941087947,normal
2026-08-10,staging,AmazonRDS,us-east-1,82.93881708119655,normal
2026-08-11,staging,AmazonRDS,us-east-1,83.41631462610164,normal
2026-08-12,staging,AmazonRDS,us-east-1,86.24320560806211,normal
2026-08-13,staging,AmazonRDS,us-east-1,96.89383661871061,normal
2026-08-14,staging,AmazonRDS,us-east-1,94.56700799375143,normal
2026-08-15,staging,AmazonRDS,us-east-1,83.18263475497427,normal
2026-08-16,staging,AmazonRDS,us-east-1,84.70838202833525,normal
2026-08-17,staging,AmazonRDS,us-east-1,86.22939279046693,normal
2026-08-18,staging,AmazonRDS,us-east-1,83.89576105108007,normal
2026-08-19,staging,AmazonRDS,us-east-1,84.9846459241454,normal
2026-08-20,staging,AmazonRDS,us-east-1,92.08708121976989,normal
2026-08-21,staging,AmazonRDS,us-east-1,97.08440490440759,normal
2026-08-22,staging,AmazonRDS,us-east-1,92.12221363297662,normal
2026-08-23,staging,AmazonRDS,us-east-1,93.28862157368675,normal
2026-08-24,staging,AmazonRDS,us-east-1,88.89314348803408,normal
2026-08-25,staging,AmazonRDS,us-east-1,83.97563746390566,normal
2026-08-26,staging,AmazonRDS,us-east-1,94.92777817970989,normal
2026-08-27,staging,AmazonRDS,us-east-1,93.95445526253093,normal
2026-08-28,staging,AmazonRDS,us-east-1,84.48445597236514,normal
2026-08-29,staging,AmazonRDS,us-east-1,85.68835015190851,normal
2026-08-30,staging,AmazonRDS,us-east-1,89.24893345351231,normal
2026-08-31,staging,AmazonRDS,us-east-1,90.87409826432378,normal
2026-09-01,staging,AmazonRDS,us-east-1,82.91221987931716,normal
2026-09-02,staging,AmazonRDS,us-east-1,87.12893152068354,normal
2026-09-03,staging,AmazonRDS,us-east-1,89.6695175434681,normal
2026-09-04,staging,AmazonRDS,us-east-1,83.69013355456889,normal
2026-09-05,staging,AmazonRDS,us-east-1,93.2043968636032,normal
2026-09-06,staging,AmazonRDS,us-east-1,96.83339990198778,normal
2026-09-07,staging,AmazonRDS,us-east-1,85.40432201201635,normal
2026-09-08,staging,AmazonRDS,us-east-1,88.11094359176687,normal
2026-09-09,staging,AmazonRDS,us-east-1,83.77237448150026,normal
2026-09-10,staging,AmazonRDS,us-east-1,83.1010447334806,normal
2026-09-11,staging,AmazonRDS,us-east-1,96.77915105815723,normal
2026-09-12,staging,AmazonRDS,us-east-1,84.9283224824006,normal
2026-09-13,staging,AmazonRDS,us-east-1,84.80713001054728,normal
2026-09-14,staging,AmazonRDS,us-east-1,83.177938666837,normal
2026-09-15,staging,AmazonRDS,us-east-1,87.20833452131042,normal
2026-09-16,staging,AmazonRDS,us-east-1,83.78842220728548,normal
2026-09-17,staging,AmazonRDS,us-east-1,86.66962155831266,normal
2026-09-18,staging,AmazonRDS,us-east-1,94.93086820531016,normal
2026-09-19,staging,AmazonRDS,us-east-1,91.6093268923243,normal
2026-09-20,staging,AmazonRDS,us-east-1,82.84213827027243,normal
2026-09-21,staging,AmazonRDS,us-east-1,96.09502461819277,normal
2026-09-22,staging,AmazonRDS,us-east-1,93.40419035112122,normal
2026-09-23,staging,AmazonRDS,us-east-1,93.36821144780508,normal
2026-09-24,staging,AmazonRDS,us-east-1,89.4441766817505,normal
2026-09-25,staging,AmazonRDS,us-east-1,84.74464461227514,normal
2026-09-26,staging,AmazonRDS,us-east-1,93.77164476816101,normal
